id,t,x0,x1
0,0.0,3.761219,6.670095
0,0.4,1.989845,7.17384
0,0.8,0.317043,6.049714
0,1.2,0.369852,5.197242
0,1.6,0.45157,4.408743
0,2.0,0.570247,3.710614
0,2.4,0.74798,3.147805
0,2.8,1.00916,2.78522
0,3.2,1.343918,2.684015
0,3.6,1.665512,2.839651
0,4.0,1.855122,3.15011
0,4.4,1.841909,3.454581
0,4.8,1.629536,3.593712
0,5.2,1.320856,3.483923
0,5.6,1.129402,3.210506
0,6.0,1.163676,2.96266
0,6.4,1.340722,2.857869
0,6.8,1.549893,2.921508
0,7.2,1.694683,3.103269
0,7.6,1.713672,3.303309
0,8.0,1.600163,3.415201
0,8.4,1.413557,3.37723
0,8.8,1.270501,3.220012
0,9.2,1.25722,3.049051
0,9.6,1.356621,2.957641
0,10.0,1.49809,2.980331
0,10.4,1.608493,3.093029
0,10.8,1.637299,3.230957
0,11.2,1.573404,3.319563
0,11.6,1.452606,3.311411
0,12.0,1.347543,3.216643
0,12.4,1.320494,3.097784
0,12.8,1.375852,3.022615
0,13.2,1.471848,3.024779
0,13.6,1.555294,3.094908
0,14.0,1.585745,3.19097
0,14.4,1.55058,3.260185
0,14.8,1.471006,3.265819
0,15.2,1.394223,3.208573
0,15.6,1.364949,3.126164
0,16.0,1.394328,3.066512
0,16.4,1.458865,3.058713
0,16.8,1.521112,3.101546
0,17.2,1.549498,3.168219
0,17.6,1.531538,3.22147
0,18.0,1.479175,3.232994
0,18.4,1.423468,3.199113
0,18.8,1.396495,3.142452
0,19.2,1.410561,3.09635
0,19.6,1.453287,3.084452
0,20.0,1.499034,3.109703
0,20.4,1.523742,3.155529
0,20.8,1.515997,3.195864
0,21.2,1.481906,3.209117
0,21.6,1.441872,3.18986
0,22.0,1.418832,3.151356
0,22.4,1.424095,3.116485
0,22.8,1.451832,3.103723
0,23.2,1.484941,3.117792
0,23.6,1.505488,3.148871
0,24.0,1.503589,3.178955
0,24.4,1.481779,3.191781
0,24.8,1.453323,3.181571
0,25.2,1.434525,3.155777
0,25.6,1.43497,3.129886
0,26.0,1.452551,3.117935
0,26.4,1.476146,3.125062
0,26.8,1.492663,3.1458
0,27.2,1.493885,3.167904
0,27.6,1.480267,3.179288
0,28.0,1.460284,3.174541
0,28.4,1.44543,3.157549
0,28.8,1.443465,3.138643
0,29.2,1.454279,3.128254
0,29.6,1.470836,3.13122
0,30.0,1.483761,3.144797
0,30.4,1.48644,3.160803
0,30.8,1.478214,3.170377
0,31.2,1.464363,3.168802
0,31.6,1.452913,3.15783
0,32.0,1.449951,3.144236
0,32.4,1.456343,3.135632
0,32.8,1.467781,3.13623
0,33.2,1.47767,3.144919
0,33.6,1.480829,3.156343
0,34.0,1.476086,3.164097
0,34.4,1.466621,3.164253
0,34.8,1.457973,3.157339
0,35.2,1.454806,3.14771
0,35.6,1.458374,3.140828
0,36.0,1.466149,3.140182
0,36.4,1.473569,3.145589
0,36.8,1.47667,3.153626
0,37.2,1.474124,3.159727
0,37.6,1.467757,3.160733
0,38.0,1.46134,3.156509
0,38.4,1.458379,3.149787
0,38.8,1.460194,3.14443
0,39.2,1.465386,3.143224
0,39.6,1.470858,3.146469
0,40.0,1.473633,3.15204
1,0.0,3.965627,9.616746
1,0.4,0.171897,9.087479
1,0.8,0.170736,8.523205
1,1.2,0.18293,7.968133
1,1.6,0.19685,7.420648
1,2.0,0.212866,6.881887
1,2.4,0.231452,6.353243
1,2.8,0.253226,5.836445
1,3.2,0.279006,5.333662
1,3.6,0.309882,4.847648
1,4.0,0.347322,4.381954
1,4.4,0.393316,3.941199
1,4.8,0.450544,3.53145
1,5.2,0.522504,3.160671
1,5.6,0.613377,2.839127
1,6.0,0.727024,2.579286
1,6.4,0.864049,2.394227
1,6.8,1.016564,2.293172
1,7.2,1.164061,2.274455
1,7.6,1.277292,2.320143
1,8.0,1.331114,2.397703
1,8.4,1.318012,2.469534
1,8.8,1.255073,2.506695
1,9.2,1.179769,2.500859
1,9.6,1.129851,2.465646
1,10.0,1.120269,2.424131
1,10.4,1.14213,2.394583
1,10.8,1.17723,2.384839
1,11.2,1.208751,2.39315
1,11.6,1.225858,2.411537
1,12.0,1.225505,2.430121
1,12.4,1.212032,2.441298
1,12.8,1.194204,2.442355
1,13.2,1.180566,2.435499
1,13.6,1.175646,2.425636
1,14.0,1.179045,2.417546
1,14.4,1.187107,2.413973
1,14.8,1.195375,2.415125
1,15.2,1.20053,2.419293
1,15.6,1.201335,2.424017
1,16.0,1.198591,2.427249
1,16.4,1.194326,2.428072
1,16.8,1.190669,2.426787
1,17.2,1.188941,2.424471
1,17.6,1.189325,2.422329
1,18.0,1.191103,2.421176
1,18.4,1.193191,2.421211
1,18.8,1.194671,2.422105
1,19.2,1.195109,2.423274
1,19.6,1.194605,2.424174
1,20.0,1.193608,2.424514
1,20.4,1.19265,2.424305
1,20.8,1.192107,2.423776
1,21.2,1.192087,2.423225
1,21.6,1.192461,2.422878
1,22.0,1.192973,2.422822
1,22.4,1.193381,2.423002
1,22.8,1.193549,2.423283
1,23.2,1.193473,2.423526
1,23.6,1.193247,2.423642
1,24.0,1.193002,2.42362
1,24.4,1.192842,2.423503
1,24.8,1.192809,2.423365
1,25.2,1.192882,2.423266
1,25.6,1.193004,2.423236
1,26.0,1.193113,2.423268
1,26.4,1.193168,2.423334
1,26.8,1.193162,2.423398
1,27.2,1.193113,2.423434
1,27.6,1.193052,2.423436
1,28.0,1.193007,2.423412
1,28.4,1.192992,2.423378
1,28.8,1.193004,2.42335
1,29.2,1.193033,2.423339
1,29.6,1.193061,2.423344
1,30.0,1.193078,2.423359
1,30.4,1.19308,2.423375
1,30.8,1.19307,2.423386
1,31.2,1.193055,2.423388
1,31.6,1.193043,2.423383
1,32.0,1.193037,2.423375
1,32.4,1.193039,2.423368
1,32.8,1.193045,2.423364
1,33.2,1.193052,2.423365
1,33.6,1.193057,2.423368
1,34.0,1.193059,2.423372
1,34.4,1.193057,2.423375
1,34.8,1.193053,2.423376
1,35.2,1.19305,2.423375
1,35.6,1.193048,2.423373
1,36.0,1.193048,2.423371
1,36.4,1.193049,2.42337
1,36.8,1.193051,2.42337
1,37.2,1.193053,2.423371
1,37.6,1.193053,2.423372
1,38.0,1.193053,2.423373
1,38.4,1.193052,2.423373
1,38.8,1.193051,2.423373
1,39.2,1.193051,2.423372
1,39.6,1.193051,2.423372
1,40.0,1.193051,2.423372
2,0.0,2.629732,6.444636
2,0.4,0.997334,6.042764
2,0.8,0.456235,5.090993
2,1.2,0.565452,4.329162
2,1.6,0.739632,3.685916
2,2.0,1.016974,3.23057
2,2.4,1.428167,3.057973
2,2.8,1.904917,3.221172
2,3.2,2.282395,3.654103
2,3.6,2.42695,4.192402
2,4.0,2.277831,4.630673
2,4.4,1.817762,4.752974
2,4.8,1.145583,4.397174
2,5.2,0.844213,3.793973
2,5.6,1.003651,3.32181
2,6.0,1.360184,3.101149
2,6.4,1.81115,3.197801
2,6.8,2.20064,3.572382
2,7.2,2.386442,4.08142
2,7.6,2.296546,4.531602
2,8.0,1.908253,4.715492
2,8.4,1.279682,4.457496
2,8.8,0.878071,3.882071
2,9.2,0.974399,3.386365
2,9.6,1.299692,3.123277
2,10.0,1.739337,3.169027
2,10.4,2.145017,3.503813
2,10.8,2.366925,3.998538
2,11.2,2.322783,4.46632
2,11.6,1.98394,4.702161
2,12.0,1.38435,4.519492
2,12.4,0.906848,3.969098
2,12.8,0.944467,3.449531
2,13.2,1.242092,3.146103
2,13.6,1.671092,3.143586
2,14.0,2.091566,3.440133
2,14.4,2.347493,3.920644
2,14.8,2.346129,4.40411
2,15.2,2.052583,4.687103
2,15.6,1.483869,4.575178
2,16.0,0.944507,4.057168
2,16.4,0.918125,3.515971
2,16.8,1.187395,3.174156
2,17.2,1.603607,3.124032
2,17.6,2.035842,3.380751
2,18.0,2.32379,3.844047
2,18.4,2.363984,4.339402
2,18.8,2.11483,4.665113
2,19.2,1.581034,4.621569
2,19.6,0.99514,4.145645
2,20.0,0.897112,3.586502
2,20.4,1.135951,3.208382
2,20.8,1.536747,3.111215
2,21.2,1.977163,3.326047
2,21.6,2.294891,3.768463
2,22.0,2.37568,4.271418
2,22.4,2.170615,4.63536
2,22.8,1.67514,4.657549
2,23.2,1.059406,4.233062
2,23.6,0.882626,3.661062
2,24.0,1.088068,3.248816
2,24.4,1.470916,3.105446
2,24.8,1.915743,3.276498
2,25.2,2.260737,3.69432
2,25.6,2.381084,4.200488
2,26.0,2.219859,4.598119
2,26.4,1.765105,4.68281
2,26.8,1.136051,4.317542
2,27.2,0.875905,3.739369
2,27.6,1.044008,3.295237
2,28.0,1.406607,3.106829
2,28.4,1.852043,3.232554
2,28.8,2.221516,3.622199
2,29.2,2.380229,4.127204
2,29.6,2.262524,4.553961
2,30.0,1.850061,4.697441
2,30.4,1.222579,4.397051
2,30.8,0.878397,3.821056
2,31.2,1.004036,3.347347
2,31.6,1.344295,3.115364
2,32.0,1.786601,3.194616
2,32.4,2.177509,3.552699
2,32.8,2.373205,4.052218
2,33.2,2.298607,4.503535
2,33.6,1.929397,4.701758
2,34.0,1.315864,4.469657
2,34.4,0.891739,3.905657
2,34.8,0.968453,3.404821
2,35.2,1.284408,3.130975
2,35.6,1.719991,3.163031
2,36.0,2.129051,3.486405
2,36.4,2.360133,3.976194
2,36.8,2.328127,4.447515
2,37.2,2.002712,4.696213
2,37.6,1.41274,4.533748
2,38.0,0.91757,3.99254
2,38.4,0.937645,3.467325
2,38.8,1.227322,3.153525
2,39.2,1.652801,3.138091
2,39.6,2.076521,3.423883
2,40.0,2.34116,3.899792
3,0.0,4.771425,8.671531
3,0.4,4.132776,10.224147
3,0.8,2.783277,10.687286
3,1.2,0.385684,9.076415
3,1.6,0.407873,7.606914
3,2.0,0.52834,6.25337
3,2.4,0.741636,5.069921
3,2.8,1.169455,4.227297
3,3.2,1.952983,4.026261
3,3.6,2.877652,4.601821
3,4.0,3.55686,5.731916
3,4.4,3.822389,7.06297
3,4.8,3.641024,8.230843
3,5.2,2.975626,8.849949
3,5.6,1.588953,8.356761
3,6.0,0.491812,6.74558
3,6.4,0.646393,5.481901
3,6.8,0.973677,4.482921
3,7.2,1.623344,4.00853
3,7.6,2.546134,4.306258
3,8.0,3.348564,5.269298
3,8.4,3.775316,6.56836
3,8.8,3.761354,7.839376
3,9.2,3.285921,8.712166
3,9.6,2.224307,8.725643
3,10.0,0.556647,7.283925
3,10.4,0.572102,5.928276
3,10.8,0.82405,4.810157
3,11.2,1.336658,4.102075
3,11.6,2.195388,4.104379
3,12.0,3.086579,4.853185
3,12.4,3.667131,6.069899
3,12.8,3.818846,7.393681
3,13.2,3.519534,8.459697
3,13.6,2.70768,8.861596
3,14.0,1.065966,7.942167
3,14.4,0.515489,6.401996
3,14.8,0.709849,5.192142
3,15.2,1.103892,4.297032
3,15.6,1.848421,4.008811
3,16.0,2.779124,4.502099
3,16.4,3.498964,5.586131
3,16.8,3.814458,6.912692
3,17.2,3.684725,8.11763
3,17.6,3.079747,8.821571
3,18.0,1.802481,8.498632
3,18.4,0.491122,6.903036
3,18.8,0.621625,5.6156
3,19.2,0.923349,4.576552
3,19.6,1.530042,4.02567
3,20.0,2.439587,4.233673
3,20.4,3.273595,5.13581
3,20.8,3.748591,6.414972
3,21.2,3.785613,7.7075
3,21.6,3.365264,8.64564
3,22.0,2.386649,8.789131
3,22.4,0.649289,7.472844
3,22.8,0.552815,6.070944
3,23.2,0.785726,4.922232
3,23.6,1.259359,4.1518
3,24.0,2.087354,4.06331
3,24.4,2.99657,4.737701
3,24.8,3.621823,5.919035
3,25.2,3.824058,7.248987
3,25.6,3.577246,8.363219
3,26.0,2.832223,8.86589
3,26.4,1.300049,8.14025
3,26.8,0.502577,6.552384
3,27.2,0.680385,5.318175
3,27.6,1.043288,4.374676
3,28.0,1.746618,4.001974
3,28.4,2.677575,4.410174
3,28.8,3.435705,5.443529
3,29.2,3.800769,6.760898
3,29.6,3.722401,7.99809
3,30.0,3.175787,8.780529
3,30.4,1.999274,8.614363
3,30.8,0.50378,7.065915
3,31.2,0.598654,5.752277
3,31.6,0.877067,4.67639
3,32.0,1.441325,4.053168
3,32.4,2.331806,4.170351
3,32.8,3.193734,5.00724
3,33.2,3.716126,6.261752
3,33.6,3.804002,7.571077
3,34.0,3.437726,8.569127
3,34.4,2.536042,8.83264
3,34.8,0.801913,7.677138
3,35.2,0.535143,6.216019
3,35.6,0.750426,5.039011
3,36.0,1.187291,4.210673
3,36.4,1.980401,4.032559
3,36.8,2.902569,4.628871
3,37.2,3.570913,5.770093
3,37.6,3.823459,7.101511
3,38.0,3.62869,8.258975
3,38.4,2.947284,8.855032
3,38.8,1.531127,8.315604
3,39.2,0.493341,6.705425
3,39.6,0.653122,5.447775
3,40.0,0.987416,4.459739
4,0.0,2.277461,8.237702
4,0.4,0.483074,6.98467
4,0.8,0.524837,5.799997
4,1.2,0.719515,4.775289
4,1.6,1.098111,4.023283
4,2.0,1.811319,3.796535
4,2.4,2.723744,4.272115
4,2.8,3.437187,5.300344
4,3.2,3.730854,6.554274
4,3.6,3.53715,7.666639
4,4.0,2.770927,8.218378
4,4.4,1.019636,7.507576
4,4.8,0.483308,6.166861
4,5.2,0.642987,5.086481
4,5.6,0.944901,4.224096
4,6.0,1.541167,3.795524
4,6.4,2.431672,4.044173
4,6.8,3.245729,4.924803
4,7.2,3.686995,6.144767
4,7.6,3.656223,7.344812
4,8.0,3.095041,8.132684
4,8.4,1.739852,7.944551
4,8.8,0.456646,6.547852
4,9.2,0.580476,5.419614
4,9.6,0.823322,4.469744
4,10.0,1.306594,3.868906
4,10.4,2.129977,3.884682
4,10.8,3.013333,4.585333
4,11.2,3.593132,5.733307
4,11.6,3.720553,6.980497
4,12.0,3.342503,7.949704
4,12.4,2.309236,8.168123
4,12.8,0.510737,6.958635
4,13.2,0.5288,5.770524
4,13.6,0.726554,4.750876
4,14.0,1.112302,4.009116
4,14.4,1.834756,3.800051
4,14.8,2.746854,4.293605
4,15.2,3.450935,5.332407
4,15.6,3.732194,6.587418
4,16.0,3.524847,7.690723
4,16.4,2.74036,8.220281
4,16.8,0.96073,7.463902
4,17.2,0.48635,6.136233
4,17.6,0.64869,5.060039
4,18.0,0.956194,4.20578
4,18.4,1.562125,3.792731
4,18.8,2.456221,4.060419
4,19.2,3.263066,4.95444
4,19.6,3.692498,6.178635
4,20.0,3.648545,7.373029
4,20.4,3.071525,8.143714
4,20.8,1.685554,7.916931
4,21.2,0.457641,6.515912
4,21.6,0.585165,5.391543
4,22.0,0.832281,4.448122
4,22.4,1.32435,3.860235
4,22.8,2.154733,3.895022
4,23.2,3.033811,4.611561
4,23.6,3.602688,5.766862
4,24.0,3.717279,7.011675
4,24.4,3.324754,7.96785
4,24.8,2.268343,8.156924
4,25.2,0.497617,6.922369
4,25.6,0.532688,5.741122
4,26.0,0.733715,4.726649
4,26.4,1.126752,3.995327
4,26.8,1.858349,3.804089
4,27.2,2.7698,4.31549
4,27.6,3.464377,5.364625
4,28.0,3.733189,6.620458
4,28.4,3.512151,7.714417
4,28.8,2.709129,8.221327
4,29.2,0.903761,7.419801
4,29.6,0.489469,6.105696
4,30.0,0.654489,5.033747
4,30.4,0.967704,4.187771
4,30.8,1.583322,3.790445
4,31.2,2.480693,4.077122
4,31.6,3.280121,4.984313
4,32.0,3.697663,6.212481
4,32.4,3.640498,7.400953
4,32.8,3.047491,8.15408
4,33.2,1.630064,7.887779
4,33.6,0.458963,6.484119
4,34.0,0.589927,5.363595
4,34.4,0.841409,4.426746
4,34.8,1.34238,3.852022
4,35.2,2.17952,3.905864
4,35.6,3.05405,4.638103
4,36.0,3.611915,5.800478
4,36.4,3.713649,7.04265
4,36.8,3.306566,7.985472
4,37.2,2.226501,8.144549
4,37.6,0.486926,6.886773
4,38.0,0.536637,5.711823
4,38.4,0.741005,4.702614
4,38.8,1.141463,3.981925
4,39.2,1.882087,3.808651
4,39.6,2.792574,4.337763
4,40.0,3.477506,5.39699
5,0.0,2.28613,5.924227
5,0.4,1.93894,5.85219
5,0.8,1.472581,5.487214
5,1.2,1.124461,4.895221
5,1.6,1.167039,4.337633
5,2.0,1.540986,4.023587
5,2.4,2.13795,4.087137
5,2.8,2.761019,4.542696
5,3.2,3.210119,5.273963
5,3.6,3.384424,6.105585
5,4.0,3.248856,6.846049
5,4.4,2.770556,7.287254
5,4.8,1.828986,7.151321
5,5.2,0.615283,6.196622
5,5.6,0.612186,5.295488
5,6.0,0.810104,4.539529
5,6.4,1.162625,3.998472
5,6.8,1.749319,3.820247
5,7.2,2.479856,4.102273
5,7.6,3.107941,4.775352
5,8.0,3.468655,5.664625
5,8.4,3.506644,6.568091
5,8.8,3.203286,7.277266
5,9.2,2.499936,7.551345
5,9.6,1.170625,7.011776
5,10.0,0.523009,5.9585
5,10.4,0.648155,5.102137
5,10.8,0.876064,4.386627
5,11.2,1.279704,3.917277
5,11.6,1.918544,3.845258
5,12.0,2.646904,4.232266
5,12.4,3.221298,4.974428
5,12.8,3.507786,5.885669
5,13.2,3.466459,6.762326
5,13.6,3.076947,7.392547
5,14.0,2.253982,7.516282
5,14.4,0.813526,6.737529
5,14.8,0.542356,5.745155
5,15.2,0.691528,4.916758
5,15.6,0.952099,4.247465
5,16.0,1.411289,3.859094
5,16.4,2.093207,3.897141
5,16.8,2.804451,4.382633
5,17.2,3.317843,5.183012
5,17.6,3.528224,6.104625
5,18.0,3.406793,6.942626
5,18.4,2.927177,7.479819
5,18.8,1.966873,7.428773
5,19.2,0.5993,6.468896
5,19.6,0.569801,5.537975
5,20.0,0.740795,4.740044
5,20.4,1.039475,4.123906
5,20.8,1.556803,3.825631
5,21.2,2.269543,3.975005
5,21.6,2.950171,4.550975
5,22.0,3.396974,5.398453
5,22.4,3.529942,6.318898
5,22.8,3.327272,7.106202
5,23.2,2.751703,7.534981
5,23.6,1.632025,7.280332
5,24.0,0.527249,6.228192
5,24.4,0.6024,5.33688
5,24.8,0.796971,4.573258
5,25.2,1.13963,4.018177
5,25.6,1.71463,3.818257
5,26.0,2.443737,4.077531
5,26.4,3.082091,4.734771
5,26.8,3.458168,5.618018
5,27.2,3.512793,6.525721
5,27.6,3.227209,7.24991
5,28.0,2.547259,7.552999
5,28.4,1.253071,7.06528
5,28.8,0.520673,6.00457
5,29.2,0.639648,5.142395
5,29.6,0.861276,4.417896
5,30.0,1.2537,3.932596
5,30.4,1.882144,3.83769
5,30.8,2.612254,4.202963
5,31.2,3.19869,4.931402
5,31.6,3.501072,5.838968
5,32.0,3.476592,6.72229
5,32.4,3.105591,7.370367
5,32.8,2.309241,7.527822
5,33.2,0.880455,6.796923
5,33.6,0.537398,5.78979
5,34.0,0.681883,4.955324
5,34.4,0.935105,4.275699
5,34.8,1.382232,3.869407
5,35.2,2.055955,3.883953
5,35.6,2.772005,4.349214
5,36.0,3.298833,5.138184
5,36.4,3.525454,6.058564
5,36.8,3.421065,6.905744
5,37.2,2.960943,7.463866
5,37.6,2.031463,7.452092
5,38.0,0.630349,6.523347
5,38.4,0.563515,5.581343
5,38.8,0.729825,4.776677
5,39.2,1.019955,4.148656
5,39.6,1.524895,3.830576
5,40.0,2.232261,3.956409
6,0.0,3.382381,4.167137
6,0.4,3.21534,5.265175
6,0.8,2.429818,5.870949
6,1.2,0.802096,5.432386
6,1.6,0.479279,4.623849
6,2.0,0.596981,3.95862
6,2.4,0.780998,3.411075
6,2.8,1.069308,3.047785
6,3.2,1.481798,2.953129
6,3.6,1.934833,3.163162
6,4.0,2.261203,3.600305
6,4.4,2.329679,4.09475
6,4.8,2.073992,4.432535
6,5.2,1.477744,4.386083
6,5.6,0.871645,3.899981
6,6.0,0.855008,3.385991
6,6.4,1.115686,3.051418
6,6.8,1.51679,2.98026
6,7.2,1.950517,3.201637
6,7.6,2.252149,3.63359
6,8.0,2.297576,4.107347
6,8.4,2.024803,4.412834
6,8.8,1.428135,4.332066
6,9.2,0.871319,3.842303
6,9.6,0.880494,3.346487
6,10.0,1.152242,3.035723
6,10.4,1.559413,2.99297
6,10.8,1.984921,3.23808
6,11.2,2.264701,3.679444
6,11.6,2.281524,4.143654
6,12.0,1.978127,4.419318
6,12.4,1.361191,4.293443
6,12.8,0.853989,3.786887
6,13.2,0.900957,3.306074
6,13.6,1.188529,3.019048
6,14.0,1.603652,3.005819
6,14.4,2.021301,3.27601
6,14.8,2.278674,3.727781
6,15.2,2.265417,4.182505
6,15.6,1.928878,4.426772
6,16.0,1.291428,4.253491
6,16.4,0.839421,3.732451
6,16.8,0.922306,3.267064
6,17.2,1.225918,3.004499
6,17.6,1.648265,3.021129
6,18.0,2.056687,3.315784
6,18.4,2.290636,3.776641
6,18.8,2.246588,4.220104
6,19.2,1.87637,4.430818
6,19.6,1.22241,4.209891
6,20.0,0.830251,3.679044
6,20.4,0.945411,3.229991
6,20.8,1.264551,2.992713
6,21.2,1.692831,3.039266
6,21.6,2.090381,3.357298
6,22.0,2.299884,3.825449
6,22.4,2.22453,4.255525
6,22.8,1.820587,4.430478
6,23.2,1.155904,4.162687
6,23.6,0.826355,3.626823
6,24.0,0.970334,3.19504
6,24.4,1.304373,2.983856
6,24.8,1.737115,3.060238
6,25.2,2.122132,3.400388
6,25.6,2.306232,3.873914
6,26.0,2.199126,4.288399
6,26.4,1.761641,4.425425
6,26.8,1.09333,4.112413
6,27.2,0.827156,3.575921
6,27.6,0.997022,3.162325
6,28.0,1.345286,2.977993
6,28.4,1.780918,3.083975
6,28.8,2.151789,3.444878
6,29.2,2.309596,3.921806
6,29.6,2.170334,4.318467
6,30.0,1.699709,4.415481
6,30.4,1.035969,4.05974
6,30.8,0.83206,3.526447
6,31.2,1.025411,3.131944
6,31.6,1.387176,2.975164
6,32.0,1.824054,3.110388
6,32.4,2.179223,3.490589
6,32.8,2.309916,3.968904
6,33.2,2.138129,4.345492
6,33.6,1.635035,4.400524
6,34.0,0.984909,4.00537
6,34.4,0.840539,3.478493
6,34.8,1.055445,3.103989
6,35.2,1.429918,2.97539
6,35.6,1.866338,3.139371
6,36.0,2.20432,3.537335
6,36.4,2.307138,4.014989
6,36.8,2.102493,4.369241
6,37.2,1.567963,4.380487
6,37.6,0.940934,3.949987
6,38.0,0.852153,3.43215
6,38.4,1.087071,3.078554
6,38.8,1.473369,2.978681
6,39.2,1.90759,3.170808
6,39.6,2.226974,3.584925
6,40.0,2.301216,4.059841
7,0.0,1.169085,5.72176
7,0.4,1.148017,4.900122
7,0.8,1.644704,4.44287
7,1.2,2.507174,4.603766
7,1.6,3.379965,5.389051
7,2.0,3.96074,6.576791
7,2.4,4.142676,7.880942
7,2.8,3.900568,9.007475
7,3.2,3.174824,9.627532
7,3.6,1.597601,9.181155
7,4.0,0.42594,7.660028
7,4.4,0.533906,6.449525
7,4.8,0.722903,5.368824
7,5.2,1.092906,4.539104
7,5.6,1.824764,4.214907
7,6.0,2.833151,4.612982
7,6.4,3.703864,5.628401
7,6.8,4.195334,6.978242
7,7.2,4.251535,8.355138
7,7.6,3.859129,9.450612
7,8.0,2.918163,9.894729
7,8.4,0.838333,8.930144
7,8.8,0.432889,7.520817
7,9.2,0.549896,6.322086
7,9.6,0.752067,5.261204
7,10.0,1.153231,4.472493
7,10.4,1.929735,4.222469
7,10.8,2.943167,4.699564
7,11.2,3.778992,5.767074
7,11.6,4.223187,7.134976
7,12.0,4.230657,8.496135
7,12.4,3.785787,9.540127
7,12.8,2.764665,9.879581
7,13.2,0.608862,8.72446
7,13.6,0.443229,7.383353
7,14.0,0.566872,6.19627
7,14.4,0.783535,5.156754
7,14.8,1.218534,4.412526
7,15.2,2.037989,4.23939
7,15.6,3.050685,4.793514
7,16.0,3.84915,5.909436
7,16.4,4.245657,7.291623
7,16.8,4.20431,8.633292
7,17.2,3.705808,9.621324
7,17.6,2.596865,9.846863
7,18.0,0.478921,8.542178
7,18.4,0.454165,7.246922
7,18.8,0.584913,6.072186
7,19.2,0.817549,5.055748
7,19.6,1.289032,4.359674
7,20.0,2.14886,4.265648
7,20.4,3.155255,4.894456
7,20.8,3.914232,6.055062
7,21.2,4.262741,7.44777
7,21.6,4.172451,8.766175
7,22.0,3.618876,9.693564
7,22.4,2.412507,9.794558
7,22.8,0.423132,8.380714
7,23.2,0.465692,7.111568
7,23.6,0.604122,5.949957
7,24.0,0.854372,4.95849
7,24.4,1.36487,4.314393
7,24.8,2.261651,4.301154
7,25.2,3.256479,5.002
7,25.6,3.974152,6.203533
7,26.0,4.274439,7.603007
7,26.4,4.135025,8.89434
7,26.8,3.524605,9.756163
7,27.2,2.208748,9.72024
7,27.6,0.404752,8.230556
7,28.0,0.477833,6.977346
7,28.4,0.624609,5.829718
7,28.8,0.894293,4.865311
7,29.2,1.446098,4.27711
7,29.6,2.375648,4.345764
7,30.0,3.354006,5.115748
7,30.4,4.028843,6.354425
7,30.8,4.28075,7.756923
7,31.2,4.091959,9.017334
7,31.6,3.422525,9.808364
7,32.0,1.982138,9.621015
7,32.4,0.402447,8.085691
7,32.8,0.490629,6.844318
7,33.2,0.646503,5.711618
7,33.6,0.937619,4.776574
7,34.0,1.532652,4.248212
7,34.4,2.490148,4.39928
7,34.8,3.447534,5.235294
7,35.2,4.078254,6.507319
7,35.6,4.281673,7.909106
7,36.0,4.043161,9.134689
7,36.4,3.312057,9.849338
7,36.8,1.729001,9.493627
7,37.2,0.406841,7.943439
7,37.6,0.504126,6.712554
7,38.0,0.669943,5.595823
7,38.4,0.984672,4.692671
7,38.8,1.624353,4.228033
7,39.2,2.604467,4.461458
7,39.6,3.536799,5.360222
7,40.0,4.122346,6.661796
8,0.0,1.622282,7.74
8,0.4,0.372907,6.426495
8,0.8,0.453036,5.42837
8,1.2,0.581254,4.528613
8,1.6,0.789161,3.786021
8,2.0,1.134022,3.305507
8,2.4,1.632898,3.211756
8,2.8,2.151859,3.527113
8,3.2,2.497473,4.112753
8,3.6,2.560485,4.744513
8,4.0,2.307578,5.177597
8,4.4,1.742402,5.17142
8,4.8,1.049206,4.605016
8,5.2,0.874701,3.885226
8,5.6,1.125279,3.390301
8,6.0,1.574431,3.24939
8,6.4,2.073713,3.50251
8,6.8,2.431958,4.036687
8,7.2,2.529337,4.644349
8,7.6,2.324846,5.090808
8,8.0,1.819396,5.144109
8,8.4,1.147945,4.660779
8,8.8,0.891965,3.952498
8,9.2,1.100327,3.435587
8,9.6,1.526784,3.256894
8,10.0,2.023133,3.46993
8,10.4,2.398208,3.977727
8,10.8,2.52336,4.580962
8,11.2,2.351437,5.048174
8,11.6,1.879776,5.148382
8,12.0,1.214295,4.720188
8,12.4,0.897183,4.015079
8,12.8,1.072303,3.47443
8,13.2,1.481323,3.259889
8,13.6,1.977479,3.43681
8,14.0,2.369897,3.922516
8,14.4,2.521395,4.524474
8,14.8,2.378723,5.013026
8,15.2,1.935686,5.156707
8,15.6,1.275781,4.779036
8,16.0,0.902298,4.077816
8,16.4,1.044748,3.513711
8,16.8,1.436925,3.264223
8,17.2,1.932353,3.405462
8,17.6,2.341425,3.86893
8,18.0,2.518637,4.468998
8,18.4,2.404363,4.977639
8,18.8,1.988951,5.162728
8,19.2,1.337716,4.835391
8,19.6,0.910868,4.141704
8,20.0,1.01878,3.555098
8,20.4,1.393522,3.271458
8,20.8,1.886808,3.376688
8,21.2,2.311409,3.816674
8,21.6,2.513817,4.41324
8,22.0,2.427664,4.940174
8,22.4,2.039834,5.164813
8,22.8,1.400846,4.888286
8,23.2,0.92422,4.206836
8,23.6,0.994814,3.598956
8,24.0,1.351222,3.282012
8,24.4,1.840724,3.350815
8,24.8,2.279541,3.765825
8,25.2,2.5066,4.357012
8,25.6,2.448417,4.900279
8,26.0,2.08832,5.162602
8,26.4,1.464823,4.937152
8,26.8,0.943002,4.273046
8,27.2,0.973065,3.645303
8,27.6,1.310151,3.295974
8,28.0,1.794197,3.328012
8,28.4,2.245804,3.716539
8,28.8,2.496911,4.300406
8,29.2,2.46656,4.857994
8,29.6,2.134356,5.156104
8,30.0,1.529081,4.981617
8,30.4,0.967578,4.34006
8,30.8,0.953706,3.694065
8,31.2,1.270427,3.313335
8,31.6,1.747379,3.308397
8,32.0,2.210266,3.668984
8,32.4,2.484753,4.243585
8,32.8,2.482075,4.813469
8,33.2,2.177894,5.145436
8,33.6,1.593069,5.021431
8,34.0,0.998125,4.407523
8,34.4,0.936915,3.745142
8,34.8,1.232158,3.334046
8,35.2,1.700438,3.292058
8,35.6,2.173024,3.623326
8,36.0,2.47015,4.186734
8,36.4,2.494961,4.766882
8,36.8,2.218896,5.13075
8,37.2,1.656306,5.056427
8,37.6,1.034627,4.474999
8,38.0,0.922902,3.798431
8,38.4,1.19544,3.358043
8,38.8,1.653545,3.27907
8,39.2,2.134187,3.579729
8,39.6,2.45314,4.130036
8,40.0,2.505221,4.718417
9,0.0,1.727731,4.473582
9,0.4,1.569319,4.292793
9,0.8,1.516687,4.066152
9,1.2,1.625724,3.917246
9,1.6,1.858062,3.942416
9,2.0,2.109817,4.159698
9,2.4,2.263109,4.497307
9,2.8,2.231646,4.817846
9,3.2,1.975283,4.953667
9,3.6,1.52381,4.754302
9,4.0,1.129841,4.238814
9,4.4,1.147154,3.722927
9,4.8,1.504765,3.476075
9,5.2,2.03284,3.626988
9,5.6,2.504373,4.13948
9,6.0,2.725057,4.825686
9,6.4,2.595994,5.425155
9,6.8,2.056464,5.637138
9,7.2,1.10252,5.141448
9,7.6,0.721542,4.274797
9,8.0,0.952356,3.623813
9,8.4,1.419602,3.314864
9,8.8,2.053897,3.47998
9,9.2,2.612051,4.072845
9,9.6,2.876477,4.872497
9,10.0,2.748515,5.586493
9,10.4,2.162879,5.880827
9,10.8,1.061993,5.365199
9,11.2,0.655065,4.43667
9,11.6,0.873654,3.7311
9,12.0,1.300682,3.335586
9,12.4,1.920891,3.399849
9,12.8,2.520487,3.922068
9,13.2,2.858312,4.706413
9,13.6,2.815851,5.468319
9,14.0,2.330149,5.882956
9,14.4,1.308626,5.557699
9,14.8,0.642399,4.615857
9,15.2,0.809942,3.861082
9,15.6,1.190074,3.385442
9,16.0,1.780277,3.343886
9,16.4,2.408104,3.779705
9,16.8,2.815755,4.530395
9,17.2,2.860068,5.323086
9,17.6,2.475479,5.842007
9,18.0,1.570474,5.709574
9,18.4,0.662915,4.806068
9,18.8,0.754981,4.003599
9,19.2,1.090056,3.455794
9,19.6,1.641573,3.310718
9,20.0,2.28489,3.652043
9,20.4,2.756125,4.356231
9,20.8,2.884697,5.165275
9,21.2,2.597234,5.771471
9,21.6,1.813227,5.814692
9,22.0,0.740197,5.009153
9,22.4,0.708527,4.157113
9,22.8,1.000671,3.544803
9,23.2,1.507731,3.300722
9,23.6,2.153269,3.541439
9,24.0,2.680439,4.186996
9,24.4,2.890322,4.998333
9,24.8,2.696664,5.675635
9,25.2,2.029226,5.874224
9,25.6,0.898819,5.222826
9,26.0,0.671582,4.320583
9,26.4,0.921507,3.650677
9,26.8,1.381172,3.313796
9,27.2,2.015819,3.449929
9,27.6,2.589781,4.025517
9,28.0,2.87743,4.825382
9,28.4,2.774789,5.558288
9,28.8,2.217687,5.892208
9,29.2,1.130981,5.431555
9,29.6,0.647483,4.493483
9,30.0,0.85191,3.771627
9,30.4,1.263719,3.349292
9,30.8,1.87539,3.379223
9,31.2,2.485499,3.874522
9,31.6,2.846539,4.649476
9,32.0,2.832408,5.422998
9,32.4,2.379881,5.873331
9,32.8,1.394423,5.611875
9,33.2,0.644539,4.676188
9,33.6,0.791211,3.905967
9,34.0,1.156498,3.406082
9,34.4,1.734979,3.330619
9,34.8,2.369255,3.736617
9,35.2,2.798254,4.473612
9,35.6,2.870159,5.273159
9,36.0,2.51744,5.822173
9,36.4,1.651804,5.748789
9,36.8,0.680291,4.870383
9,37.2,0.738982,4.052185
9,37.6,1.059947,3.482671
9,38.0,1.597554,3.304936
9,38.4,2.243052,3.61424
9,38.8,2.733316,4.300728
9,39.2,2.888577,5.11204
9,39.6,2.631835,5.743006
9,40.0,1.886243,5.838803
10,0.0,4.714512,6.464126
10,0.4,2.745554,7.525991
10,0.8,0.236273,6.784083
10,1.2,0.261418,6.142236
10,1.6,0.293948,5.519893
10,2.0,0.334686,4.921598
10,2.4,0.386826,4.353997
10,2.8,0.455212,3.82653
10,3.2,0.547247,3.352914
10,3.6,0.673831,2.953224
10,4.0,0.848353,2.655666
10,4.4,1.077159,2.493591
10,4.8,1.335543,2.488715
10,5.2,1.55266,2.622421
10,5.6,1.642289,2.822211
10,6.0,1.553532,2.980278
10,6.4,1.315819,2.999044
10,6.8,1.09047,2.869328
10,7.2,1.044716,2.697332
10,7.6,1.148182,2.583468
10,8.0,1.311784,2.569098
10,8.4,1.459476,2.648882
10,8.8,1.525566,2.776572
10,9.2,1.474658,2.881245
10,9.6,1.328999,2.90052
10,10.0,1.182831,2.825166
10,10.4,1.136061,2.712258
10,10.8,1.195388,2.630658
10,11.2,1.307684,2.616897
10,11.6,1.413256,2.670424
10,12.0,1.46166,2.758906
10,12.4,1.42771,2.832249
10,12.8,1.32901,2.84763
10,13.2,1.228303,2.798236
10,13.6,1.190733,2.719945
10,14.0,1.228244,2.66062
10,14.4,1.307877,2.649134
10,14.8,1.384764,2.686646
10,15.2,1.420365,2.74985
10,15.6,1.396524,2.802473
10,16.0,1.327064,2.814246
10,16.4,1.25569,2.780269
10,16.8,1.226884,2.724606
10,17.2,1.251813,2.681154
10,17.6,1.309151,2.672002
10,18.0,1.365582,2.698803
10,18.4,1.391855,2.744565
10,18.8,1.374773,2.782763
10,19.2,1.325027,2.791673
10,19.6,1.273697,2.767752
10,20.0,1.251949,2.727671
10,20.4,1.268985,2.695731
10,20.8,1.310581,2.688591
10,21.2,1.352124,2.707912
10,21.6,1.371558,2.741257
10,22.0,1.359229,2.769154
10,22.4,1.323285,2.775874
10,22.8,1.286067,2.758827
10,23.2,1.269758,2.729768
10,23.6,1.281593,2.70625
10,24.0,1.311881,2.700744
10,24.4,1.342494,2.71473
10,24.8,1.35689,2.739099
10,25.2,1.347976,2.759543
10,25.6,1.321881,2.764607
10,26.0,1.294766,2.752377
10,26.4,1.282578,2.731229
10,26.8,1.290882,2.713901
10,27.2,1.312977,2.709684
10,27.6,1.335536,2.719825
10,28.0,1.34621,2.737659
10,28.4,1.339769,2.752669
10,28.8,1.320777,2.756485
10,29.2,1.300965,2.747678
10,29.6,1.291875,2.732254
10,30.0,1.297737,2.719484
10,30.4,1.313868,2.71627
10,30.8,1.330487,2.723626
10,31.2,1.338406,2.736684
10,31.6,1.333759,2.747718
10,32.0,1.319917,2.750594
10,32.4,1.305414,2.744238
10,32.8,1.298643,2.732974
10,33.2,1.302798,2.723563
10,33.6,1.314579,2.72112
10,34.0,1.326816,2.726457
10,34.4,1.332694,2.73602
10,34.8,1.329347,2.744136
10,35.2,1.31925,2.746302
10,35.6,1.308621,2.741709
10,36.0,1.303583,2.733478
10,36.4,1.306534,2.726543
10,36.8,1.315139,2.724692
10,37.2,1.324145,2.728563
10,37.6,1.328509,2.735565
10,38.0,1.326103,2.741537
10,38.4,1.318735,2.743169
10,38.8,1.31094,2.739848
10,39.2,1.307193,2.733829
10,39.6,1.309292,2.728721
10,40.0,1.315577,2.72732
11,0.0,3.107678,4.46269
11,0.4,3.644881,5.811943
11,0.8,3.696644,7.185773
11,1.2,3.257042,8.167491
11,1.6,2.235383,8.27267
11,2.0,0.612024,6.901366
11,2.4,0.586318,5.547956
11,2.8,0.856937,4.474392
11,3.2,1.392761,3.855692
11,3.6,2.213741,3.957716
11,4.0,2.989828,4.744109
11,4.4,3.432448,5.904211
11,4.8,3.449609,7.063574
11,5.2,3.017369,7.839701
11,5.6,2.04751,7.783105
11,6.0,0.659299,6.446708
11,6.4,0.660424,5.1592
11,6.8,0.998455,4.204295
11,7.2,1.644692,3.803805
11,7.6,2.494981,4.155693
11,8.0,3.180525,5.105879
11,8.4,3.486065,6.307086
11,8.8,3.357152,7.382274
11,9.2,2.764431,7.939352
11,9.6,1.564662,7.470981
11,10.0,0.571353,5.977087
11,10.4,0.746362,4.799449
11,10.8,1.174876,3.994314
11,11.2,1.922291,3.837764
11,11.6,2.756467,4.420533
11,12.0,3.328733,5.495619
11,12.4,3.49224,6.696848
11,12.8,3.214761,7.64566
11,13.2,2.446798,7.929853
11,13.6,1.029839,6.989635
11,14.0,0.596961,5.554851
11,14.4,0.856666,4.478593
11,14.8,1.390362,3.857724
11,15.2,2.210224,3.9566
11,15.6,2.986874,4.740413
11,16.0,3.430953,5.899273
11,16.4,3.449865,7.058913
11,16.8,3.019615,7.837002
11,17.2,2.052614,7.784745
11,17.6,0.662042,6.452054
11,18.0,0.659679,5.16307
11,18.4,0.996844,4.206793
11,18.8,1.641953,3.803914
11,19.2,2.492169,4.153307
11,19.6,3.178771,5.102
11,20.0,3.485748,6.302988
11,20.4,3.358347,7.379248
11,20.8,2.767338,7.938833
11,21.2,1.570057,7.475087
11,21.6,0.571449,5.981608
11,22.0,0.745364,4.802956
11,22.4,1.172869,3.996115
11,22.8,1.919363,3.836977
11,23.2,2.753928,4.417515
11,23.6,3.327442,5.491527
11,24.0,3.492422,6.692967
11,24.4,3.216484,7.643296
11,24.8,2.450421,7.930591
11,25.2,1.035012,6.995188
11,25.6,0.596459,5.55902
11,26.0,0.855394,4.481654
11,26.4,1.387957,3.858717
11,26.8,2.207275,3.95497
11,27.2,2.984696,4.736897
11,27.6,3.430143,5.895109
11,28.0,3.450548,7.055387
11,28.4,3.021897,7.835462
11,28.8,2.057094,7.78702
11,29.2,0.664186,6.457264
11,29.6,0.658915,5.166937
11,30.0,0.995233,4.209292
11,30.4,1.639218,3.804027
11,30.8,2.489358,4.150927
11,31.2,3.177016,5.098126
11,31.6,3.485429,6.298894
11,32.0,3.359539,7.376223
11,32.4,2.770238,7.938309
11,32.8,1.575439,7.479177
11,33.2,0.571555,5.986134
11,33.6,0.744369,4.806469
11,34.0,1.170867,3.997923
11,34.4,1.916435,3.836199
11,34.8,2.751384,4.414502
11,35.2,3.326147,5.487436
11,35.6,3.492599,6.689082
11,36.0,3.218201,7.640924
11,36.4,2.454036,7.931314
11,36.8,1.040204,7.000735
11,37.2,0.59596,5.563193
11,37.6,0.854124,4.484721
11,38.0,1.385556,3.859719
11,38.4,2.204324,3.953349
11,38.8,2.982514,4.733385
11,39.2,3.429329,5.890944
11,39.6,3.451225,7.051856
11,40.0,3.024173,7.833912
12,0.0,2.172356,7.264967
12,0.4,0.34728,6.374149
12,0.8,0.375337,5.634487
12,1.2,0.44118,4.939681
12,1.6,0.531464,4.29947
12,2.0,0.660101,3.73693
12,2.4,0.849079,3.288517
12,2.8,1.123221,3.006577
12,3.2,1.478391,2.943196
12,3.6,1.842072,3.10667
12,4.0,2.104405,3.434579
12,4.4,2.184486,3.813024
12,4.8,2.047899,4.107736
12,5.2,1.70007,4.187851
12,5.6,1.237803,3.975943
12,6.0,0.969975,3.583975
12,6.4,1.027054,3.23434
12,6.8,1.261688,3.034975
12,7.2,1.578929,3.033544
12,7.6,1.883597,3.222899
12,8.0,2.077591,3.534059
12,8.4,2.097215,3.858255
12,8.8,1.920355,4.073721
12,9.2,1.570287,4.072053
12,9.6,1.181739,3.821854
12,10.0,1.019458,3.462989
12,10.4,1.121221,3.173402
12,10.8,1.369773,3.041077
12,11.2,1.674764,3.099462
12,11.6,1.938589,3.323314
12,12.0,2.074781,3.632876
12,12.4,2.034604,3.918356
12,12.8,1.809241,4.064893
12,13.2,1.445894,3.984532
12,13.6,1.122427,3.694226
12,14.0,1.053605,3.358468
12,14.4,1.204679,3.121942
12,14.8,1.471948,3.053359
12,15.2,1.765214,3.168397
12,15.6,1.988329,3.423509
12,16.0,2.067323,3.728652
12,16.4,1.967399,3.972652
12,16.8,1.694517,4.047886
12,17.2,1.328182,3.892208
12,17.6,1.082098,3.574505
12,18.0,1.09628,3.267307
12,18.4,1.291207,3.085353
12,18.8,1.572665,3.079735
12,19.2,1.848053,3.246742
12,19.6,2.026185,3.525704
12,20.0,2.046411,3.818107
12,20.4,1.887391,4.012702
12,20.8,1.573154,4.012127
12,21.2,1.224727,3.789163
12,21.6,1.066955,3.461337
12,22.0,1.152326,3.190796
12,22.4,1.383548,3.06677
12,22.8,1.67106,3.122759
12,23.2,1.920256,3.335106
12,23.6,2.048316,3.628113
12,24.0,2.00824,3.897095
12,24.4,1.792341,4.032883
12,24.8,1.448627,3.953845
12,25.2,1.144519,3.677759
12,25.6,1.077176,3.357166
12,26.0,1.221801,3.131153
12,26.4,1.48074,3.067966
12,26.8,1.764392,3.182467
12,27.2,1.978801,3.431614
12,27.6,2.052223,3.727329
12,28.0,1.951207,3.961205
12,28.4,1.683126,4.029183
12,28.8,1.328637,3.873546
12,29.2,1.093842,3.563477
12,29.6,1.110164,3.265105
12,30.0,1.303062,3.090481
12,30.4,1.580152,3.089513
12,30.8,1.84933,3.257319
12,31.2,2.021065,3.533086
12,31.6,2.036353,3.819228
12,32.0,1.875137,4.006173
12,32.4,1.563249,3.999283
12,32.8,1.223425,3.775307
12,33.2,1.074176,3.452205
12,33.6,1.16253,3.188111
12,34.0,1.393602,3.070339
12,34.4,1.678325,3.130868
12,34.8,1.922576,3.344675
12,35.2,2.04497,3.635609
12,35.6,1.999929,3.899433
12,36.0,1.781128,4.028226
12,36.4,1.439003,3.943019
12,36.8,1.142888,3.66575
12,37.2,1.083037,3.349003
12,37.6,1.230942,3.128742
12,38.0,1.490293,3.071517
12,38.4,1.771491,3.190469
12,38.8,1.981193,3.441125
12,39.2,2.049032,3.734872
12,39.6,1.942891,3.963597
12,40.0,1.671746,4.024461
13,0.0,1.49947,7.878576
13,0.4,0.373773,6.556831
13,0.8,0.462546,5.523907
13,1.2,0.603441,4.592569
13,1.6,0.847219,3.835275
13,2.0,1.291269,3.396237
13,2.4,1.967916,3.459936
13,2.8,2.640686,4.043747
13,3.2,3.024405,4.931978
13,3.6,2.980084,5.802256
13,4.0,2.422787,6.277228
13,4.4,1.173453,5.852127
13,4.8,0.581148,4.808238
13,5.2,0.775438,3.997014
13,5.6,1.16005,3.463212
13,6.0,1.791225,3.393236
13,6.4,2.495325,3.863565
13,6.8,2.966884,4.704944
13,7.2,3.0337,5.611482
13,7.6,2.611947,6.221356
13,8.0,1.543439,6.068152
13,8.4,0.574467,5.034492
13,8.8,0.713302,4.173687
13,9.2,1.044788,3.557168
13,9.6,1.620052,3.35926
13,10.0,2.336211,3.705964
13,10.4,2.885872,4.4827
13,10.8,3.059318,5.404752
13,11.2,2.764196,6.123012
13,11.6,1.876253,6.208187
13,12.0,0.625776,5.277763
13,12.4,0.660417,4.363899
13,12.8,0.944746,3.67574
13,13.2,1.458441,3.358555
13,13.6,2.166569,3.574277
13,14.0,2.782258,4.269184
13,14.4,3.057611,5.186372
13,14.8,2.882921,5.988699
13,15.2,2.159004,6.275499
13,15.6,0.802871,5.545432
13,16.0,0.616637,4.565973
13,16.4,0.858541,3.815832
13,16.8,1.309936,3.390305
13,17.2,1.991009,3.471597
13,17.6,2.657989,4.068966
13,18.0,3.029486,4.961478
13,18.4,2.970365,5.825004
13,18.8,2.394767,6.279961
13,19.2,1.125357,5.818142
13,19.6,0.584319,4.778943
13,20.0,0.78451,3.974529
13,20.4,1.176665,3.452685
13,20.8,1.814599,3.400302
13,21.2,2.515578,3.886413
13,21.6,2.975914,4.735069
13,22.0,3.02815,5.637954
13,22.4,2.588889,6.231389
13,22.8,1.495466,6.043545
13,23.2,0.573131,5.003427
13,23.6,0.721058,4.149235
13,24.0,1.059296,3.54311
13,24.4,1.642481,3.361871
13,24.8,2.358192,3.725613
13,25.2,2.898052,4.512016
13,25.6,3.057495,5.433186
13,26.0,2.745837,6.138398
13,26.4,1.834628,6.193865
13,26.8,0.613296,5.24391
13,27.2,0.666974,4.337744
13,27.6,0.957287,3.65857
13,28.0,1.479358,3.35674
13,28.4,2.189704,3.590268
13,28.8,2.797358,4.297064
13,29.2,3.059389,5.216063
13,29.6,2.868898,6.0085
13,30.0,2.124032,6.270365
13,30.4,0.769752,5.508391
13,30.8,0.621921,4.538308
13,31.2,0.869326,3.79596
13,31.6,1.328943,3.384236
13,32.0,2.014649,3.483554
13,32.4,2.675719,4.09481
13,32.8,3.034743,4.991748
13,33.2,2.96042,5.848374
13,33.6,2.365763,6.282639
13,34.0,1.076869,5.78331
13,34.4,0.587756,4.749836
13,34.8,0.793764,3.952327
13,35.2,1.193567,3.442656
13,35.6,1.838051,3.407954
13,36.0,2.535566,3.909651
13,36.4,2.984513,4.765257
13,36.8,3.022094,5.664114
13,37.2,2.565168,6.240633
13,37.6,1.446839,6.017554
13,38.0,0.572648,4.972637
13,38.4,0.72898,4.125028
13,38.8,1.07408,3.529499
13,39.2,1.665072,3.36508
13,39.6,2.379974,3.745719
13,40.0,2.909823,4.541478
14,0.0,2.096161,6.311562
14,0.4,1.192717,5.739936
14,0.8,0.746226,4.784422
14,1.2,0.950239,4.039256
14,1.6,1.417055,3.640046
14,2.0,2.084908,3.735346
14,2.4,2.721361,4.303647
14,2.8,3.108052,5.151479
14,3.2,3.154951,6.025744
14,3.6,2.832292,6.658958
14,4.0,2.083892,6.747854
14,4.4,0.894148,5.947641
14,4.8,0.645546,4.920818
14,5.2,0.8776,4.131512
14,5.6,1.316462,3.660001
14,6.0,1.971908,3.671281
14,6.4,2.638228,4.178559
14,6.8,3.077625,5.005384
14,7.2,3.182536,5.901082
14,7.6,2.919985,6.598801
14,8.0,2.243951,6.803532
14,8.4,1.070477,6.147285
14,8.8,0.624126,5.080271
14,9.2,0.82388,4.250844
14,9.6,1.222213,3.711085
14,10.0,1.848872,3.630831
14,10.4,2.533508,4.06061
14,10.8,3.023703,4.849019
14,11.2,3.1902,5.751733
14,11.6,2.993446,6.503833
14,12.0,2.396203,6.818887
14,12.4,1.294366,6.333216
14,12.8,0.615733,5.246341
14,13.2,0.776011,4.378922
14,13.6,1.135637,3.776668
14,14.0,1.727685,3.606574
14,14.4,2.422307,3.953743
14,14.8,2.959566,4.69603
14,15.2,3.186707,5.597632
14,15.6,3.054922,6.395543
14,16.0,2.532875,6.809889
14,16.4,1.522163,6.49205
14,16.8,0.626824,5.419913
14,17.2,0.733431,4.514718
14,17.6,1.056717,3.855593
14,18.0,1.610012,3.598662
14,18.4,2.305929,3.859135
14,18.8,2.88574,4.547924
14,19.2,3.172263,5.440401
14,19.6,3.104709,6.275743
14,20.0,2.654886,6.778998
14,20.4,1.738951,6.618658
14,20.8,0.671017,5.603054
14,21.2,0.695975,4.657518
14,21.6,0.98521,3.946817
14,22.0,1.49726,3.60711
14,22.4,2.185678,3.77786
14,22.8,2.802695,4.406069
14,23.2,3.146984,5.28145
14,23.6,3.143009,6.145964
14,24.0,2.763074,6.728325
14,24.4,1.938996,6.712621
14,24.8,0.766099,5.79742
14,25.2,0.663852,4.806753
14,25.6,0.920708,4.049278
14,26.0,1.390594,3.631678
14,26.4,2.063001,3.710876
14,26.8,2.711016,4.271811
14,27.2,3.111011,5.122183
14,27.6,3.169972,6.007694
14,28.0,2.858119,6.659821
14,28.4,2.121047,6.775658
14,28.8,0.922287,5.999789
14,29.2,0.637962,4.962058
14,29.6,0.862717,4.161936
14,30.0,1.290878,3.671882
14,30.4,1.939458,3.658997
14,30.8,2.611418,4.146468
14,31.2,3.064524,4.964001
14,31.6,3.185718,5.862393
14,32.0,2.940555,6.575306
14,32.4,2.285606,6.810197
14,32.8,1.127674,6.198375
14,33.2,0.620532,5.123397
14,33.6,0.810728,4.283809
14,34.0,1.198643,3.72702
14,34.4,1.816673,3.62286
14,34.8,2.504767,4.031315
14,35.2,3.007761,4.808297
14,35.6,3.190349,5.711498
14,36.0,3.010799,6.476495
14,36.4,2.433705,6.818767
14,36.8,1.354859,6.378037
14,37.2,0.616324,5.291295
14,37.6,0.764285,4.413999
14,38.0,1.114098,3.796219
14,38.4,1.696265,3.602897
14,38.8,2.392083,3.92757
14,39.2,2.941029,4.65646
14,39.6,3.183958,5.556433
14,40.0,3.06917,6.365018
15,0.0,2.094739,9.808042
15,0.4,0.310334,8.319684
15,0.8,0.368192,7.172309
15,1.2,0.452275,6.084092
15,1.6,0.582948,5.087046
15,2.0,0.807991,4.245804
15,2.4,1.230922,3.69717
15,2.8,1.937523,3.652049
15,3.2,2.726909,4.190311
15,3.6,3.275428,5.136286
15,4.0,3.420893,6.19354
15,4.4,3.099895,7.027989
15,4.8,2.186799,7.228458
15,5.2,0.604675,6.246156
15,5.6,0.564886,5.200597
15,6.0,0.773226,4.33514
15,6.4,1.165104,3.740713
15,6.8,1.84115,3.625565
15,7.2,2.639602,4.098871
15,7.6,3.229032,5.010369
15,8.0,3.426959,6.071279
15,8.4,3.165529,6.951578
15,8.8,2.338798,7.256902
15,9.2,0.723405,6.400579
15,9.6,0.547508,5.316096
15,10.0,0.740964,4.428198
15,10.4,1.103791,3.791238
15,10.8,1.746823,3.607942
15,11.2,2.54906,4.013918
15,11.6,3.176886,4.886687
15,12.0,3.426445,5.946525
15,12.4,3.223338,6.867197
15,12.8,2.477062,7.268149
15,13.2,0.900223,6.562674
15,13.6,0.531814,5.433607
15,14.0,0.711042,4.524742
15,14.4,1.046846,3.848364
15,14.8,1.655139,3.599225
15,15.2,2.455744,3.935876
15,15.6,3.119116,4.765744
15,16.0,3.4194,5.819804
15,16.4,3.273577,6.775529
15,16.8,2.602894,7.26372
15,17.2,1.116812,6.721664
15,17.6,0.518247,5.553122
15,18.0,0.683256,4.624508
15,18.4,0.994076,3.911657
15,18.8,1.566664,3.599361
15,19.2,2.360215,3.865158
15,19.6,3.05592,4.648085
15,20.0,3.405898,5.691699
15,20.4,3.316458,6.677289
15,20.8,2.717365,7.245009
15,21.2,1.345545,6.865646
15,21.6,0.507772,5.674764
15,22.0,0.65742,4.727256
15,22.4,0.945246,3.980686
15,22.8,1.481881,3.608223
15,23.2,2.26308,3.80214
15,23.6,2.987526,4.534244
15,24.0,3.386017,5.562787
15,24.4,3.352155,6.57316
15,24.8,2.821361,7.213263
15,25.2,1.567294,6.987771
15,25.6,0.502406,5.798897
15,26.0,0.633374,4.832769
15,26.4,0.900099,4.055035
15,26.8,1.401171,3.625611
15,27.2,2.164986,3.74716
15,27.6,2.914202,4.424751
15,28.0,3.35984,5.43364
15,28.4,3.380816,6.463803
15,28.8,2.915613,7.169604
15,29.2,1.773763,7.086147
15,29.6,0.506238,5.926364
15,30.0,0.610981,4.940852
15,30.4,0.858367,4.134304
15,30.8,1.324809,3.65126
15,31.2,2.06661,3.700508
15,31.6,2.836252,4.320122
15,32.0,3.327458,5.304827
15,32.4,3.402565,6.349862
15,32.8,3.000722,7.115051
15,33.2,1.962859,7.161466
15,33.6,0.527162,6.058842
15,34.0,0.590135,5.051332
15,34.4,0.819783,4.218119
15,34.8,1.25296,3.684847
15,35.2,1.96865,3.662424
15,35.6,2.754026,4.220862
15,36.0,3.288975,5.176912
15,36.4,3.417505,6.231959
15,36.8,3.077176,7.050538
15,37.2,2.135069,7.215378
15,37.6,0.578773,6.199098
15,38.0,0.570773,5.164055
15,38.4,0.784085,4.30613
15,38.8,1.185681,3.726003
15,39.2,1.871806,3.633088
15,39.6,2.667918,4.127459
15,40.0,3.244509,5.050455
16,0.0,2.978462,4.870562
16,0.4,2.522993,5.525517
16,0.8,1.431585,5.428218
16,1.2,0.56136,4.55986
16,1.6,0.675178,3.840677
16,2.0,0.928635,3.303291
16,2.4,1.332931,3.048726
16,2.8,1.847982,3.165906
16,3.2,2.290298,3.612537
16,3.6,2.481101,4.208736
16,4.0,2.328784,4.707709
16,4.4,1.79011,4.833478
16,4.8,0.995314,4.371836
16,5.2,0.789778,3.708032
16,5.6,1.024715,3.234025
16,6.0,1.446501,3.060252
16,6.4,1.950814,3.253592
16,6.8,2.341419,3.739732
16,7.2,2.459879,4.323091
16,7.6,2.229667,4.753358
16,8.0,1.618642,4.757309
16,8.4,0.891831,4.202731
16,8.8,0.830334,3.575247
16,9.2,1.112292,3.163721
16,9.6,1.565476,3.075474
16,10.0,2.059817,3.349762
16,10.4,2.395701,3.877855
16,10.8,2.436061,4.446874
16,11.2,2.117579,4.799747
16,11.6,1.42667,4.666118
16,12.0,0.818805,4.03845
16,12.4,0.87939,3.453203
16,12.8,1.208259,3.109838
16,13.2,1.687662,3.110135
16,13.6,2.161243,3.460195
16,14.0,2.435171,4.019567
16,14.4,2.393645,4.560979
16,14.8,1.983897,4.82109
16,15.2,1.230688,4.542994
16,15.6,0.790269,3.881355
16,16.0,0.940752,3.344635
16,16.4,1.313349,3.075878
16,16.8,1.809812,3.165412
16,17.2,2.251017,3.582998
16,17.6,2.456547,4.160593
16,18.0,2.330214,4.659391
16,18.4,1.828141,4.81078
16,18.8,1.051811,4.39354
16,19.2,0.79574,3.733878
16,19.6,1.013662,3.251381
16,20.0,1.426287,3.063147
16,20.4,1.928738,3.240225
16,20.8,2.3268,3.715306
16,21.2,2.458644,4.297237
16,21.6,2.245033,4.737913
16,22.0,1.651949,4.765308
16,22.4,0.91341,4.230205
16,22.8,0.824671,3.59729
16,23.2,1.097472,3.175159
16,23.6,1.545064,3.072195
16,24.0,2.041388,3.332778
16,24.4,2.38683,3.853995
16,24.8,2.4407,4.425861
16,25.2,2.137641,4.792585
16,25.6,1.460049,4.683046
16,26.0,0.828314,4.065484
16,26.4,0.87047,3.472781
16,26.8,1.191603,3.117596
16,27.2,1.667126,3.102962
16,27.6,2.144951,3.440819
16,28.0,2.4297,3.995776
16,28.4,2.402099,4.542775
16,28.8,2.007774,4.819487
16,29.2,1.262973,4.565605
16,29.6,0.792394,3.906964
16,30.0,0.929696,3.361758
16,30.4,1.295212,3.080109
16,30.8,1.789547,3.15479
16,31.2,2.236933,3.561748
16,31.6,2.454282,4.13724
16,32.0,2.342296,4.644217
16,32.4,1.855644,4.814855
16,32.8,1.079459,4.419831
16,33.2,0.792964,3.757776
16,33.6,1.000717,3.265814
16,34.0,1.406962,3.063767
16,34.4,1.909236,3.226446
16,34.8,2.315197,3.692684
16,35.2,2.459667,4.274879
16,35.6,2.260789,4.726352
16,36.0,1.682643,4.775442
16,36.4,0.93294,4.257863
16,36.8,0.818536,3.61929
16,37.2,1.082744,3.18663
16,37.6,1.524929,3.069165
16,38.0,2.023139,3.316182
16,38.4,2.377966,3.830532
16,38.8,2.445117,4.405099
16,39.2,2.157132,4.785282
16,39.6,1.49283,4.699325
16,40.0,0.838817,4.092691
17,0.0,4.178466,4.666436
17,0.4,3.177743,5.919224
17,0.8,1.197193,5.948132
17,1.2,0.33217,5.147399
17,1.6,0.383076,4.532847
17,2.0,0.451872,3.962502
17,2.4,0.544321,3.451071
17,2.8,0.670538,3.020071
17,3.2,0.841418,2.698319
17,3.6,1.058523,2.516681
17,4.0,1.295446,2.490429
17,4.4,1.493749,2.596897
17,4.8,1.592151,2.771678
17,5.2,1.56081,2.929057
17,5.6,1.419512,2.994471
17,6.0,1.246592,2.942907
17,6.4,1.145928,2.820136
17,6.8,1.156004,2.702301
17,7.2,1.240328,2.640481
17,7.6,1.345444,2.649077
17,8.0,1.425262,2.711951
17,8.4,1.450112,2.792965
17,8.8,1.415005,2.851915
17,9.2,1.342598,2.86282
17,9.6,1.274032,2.826928
17,10.0,1.244139,2.769718
17,10.4,1.260056,2.722347
17,10.8,1.304724,2.704631
17,11.2,1.352719,2.719277
17,11.6,1.38236,2.754384
17,12.0,1.382979,2.790648
17,12.4,1.358081,2.810724
17,12.8,1.323013,2.80727
17,13.2,1.296503,2.785586
17,13.6,1.290112,2.759079
17,14.0,1.303264,2.741045
17,14.4,1.3263,2.738387
17,14.8,1.346986,2.749785
17,15.2,1.35624,2.767725
17,15.6,1.351475,2.782791
17,16.0,1.33697,2.788274
17,16.4,1.32111,2.783031
17,16.8,1.311735,2.771267
17,17.2,1.312255,2.759618
17,17.6,1.320741,2.753533
17,18.0,1.331891,2.754937
17,18.4,1.340095,2.76197
17,18.8,1.341999,2.770447
17,19.2,1.337678,2.776151
17,19.6,1.330124,2.776815
17,20.0,1.323431,2.772918
17,20.4,1.320643,2.767036
17,20.8,1.322442,2.762262
17,21.2,1.327226,2.760659
17,21.6,1.332269,2.762467
17,22.0,1.335171,2.766293
17,22.4,1.334908,2.770018
17,22.8,1.332099,2.771903
17,23.2,1.32847,2.771347
17,23.6,1.325868,2.769003
17,24.0,1.325358,2.766262
17,24.4,1.326843,2.764478
17,24.8,1.329301,2.764337
17,25.2,1.331422,2.765641
17,25.6,1.332264,2.767548
17,26.0,1.331633,2.769063
17,26.4,1.33006,2.769534
17,26.8,1.328435,2.768906
17,27.2,1.327535,2.76765
17,27.6,1.327667,2.766458
17,28.0,1.328603,2.765881
17,28.4,1.329774,2.766092
17,28.8,1.330592,2.766866
17,29.2,1.330728,2.767749
17,29.6,1.330227,2.768308
17,30.0,1.329425,2.768331
17,30.4,1.328749,2.767892
17,30.8,1.328498,2.767273
17,31.2,1.328721,2.766793
17,31.6,1.329238,2.766656
17,32.0,1.329758,2.766873
17,32.4,1.330037,2.767283
17,32.8,1.32998,2.767664
17,33.2,1.32967,2.767841
17,33.6,1.329291,2.767762
17,34.0,1.329034,2.767506
17,34.4,1.329,2.767222
17,34.8,1.32917,2.767048
17,35.2,1.32943,2.767048
17,35.6,1.329645,2.767195
17,36.0,1.329719,2.767395
17,36.4,1.329641,2.767547
17,36.8,1.329472,2.767586
17,37.2,1.329305,2.767512
17,37.6,1.32922,2.767377
17,38.0,1.329242,2.767256
17,38.4,1.329345,2.767202
17,38.8,1.329467,2.767231
17,39.2,1.329548,2.767315
17,39.6,1.329556,2.767407
17,40.0,1.329498,2.767461
18,0.0,3.330891,4.150103
18,0.4,3.265457,5.229977
18,0.8,2.751071,5.956007
18,1.2,1.710749,5.98222
18,1.6,0.564751,5.135505
18,2.0,0.583387,4.3711
18,2.4,0.755648,3.740698
18,2.8,1.028516,3.293466
18,3.2,1.424607,3.114926
18,3.6,1.880607,3.250503
18,4.0,2.25251,3.642371
18,4.4,2.423753,4.149798
18,4.8,2.34309,4.599509
18,5.2,2.000507,4.813796
18,5.6,1.436055,4.639014
18,6.0,0.956497,4.113612
18,6.4,0.941325,3.586534
18,6.8,1.196786,3.248478
18,7.2,1.589151,3.18174
18,7.6,2.001011,3.399893
18,8.0,2.293255,3.818771
18,8.4,2.375287,4.291831
18,8.8,2.2128,4.651732
18,9.2,1.808773,4.734298
18,9.6,1.257051,4.431952
18,10.0,0.943679,3.896826
18,10.4,1.03677,3.441828
18,10.8,1.34274,3.204361
18,11.2,1.748873,3.247857
18,11.6,2.122065,3.549328
18,12.0,2.337696,3.997917
18,12.4,2.329052,4.438411
18,12.8,2.077153,4.705068
18,13.2,1.604597,4.646792
18,13.6,1.095775,4.226216
18,14.0,0.954047,3.702445
18,14.4,1.141731,3.323802
18,14.8,1.495966,3.19221
18,15.2,1.903303,3.342557
18,15.6,2.225149,3.714708
18,16.0,2.357907,4.176296
18,16.4,2.256069,4.566104
18,16.8,1.91455,4.721178
18,17.2,1.391559,4.514187
18,17.6,0.991023,4.014375
18,18.0,1.002923,3.53172
18,18.4,1.266738,3.241108
18,18.8,1.656025,3.220224
18,19.2,2.044994,3.468496
18,19.6,2.301428,3.89254
18,20.0,2.345446,4.344712
18,20.4,2.149328,4.660948
18,20.8,1.723717,4.684862
18,21.2,1.194108,4.336619
18,21.6,0.953859,3.810141
18,22.0,1.085404,3.390381
18,22.4,1.410101,3.19931
18,22.8,1.815888,3.28911
18,23.2,2.166304,3.620905
18,23.6,2.345753,4.074623
18,24.0,2.297171,4.49294
18,24.4,2.007705,4.711921
18,24.8,1.512915,4.589906
18,25.2,1.045841,4.131671
18,25.6,0.973835,3.624719
18,26.0,1.195641,3.284175
18,26.4,1.566188,3.201104
18,26.8,1.966995,3.395481
18,27.2,2.261035,3.792086
18,27.6,2.35516,4.251395
18,28.0,2.212116,4.610862
18,28.4,1.833253,4.710109
18,28.8,1.301555,4.439267
18,29.2,0.96799,3.92221
18,29.6,1.036401,3.465608
18,30.0,1.328485,3.217938
18,30.4,1.727208,3.246323
18,30.8,2.10121,3.533345
18,31.2,2.324665,3.973029
18,31.6,2.328075,4.412933
18,32.0,2.09057,4.688791
18,32.4,1.632075,4.649457
18,32.8,1.121072,4.24755
18,33.2,0.956992,3.725212
18,33.6,1.131335,3.338848
18,34.0,1.478176,3.194883
18,34.4,1.884359,3.332086
18,34.8,2.211704,3.695002
18,35.2,2.354155,4.154107
18,35.6,2.26386,4.549316
18,36.0,1.934129,4.717814
18,36.4,1.417764,4.52923
18,36.8,1.002525,4.038122
18,37.2,0.997152,3.550595
18,37.6,1.252112,3.249712
18,38.0,1.637482,3.215977
18,38.4,2.028984,3.453186
18,38.8,2.29323,3.871664
18,39.2,2.347643,4.325436
18,39.6,2.162622,4.650816
18,40.0,1.746767,4.690595
19,0.0,1.368233,7.468192
19,0.4,0.253957,6.387845
19,0.8,0.293705,5.584956
19,1.2,0.346342,4.822006
19,1.6,0.418212,4.113398
19,2.0,0.519656,3.481254
19,2.4,0.666455,2.959631
19,2.8,0.876321,2.5969
19,3.2,1.146432,2.442738
19,3.6,1.416507,2.504822
19,4.0,1.583552,2.709311
19,4.4,1.575155,2.919521
19,4.8,1.403655,3.001129
19,5.2,1.194658,2.91055
19,5.6,1.112954,2.741825
19,6.0,1.178574,2.619769
19,6.4,1.309111,2.60157
19,6.8,1.420883,2.676252
19,7.2,1.456027,2.785098
19,7.6,1.402285,2.856101
19,8.0,1.302692,2.847767
19,8.4,1.231378,2.777758
19,8.8,1.231095,2.702829
19,9.2,1.285655,2.669718
19,9.6,1.351067,2.689913
19,10.0,1.387509,2.742121
19,10.4,1.377495,2.789328
19,10.8,1.333302,2.802355
19,11.2,1.288364,2.778051
19,11.6,1.272228,2.738335
19,12.0,1.289635,2.710855
19,12.4,1.323275,2.710162
19,12.8,1.349932,2.731984
19,13.2,1.354621,2.7592
19,13.6,1.337737,2.773943
19,14.0,1.313192,2.76885
19,14.4,1.297926,2.75043
19,14.8,1.300009,2.732562
19,15.2,1.31497,2.726232
19,15.6,1.3313,2.733335
19,16.0,1.338761,2.747222
19,16.4,1.334168,2.75814
19,16.8,1.322299,2.75972
19,17.2,1.311821,2.752508
19,17.6,1.309114,2.742516
19,18.0,1.314518,2.736455
19,18.4,1.323257,2.737411
19,18.8,1.329358,2.743603
19,19.2,1.329479,2.750306
19,19.6,1.32452,2.753248
19,20.0,1.31842,2.751209
19,20.4,1.3152,2.746302
19,20.8,1.316387,2.742077
19,21.2,1.320484,2.741051
19,21.6,1.324448,2.743319
19,22.0,1.325839,2.746918
19,22.4,1.324218,2.749379
19,22.8,1.321096,2.749355
19,23.2,1.318677,2.747277
19,23.6,1.318356,2.744788
19,24.0,1.319978,2.743511
19,24.4,1.322202,2.744037
19,24.8,1.323542,2.745734
19,25.2,1.323312,2.747348
19,25.6,1.321917,2.747886
19,26.0,1.320422,2.747191
19,26.4,1.31978,2.745905
19,26.8,1.320246,2.74493
19,27.2,1.321344,2.744821
19,27.6,1.322282,2.745501
19,28.0,1.322502,2.746413
19,28.4,1.321988,2.746949
19,28.8,1.321183,2.746838
19,29.2,1.320639,2.746257
19,29.6,1.320651,2.745649
19,30.0,1.321119,2.745396
19,30.4,1.321673,2.745598
19,30.8,1.321954,2.746051
19,31.2,1.321832,2.746431
19,31.6,1.321451,2.746513
19,32.0,1.321092,2.746296
19,32.4,1.320976,2.745965
19,32.8,1.321134,2.745747
19,33.2,1.321421,2.745758
19,33.6,1.321637,2.745953
19,34.0,1.321659,2.746179
19,34.4,1.321505,2.746291
19,34.8,1.321302,2.746237
19,35.2,1.321184,2.746079
19,35.6,1.321211,2.745933
19,36.0,1.321341,2.745888
19,36.4,1.321476,2.745956
19,36.8,1.321531,2.746074
19,37.2,1.321485,2.746161
19,37.6,1.321384,2.746168
19,38.0,1.3213,2.746103
19,38.4,1.321282,2.74602
19,38.8,1.321331,2.745973
19,39.2,1.321405,2.745986
19,39.6,1.321453,2.74604
19,40.0,1.32145,2.746095
20,0.0,4.079538,7.408197
20,0.4,3.410686,8.431588
20,0.8,2.208804,8.532137
20,1.2,0.512473,7.236886
20,1.6,0.490736,6.069577
20,2.0,0.639474,5.052415
20,2.4,0.893184,4.228505
20,2.8,1.328848,3.739133
20,3.2,1.943585,3.728827
20,3.6,2.5493,4.184911
20,4.0,2.953349,4.936039
20,4.4,3.075334,5.759236
20,4.8,2.902253,6.430908
20,5.2,2.433942,6.730989
20,5.6,1.659617,6.42982
20,6.0,0.862272,5.482314
20,6.4,0.819526,4.5521
20,6.8,1.139624,3.911161
20,7.2,1.680564,3.694092
20,7.6,2.307909,3.965475
20,8.0,2.80495,4.609961
20,8.4,3.045636,5.419241
20,8.8,2.995821,6.169983
20,9.2,2.654636,6.643945
20,9.6,2.014892,6.618603
20,10.0,1.138267,5.905186
20,10.4,0.774956,4.898707
20,10.8,0.983757,4.129675
20,11.2,1.440519,3.724634
20,11.6,2.058307,3.802717
20,12.0,2.629408,4.31787
20,12.4,2.981351,5.086429
20,12.8,3.049866,5.886423
20,13.2,2.826716,6.497706
20,13.6,2.310193,6.701714
20,14.0,1.498018,6.274759
20,14.4,0.81332,5.285041
20,14.8,0.865757,4.404937
20,15.2,1.229342,3.834415
20,15.6,1.80139,3.711816
20,16.0,2.4182,4.067559
20,16.4,2.871613,4.759845
20,16.8,3.057297,5.573946
20,17.2,2.951609,6.287408
20,17.6,2.554703,6.682629
20,18.0,1.857332,6.535205
20,18.4,0.997134,5.704639
20,18.8,0.791034,4.728801
20,19.2,1.054201,4.018509
20,19.6,1.552331,3.700928
20,20.0,2.17899,3.87273
20,20.4,2.717495,4.453188
20,20.8,3.01715,5.245144
20,21.2,3.029314,6.025568
20,21.6,2.750152,6.575459
20,22.0,2.175585,6.674802
20,22.4,1.321974,6.109123
20,22.8,0.780946,5.09533
20,23.2,0.917351,4.2668
20,23.6,1.326141,3.772234
20,24.0,1.924227,3.745713
20,24.4,2.523248,4.181167
20,24.8,2.929729,4.914386
20,25.2,3.059621,5.726194
20,25.6,2.897752,6.395165
20,26.0,2.444012,6.703602
20,26.4,1.689342,6.425824
20,26.8,0.888313,5.501554
20,27.2,0.820619,4.56839
20,27.6,1.133219,3.921805
20,28.0,1.669412,3.695875
20,28.4,2.296153,3.958132
20,28.8,2.796511,4.59639
20,29.2,3.04228,5.403488
20,29.6,2.998055,6.156304
20,30.0,2.662731,6.636728
20,30.4,2.029474,6.622721
20,30.8,1.154645,5.922672
20,31.2,0.775156,4.914924
20,31.6,0.977965,4.14079
20,32.0,1.430633,3.727997
20,32.4,2.047044,3.797302
20,32.8,2.620745,4.305981
20,33.2,2.977364,5.071846
20,33.6,3.051063,5.873118
20,34.0,2.8331,6.489558
20,34.4,2.32195,6.702727
20,34.8,1.514361,6.288566
20,35.2,0.818032,5.302862
20,35.6,0.861538,4.418169
20,36.0,1.220901,3.841
20,36.4,1.790206,3.709646
20,36.8,2.408231,4.057784
20,37.2,2.865763,4.7459
20,37.6,3.056524,5.559786
20,38.0,2.955989,6.27691
20,38.4,2.564268,6.679653
20,38.8,1.872252,6.543795
20,39.2,1.008955,5.723214
20,39.6,0.788985,4.743971
20,40.0,1.047408,4.028114
21,0.0,2.815863,6.290006
21,0.4,1.848984,6.357789
21,0.8,0.584428,5.327251
21,1.2,0.65746,4.375096
21,1.6,0.953272,3.661252
21,2.0,1.486326,3.349725
21,2.4,2.202394,3.602507
21,2.8,2.797389,4.339191
21,3.2,3.031088,5.274198
21,3.6,2.801359,6.045826
21,4.0,2.006317,6.224428
21,4.4,0.717194,5.356881
21,4.8,0.659937,4.384263
21,5.2,0.950001,3.667493
21,5.6,1.479731,3.350891
21,6.0,2.194803,3.597576
21,6.4,2.79228,4.330079
21,6.8,3.030289,5.264306
21,7.2,2.805815,6.039206
21,7.6,2.017906,6.226428
21,8.0,0.72514,5.367955
21,8.4,0.658103,4.392434
21,8.8,0.94622,3.67282
21,9.2,1.473421,3.351374
21,9.6,2.187973,3.592564
21,10.0,2.788009,4.321557
21,10.4,3.030088,5.255487
21,10.8,2.810396,6.03378
21,11.2,2.02879,6.22913
21,11.6,0.732443,5.378955
21,12.0,0.65625,4.400617
21,12.4,0.942456,3.678175
21,12.8,1.467134,3.351905
21,13.2,2.181137,3.587597
21,13.6,2.783711,4.313059
21,14.0,3.029849,5.246664
21,14.4,2.814927,6.028313
21,14.8,2.039595,6.231731
21,15.2,0.739982,5.389987
21,15.6,0.654413,4.40882
21,16.0,0.938716,3.683566
21,16.4,1.460867,3.35249
21,16.8,2.17429,3.582677
21,17.2,2.779379,4.304581
21,17.6,3.029568,5.237827
21,18.0,2.819409,6.022794
21,18.4,2.050328,6.234226
21,18.8,0.747766,5.401053
21,19.2,0.652595,4.417043
21,19.6,0.934997,3.688992
21,20.0,1.45462,3.35313
21,20.4,2.167432,3.577804
21,20.8,2.775013,4.296123
21,21.2,3.029245,5.228976
21,21.6,2.823841,6.017224
21,22.0,2.060987,6.236614
21,22.4,0.755794,5.412149
21,22.8,0.650794,4.425286
21,23.2,0.931301,3.694455
21,23.6,1.448395,3.353822
21,24.0,2.160563,3.572977
21,24.4,2.770614,4.287684
21,24.8,3.028879,5.220113
21,25.2,2.828223,6.011603
21,25.6,2.071574,6.238897
21,26.0,0.764068,5.423274
21,26.4,0.649011,4.433549
21,26.8,0.927628,3.699953
21,27.2,1.44219,3.354569
21,27.6,2.153684,3.568198
21,28.0,2.766181,4.279267
21,28.4,3.028471,5.211238
21,28.8,2.832555,6.005932
21,29.2,2.082088,6.241076
21,29.6,0.772586,5.434427
21,30.0,0.647247,4.441831
21,30.4,0.923976,3.705486
21,30.8,1.436007,3.355369
21,31.2,2.146796,3.563467
21,31.6,2.761714,4.27087
21,32.0,3.028021,5.20235
21,32.4,2.836837,6.000211
21,32.8,2.09253,6.24315
21,33.2,0.781348,5.445604
21,33.6,0.645501,4.450134
21,34.0,0.920347,3.711054
21,34.4,1.429844,3.356223
21,34.8,2.139897,3.558783
21,35.2,2.757215,4.262495
21,35.6,3.027529,5.19345
21,36.0,2.84107,5.99444
21,36.4,2.1029,6.245121
21,36.8,0.790353,5.456805
21,37.2,0.643773,4.458456
21,37.6,0.91674,3.716657
21,38.0,1.423704,3.35713
21,38.4,2.132989,3.554147
21,38.8,2.752682,4.25414
21,39.2,3.026994,5.184539
21,39.6,2.845254,5.98862
21,40.0,2.113199,6.246989
22,0.0,1.278536,5.414863
22,0.4,0.638663,4.448599
22,0.8,0.787683,3.690118
22,1.2,1.124549,3.21088
22,1.6,1.607342,3.125766
22,2.0,2.093152,3.443612
22,2.4,2.394552,4.009866
22,2.8,2.411047,4.587719
22,3.2,2.119415,4.926049
22,3.6,1.557541,4.802827
22,4.0,1.018783,4.211277
22,4.4,0.981651,3.589327
22,4.8,1.281236,3.23138
22,5.2,1.72826,3.244917
22,5.6,2.142506,3.602837
22,6.0,2.361326,4.140713
22,6.4,2.307563,4.633044
22,6.8,1.971488,4.849704
22,7.2,1.425207,4.614157
22,7.6,1.019604,4.020391
22,8.0,1.073817,3.480422
22,8.4,1.407365,3.226475
22,8.8,1.845975,3.337599
22,9.2,2.206583,3.748245
22,9.6,2.35079,4.276858
22,10.0,2.222955,4.699485
22,10.4,1.829649,4.799481
22,10.8,1.291841,4.449395
22,11.2,1.014653,3.850298
22,11.6,1.159024,3.385133
22,12.0,1.530694,3.233592
22,12.4,1.958146,3.437975
22,12.8,2.263396,3.895309
22,13.2,2.332739,4.408631
22,13.6,2.129862,4.754789
22,14.0,1.681108,4.732173
22,14.4,1.175478,4.279697
22,14.8,1.029968,3.695549
22,15.2,1.253009,3.31101
22,15.6,1.655225,3.263052
22,16.0,2.061251,3.553116
22,16.4,2.305374,4.044774
22,16.8,2.29825,4.529416
22,17.2,2.021112,4.786373
22,17.6,1.527223,4.635703
22,18.0,1.089514,4.10529
22,18.4,1.069188,3.558327
22,18.8,1.358374,3.262653
22,19.2,1.779051,3.317797
22,19.6,2.151576,3.682755
22,20.0,2.328681,4.193252
22,20.4,2.243928,4.633065
22,20.8,1.8954,4.78687
22,21.2,1.37598,4.508519
22,21.6,1.041095,3.933222
22,22.0,1.130624,3.442107
22,22.4,1.473628,3.242779
22,22.8,1.898467,3.397383
22,23.2,2.225918,3.823763
22,23.6,2.331203,4.335954
22,24.0,2.168634,4.713876
22,24.4,1.754498,4.75175
22,24.8,1.239754,4.355777
22,25.2,1.030036,3.770716
22,25.6,1.211395,3.350258
22,26.0,1.595488,3.252474
22,26.4,2.00943,3.499428
22,26.8,2.281779,3.971732
22,27.2,2.311829,4.467651
22,27.6,2.072469,4.766684
22,28.0,1.602933,4.679087
22,28.4,1.131972,4.187231
22,28.8,1.05168,3.623435
22,29.2,1.308399,3.285609
22,29.6,1.719782,3.291351
22,30.0,2.108201,3.620343
22,30.4,2.317347,4.121663
22,30.8,2.270114,4.583054
22,31.2,1.956519,4.787
22,31.6,1.448529,4.570128
22,32.0,1.06204,4.01419
22,32.4,1.100425,3.495762
22,32.8,1.418262,3.25017
22,33.2,1.841997,3.357727
22,33.6,2.191604,3.755773
22,34.0,2.3314,4.268299
22,34.4,2.206106,4.676996
22,34.8,1.823017,4.771289
22,35.2,1.302767,4.430084
22,35.6,1.032056,3.846481
22,36.0,1.17144,3.39131
22,36.4,1.537154,3.244918
22,36.8,1.957707,3.448834
22,37.2,2.257107,3.90088
22,37.6,2.323204,4.406302
22,38.0,2.120304,4.744561
22,38.4,1.675886,4.717478
22,38.8,1.179422,4.268197
22,39.2,1.03819,3.69129
22,39.6,1.260782,3.313091
22,40.0,1.660777,3.269679
23,0.0,2.290116,9.128633
23,0.4,0.235259,8.119833
23,0.8,0.258745,7.402558
23,1.2,0.288232,6.702587
23,1.6,0.324639,6.023724
23,2.0,0.370527,5.371447
23,2.4,0.429765,4.753465
23,2.8,0.508352,4.180938
23,3.2,0.615646,3.670422
23,3.6,0.765477,3.246524
23,4.0,0.97386,2.943479
23,4.4,1.244667,2.798788
23,4.8,1.543864,2.830961
23,5.2,1.798681,3.014738
23,5.6,1.936761,3.280653
23,6.0,1.917351,3.535078
23,6.4,1.737149,3.682709
23,6.8,1.441964,3.653935
23,7.2,1.166518,3.456377
23,7.6,1.071879,3.200621
23,8.0,1.157473,2.999653
23,8.4,1.343347,2.911135
23,8.8,1.559198,2.951569
23,9.2,1.737575,3.098461
23,9.6,1.82324,3.29648
23,10.0,1.787661,3.473461
23,10.4,1.635775,3.56009
23,10.8,1.416853,3.515253
23,11.2,1.233219,3.358234
23,11.6,1.178804,3.168137
23,12.0,1.254455,3.025016
23,12.4,1.407126,2.974088
23,12.8,1.577336,3.025061
23,13.2,1.7086,3.154492
23,13.6,1.758323,3.313687
23,14.0,1.708217,3.443154
23,14.4,1.570812,3.490618
23,14.8,1.396837,3.43326
23,15.2,1.268307,3.297509
23,15.6,1.244696,3.14759
23,16.0,1.320374,3.04401
23,16.4,1.452526,3.020064
23,16.8,1.590446,3.078745
23,17.2,1.687218,3.195328
23,17.6,1.710315,3.325809
23,18.0,1.649958,3.420379
23,18.4,1.524744,3.440009
23,18.8,1.384612,3.375014
23,19.2,1.295108,3.255516
23,19.6,1.293833,3.135428
23,20.0,1.369974,3.061623
23,20.4,1.48604,3.05766
23,20.8,1.598247,3.120942
23,21.2,1.667853,3.225915
23,21.6,1.670711,3.3327
23,22.0,1.604137,3.399777
23,22.4,1.491144,3.399065
23,22.8,1.378931,3.330489
23,23.2,1.318932,3.225438
23,23.6,1.333741,3.129503
23,24.0,1.40901,3.079133
23,24.4,1.510869,3.089997
23,24.8,1.601378,3.155119
23,25.2,1.648909,3.248745
23,25.6,1.636443,3.335012
23,26.0,1.56715,3.379861
23,26.4,1.466813,3.36439
23,26.8,1.378423,3.29542
23,27.2,1.341304,3.203925
23,27.6,1.367437,3.128341
23,28.0,1.440261,3.096727
23,28.4,1.528899,3.118368
23,28.8,1.60061,3.183013
23,29.2,1.630039,3.26534
23,29.6,1.606279,3.333529
23,30.0,1.537185,3.36034
23,30.4,1.449771,3.334517
23,30.8,1.38188,3.267587
23,31.2,1.362599,3.188978
23,31.6,1.396326,3.130815
23,32.0,1.465296,3.114223
23,32.4,1.541417,3.143351
23,32.8,1.596697,3.205646
23,33.2,1.611358,3.276784
23,33.6,1.579706,3.32903
23,34.0,1.51315,3.341353
23,34.4,1.438591,3.308726
23,34.8,1.388272,3.245632
23,35.2,1.382788,3.179226
23,35.6,1.421141,3.136009
23,36.0,1.485132,3.13132
23,36.4,1.549402,3.165227
23,36.8,1.590352,3.223719
23,37.2,1.593153,3.283948
23,37.6,1.556493,3.322252
23,38.0,1.494259,3.323172
23,38.4,1.432133,3.286604
23,38.8,1.396725,3.228603
23,39.2,1.401716,3.173624
23,39.6,1.442325,3.143156
23,40.0,1.500521,3.1477
24,0.0,3.537733,4.233681
24,0.4,4.099759,5.737722
24,0.8,4.156093,7.260083
24,1.2,3.737032,8.458173
24,1.6,2.781558,8.949999
24,2.0,0.871201,8.04971
24,2.4,0.450012,6.708134
24,2.8,0.577777,5.598329
24,3.2,0.799178,4.649304
24,3.6,1.214161,4.001856
24,4.0,1.909111,3.871499
24,4.4,2.702725,4.341568
24,4.8,3.295677,5.248867
24,5.2,3.542733,6.326176
24,5.6,3.408228,7.291295
24,6.0,2.865099,7.848371
24,6.4,1.773957,7.605813
24,6.8,0.55735,6.341426
24,7.2,0.63946,5.259137
24,7.6,0.909692,4.389886
24,8.0,1.416816,3.891416
24,8.4,2.179644,3.965907
24,8.8,2.933439,4.608234
24,9.2,3.419358,5.603352
24,9.6,3.540756,6.674571
24,10.0,3.275214,7.538231
24,10.4,2.575948,7.88186
24,10.8,1.241168,7.246778
24,11.2,0.54462,5.957087
24,11.6,0.711205,4.940583
24,12.0,1.04653,4.17081
24,12.4,1.651453,3.846778
24,12.8,2.448686,4.125241
24,13.2,3.132956,4.914563
24,13.6,3.502064,5.966458
24,14.0,3.495985,7.000254
24,14.4,3.095186,7.72857
24,14.8,2.217017,7.809133
24,15.2,0.753401,6.776824
24,15.6,0.582776,5.597675
24,16.0,0.800018,4.64833
24,16.4,1.21506,4.0015
24,16.8,1.910209,3.871966
24,17.2,2.703625,4.342706
24,17.6,3.296114,5.250312
24,18.0,3.542653,6.327542
24,18.4,3.407639,7.292212
24,18.8,2.863951,7.848439
24,19.2,1.771953,7.604418
24,19.6,0.557121,6.339592
24,20.0,0.639758,5.257623
24,20.4,0.910255,4.388781
24,20.8,1.417823,3.891056
24,21.2,2.180893,3.966494
24,21.6,2.934431,4.609557
24,22.0,3.419832,5.605007
24,22.4,3.540649,6.676126
24,22.8,3.274497,7.539244
24,23.2,2.574471,7.881786
24,23.6,1.238617,7.244784
24,24.0,0.544726,5.95539
24,24.4,0.711571,4.939177
24,24.8,1.047228,4.169912
24,25.2,1.652594,3.846733
24,25.6,2.449897,4.126113
24,26.0,3.133791,4.916045
24,26.4,3.502348,5.968128
24,26.8,3.49568,7.001679
24,27.2,3.094246,7.729293
24,27.6,2.215184,7.808517
24,28.0,0.751761,6.774655
24,28.4,0.583002,5.59607
24,28.8,0.800471,4.647059
24,29.2,1.215912,4.000852
24,29.6,1.911435,3.872244
24,30.0,2.704746,4.343825
24,30.4,3.296774,5.251905
24,30.8,3.542741,6.329179
24,31.2,3.407131,7.293457
24,31.6,2.862762,7.848803
24,32.0,1.769689,7.603131
24,32.4,0.556806,6.33774
24,32.8,0.640053,5.25611
24,33.2,0.910819,4.387677
24,33.6,1.418832,3.890697
24,34.0,2.182141,3.967082
24,34.4,2.935423,4.610881
24,34.8,3.420306,5.606662
24,35.2,3.540541,6.677681
24,35.6,3.27378,7.540257
24,36.0,2.572993,7.881712
24,36.4,1.236067,7.242788
24,36.8,0.544833,5.953695
24,37.2,0.711937,4.937773
24,37.6,1.047927,4.169016
24,38.0,1.653734,3.846689
24,38.4,2.451107,4.126985
24,38.8,3.134624,4.917526
24,39.2,3.502629,5.969797
24,39.6,3.495374,7.003103
24,40.0,3.093305,7.730013
25,0.0,3.508251,6.100529
25,0.4,2.150893,6.61563
25,0.8,0.378755,5.71175
25,1.2,0.419454,4.91928
25,1.6,0.516245,4.199194
25,2.0,0.659872,3.576847
25,2.4,0.880023,3.104281
25,2.8,1.205574,2.855538
25,3.2,1.606896,2.88975
25,3.6,1.958806,3.179442
25,4.0,2.123782,3.594911
25,4.4,2.026249,3.950752
25,4.8,1.658087,4.054149
25,5.2,1.158181,3.794796
25,5.6,0.947598,3.358512
25,6.0,1.087966,3.024583
25,6.4,1.39275,2.907136
25,6.8,1.739001,3.037819
25,7.2,1.99048,3.353737
25,7.6,2.04163,3.714267
25,8.0,1.849141,3.946743
25,8.4,1.449769,3.899499
25,8.8,1.076647,3.569754
25,9.2,1.03203,3.194915
25,9.6,1.23842,2.968241
25,10.0,1.554886,2.966772
25,10.4,1.853851,3.18206
25,10.8,2.011631,3.516691
25,11.2,1.953688,3.81836
25,11.6,1.670134,3.925747
25,12.0,1.265894,3.741981
25,12.4,1.042132,3.378855
25,12.8,1.127347,3.072955
25,13.2,1.389168,2.95347
25,13.6,1.702528,3.058685
25,14.0,1.938792,3.337675
25,14.4,1.996462,3.665286
25,14.8,1.83186,3.883858
25,15.2,1.477803,3.854548
25,15.6,1.131312,3.565391
25,16.0,1.065733,3.215884
25,16.4,1.24698,2.995469
25,16.8,1.542839,2.985781
25,17.2,1.828518,3.183131
25,17.6,1.984208,3.497986
25,18.0,1.935993,3.786421
25,18.4,1.673071,3.894818
25,18.8,1.292265,3.729419
25,19.2,1.068262,3.386288
25,19.6,1.138421,3.088505
25,20.0,1.386911,2.967602
25,20.4,1.690267,3.064229
25,20.8,1.922385,3.331471
25,21.2,1.982927,3.649172
25,21.6,1.827824,3.86435
25,22.0,1.488025,3.841723
25,22.4,1.14936,3.565921
25,22.8,1.076423,3.22452
25,23.2,1.248519,3.005287
25,23.6,1.537143,2.99166
25,24.0,1.818717,3.182036
25,24.4,1.974632,3.489947
25,24.8,1.930897,3.774495
25,25.2,1.675963,3.884563
25,25.6,1.303075,3.726781
25,26.0,1.077702,3.390908
25,26.4,1.141337,3.095302
25,26.8,1.384437,2.972708
25,27.2,1.684269,3.065094
25,27.6,1.915638,3.327471
25,28.0,1.978364,3.64178
25,28.4,1.82788,3.85677
25,28.8,1.493869,3.838103
25,29.2,1.157165,3.568142
25,29.6,1.079919,3.229436
25,30.0,1.247644,3.009617
25,30.4,1.533276,2.99327
25,30.8,1.813745,3.180078
25,31.2,1.97074,3.485129
25,31.6,1.929913,3.768834
25,32.0,1.679014,3.880905
25,32.4,1.309095,3.727448
25,32.8,1.081643,3.394664
25,33.2,1.141417,3.099153
25,33.6,1.38181,2.974717
25,34.0,1.680352,3.064304
25,34.4,1.912174,3.324153
25,34.8,1.976892,3.637315
25,35.2,1.829389,3.853253
25,35.6,1.498293,3.837669
25,36.0,1.161474,3.570993
25,36.4,1.080859,3.233062
25,36.8,1.245877,3.012
25,37.2,1.53003,2.993347
25,37.6,1.810477,3.177785
25,38.0,1.968875,3.481432
25,38.4,1.930408,3.765389
25,38.8,1.682148,3.8796
25,39.2,1.313437,3.729316
25,39.6,1.083604,3.398124
25,40.0,1.140453,3.101942
26,0.0,1.996911,8.377744
26,0.4,0.28157,7.139757
26,0.8,0.32777,6.219391
26,1.2,0.39135,5.344951
26,1.6,0.48171,4.535337
26,2.0,0.616985,3.822398
26,2.4,0.829133,3.260798
26,2.8,1.157779,2.935563
26,3.2,1.589495,2.928799
26,3.6,1.992768,3.228782
26,4.0,2.20529,3.696765
26,4.4,2.134284,4.122094
26,4.8,1.758711,4.277945
26,5.2,1.193235,4.006914
26,5.6,0.921485,3.496929
26,6.0,1.067051,3.100323
26,6.4,1.404316,2.955771
26,6.8,1.7955,3.105801
26,7.2,2.08133,3.476953
26,7.6,2.140154,3.901259
26,8.0,1.9223,4.172876
26,8.4,1.461402,4.10572
26,8.8,1.034369,3.696222
26,9.2,1.010438,3.254619
26,9.6,1.262694,3.004652
26,10.0,1.631079,3.030356
26,10.4,1.96535,3.311508
26,10.8,2.123331,3.719175
26,11.2,2.027021,4.064352
26,11.6,1.669953,4.151337
26,12.0,1.192826,3.873855
26,12.4,0.994208,3.421518
26,12.8,1.148289,3.085681
26,13.2,1.477114,2.995796
26,13.6,1.837286,3.178504
26,14.0,2.076389,3.547496
26,14.4,2.088669,3.934648
26,14.8,1.838005,4.1439
26,15.2,1.383581,4.015739
26,15.6,1.032668,3.600695
26,16.0,1.063301,3.199962
26,16.4,1.334403,3.003508
26,16.8,1.696722,3.079159
26,17.2,1.998477,3.386627
26,17.6,2.10959,3.785644
26,18.0,1.966268,4.086932
26,18.4,1.579505,4.106293
26,18.8,1.136151,3.780964
26,19.2,1.015579,3.344125
26,19.6,1.208807,3.053798
26,20.0,1.549594,3.018392
26,20.4,1.89254,3.243742
26,20.8,2.090987,3.625306
26,21.2,2.053337,3.9878
26,21.6,1.757716,4.138324
26,22.0,1.296401,3.942154
26,22.4,1.017514,3.511427
26,22.8,1.107358,3.144423
26,23.2,1.404452,3.000289
26,23.6,1.764478,3.127539
26,24.0,2.03515,3.464013
26,24.4,2.098456,3.856478
26,24.8,1.904471,4.113331
26,25.2,1.485271,4.061987
26,25.6,1.082611,3.690658
26,26.0,1.038155,3.2707
26,26.4,1.270387,3.026471
26,26.8,1.622512,3.046034
26,27.2,1.946116,3.312856
26,27.6,2.102077,3.704436
26,28.0,2.01281,4.0385
26,28.4,1.671833,4.125977
26,28.8,1.213312,3.863654
26,29.2,1.012053,3.42581
26,29.6,1.155902,3.095646
26,30.0,1.476324,3.005286
26,30.4,1.82992,3.182571
26,30.8,2.066066,3.543804
26,31.2,2.079734,3.924114
26,31.6,1.834872,4.130671
26,32.0,1.389991,4.006892
26,32.4,1.043006,3.600127
26,32.8,1.069128,3.203869
26,33.2,1.335933,3.008585
26,33.6,1.69455,3.082678
26,34.0,1.993903,3.386738
26,34.4,2.104612,3.781987
26,34.8,1.963033,4.080734
26,35.2,1.580248,4.100423
26,35.6,1.140986,3.778744
26,36.0,1.019533,3.345061
26,36.4,1.21066,3.056119
26,36.8,1.549539,3.020708
26,37.2,1.890891,3.244849
26,37.6,2.088531,3.624573
26,38.0,2.051081,3.985344
26,38.4,1.756786,4.135085
26,38.8,1.297804,3.939868
26,39.2,1.019827,3.510992
26,39.6,1.108893,3.14515
26,40.0,1.405124,3.00153
27,0.0,4.394918,8.944874
27,0.4,2.752195,9.585586
27,0.8,0.304075,8.418723
27,1.2,0.323238,7.432123
27,1.6,0.378529,6.488856
27,2.0,0.454854,5.59627
27,2.4,0.565843,4.777265
27,2.8,0.7375,4.071875
27,3.2,1.015843,3.550995
27,3.6,1.445851,3.318541
27,4.0,1.975822,3.447595
27,4.4,2.438942,3.892178
27,4.8,2.692422,4.504925
27,5.2,2.672724,5.099147
27,5.6,2.35838,5.477683
27,6.0,1.734783,5.434495
27,6.4,0.963965,4.848628
27,6.8,0.788281,4.134303
27,7.2,1.007409,3.602178
27,7.6,1.409388,3.344198
27,8.0,1.92489,3.43806
27,8.4,2.392467,3.850934
27,8.8,2.664323,4.444964
27,9.2,2.670483,5.038087
27,9.6,2.387201,5.436278
27,10.0,1.800339,5.437372
27,10.4,1.029608,4.900957
27,10.8,0.789008,4.18284
27,11.2,0.986676,3.635396
27,11.6,1.374776,3.353836
27,12.0,1.88533,3.420567
27,12.4,2.361604,3.812516
27,12.8,2.65098,4.397849
27,13.2,2.678176,4.996533
27,13.6,2.417516,5.415363
27,14.0,1.854413,5.453027
27,14.4,1.080191,4.954134
27,14.8,0.786113,4.23093
27,15.2,0.96536,3.66802
27,15.6,1.340886,3.363461
27,16.0,1.84672,3.403744
27,16.4,2.331435,3.775231
27,16.8,2.637946,4.352069
27,17.2,2.6856,4.956134
27,17.6,2.446635,5.394808
27,18.0,1.906073,5.467394
27,18.4,1.132044,5.006359
27,18.8,0.784778,4.279805
27,19.2,0.944843,3.701799
27,19.6,1.30775,3.374769
27,20.0,1.808114,3.388618
27,20.4,2.30046,3.739067
27,20.8,2.623695,4.306572
27,21.2,2.691631,4.915084
27,21.6,2.474189,5.372564
27,22.0,1.956086,5.478944
27,22.4,1.186406,5.057034
27,22.8,0.785885,4.329581
27,23.2,0.925305,3.736888
27,23.6,1.275414,3.387932
27,24.0,1.769481,3.375339
27,24.4,2.268557,3.70409
27,24.8,2.608071,4.261313
27,25.2,2.696143,4.873251
27,25.6,2.500136,5.348469
27,26.0,2.00449,5.487552
27,26.4,1.242879,5.105785
27,26.8,0.789814,4.380251
27,27.2,0.906785,3.773266
27,27.6,1.243914,3.402944
27,28.0,1.730886,3.363949
27,28.4,2.235758,3.670364
27,28.8,2.591072,4.216356
27,29.2,2.699126,4.830689
27,29.6,2.524478,5.322579
27,30.0,2.051266,5.493265
27,30.4,1.300891,5.152304
27,30.8,0.796907,4.43179
27,31.2,0.889309,3.810894
27,31.6,1.213277,3.419776
27,32.0,1.692403,3.354474
27,32.4,2.202116,3.637951
27,32.8,2.572717,4.171772
27,33.2,2.700584,4.787473
27,33.6,2.547218,5.29497
27,34.0,2.096394,5.496153
27,34.4,1.359887,5.196329
27,34.8,0.807516,4.48416
27,35.2,0.872907,3.849731
27,35.6,1.183527,3.438396
27,36.0,1.654108,3.346934
27,36.4,2.167687,3.606911
27,36.8,2.553029,4.127635
27,37.2,2.700523,4.743678
27,37.6,2.568365,5.265723
27,38.0,2.139864,5.496291
27,38.4,1.419366,5.237643
27,38.8,0.821989,4.537307
27,39.2,0.857622,3.889738
27,39.6,1.154686,3.458765
27,40.0,1.616075,3.341343
28,0.0,1.802695,6.27148
28,0.4,1.286484,5.658641
28,0.8,1.089468,4.90738
28,1.2,1.342484,4.351994
28,1.6,1.922694,4.204557
28,2.0,2.640714,4.555811
28,2.4,3.235307,5.309033
28,2.8,3.553951,6.265871
28,3.2,3.548813,7.205038
28,3.6,3.202791,7.899227
28,4.0,2.453679,8.082784
28,4.4,1.084873,7.339412
28,4.8,0.545975,6.134411
28,5.2,0.705417,5.165237
28,5.6,1.0102,4.401938
28,6.0,1.566218,4.014424
28,6.4,2.353776,4.171494
28,6.8,3.101072,4.840399
28,7.2,3.584248,5.825747
28,7.6,3.727239,6.891623
28,8.0,3.517311,7.80155
28,8.4,2.925972,8.303636
28,8.8,1.78675,8.03952
28,9.2,0.51962,6.793335
28,9.6,0.591633,5.737133
28,10.0,0.802316,4.834907
28,10.4,1.192167,4.193719
28,10.8,1.858583,4.00729
28,11.2,2.667076,4.380925
28,11.6,3.328206,5.200888
28,12.0,3.681935,6.246084
28,12.4,3.687652,7.279205
28,12.8,3.335507,8.062166
28,13.2,2.565217,8.319883
28,13.6,1.118277,7.602705
28,14.0,0.515903,6.361907
28,14.4,0.659843,5.362809
28,14.8,0.926331,4.54348
28,15.2,1.419653,4.05607
28,15.6,2.174681,4.088801
28,16.0,2.955708,4.65963
28,16.4,3.506947,5.595858
28,16.8,3.726036,6.664442
28,17.2,3.59374,7.628699
28,17.6,3.091817,8.243959
28,18.0,2.102209,8.190717
28,18.4,0.604869,7.059297
28,18.8,0.559851,5.955402
28,19.2,0.745242,5.01489
28,19.6,1.085309,4.301941
28,20.0,1.691432,4.000283
28,20.4,2.49442,4.254798
28,20.8,3.207225,4.994676
28,21.2,3.634069,6.011029
28,21.6,3.716416,7.066876
28,22.0,3.444174,7.925442
28,22.4,2.777224,8.3265
28,22.8,1.503387,7.872567
28,23.2,0.506148,6.598098
28,23.6,0.619943,5.568699
28,24.0,0.853401,4.700636
28,24.4,1.287027,4.123389
28,24.8,1.996611,4.032524
28,25.2,2.798614,4.49638
28,25.6,3.413464,5.372164
28,26.0,3.708058,6.432178
28,26.4,3.652863,7.439315
28,26.8,3.235767,8.15339
28,27.2,2.374951,8.283018
28,27.6,0.835941,7.358443
28,28.0,0.532761,6.179733
28,28.4,0.695212,5.205301
28,28.8,0.991823,4.429756
28,29.2,1.534811,4.020784
28,29.6,2.316851,4.152235
28,30.0,3.072099,4.801672
28,30.4,3.569657,5.777831
28,30.8,3.728414,6.845221
28,31.2,3.534591,7.767357
28,31.6,2.96219,8.294106
28,32.0,1.855765,8.076109
28,32.4,0.528986,6.846124
28,32.8,0.584696,5.781799
28,33.2,0.789864,4.871237
28,33.6,1.168895,4.214397
28,34.0,1.823257,4.003564
28,34.4,2.631882,4.352975
28,34.8,3.304371,5.157236
28,35.2,3.67339,6.197391
28,35.6,3.694987,7.236135
28,36.0,3.359541,8.035762
28,36.4,2.611525,8.324729
28,36.8,1.198347,7.663313
28,37.2,0.512517,6.410144
28,37.6,0.651173,5.404796
28,38.0,0.91039,4.574815
28,38.4,1.391018,4.067963
28,38.8,2.137607,4.074947
28,39.2,2.924082,4.624317
28,39.6,3.488902,5.548952
28,40.0,3.723685,6.616685
29,0.0,3.519109,9.01213
29,0.4,1.344816,8.714691
29,0.8,0.346155,7.302845
29,1.2,0.421482,6.199863
29,1.6,0.536028,5.180736
29,2.0,0.725531,4.299409
29,2.4,1.066374,3.665467
29,2.8,1.645134,3.460002
29,3.2,2.352181,3.79618
29,3.6,2.900396,4.55595
29,4.0,3.104937,5.473733
29,4.4,2.896463,6.238483
29,4.8,2.208242,6.497292
29,5.2,0.952526,5.811832
29,5.6,0.622917,4.774445
29,6.0,0.852078,3.982536
29,6.4,1.290629,3.512758
29,6.8,1.955885,3.543535
29,7.2,2.625894,4.091481
29,7.6,3.036856,4.956259
29,8.0,3.065978,5.845981
29,8.4,2.660284,6.436625
29,8.8,1.713815,6.33328
29,9.2,0.631161,5.316695
29,9.6,0.701714,4.397535
29,10.0,1.014214,3.725098
29,10.4,1.562655,3.457597
29,10.8,2.268289,3.728909
29,11.2,2.848623,4.448803
29,11.6,3.100116,5.362618
29,12.0,2.944743,6.162978
29,12.4,2.322363,6.505385
29,12.8,1.111067,5.948852
29,13.2,0.609384,4.885189
29,13.6,0.814738,4.064864
29,14.0,1.223937,3.545988
29,14.4,1.868787,3.51017
29,14.8,2.554629,4.002998
29,15.2,3.006077,4.84409
29,15.6,3.084554,5.747408
29,16.0,2.73482,6.392942
29,16.4,1.863742,6.399531
29,16.8,0.678046,5.446768
29,17.2,0.676404,4.497337
29,17.6,0.96511,3.788966
29,18.0,1.483458,3.462219
29,18.4,2.183757,3.668253
29,18.8,2.793343,4.345526
29,19.2,3.090405,5.251689
29,19.6,2.986706,6.083015
29,20.0,2.426579,6.501874
29,20.4,1.279502,6.075557
29,20.8,0.601328,4.999003
29,21.2,0.780192,4.15146
29,21.6,1.161102,3.586473
29,22.0,1.782383,3.484863
29,22.4,2.479722,3.919729
29,22.8,2.969744,4.732871
29,23.2,3.096901,5.64513
29,23.6,2.801939,6.340134
29,24.0,2.003322,6.448902
29,24.4,0.75571,5.582794
29,24.8,0.653683,4.600268
29,25.2,0.919488,3.858395
29,25.6,1.407332,3.474979
29,26.0,2.097753,3.614721
29,26.4,2.733301,4.245658
29,26.8,3.074782,5.139691
29,27.2,3.022094,5.997115
29,27.6,2.522107,6.486133
29,28.0,1.449468,6.187546
29,28.4,0.601505,5.116273
29,28.8,0.748299,4.242037
29,29.2,1.102149,3.633888
29,29.6,1.697256,3.467754
29,30.0,2.401556,3.842133
29,30.4,2.927975,4.623135
29,30.8,3.103082,5.539715
29,31.2,2.861883,6.27893
29,31.6,2.132622,6.482336
29,32.0,0.867781,5.723147
29,32.4,0.63384,4.706193
29,32.8,0.877164,3.933013
29,33.2,1.334608,3.495709
29,33.6,2.010849,3.568637
29,34.0,2.668753,4.149714
29,34.4,3.053326,5.02718
29,34.8,3.051017,5.905907
29,35.2,2.609365,6.459081
29,35.6,1.614263,6.282506
29,36.0,0.614121,5.237656
29,36.4,0.718944,4.336316
29,36.8,1.047031,3.687869
29,37.2,1.61397,3.458915
29,37.6,2.320571,3.770645
29,38.0,2.880921,4.515421
29,38.4,3.103166,5.431739
29,38.8,2.914855,6.210041
29,39.2,2.252001,6.500877
29,39.6,1.010282,5.863362
29,40.0,0.617465,4.81505
30,0.0,2.263629,6.558137
30,0.4,0.446069,5.792987
30,0.8,0.440259,5.021162
30,1.2,0.53915,4.32637
30,1.6,0.686541,3.723034
30,2.0,0.915889,3.261752
30,2.4,1.266559,3.019587
30,2.8,1.720535,3.068193
30,3.2,2.146145,3.397109
30,3.6,2.386076,3.889302
30,4.0,2.344405,4.364012
30,4.4,1.973712,4.611344
30,4.8,1.283838,4.420559
30,5.2,0.797666,3.866709
30,5.6,0.881216,3.374965
30,6.0,1.1744,3.074181
30,6.4,1.59581,3.042207
30,6.8,2.034016,3.296935
30,7.2,2.328606,3.749727
30,7.6,2.366716,4.236049
30,8.0,2.092057,4.555978
30,8.4,1.487644,4.496666
30,8.8,0.868687,4.0046
30,9.2,0.840995,3.481634
30,9.6,1.090963,3.127806
30,10.0,1.485439,3.02485
30,10.4,1.932762,3.212708
30,10.8,2.274567,3.628564
30,11.2,2.382049,4.122467
30,11.6,2.188046,4.501384
30,12.0,1.662181,4.552903
30,12.4,0.972515,4.14329
30,12.8,0.811206,3.595942
30,13.2,1.015728,3.19386
30,13.6,1.379984,3.023496
30,14.0,1.827637,3.142305
30,14.4,2.209161,3.513963
30,14.8,2.381507,4.005331
30,15.2,2.264573,4.430921
30,15.6,1.819469,4.581247
30,16.0,1.116482,4.275778
30,16.4,0.798997,3.71877
30,16.8,0.949466,3.273177
30,17.2,1.280083,3.03929
30,17.6,1.718897,3.087122
30,18.0,2.131568,3.4068
30,18.4,2.364177,3.884864
30,18.8,2.321861,4.344887
30,19.2,1.958143,4.581698
30,19.6,1.287451,4.39206
30,20.0,0.812576,3.849318
30,20.4,0.89289,3.364803
30,20.8,1.187052,3.071944
30,21.2,1.608748,3.048359
30,21.6,2.043149,3.309204
30,22.0,2.330582,3.763512
30,22.4,2.360275,4.245931
30,22.8,2.077128,4.556515
30,23.2,1.466858,4.483715
30,23.6,0.862383,3.985932
30,24.0,0.847162,3.467551
30,24.4,1.101904,3.120661
30,24.8,1.499606,3.026795
30,25.2,1.945826,3.223272
30,25.6,2.281634,3.643954
30,26.0,2.380289,4.13701
30,26.4,2.176171,4.508622
30,26.8,1.640319,4.546311
30,27.2,0.957045,4.12487
30,27.6,0.814564,3.580278
30,28.0,1.02531,3.184379
30,28.4,1.393721,3.022773
30,28.8,1.841808,3.150867
30,29.2,2.218488,3.528805
30,29.6,2.382458,4.021071
30,30.0,2.255448,4.441122
30,30.4,1.799593,4.579003
30,30.8,1.095472,4.258816
30,31.2,0.799394,3.701949
30,31.6,0.957763,3.261891
30,32.0,1.293017,3.036214
30,32.4,1.733503,3.093553
30,32.8,2.142549,3.420564
30,33.2,2.367426,3.901004
30,33.6,2.315321,4.357136
30,34.0,1.940799,4.583158
30,34.4,1.263824,4.377841
30,34.8,0.808926,3.831532
30,35.2,0.899835,3.351934
30,35.6,1.199006,3.066649
30,36.0,1.623411,3.052543
30,36.4,2.055482,3.321573
30,36.8,2.335962,3.779627
30,37.2,2.35623,4.259747
30,37.6,2.062433,4.561243
30,38.0,1.443063,4.47313
30,38.4,0.853288,3.967489
30,38.8,0.852561,3.453267
30,39.2,1.112762,3.113282
30,39.6,1.514,3.028657
30,40.0,1.959224,3.233974
31,0.0,1.537163,4.694848
31,0.4,0.558246,4.183938
31,0.8,0.541263,3.703766
31,1.2,0.643757,3.293197
31,1.6,0.784276,2.960131
31,2.0,0.967362,2.727967
31,2.4,1.187684,2.618085
31,2.8,1.415316,2.63563
31,3.2,1.599965,2.757176
31,3.6,1.694356,2.93208
31,4.0,1.674245,3.09584
31,4.4,1.54701,3.187873
31,4.8,1.359806,3.17329
31,5.2,1.19994,3.066299
31,5.6,1.141612,2.925774
31,6.0,1.185595,2.811377
31,6.4,1.290169,2.756985
31,6.8,1.410652,2.770993
31,7.2,1.507758,2.840018
31,7.6,1.552654,2.934532
31,8.0,1.53348,3.018281
31,8.4,1.459685,3.060184
31,8.8,1.362327,3.046502
31,9.2,1.284157,2.98792
31,9.6,1.256221,2.913356
31,10.0,1.281272,2.85332
31,10.4,1.34064,2.827263
31,10.8,1.408456,2.839806
31,11.2,1.460697,2.882032
31,11.6,1.480936,2.935781
31,12.0,1.464412,2.980179
31,12.4,1.419642,2.999106
31,12.8,1.366034,2.987412
31,13.2,1.32596,2.952768
31,13.6,1.313908,2.911247
31,14.0,1.330622,2.87933
31,14.4,1.36575,2.867483
31,14.8,1.404247,2.877569
31,15.2,1.432088,2.9035
31,15.6,1.440388,2.934166
31,16.0,1.427803,2.957681
31,16.4,1.400765,2.965788
31,16.8,1.370944,2.956863
31,17.2,1.35027,2.936119
31,17.6,1.345729,2.912787
31,18.0,1.357018,2.895917
31,18.4,1.377925,2.890983
31,18.8,1.399654,2.898434
31,19.2,1.414231,2.91419
31,19.6,1.417056,2.93156
31,20.0,1.408188,2.943881
31,20.4,1.392043,2.946994
31,20.8,1.375482,2.940652
31,21.2,1.364907,2.928268
31,21.6,1.363683,2.91519
31,22.0,1.371172,2.90639
31,22.4,1.383553,2.904656
31,22.8,1.3957,2.909848
31,23.2,1.403171,2.919299
31,23.6,1.403685,2.929045
31,24.0,1.397739,2.935402
31,24.4,1.388207,2.936321
31,24.8,1.379065,2.932022
31,25.2,1.373745,2.924685
31,25.6,1.373838,2.917402
31,26.0,1.378695,2.912893
31,26.4,1.385966,2.912533
31,26.8,1.392685,2.916004
31,27.2,1.396419,2.921605
31,27.6,1.396091,2.927019
31,28.0,1.392237,2.930235
31,28.4,1.386668,2.930274
31,28.8,1.381662,2.927456
31,29.2,1.37905,2.923147
31,29.6,1.379554,2.919127
31,30.0,1.38264,2.916867
31,30.4,1.386871,2.917022
31,30.8,1.390546,2.919273
31,31.2,1.392355,2.922555
31,31.6,1.391819,2.925532
31,32.0,1.389383,2.92712
31,32.4,1.38616,2.926868
31,32.8,1.383445,2.925067
31,33.2,1.382206,2.92256
31,33.6,1.382748,2.920361
31,34.0,1.384674,2.919262
31,34.4,1.387113,2.919554
31,34.8,1.389099,2.920979
31,35.2,1.389939,2.922884
31,35.6,1.389439,2.924503
31,36.0,1.387929,2.925261
31,36.4,1.386081,2.924964
31,36.8,1.384625,2.923837
31,37.2,1.384066,2.92239
31,37.6,1.384517,2.921201
31,38.0,1.3857,2.920687
31,38.4,1.387093,2.920968
31,38.8,1.388153,2.921853
31,39.2,1.388519,2.922948
31,39.6,1.388127,2.923818
31,40.0,1.387205,2.924163
32,0.0,4.16702,9.474932
32,0.4,2.18574,9.763146
32,0.8,0.28732,8.246796
32,1.2,0.331815,7.157472
32,1.6,0.397917,6.120722
32,2.0,0.493097,5.157775
32,2.4,0.638073,4.307247
32,2.8,0.869483,3.636512
32,3.2,1.229229,3.247615
32,3.6,1.693131,3.226335
32,4.0,2.126049,3.545584
32,4.4,2.389784,4.06344
32,4.8,2.420499,4.592606
32,5.2,2.21202,4.946602
32,5.6,1.797028,4.966184
32,6.0,1.302915,4.587676
32,6.4,1.051351,4.00887
32,6.8,1.161165,3.543201
32,7.2,1.479992,3.344061
32,7.6,1.867555,3.455497
32,8.0,2.181889,3.811856
32,8.4,2.324595,4.271441
32,8.8,2.259472,4.669187
32,9.2,1.996083,4.851085
32,9.6,1.595375,4.710834
32,10.0,1.23639,4.281268
32,10.4,1.154253,3.796368
32,10.8,1.341251,3.478588
32,11.2,1.66938,3.429356
32,11.6,2.003507,3.645423
32,12.0,2.224713,4.030395
32,12.4,2.267563,4.439785
32,12.8,2.118631,4.722869
32,13.2,1.807644,4.754168
32,13.6,1.435245,4.486133
32,14.0,1.209276,4.03901
32,14.4,1.257578,3.645376
32,14.8,1.506185,3.462005
32,15.2,1.830916,3.54057
32,15.6,2.10526,3.833913
32,16.0,2.237702,4.224356
32,16.4,2.190117,4.568307
32,16.8,1.96932,4.730713
32,17.2,1.631523,4.621151
32,17.6,1.322447,4.263525
32,18.0,1.230926,3.840304
32,18.4,1.379465,3.550131
32,18.8,1.665985,3.495621
32,19.2,1.966837,3.680666
32,19.6,2.171699,4.022794
32,20.0,2.216664,4.392147
32,20.4,2.086619,4.650806
32,20.8,1.809392,4.684638
32,21.2,1.476566,4.45105
32,21.6,1.265595,4.050573
32,22.0,1.296456,3.68696
32,22.4,1.5177,3.510955
32,22.8,1.816264,3.576356
32,23.2,2.073346,3.843434
32,23.6,2.201027,4.20465
32,24.0,2.160828,4.525853
32,24.4,1.958269,4.680235
32,24.8,1.646848,4.583715
32,25.2,1.359155,4.256616
32,25.6,1.265603,3.861384
32,26.0,1.397241,3.584258
32,26.4,1.66411,3.527077
32,26.8,1.949045,3.697097
32,27.2,2.146099,4.018539
32,27.6,2.192297,4.36872
32,28.0,2.071716,4.616029
32,28.4,1.810962,4.65168
32,28.8,1.496914,4.435028
32,29.2,1.293385,4.057479
32,29.6,1.315892,3.70895
32,30.0,1.523054,3.53632
32,30.4,1.808076,3.594439
32,30.8,2.056354,3.847557
32,31.2,2.181874,4.193522
32,31.6,2.145955,4.503191
32,32.0,1.953298,4.654031
32,32.4,1.655666,4.564982
32,32.8,1.378806,4.254171
32,33.2,1.284012,3.873779
32,33.6,1.406307,3.603291
32,34.0,1.66232,3.544046
32,34.4,1.938653,3.705334
32,34.8,2.131749,4.015201
32,35.2,2.179076,4.355
32,35.6,2.064164,4.596592
32,36.0,1.812748,4.633988
32,36.4,1.508861,4.427251
32,36.8,1.309004,4.062546
32,37.2,1.326425,3.722172
32,37.6,1.525318,3.550838
32,38.0,1.802619,3.604181
32,38.4,2.04614,3.848937
32,38.8,2.170863,4.186156
32,39.2,2.137881,4.48959
32,39.6,1.951286,4.639078
32,40.0,1.661629,4.55504
33,0.0,2.885188,9.053189
33,0.4,0.519471,7.82954
33,0.8,0.389833,6.486208
33,1.2,0.500329,5.314312
33,1.6,0.68316,4.302192
33,2.0,1.003768,3.570911
33,2.4,1.51738,3.297704
33,2.8,2.107629,3.560341
33,3.2,2.539177,4.207752
33,3.6,2.673148,4.963527
33,4.0,2.475185,5.530826
33,4.4,1.958133,5.628807
33,4.8,1.245674,5.073795
33,5.2,0.922479,4.20277
33,5.6,1.143065,3.57554
33,6.0,1.623132,3.393804
33,6.4,2.157107,3.698695
33,6.8,2.523614,4.329086
33,7.2,2.604241,5.020887
33,7.6,2.371864,5.494717
33,8.0,1.848281,5.493539
33,8.4,1.200306,4.894227
33,8.8,0.975918,4.079954
33,9.2,1.232327,3.534544
33,9.6,1.721285,3.441536
33,10.0,2.226202,3.807967
33,10.4,2.541092,4.451958
33,10.8,2.567366,5.108698
33,11.2,2.287509,5.505817
33,11.6,1.734818,5.401753
33,12.0,1.132722,4.736637
33,12.4,1.009469,3.959943
33,12.8,1.31477,3.491445
33,13.2,1.818016,3.486625
33,13.6,2.296454,3.915772
33,14.0,2.561308,4.575957
33,14.4,2.532497,5.199554
33,14.8,2.201818,5.518797
33,15.2,1.617671,5.308033
33,15.6,1.072306,4.583324
33,16.0,1.046324,3.847576
33,16.4,1.399623,3.457947
33,16.8,1.913669,3.540425
33,17.2,2.36234,4.028136
33,17.6,2.576056,4.699578
33,18.0,2.491665,5.284803
33,18.4,2.109707,5.520486
33,18.8,1.499327,5.201211
33,19.2,1.028291,4.432877
33,19.6,1.091841,3.745676
33,20.0,1.488749,3.438416
33,20.4,2.0071,3.606028
33,20.8,2.421326,4.145781
33,21.2,2.582365,4.820867
33,21.6,2.442246,5.360154
33,22.0,2.01001,5.505524
33,22.4,1.383818,5.079268
33,22.8,1.003442,4.287177
33,23.2,1.146921,3.656193
33,23.6,1.581778,3.434557
33,24.0,2.096897,3.683739
33,24.4,2.472036,4.267779
33,24.8,2.579054,4.937872
33,25.2,2.383389,5.422908
33,25.6,1.903003,5.47138
33,26.0,1.276112,4.943955
33,26.4,0.997344,4.148371
33,26.8,1.21117,3.580574
33,27.2,1.677548,3.446863
33,27.6,2.181731,3.772774
33,28.0,2.513654,4.392661
33,28.4,2.565657,5.048745
33,28.8,2.314918,5.471067
33,29.2,1.789741,5.416875
33,29.6,1.181459,4.798935
33,30.0,1.008192,4.018253
33,30.4,1.283783,3.519934
33,30.8,1.774607,3.475172
33,31.2,2.260436,3.871886
33,31.6,2.545666,4.518774
33,32.0,2.542011,5.151729
33,32.4,2.236959,5.502982
33,32.8,1.671975,5.341738
33,33.2,1.104442,4.648709
33,33.6,1.03387,3.898297
33,34.0,1.36377,3.475109
33,34.4,1.871417,3.518915
33,34.8,2.332025,3.979607
33,35.2,2.567737,4.644416
33,35.6,2.508098,5.245139
33,36.0,2.149823,5.517223
33,36.4,1.552254,5.246575
33,36.8,1.047994,4.497722
33,37.2,1.072467,3.789792
33,37.6,1.449989,3.446668
33,38.0,1.966455,3.577226
33,38.4,2.395674,4.094353
33,38.8,2.57965,4.767872
33,39.2,2.46398,5.327341
33,39.6,2.053997,5.512556
33,40.0,1.434072,5.132995
34,0.0,3.564752,5.556549
34,0.4,3.704712,6.569486
34,0.8,3.462111,7.432323
34,1.2,2.771329,7.879017
34,1.6,1.31349,7.465561
34,2.0,0.467636,6.361569
34,2.4,0.573639,5.465349
34,2.8,0.753763,4.677506
34,3.2,1.073859,4.079437
34,3.6,1.643906,3.82367
34,4.0,2.427887,4.052795
34,4.4,3.154051,4.733442
34,4.8,3.603454,5.687927
34,5.2,3.695294,6.694655
34,5.6,3.400485,7.519994
34,6.0,2.638567,7.887557
34,6.4,1.049395,7.313702
34,6.8,0.476591,6.240443
34,7.2,0.592141,5.355903
34,7.6,0.785201,4.586714
34,8.0,1.131677,4.022996
34,8.4,1.737911,3.824609
34,8.8,2.531625,4.118494
34,9.2,3.23076,4.846346
34,9.6,3.636287,5.82042
34,10.0,3.679558,6.817122
34,10.4,3.33135,7.600508
34,10.8,2.492527,7.881314
34,11.2,0.806974,7.148727
34,11.6,0.487797,6.120825
34,12.0,0.611848,5.24833
34,12.4,0.819131,4.499261
34,12.8,1.194129,3.972715
34,13.2,1.835479,3.834162
34,13.6,2.633561,4.191668
34,14.0,3.302336,4.963429
34,14.4,3.662972,5.953302
34,14.8,3.657306,6.936051
34,15.2,3.254356,7.672837
34,15.6,2.331655,7.858414
34,16.0,0.627776,6.986977
34,16.4,0.500439,6.002594
34,16.8,0.63287,5.142763
34,17.2,0.855805,4.415431
34,17.6,1.261409,3.929024
34,18.0,1.936003,3.852393
34,18.4,2.733084,4.271957
34,18.8,3.368553,5.084208
34,19.2,3.683457,6.086072
34,19.6,3.628463,7.050906
34,20.0,3.169112,7.736228
34,20.4,2.153904,7.816975
34,20.8,0.525588,6.838555
34,21.2,0.514175,5.88574
34,21.6,0.655333,5.039349
34,22.0,0.895492,4.335533
34,22.4,1.333635,3.892344
34,22.8,2.038809,3.879293
34,23.2,2.829635,4.358975
34,23.6,3.429221,5.208199
34,24.0,3.697697,6.218232
34,24.4,3.592932,7.161137
34,24.8,3.075133,7.789863
34,25.2,1.956902,7.754838
34,25.6,0.479644,6.702257
34,26.0,0.528885,5.770305
34,26.4,0.679379,4.93825
34,26.8,0.93848,4.259904
34,27.2,1.410836,3.863072
34,27.6,2.143178,3.914788
34,28.0,2.922714,4.452313
34,28.4,3.484185,5.334912
34,28.8,3.705651,6.349278
34,29.2,3.550599,7.266183
34,29.6,2.971819,7.832852
34,30.0,1.738298,7.669665
34,30.4,0.464302,6.573348
34,30.8,0.54455,5.656359
34,31.2,0.705163,4.839646
34,31.6,0.985067,4.188909
34,32.0,1.49293,3.841569
34,32.4,2.248365,3.958734
34,32.8,3.011871,4.55154
34,33.2,3.533312,5.463853
34,33.6,3.707278,6.478703
34,34.0,3.501316,7.365458
34,34.4,2.858426,7.864199
34,34.8,1.497009,7.559366
34,35.2,0.463654,6.448518
34,35.6,0.561203,5.543987
34,36.0,0.732864,4.743735
34,36.4,1.035553,4.122934
34,36.8,1.57972,3.828147
34,37.2,2.353629,4.010934
34,37.6,3.096716,4.656209
34,38.0,3.576495,5.594528
34,38.4,3.702536,6.606
34,38.8,3.444905,7.458357
34,39.2,2.734025,7.882791
34,39.6,1.236855,7.423469
34,40.0,0.469936,6.326124
35,0.0,3.564393,9.627881
35,0.4,0.356971,8.872313
35,0.8,0.252838,7.966265
35,1.2,0.285604,7.118629
35,1.6,0.327316,6.298427
35,2.0,0.381912,5.514095
35,2.4,0.455801,4.778246
35,2.8,0.559757,4.110506
35,3.2,0.711807,3.542298
35,3.6,0.938053,3.122525
35,4.0,1.256085,2.913453
35,4.4,1.628137,2.954655
35,4.8,1.949337,3.213801
35,5.2,2.116156,3.585943
35,5.6,2.074977,3.930402
35,6.0,1.821123,4.104291
35,6.4,1.41565,4.002687
35,6.8,1.079039,3.662417
35,7.2,1.039333,3.295459
35,7.6,1.220921,3.05824
35,8.0,1.506404,3.015772
35,8.4,1.79438,3.169117
35,8.8,1.985385,3.452309
35,9.2,2.014296,3.755299
35,9.6,1.861915,3.955804
35,10.0,1.561218,3.952729
35,10.4,1.24141,3.727744
35,10.8,1.108254,3.40765
35,11.2,1.201943,3.155403
35,11.6,1.429102,3.059717
35,12.0,1.693184,3.143955
35,12.4,1.89874,3.368126
35,12.8,1.97349,3.643239
35,13.2,1.886164,3.859689
35,13.6,1.651826,3.917772
35,14.0,1.356361,3.772899
35,14.4,1.170473,3.496569
35,14.8,1.193505,3.237309
35,15.2,1.3707,3.101268
35,15.6,1.612228,3.130202
35,16.0,1.826508,3.305131
35,16.4,1.93642,3.554943
35,16.8,1.900184,3.780594
35,17.2,1.718739,3.883777
35,17.6,1.450364,3.803734
35,18.0,1.233015,3.571579
35,18.4,1.195189,3.312816
35,18.8,1.324885,3.14494
35,19.2,1.542471,3.126182
35,19.6,1.760297,3.255952
35,20.0,1.898259,3.479735
35,20.4,1.905379,3.708696
35,20.8,1.770415,3.846669
35,21.2,1.531474,3.822172
35,21.6,1.297692,3.63549
35,22.0,1.20719,3.384807
35,22.4,1.289705,3.192309
35,22.8,1.480803,3.131325
35,23.2,1.697144,3.218004
35,23.6,1.857271,3.413835
35,24.0,1.902322,3.640562
35,24.4,1.810069,3.805202
35,24.8,1.602591,3.829166
35,25.2,1.364238,3.688937
35,25.6,1.229551,3.45387
35,26.0,1.2647,3.243718
35,26.4,1.426238,3.145281
35,26.8,1.63612,3.190301
35,27.2,1.812955,3.35591
35,27.6,1.891408,3.575102
35,28.0,1.839156,3.759274
35,28.4,1.664753,3.825443
35,28.8,1.431455,3.731797
35,29.2,1.261884,3.519487
35,29.6,1.25,3.298836
35,30.0,1.378723,3.167669
35,30.4,1.577237,3.172466
35,30.8,1.765441,3.305666
35,31.2,1.873036,3.512276
35,31.6,1.858437,3.709359
35,32.0,1.718249,3.811752
35,32.4,1.497785,3.763775
35,32.8,1.303248,3.58055
35,33.2,1.245926,3.356878
35,33.6,1.338661,3.197987
35,34.0,1.521002,3.164328
35,34.4,1.715241,3.263278
35,34.8,1.847687,3.452572
35,35.2,1.868392,3.656267
35,35.6,1.763073,3.788949
35,36.0,1.561615,3.784682
35,36.4,1.352143,3.635679
35,36.8,1.252729,3.416705
35,37.2,1.306689,3.235562
35,37.6,1.468193,3.165732
35,38.0,1.663128,3.229114
35,38.4,1.815953,3.396751
35,38.8,1.869417,3.601021
35,39.2,1.79912,3.758017
35,39.6,1.621452,3.794548
35,40.0,1.40663,3.683454
36,0.0,2.942842,9.647001
36,0.4,0.178648,8.557195
36,0.8,0.196355,7.793072
36,1.2,0.218018,7.044593
36,1.6,0.244519,6.315132
36,2.0,0.277516,5.609322
36,2.4,0.319433,4.93351
36,2.8,0.373871,4.296598
36,3.2,0.446208,3.711297
36,3.6,0.544218,3.195865
36,4.0,0.6777,2.775715
36,4.4,0.853726,2.482004
36,4.8,1.062873,2.34062
36,5.2,1.264918,2.349497
36,5.6,1.400971,2.462531
36,6.0,1.430277,2.601231
36,6.4,1.357861,2.68839
36,6.8,1.240134,2.686697
36,7.2,1.155931,2.618652
36,7.6,1.144472,2.539792
36,8.0,1.187963,2.493041
36,8.4,1.247911,2.491663
36,8.8,1.291509,2.523994
36,9.2,1.301891,2.565271
36,9.6,1.281577,2.591984
36,10.0,1.248359,2.593615
36,10.4,1.223252,2.575691
36,10.8,1.217503,2.552784
36,11.2,1.228718,2.538003
36,11.6,1.246486,2.536647
36,12.0,1.260117,2.545847
36,12.4,1.263807,2.558169
36,12.8,1.258182,2.566466
36,13.2,1.248506,2.567465
36,13.6,1.240864,2.562539
36,14.0,1.238701,2.555791
36,14.4,1.241677,2.551176
36,14.8,1.246898,2.550496
36,15.2,1.251101,2.553067
36,15.6,1.252402,2.556721
36,16.0,1.250883,2.559296
36,16.4,1.248057,2.559743
36,16.8,1.245724,2.558386
36,17.2,1.24496,2.556396
36,17.6,1.245747,2.554964
36,18.0,1.247273,2.55468
36,18.4,1.248559,2.55539
36,18.8,1.249008,2.556468
36,19.2,1.248607,2.557264
36,19.6,1.247783,2.557442
36,20.0,1.247072,2.55707
36,20.4,1.24681,2.556485
36,20.8,1.247016,2.556043
36,21.2,1.24746,2.555934
36,21.6,1.247852,2.556128
36,22.0,1.248004,2.556445
36,22.4,1.2479,2.55669
36,22.8,1.247661,2.556756
36,23.2,1.247444,2.556655
36,23.6,1.247357,2.556483
36,24.0,1.247409,2.556348
36,24.4,1.247538,2.556308
36,24.8,1.247657,2.55636
36,25.2,1.247707,2.556453
36,25.6,1.247681,2.556528
36,26.0,1.247612,2.556552
36,26.4,1.247546,2.556525
36,26.8,1.247518,2.556475
36,27.2,1.24753,2.556433
36,27.6,1.247568,2.556419
36,28.0,1.247604,2.556433
36,28.4,1.24762,2.55646
36,28.8,1.247614,2.556483
36,29.2,1.247594,2.556491
36,29.6,1.247574,2.556484
36,30.0,1.247565,2.55647
36,30.4,1.247568,2.556457
36,30.8,1.247578,2.556452
36,31.2,1.247589,2.556456
36,31.6,1.247595,2.556464
36,32.0,1.247593,2.556471
36,32.4,1.247587,2.556474
36,32.8,1.247581,2.556472
36,33.2,1.247578,2.556467
36,33.6,1.247579,2.556463
36,34.0,1.247582,2.556462
36,34.4,1.247585,2.556463
36,34.8,1.247587,2.556465
36,35.2,1.247587,2.556467
36,35.6,1.247585,2.556468
36,36.0,1.247583,2.556468
36,36.4,1.247582,2.556467
36,36.8,1.247582,2.556465
36,37.2,1.247583,2.556465
36,37.6,1.247584,2.556465
36,38.0,1.247585,2.556466
36,38.4,1.247585,2.556466
36,38.8,1.247584,2.556467
36,39.2,1.247584,2.556467
36,39.6,1.247584,2.556466
36,40.0,1.247584,2.556466
37,0.0,1.017599,8.766603
37,0.4,0.255138,7.883588
37,0.8,0.282741,7.174468
37,1.2,0.316589,6.483728
37,1.6,0.358925,5.815951
37,2.0,0.413182,5.177566
37,2.4,0.484783,4.577904
37,2.8,0.582587,4.031034
37,3.2,0.721226,3.558868
37,3.6,0.923031,3.195473
37,4.0,1.210701,2.988133
37,4.4,1.5738,2.98072
37,4.8,1.935575,3.175758
37,5.2,2.188558,3.514119
37,5.6,2.253562,3.89154
37,6.0,2.090865,4.182322
37,6.4,1.690006,4.254904
37,6.8,1.143113,4.018961
37,7.2,0.865323,3.608438
37,7.6,0.948836,3.252964
37,8.0,1.190834,3.033885
37,8.4,1.523864,2.998755
37,8.8,1.872123,3.158282
37,9.2,2.132083,3.464853
37,9.6,2.221483,3.823943
37,10.0,2.096561,4.117095
37,10.4,1.744311,4.218738
37,10.8,1.230628,4.032965
37,11.2,0.903393,3.646136
37,11.6,0.94525,3.287236
37,12.0,1.167449,3.055032
37,12.4,1.488452,3.00025
37,12.8,1.834965,3.138933
37,13.2,2.104949,3.430143
37,13.6,2.213104,3.784253
37,14.0,2.112252,4.085674
37,14.4,1.786508,4.210244
37,14.8,1.286476,4.056433
37,15.2,0.923958,3.682753
37,15.6,0.935402,3.317419
37,16.0,1.14323,3.071723
37,16.4,1.455942,2.998918
37,16.8,1.802941,3.119628
37,17.2,2.083414,3.398614
37,17.6,2.209055,3.750192
37,18.0,2.129315,4.060724
37,18.4,1.825492,4.206547
37,18.8,1.336224,4.08108
37,19.2,0.942547,3.719429
37,19.6,0.924854,3.34733
37,20.0,1.119322,3.088313
37,20.4,1.424342,2.998006
37,20.8,1.771805,3.101252
37,21.2,2.062382,3.368301
37,21.6,2.204917,3.717312
37,22.0,2.145439,4.03646
37,22.4,1.862503,4.202459
37,22.8,1.384787,4.104483
37,23.2,0.963269,3.756199
37,23.6,0.915272,3.377877
37,24.0,1.096148,3.10591
37,24.4,1.393265,2.998408
37,24.8,1.740562,3.084147
37,25.2,2.040572,3.338832
37,25.6,2.199521,3.684583
37,26.0,2.159949,4.011463
37,26.4,1.897711,4.196635
37,26.8,1.433085,4.125831
37,27.2,0.987324,3.792904
37,27.6,0.907255,3.409261
37,28.0,1.073873,3.124788
37,28.4,1.362674,3.000375
37,28.8,1.709016,3.068458
37,29.2,2.017682,3.31018
37,29.6,2.192562,3.651806
37,30.0,2.172652,3.985424
37,30.4,1.931106,4.18876
37,30.8,1.481095,4.144814
37,31.2,1.015025,3.82934
37,31.6,0.901098,3.441495
37,32.0,1.05258,3.144996
37,32.4,1.332608,3.003973
37,32.8,1.677178,3.054257
37,33.2,1.993673,3.282399
37,33.6,2.183976,3.618998
37,34.0,2.183495,3.95833
37,34.4,1.962657,4.178806
37,34.8,1.528589,4.161301
37,35.2,1.046357,3.865287
37,35.6,0.89702,3.474544
37,36.0,1.03232,3.166515
37,36.4,1.303121,3.00921
37,36.8,1.645115,3.04159
37,37.2,1.968585,3.255557
37,37.6,2.17377,3.58623
37,38.0,2.192474,3.930247
37,38.4,1.99234,4.166827
37,38.8,1.575319,4.175231
37,39.2,1.081143,3.900507
37,39.6,0.895233,3.508357
37,40.0,1.013143,3.189312
38,0.0,3.138732,6.294803
38,0.4,1.79883,6.476564
38,0.8,0.426546,5.475071
38,1.2,0.490342,4.653516
38,1.6,0.625841,3.934058
38,2.0,0.837553,3.364121
38,2.4,1.164051,3.02648
38,2.8,1.594393,3.001365
38,3.2,2.007402,3.282154
38,3.6,2.25172,3.745728
38,4.0,2.240156,4.204083
38,4.4,1.949038,4.453622
38,4.8,1.426192,4.321063
38,5.2,0.985837,3.841405
38,5.6,0.985031,3.360047
38,6.0,1.249962,3.081126
38,6.4,1.632662,3.083874
38,6.8,1.993635,3.354697
38,7.2,2.195309,3.776874
38,7.6,2.160394,4.176706
38,8.0,1.871894,4.369053
38,8.4,1.393931,4.210119
38,8.8,1.026672,3.761254
38,9.2,1.046231,3.326346
38,9.6,1.311326,3.092003
38,10.0,1.680547,3.13014
38,10.4,2.012408,3.415135
38,10.8,2.179146,3.825737
38,11.2,2.113288,4.191328
38,11.6,1.806136,4.335433
38,12.0,1.341421,4.135907
38,12.4,1.031776,3.689744
38,12.8,1.087857,3.286766
38,13.2,1.366219,3.092749
38,13.6,1.730644,3.168028
38,14.0,2.039185,3.473134
38,14.4,2.172869,3.879511
38,14.8,2.073623,4.216447
38,15.2,1.741836,4.313508
38,15.6,1.284752,4.070185
38,16.0,1.030261,3.621857
38,16.4,1.125001,3.247311
38,16.8,1.419815,3.092781
38,17.2,1.781064,3.205503
38,17.6,2.0671,3.531574
38,18.0,2.167717,3.934596
38,18.4,2.033933,4.242925
38,18.8,1.676124,4.291858
38,19.2,1.229224,4.005218
38,19.6,1.030531,3.556513
38,20.0,1.162644,3.210579
38,20.4,1.473719,3.095806
38,20.8,1.8307,3.245438
38,21.2,2.093247,3.591177
38,21.6,2.160179,3.989121
38,22.0,1.991366,4.266767
38,22.4,1.608435,4.26596
38,22.8,1.17797,3.938783
38,23.2,1.035572,3.49382
38,23.6,1.202574,3.177986
38,24.0,1.528262,3.103474
38,24.4,1.878704,3.288848
38,24.8,2.116127,3.651851
38,25.2,2.148639,4.041804
38,25.6,1.944782,4.28583
38,26.0,1.539185,4.233874
38,26.4,1.133163,3.870678
38,26.8,1.046336,3.434219
38,27.2,1.245341,3.150385
38,27.6,1.583257,3.116512
38,28.0,1.924388,3.335938
38,28.4,2.134886,3.713174
38,28.8,2.132313,4.091648
38,29.2,1.893801,4.298813
38,29.6,1.469318,4.194898
38,30.0,1.096248,3.801505
38,30.4,1.062915,3.378215
38,30.8,1.290963,3.128322
38,31.2,1.638307,3.135177
38,31.6,1.967177,3.386537
38,32.0,2.149004,3.774593
38,32.4,2.110823,4.13782
38,32.8,1.838433,4.304867
38,33.2,1.400112,4.14903
38,33.6,1.068022,3.732141
38,34.0,1.085035,3.326285
38,34.4,1.339216,3.112147
38,34.8,1.692925,3.159466
38,35.2,2.006591,3.440278
38,35.6,2.158144,3.8355
38,36.0,2.084008,4.179595
38,36.4,1.778933,4.303414
38,36.8,1.33307,4.096731
38,37.2,1.048724,3.663492
38,37.6,1.112293,3.278862
38,38.0,1.389752,3.102078
38,38.4,1.746599,3.189218
38,38.8,2.042221,3.496696
38,39.2,2.162086,3.89527
38,39.6,2.05183,4.216318
38,40.0,1.715736,4.294075
39,0.0,3.146224,4.140578
39,0.4,4.239265,5.494161
39,0.8,4.788913,7.216857
39,1.2,4.782783,8.933519
39,1.6,4.217256,10.275094
39,2.0,2.891858,10.757728
39,2.4,0.339617,9.423775
39,2.8,0.374136,8.166144
39,3.2,0.457765,6.969941
39,3.6,0.589199,5.859555
39,4.0,0.824405,4.901151
39,4.4,1.311609,4.255723
39,4.8,2.226026,4.218165
39,5.2,3.301064,4.924936
39,5.6,4.096444,6.178319
39,6.0,4.433603,7.659639
39,6.4,4.274861,9.03559
39,6.8,3.560029,9.941562
39,7.2,1.862662,9.768199
39,7.6,0.36984,8.262058
39,8.0,0.449949,7.060479
39,8.4,0.576333,5.941723
39,8.8,0.799831,4.967516
39,9.2,1.259171,4.288239
39,9.6,2.142364,4.193636
39,10.0,3.223374,4.846517
39,10.4,4.050046,6.068329
39,10.8,4.424918,7.543817
39,11.2,4.305662,8.940186
39,11.6,3.64003,9.898394
39,12.0,2.0659,9.850997
39,12.4,0.365766,8.358313
39,12.8,0.442393,7.151504
39,13.2,0.564014,6.024728
39,13.6,0.776604,5.035572
39,14.0,1.209585,4.324354
39,14.4,2.060017,4.173852
39,14.8,3.143965,4.771593
39,15.2,4.000839,5.959877
39,15.6,4.413245,7.427522
39,16.0,4.333248,8.842193
39,16.4,3.715255,9.849604
39,16.8,2.250971,9.91766
39,17.2,0.36301,8.455189
39,17.6,0.435086,7.242996
39,18.0,0.552208,6.108528
39,18.4,0.75463,5.105217
39,18.8,1.162766,4.363892
39,19.2,1.979256,4.158826
39,19.6,3.062999,4.700307
39,20.0,3.948861,5.853121
39,20.4,4.398588,7.310911
39,20.8,4.35766,8.741791
39,21.2,3.785954,9.795519
39,21.6,2.42026,9.969869
39,22.0,0.362964,8.553053
39,22.4,0.428015,7.33494
39,22.8,0.540886,6.19309
39,23.2,0.73382,5.17636
39,23.6,1.118613,4.40668
39,24.0,1.900337,4.148556
39,24.4,2.980652,4.632791
39,24.8,3.894155,5.748217
39,25.2,4.380955,7.194142
39,25.6,4.378931,8.639154
39,26.0,3.852343,9.736441
39,26.4,2.575891,10.009095
39,26.8,0.368693,8.652723
39,27.2,0.42117,7.427321
39,27.6,0.530017,6.278379
39,28.0,0.714092,5.248916
39,28.4,1.077011,4.452544
39,28.8,1.823499,4.14302
39,29.2,2.897114,4.569176
39,29.6,3.836766,5.645319
39,30.0,4.360349,7.077367
39,30.4,4.397089,8.534452
39,30.8,3.914608,9.672648
39,31.2,2.719641,10.036592
39,31.6,0.386802,8.755958
39,32.0,0.41454,7.520124
39,32.4,0.519575,6.364363
39,32.8,0.69537,5.322805
39,33.2,1.037837,4.501313
39,33.6,1.748962,4.142178
39,34.0,2.812591,4.509589
39,34.4,3.776751,5.544586
39,34.8,4.336779,6.960745
39,35.2,4.412157,8.427854
39,35.6,3.972909,9.604403
39,36.0,2.852968,10.053425
39,36.4,0.430544,8.866243
39,36.8,0.408116,7.613332
39,37.2,0.509535,6.451012
39,37.6,0.677584,5.397952
39,38.0,1.00096,4.55282
39,38.4,1.676917,4.14597
39,38.8,2.727305,4.454148
39,39.2,3.714175,5.446174
39,39.6,4.310252,6.844434
39,40.0,4.424157,8.31953
40,0.0,2.652253,7.836977
40,0.4,1.241782,7.242661
40,0.8,0.51414,5.954318
40,1.2,0.661917,4.943559
40,1.6,0.945154,4.145387
40,2.0,1.449078,3.723925
40,2.4,2.152255,3.840476
40,2.8,2.807298,4.455893
40,3.2,3.200269,5.358074
40,3.6,3.252725,6.285641
40,4.0,2.945386,6.970987
40,4.4,2.237378,7.120269
40,4.8,1.057969,6.372042
40,5.2,0.632648,5.234719
40,5.6,0.844773,4.357286
40,6.0,1.27118,3.801585
40,6.4,1.931803,3.748502
40,6.8,2.62949,4.229966
40,7.2,3.114352,5.071233
40,7.6,3.272534,6.017891
40,8.0,3.075778,6.804046
40,8.4,2.498264,7.149608
40,8.8,1.445597,6.703827
40,9.2,0.627832,5.543519
40,9.6,0.760727,4.59451
40,10.0,1.116746,3.923114
40,10.4,1.716442,3.704877
40,10.8,2.43349,4.03716
40,11.2,3.000453,4.795698
40,11.6,3.261755,5.73855
40,12.0,3.172859,6.601002
40,12.4,2.715334,7.110798
40,12.8,1.817305,6.94519
40,13.2,0.708185,5.880675
40,13.6,0.693327,4.85538
40,14.0,0.98587,4.085958
40,14.4,1.512887,3.71266
40,14.8,2.222857,3.883438
40,15.2,2.858289,4.536859
40,15.6,3.219311,5.452013
40,16.0,3.237106,6.36653
40,16.4,2.893651,7.012234
40,16.8,2.141559,7.089635
40,17.2,0.946756,6.249015
40,17.6,0.644056,5.136765
40,18.0,0.876762,4.28436
40,18.4,1.327875,3.771272
40,18.8,2.004695,3.774238
40,19.2,2.690436,4.301775
40,19.6,3.145647,5.165413
40,20.0,3.269013,6.108012
40,20.4,3.036014,6.86329
40,20.8,2.41674,7.147413
40,21.2,1.315375,6.602
40,21.6,0.623418,5.438105
40,22.0,0.786826,4.512707
40,22.4,1.165509,3.877795
40,22.8,1.787222,3.713738
40,23.2,2.500679,4.097312
40,23.6,3.041608,4.885933
40,24.0,3.268872,5.832702
40,24.4,3.144213,6.67246
40,24.8,2.647537,7.130845
40,25.2,1.69823,6.875861
40,25.6,0.667045,5.764561
40,26.0,0.713928,4.766124
40,26.4,1.026911,4.027501
40,26.8,1.57889,3.704345
40,27.2,2.294204,3.929923
40,27.6,2.908626,4.620749
40,28.0,3.236939,5.547778
40,28.4,3.219325,6.44763
40,28.8,2.838386,7.051088
40,29.2,2.03922,7.051779
40,29.6,0.847911,6.124458
40,30.0,0.658102,5.040911
40,30.4,0.91083,4.21471
40,30.8,1.387101,3.746248
40,31.2,2.077677,3.805363
40,31.6,2.74897,4.37698
40,32.0,3.173599,5.260402
40,32.4,3.26196,6.196307
40,32.8,2.992479,6.917937
40,33.2,2.330295,7.137025
40,33.6,1.185893,6.490902
40,34.0,0.625699,5.335402
40,34.4,0.814797,4.433674
40,34.8,1.216927,3.837271
40,35.2,1.859024,3.728283
40,35.6,2.566002,4.161579
40,36.0,3.079548,4.977752
40,36.4,3.272463,5.925789
40,36.8,3.111904,6.740153
40,37.2,2.575323,7.143899
40,37.6,1.574151,6.795488
40,38.0,0.641406,5.652429
40,38.4,0.736377,4.679223
40,38.8,1.070458,3.973202
40,39.2,1.646745,3.701736
40,39.6,2.364424,3.981165
40,40.0,2.955997,4.707013
41,0.0,4.721128,5.812809
41,0.4,4.17846,7.618284
41,0.8,2.63549,8.40885
41,1.2,0.304994,7.306406
41,1.6,0.354039,6.324755
41,2.0,0.430187,5.396602
41,2.4,0.544169,4.546131
41,2.8,0.728989,3.82051
41,3.2,1.051998,3.312046
41,3.6,1.5887,3.171858
41,4.0,2.240675,3.502089
41,4.4,2.72398,4.199126
41,4.8,2.826908,4.995323
41,5.2,2.431162,5.541195
41,5.6,1.364869,5.376079
41,6.0,0.589781,4.496303
41,6.4,0.747499,3.778701
41,6.8,1.081368,3.289974
41,7.2,1.631393,3.179801
41,7.6,2.280854,3.53988
41,8.0,2.743539,4.252517
41,8.4,2.816542,5.043149
41,8.8,2.383081,5.557371
41,9.2,1.268965,5.325831
41,9.6,0.592084,4.442167
41,10.0,0.764398,3.737022
41,10.4,1.111578,3.268724
41,10.8,1.675179,3.189438
41,11.2,2.321142,3.579511
41,11.6,2.762279,4.307197
41,12.0,2.80448,5.091116
41,12.4,2.331727,5.571522
41,12.8,1.17151,5.271244
41,13.2,0.596436,4.388865
41,13.6,0.782002,3.696384
41,14.0,1.142869,3.249277
41,14.4,1.719423,3.201322
41,14.8,2.36044,3.620747
41,15.2,2.779162,4.362165
41,15.6,2.790093,5.137743
41,16.0,2.277154,5.582152
41,16.4,1.07596,5.21261
41,16.8,0.602597,4.336372
41,17.2,0.800346,3.656835
41,17.6,1.175248,3.23169
41,18.0,1.764026,3.215448
41,18.4,2.398658,3.66351
41,18.8,2.794144,4.417313
41,19.2,2.773342,5.182897
41,19.6,2.219261,5.589064
41,20.0,0.984717,5.15081
41,20.4,0.610217,4.28466
41,20.8,0.819456,3.618421
41,21.2,1.208715,3.216018
41,21.6,1.808891,3.2318
41,22.0,2.435718,3.707724
41,22.4,2.807189,4.472538
41,22.8,2.754191,5.226451
41,23.2,2.157943,5.592065
41,23.6,0.900367,5.086908
41,24.0,0.619041,4.233714
41,24.4,0.839359,3.581186
41,24.8,1.243263,3.202309
41,25.2,1.853916,3.250359
41,25.6,2.471545,3.753306
41,26.0,2.818265,4.527736
41,26.4,2.7326,5.268278
41,26.8,2.093091,5.590952
41,27.2,0.8253,5.02203
41,27.6,0.628885,4.18353
41,28.0,0.860084,3.545178
41,28.4,1.27888,3.190612
41,28.8,1.898998,3.271096
41,29.2,2.506069,3.800174
41,29.6,2.827338,4.582801
41,30.0,2.708527,5.308247
41,30.4,2.0246,5.585523
41,30.8,0.761246,4.957197
41,31.2,0.639621,4.134114
41,31.6,0.881659,3.510446
41,32.0,1.315544,3.180971
41,32.4,1.944035,3.293981
41,32.8,2.53922,3.848244
41,33.2,2.834377,4.637627
41,33.6,2.681927,5.346223
41,34.0,1.952372,5.57557
41,34.4,0.708956,4.89319
41,34.8,0.651158,4.085479
41,35.2,0.904114,3.47704
41,35.6,1.353228,3.173427
41,36.0,1.988921,3.318977
41,36.4,2.570936,3.897429
41,36.8,2.839353,4.692107
41,37.2,2.652751,5.382069
41,37.6,1.876329,5.560887
41,38.0,0.66816,4.83049
41,38.4,0.663435,4.037643
41,38.8,0.92748,3.445014
41,39.2,1.391895,3.168017
41,39.6,2.033552,3.346043
41,40.0,2.601156,3.947639
42,0.0,1.837613,5.847515
42,0.4,0.310985,5.144613
42,0.8,0.348957,4.590502
42,1.2,0.4027,4.068902
42,1.6,0.47235,3.588341
42,2.0,0.564231,3.161847
42,2.4,0.686499,2.807323
42,2.8,0.846581,2.547428
42,3.2,1.042362,2.404601
42,3.6,1.248257,2.38748
42,4.0,1.413435,2.474563
42,4.4,1.485518,2.611211
42,4.8,1.441467,2.726297
42,5.2,1.308957,2.762391
42,5.6,1.170536,2.710254
42,6.0,1.11005,2.615633
42,6.4,1.138613,2.535731
42,6.8,1.216299,2.502929
42,7.2,1.298221,2.521407
42,7.6,1.34908,2.573286
42,8.0,1.350648,2.628577
42,8.4,1.308219,2.659275
42,8.8,1.249302,2.653402
42,9.2,1.207981,2.620383
42,9.6,1.202334,2.582158
42,10.0,1.227074,2.558273
42,10.4,1.263858,2.557083
42,10.8,1.293391,2.574857
42,11.2,1.303189,2.599753
42,11.6,1.291659,2.618396
42,12.0,1.267831,2.622545
42,12.4,1.245821,2.612647
42,12.8,1.236455,2.596218
42,13.2,1.241902,2.58256
42,13.6,1.256549,2.577748
42,14.0,1.271614,2.582439
42,14.4,1.279832,2.592646
42,14.8,1.278424,2.602419
42,15.2,1.269713,2.607029
42,15.6,1.259274,2.605108
42,16.0,1.252609,2.598788
42,16.4,1.252314,2.591983
42,16.8,1.257328,2.588106
42,17.2,1.264215,2.588499
42,17.6,1.269299,2.592191
42,18.0,1.270436,2.596789
42,18.4,1.267768,2.599879
42,18.8,1.263279,2.600213
42,19.2,1.259506,2.598124
42,19.6,1.258176,2.595079
42,20.0,1.259492,2.592743
42,20.4,1.262321,2.592126
42,20.8,1.265007,2.593216
42,21.2,1.266269,2.595171
42,21.6,1.265745,2.596879
42,22.0,1.264013,2.597548
42,22.4,1.26214,2.597037
42,22.8,1.26107,2.595811
42,23.2,1.261182,2.594601
42,23.6,1.262204,2.593995
42,24.0,1.263471,2.59418
42,24.4,1.26432,2.594921
42,24.8,1.264411,2.595755
42,25.2,1.263837,2.596258
42,25.6,1.262999,2.596242
42,26.0,1.262356,2.595811
42,26.4,1.262187,2.595249
42,26.8,1.262488,2.594857
42,27.2,1.263027,2.594794
42,27.6,1.263497,2.595032
42,28.0,1.26368,2.5954
42,28.4,1.26354,2.595694
42,28.8,1.263202,2.595784
42,29.2,1.262869,2.595662
42,29.6,1.262702,2.595427
42,30.0,1.262754,2.595215
42,30.4,1.262958,2.595124
42,30.8,1.263188,2.595178
42,31.2,1.263326,2.595324
42,31.6,1.263321,2.595473
42,32.0,1.263202,2.595552
42,32.4,1.263048,2.595536
42,32.8,1.26294,2.595449
42,33.2,1.262923,2.595347
42,33.6,1.262989,2.595282
42,34.0,1.26309,2.59528
42,34.4,1.263171,2.59533
42,34.8,1.263195,2.595398
42,35.2,1.263162,2.595448
42,35.6,1.263097,2.595458
42,36.0,1.263039,2.595431
42,36.4,1.263014,2.595387
42,36.8,1.263029,2.59535
42,37.2,1.263069,2.595337
42,37.6,1.26311,2.595351
42,38.0,1.263132,2.595379
42,38.4,1.263127,2.595405
42,38.8,1.263103,2.595417
42,39.2,1.263075,2.595411
42,39.6,1.263057,2.595394
42,40.0,1.263057,2.595376
43,0.0,4.280039,7.772969
43,0.4,3.225175,8.55393
43,0.8,1.259821,8.228871
43,1.2,0.350222,7.185921
43,1.6,0.403916,6.364864
43,2.0,0.477579,5.586295
43,2.4,0.581526,4.867305
43,2.8,0.736625,4.237136
43,3.2,0.98023,3.746584
43,3.6,1.35898,3.47472
43,4.0,1.863392,3.498004
43,4.4,2.370902,3.81865
43,4.8,2.736315,4.348985
43,5.2,2.877591,4.955193
43,5.6,2.764486,5.48959
43,6.0,2.379184,5.796568
43,6.4,1.684717,5.699511
43,6.8,0.852316,5.09347
43,7.2,0.717424,4.415956
43,7.6,0.90365,3.878254
43,8.0,1.233171,3.53303
43,8.4,1.704858,3.463086
43,8.8,2.225541,3.698844
43,9.2,2.643676,4.176622
43,9.6,2.85634,4.772463
43,10.0,2.821547,5.341674
43,10.4,2.521698,5.732188
43,10.8,1.92686,5.775942
43,11.2,1.062568,5.307511
43,11.6,0.700737,4.601311
43,12.0,0.834431,4.020273
43,12.4,1.120557,3.609714
43,12.8,1.554512,3.451664
43,13.2,2.076348,3.599978
43,13.6,2.538576,4.017563
43,14.0,2.818203,4.593126
43,14.4,2.858429,5.185553
43,14.8,2.638593,5.644991
43,15.2,2.135463,5.809967
43,15.6,1.321493,5.499329
43,16.0,0.719415,4.798275
43,16.4,0.776734,4.1765
43,16.8,1.021276,3.708218
43,17.2,1.412616,3.467313
43,17.6,1.921885,3.524875
43,18.0,2.417378,3.872419
43,18.4,2.759283,4.41546
43,18.8,2.872937,5.018219
43,19.2,2.731225,5.532762
43,19.6,2.315372,5.802518
43,20.0,1.588041,5.649027
43,20.4,0.801911,5.007441
43,20.8,0.731994,4.345467
43,21.2,0.934909,3.826391
43,21.6,1.281848,3.50941
43,22.0,1.766214,3.475485
43,22.4,2.282369,3.744448
43,22.8,2.680291,4.243027
43,23.2,2.865291,4.843295
43,23.6,2.800314,5.399506
43,24.0,2.468056,5.758539
43,24.4,1.835761,5.749361
43,24.8,0.972243,5.223368
43,25.2,0.704668,4.526106
43,25.6,0.860742,3.961901
43,26.0,1.163872,3.576464
43,26.4,1.613608,3.45301
43,26.8,2.136638,3.636697
43,27.2,2.582465,4.07949
43,27.6,2.83588,4.664589
43,28.0,2.846383,5.249288
43,28.4,2.594931,5.682921
43,28.8,2.055815,5.801595
43,29.2,1.215095,5.42704
43,29.6,0.706114,4.71827
43,30.0,0.798305,4.112598
43,30.4,1.05928,3.666452
43,30.8,1.467992,3.457844
43,31.2,1.98386,3.551832
43,31.6,2.46751,3.928416
43,32.0,2.785237,4.485881
43,32.4,2.869825,5.086063
43,32.8,2.697146,5.580263
43,33.2,2.246983,5.810148
43,33.6,1.483053,5.595114
43,34.0,0.759328,4.922669
43,34.4,0.748099,4.276651
43,34.8,0.967844,3.777064
43,35.2,1.332525,3.489534
43,35.6,1.828154,3.492002
43,36.0,2.337674,3.793214
43,36.4,2.714125,4.31092
43,36.8,2.870973,4.91371
43,37.2,2.77555,5.454898
43,37.6,2.410343,5.780134
43,38.0,1.740066,5.715303
43,38.4,0.89361,5.137368
43,38.8,0.712964,4.452714
43,39.2,0.888895,3.905932
43,39.6,1.209321,3.546855
43,40.0,1.673827,3.458701
44,0.0,2.192556,8.176707
44,0.4,0.281047,7.284936
44,0.8,0.312763,6.590162
44,1.2,0.354172,5.917726
44,1.6,0.407208,5.273484
44,2.0,0.477216,4.666377
44,2.4,0.573069,4.109975
44,2.8,0.709917,3.625752
44,3.2,0.912553,3.248274
44,3.6,1.210935,3.028848
44,4.0,1.604007,3.021262
44,4.4,2.010713,3.237914
44,4.8,2.30386,3.619764
44,5.2,2.385381,4.052211
44,5.6,2.199765,4.390859
44,6.0,1.710377,4.472052
44,6.4,1.011415,4.164983
44,6.8,0.76292,3.688457
44,7.2,0.898272,3.300116
44,7.6,1.168914,3.058067
44,8.0,1.543349,3.017559
44,8.4,1.948928,3.199989
44,8.8,2.261271,3.557785
44,9.2,2.376438,3.98437
44,9.6,2.234185,4.340462
44,10.0,1.796507,4.466959
44,10.4,1.111078,4.218663
44,10.8,0.770031,3.746347
44,11.2,0.874097,3.343796
44,11.6,1.128251,3.07999
44,12.0,1.490875,3.011012
44,12.4,1.898378,3.165403
44,12.8,2.229154,3.504957
44,13.2,2.373861,3.929319
44,13.6,2.267479,4.302534
44,14.0,1.870159,4.467937
44,14.4,1.200381,4.270952
44,14.8,0.778666,3.80527
44,15.2,0.850708,3.388753
44,15.6,1.089262,3.104093
44,16.0,1.439857,3.007507
44,16.4,1.847718,3.13386
44,16.8,2.195257,3.454222
44,17.2,2.36823,3.874723
44,17.6,2.296485,4.262782
44,18.0,1.938229,4.464074
44,18.4,1.291855,4.318422
44,18.8,0.795151,3.86549
44,19.2,0.829456,3.435744
44,19.6,1.052124,3.131187
44,20.0,1.389941,3.007663
44,20.4,1.796171,3.105562
44,20.8,2.158571,3.40523
44,21.2,2.358678,3.819745
44,21.6,2.32086,4.220159
44,22.0,2.001153,4.454547
44,22.4,1.384435,4.359922
44,22.8,0.821656,3.926799
44,23.2,0.81071,3.484745
44,23.6,1.016885,3.161245
44,24.0,1.341264,3.011518
44,24.4,1.743919,3.080655
44,24.8,2.119176,3.358174
44,25.2,2.345207,3.764576
44,25.6,2.340631,4.174863
44,26.0,2.058959,4.439584
44,26.4,1.476195,4.39487
44,26.8,0.859641,3.988805
44,27.2,0.79481,3.535661
44,27.6,0.983564,3.194147
44,28.0,1.293988,3.019031
44,28.4,1.691238,3.059252
44,28.8,2.077276,3.313282
44,29.2,2.32792,3.709501
44,29.6,2.355867,4.127216
44,30.0,2.111679,4.419529
44,30.4,1.565594,4.422977
44,30.8,0.909931,4.050892
44,31.2,0.782217,3.588399
44,31.6,0.952181,3.229768
44,32.0,1.248249,3.030135
44,32.4,1.638411,3.041446
44,32.8,2.033099,3.270778
44,33.2,2.30694,3.654808
44,33.6,2.366645,4.077545
44,34.0,2.159364,4.394743
44,34.4,1.651535,4.444167
44,34.8,0.972411,4.112179
44,35.2,0.773565,3.642871
44,35.6,0.922759,3.267979
44,36.0,1.204161,3.044751
44,36.4,1.585713,3.027307
44,36.8,1.986889,3.230872
44,37.2,2.282401,3.600782
44,37.6,2.373045,4.026174
44,38.0,2.202078,4.365587
44,38.4,1.733289,4.458521
44,38.8,1.045865,4.171557
44,39.2,0.769702,3.698992
44,39.6,0.895339,3.308654
44,40.0,1.161811,3.062783
45,0.0,3.15467,9.001833
45,0.4,1.471872,8.515439
45,0.8,0.427152,6.902413
45,1.2,0.549444,5.664961
45,1.6,0.770974,4.609356
45,2.0,1.189608,3.895757
45,2.4,1.879824,3.760298
45,2.8,2.636298,4.267142
45,3.2,3.162399,5.206133
45,3.6,3.326116,6.264617
45,4.0,3.098386,7.119032
45,4.4,2.451103,7.429241
45,4.8,1.288759,6.772387
45,5.2,0.62853,5.453968
45,5.6,0.83684,4.442366
45,6.0,1.303597,3.822369
45,6.4,2.029503,3.814166
45,6.8,2.759239,4.423764
45,7.2,3.221005,5.408628
45,7.6,3.311017,6.451335
45,8.0,3.007409,7.228149
45,8.4,2.27165,7.389425
45,8.8,1.039577,6.514182
45,9.2,0.64601,5.236796
45,9.6,0.905113,4.285362
45,10.0,1.4274,3.768389
45,10.4,2.180522,3.888883
45,10.8,2.874301,4.593916
45,11.2,3.268382,5.615057
45,11.6,3.283494,6.631779
45,12.0,2.901723,7.319079
45,12.4,2.0704,7.313749
45,12.8,0.832746,6.240946
45,13.2,0.676987,5.029795
45,13.6,0.982972,4.144161
45,14.0,1.56101,3.739056
45,14.4,2.328965,3.985917
45,14.8,2.977739,4.775906
45,15.2,3.301559,5.821344
45,15.6,3.241354,6.800126
45,16.0,2.779768,7.38478
45,16.4,1.847042,7.194706
45,16.8,0.701626,5.975601
45,17.2,0.717938,4.83303
45,17.6,1.071299,4.020777
45,18.0,1.702699,3.735054
45,18.4,2.472416,4.103617
45,18.8,3.068647,4.967441
45,19.2,3.32036,6.025149
45,19.6,3.184449,6.953957
45,20.0,2.640747,7.42221
45,20.4,1.602268,7.029097
45,20.8,0.641604,5.727991
45,21.2,0.767366,4.647242
45,21.6,1.170721,3.917197
45,22.0,1.850205,3.756446
45,22.4,2.608781,4.240074
45,22.8,3.146373,5.166202
45,23.2,3.324702,6.224165
45,23.6,3.112599,7.090855
45,24.0,2.483642,7.428144
45,24.4,1.342113,6.816679
45,24.8,0.628328,5.496304
45,25.2,0.825085,4.473651
45,25.6,1.281484,3.8353
45,26.0,2.000938,3.802763
45,26.4,2.736287,4.393222
45,26.8,3.210446,5.369864
45,27.2,3.314529,6.416094
45,27.6,3.025532,7.208329
45,28.0,2.307194,7.399071
45,28.4,1.085035,6.5647
45,28.8,0.641576,5.276929
45,29.2,0.891553,4.313798
45,29.6,1.403285,3.776711
45,30.0,2.152188,3.87306
45,30.4,2.853478,4.560887
45,30.8,3.260531,5.576103
45,31.2,3.28979,6.59863
45,31.6,2.922856,7.303782
45,32.0,2.109986,7.331199
45,32.4,0.866419,6.292405
45,32.8,0.670311,5.068021
45,33.2,0.967528,4.16946
45,33.6,1.535161,3.742657
45,34.0,2.301313,3.966003
45,34.4,2.959188,4.740821
45,34.8,3.296404,5.782602
45,35.2,3.250417,6.769449
45,35.6,2.804021,7.374471
45,36.0,1.890821,7.220618
45,36.4,0.720289,6.024303
45,36.8,0.709554,4.86929
45,37.2,1.053826,4.042567
45,37.6,1.675487,3.733861
45,38.0,2.445874,4.079949
45,38.4,3.052511,4.930735
45,38.8,3.317922,5.98705
45,39.2,3.196305,6.926198
45,39.6,2.668285,7.417465
45,40.0,1.649858,7.063935
46,0.0,1.965292,6.229501
46,0.4,1.27446,5.631064
46,0.8,0.977649,4.728152
46,1.2,1.497493,4.151402
46,1.6,2.71036,4.391621
46,2.0,4.039571,5.610682
46,2.4,4.8494,7.457318
46,2.8,4.930286,9.416118
46,3.2,4.142842,10.892609
46,3.6,1.456047,10.762334
46,4.0,0.303669,9.173449
46,4.4,0.363855,7.869004
46,4.8,0.453529,6.624713
46,5.2,0.602347,5.478618
46,5.6,0.898636,4.522593
46,6.0,1.624441,4.024266
46,6.4,2.986624,4.457544
46,6.8,4.300002,5.869379
46,7.2,5.005087,7.835627
46,7.6,4.946334,9.816905
46,8.0,3.959494,11.184387
46,8.4,0.555848,10.525969
46,8.8,0.306027,9.111779
46,9.2,0.367233,7.809614
46,9.6,0.458788,6.568827
46,10.0,0.611716,5.428846
46,10.4,0.919472,4.485984
46,10.8,1.675737,4.020614
46,11.2,3.055434,4.503809
46,11.6,4.348346,5.952515
46,12.0,5.019897,7.931762
46,12.4,4.92342,9.899749
46,12.8,3.881832,11.218404
46,13.2,0.410088,10.427709
46,13.6,0.308422,9.050196
46,14.0,0.370675,7.750352
46,14.4,0.46417,6.51315
46,14.8,0.621385,5.379471
46,15.2,0.941231,4.450335
46,15.6,1.728691,4.019143
46,16.0,3.123946,4.55224
46,16.4,4.395277,6.036812
46,16.8,5.033048,8.027886
46,17.2,4.898574,9.981263
46,17.6,3.800206,11.248685
46,18.0,0.33348,10.345581
46,18.4,0.310854,8.988703
46,18.8,0.374181,7.691222
46,19.2,0.469682,6.457688
46,19.6,0.631368,5.330508
46,20.0,0.963962,4.415691
46,20.4,1.783264,4.019895
46,20.8,3.192071,4.602799
46,21.2,4.440774,6.122213
46,21.6,5.044535,8.123938
46,22.0,4.871766,10.061372
46,22.4,3.714347,11.275017
46,22.8,0.298005,10.27341
46,23.2,0.313324,8.927303
46,23.6,0.377754,7.632229
46,24.0,0.475326,6.402448
46,24.4,0.641681,5.281972
46,24.8,0.987716,4.3821
46,25.2,1.839406,4.022908
46,25.6,3.259724,4.655448
46,26.0,4.484813,6.208665
46,26.4,5.054349,8.219861
46,26.8,4.842967,10.14
46,27.2,3.623939,11.297164
46,27.6,0.282937,10.206266
46,28.0,0.315833,8.865994
46,28.4,0.381395,7.573372
46,28.8,0.481109,6.347434
46,29.2,0.652341,5.233877
46,29.6,1.012547,4.349612
46,30.0,1.897058,4.028216
46,30.4,3.326827,4.710149
46,30.8,4.527379,6.296118
46,31.2,5.062485,8.315603
46,31.6,4.81214,10.217076
46,32.0,3.528619,11.314872
46,32.4,0.277263,10.14148
46,32.8,0.318383,8.80478
46,33.2,0.385107,7.514657
46,33.6,0.487035,6.292653
46,34.0,0.663365,5.186243
46,34.4,1.038509,4.31828
46,34.8,1.956151,4.035848
46,35.2,3.393304,4.766859
46,35.6,4.568451,6.384513
46,36.0,5.068936,8.4111
46,36.4,4.779251,10.292517
46,36.8,3.427967,11.327849
46,37.2,0.275801,10.077787
46,37.6,0.320973,8.743663
46,38.0,0.388891,7.456086
46,38.4,0.49311,6.238111
46,38.8,0.674772,5.139084
46,39.2,1.06566,4.288155
46,39.6,2.016611,4.045827
46,40.0,3.459083,4.825538
47,0.0,2.389957,4.42998
47,0.4,1.619081,4.559474
47,0.8,0.792391,4.023589
47,1.2,0.671226,3.421636
47,1.6,0.82292,2.972173
47,2.0,1.054697,2.701531
47,2.4,1.321989,2.634421
47,2.8,1.558345,2.746259
47,3.2,1.697528,2.960539
47,3.6,1.7079,3.17748
47,4.0,1.601066,3.307814
47,4.4,1.431213,3.304493
47,4.8,1.284996,3.187872
47,5.2,1.231786,3.0334
47,5.6,1.273895,2.916225
47,6.0,1.368665,2.87494
47,6.4,1.467028,2.909749
47,6.8,1.530887,2.992333
47,7.2,1.541506,3.080937
47,7.6,1.502585,3.137529
47,8.0,1.437406,3.142623
47,8.4,1.378657,3.102329
47,8.8,1.351763,3.042416
47,9.2,1.362401,2.992364
47,9.6,1.398215,2.971168
47,10.0,1.439299,2.981996
47,10.4,1.46797,3.014475
47,10.8,1.474759,3.051308
47,11.2,1.460495,3.076255
47,11.6,1.434606,3.08068
47,12.0,1.410156,3.066201
47,12.4,1.397507,3.042389
47,12.8,1.399946,3.021095
47,13.2,1.413572,3.010833
47,13.6,1.43055,3.013861
47,14.0,1.443196,3.0265
47,14.4,1.447024,3.041741
47,14.8,1.441963,3.0527
47,15.2,1.431675,3.055476
47,15.6,1.421444,3.050324
47,16.0,1.415631,3.040846
47,16.4,1.415918,3.031843
47,16.8,1.421068,3.027032
47,17.2,1.428018,3.02768
47,17.6,1.433522,3.032532
47,18.0,1.435527,3.038794
47,18.4,1.433809,3.043571
47,18.8,1.429746,3.045105
47,19.2,1.425475,3.043321
47,19.6,1.422845,3.039566
47,20.0,1.422679,3.035783
47,20.4,1.424602,3.033577
47,20.8,1.427425,3.033594
47,21.2,1.429795,3.03543
47,21.6,1.430795,3.037985
47,22.0,1.430247,3.04005
47,22.4,1.428656,3.040841
47,22.8,1.426882,3.040249
47,23.2,1.425707,3.038771
47,23.6,1.425523,3.037192
47,24.0,1.42623,3.036196
47,24.4,1.427368,3.036101
47,24.8,1.42838,3.036784
47,25.2,1.428862,3.037819
47,25.6,1.428704,3.038705
47,26.0,1.428087,3.039095
47,26.4,1.427354,3.038911
47,26.8,1.426835,3.038335
47,27.2,1.426712,3.037679
47,27.6,1.426966,3.037236
47,28.0,1.427422,3.037155
47,28.4,1.427851,3.037404
47,28.8,1.428077,3.037821
47,29.2,1.428041,3.038198
47,29.6,1.427804,3.038383
47,30.0,1.427503,3.038333
47,30.4,1.427276,3.038111
47,30.8,1.427207,3.03784
47,31.2,1.427295,3.037645
47,31.6,1.427476,3.037594
47,32.0,1.427657,3.037684
47,32.4,1.427761,3.03785
47,32.8,1.427758,3.038009
47,33.2,1.427668,3.038096
47,33.6,1.427545,3.038086
47,34.0,1.427447,3.038
47,34.4,1.427411,3.03789
47,34.8,1.427441,3.037805
47,35.2,1.427512,3.037777
47,35.6,1.427587,3.037808
47,36.0,1.427634,3.037874
47,36.4,1.427638,3.037941
47,36.8,1.427604,3.03798
47,37.2,1.427555,3.03798
47,37.6,1.427513,3.037948
47,38.0,1.427495,3.037903
47,38.4,1.427504,3.037867
47,38.8,1.427532,3.037852
47,39.2,1.427563,3.037863
47,39.6,1.427584,3.037888
47,40.0,1.427588,3.037916
48,0.0,3.465724,7.61785
48,0.4,2.137724,7.82807
48,0.8,0.410374,6.77634
48,1.2,0.434136,5.878495
48,1.6,0.53112,5.054542
48,2.0,0.677134,4.32452
48,2.4,0.909503,3.743961
48,2.8,1.278917,3.40272
48,3.2,1.782229,3.392677
48,3.6,2.28986,3.718325
48,4.0,2.642115,4.272397
48,4.4,2.750196,4.891015
48,4.8,2.583347,5.39462
48,5.2,2.126532,5.596488
48,5.6,1.381832,5.307539
48,6.0,0.796139,4.597702
48,6.4,0.843214,3.954475
48,6.8,1.131404,3.514923
48,7.2,1.580461,3.370988
48,7.6,2.097953,3.569781
48,8.0,2.519276,4.04475
48,8.4,2.725597,4.649743
48,8.8,2.668241,5.210925
48,9.2,2.330209,5.546796
48,9.6,1.697932,5.467387
48,10.0,0.946992,4.874179
48,10.4,0.789708,4.17588
48,10.8,1.004965,3.651419
48,11.2,1.39721,3.386614
48,11.6,1.90619,3.458348
48,12.0,2.38104,3.843422
48,12.4,2.676382,4.418462
48,12.8,2.720584,5.016135
48,13.2,2.489642,5.457494
48,13.6,1.968688,5.555859
48,14.0,1.197567,5.141591
48,14.4,0.777729,4.420104
48,14.8,0.90207,3.822419
48,15.2,1.232026,3.448978
48,15.6,1.710624,3.391089
48,16.0,2.218356,3.669354
48,16.4,2.592991,4.191661
48,16.8,2.735376,4.801417
48,17.2,2.608806,5.322382
48,17.6,2.198198,5.571373
48,18.0,1.498025,5.35984
48,18.4,0.841818,4.685829
48,18.8,0.824894,4.024055
48,19.2,1.088809,3.555993
48,19.6,1.519695,3.371885
48,20.0,2.03642,3.529922
48,20.4,2.476707,3.977297
48,20.8,2.712583,4.574527
48,21.2,2.688515,5.149676
48,21.6,2.385797,5.522247
48,22.0,1.789861,5.503273
48,22.4,1.018827,4.962916
48,22.8,0.780324,4.252022
48,23.2,0.969305,3.702892
48,23.6,1.341879,3.401681
48,24.0,1.843282,3.431702
48,24.4,2.331132,3.784103
48,24.8,2.653207,4.344626
48,25.2,2.729408,4.948836
48,25.6,2.532295,5.418582
48,26.0,2.047123,5.568391
48,26.4,1.292306,5.2189
48,26.8,0.787997,4.503425
48,27.2,0.874273,3.884182
48,27.6,1.183432,3.478745
48,28.0,1.648253,3.379573
48,28.4,2.161567,3.620376
48,28.8,2.559022,4.120913
48,29.2,2.732102,4.729308
48,29.6,2.638717,5.270458
48,30.0,2.2631,5.562132
48,30.4,1.594706,5.41465
48,30.8,0.885613,4.774783
48,31.2,0.806405,4.094696
48,31.6,1.04774,3.599163
48,32.0,1.460701,3.376157
48,32.4,1.975074,3.493552
48,32.8,2.432849,3.912421
48,33.2,2.697403,4.500448
48,33.6,2.705877,5.087675
48,34.0,2.43736,5.494356
48,34.4,1.876944,5.532544
48,34.8,1.099226,5.049691
48,35.2,0.775612,4.330445
48,35.6,0.936007,3.757728
48,36.0,1.288571,3.421468
48,36.4,1.780281,3.409726
48,36.8,2.278893,3.727835
48,37.2,2.626592,4.271539
48,37.6,2.73441,4.879798
48,38.0,2.570861,5.375302
48,38.4,2.12119,5.573713
48,38.8,1.389583,5.289818
48,39.2,0.807495,4.58889
48,39.6,0.849213,3.948943
48,40.0,1.137206,3.512989
49,0.0,3.00816,6.443588
49,0.4,2.768842,6.92971
49,0.8,2.13039,6.964651
49,1.2,1.009619,6.188067
49,1.6,0.690999,5.09504
49,2.0,0.976183,4.271697
49,2.4,1.571936,3.869192
49,2.8,2.45477,4.111502
49,3.2,3.270001,4.957665
49,3.6,3.735837,6.142859
49,4.0,3.759081,7.343556
49,4.4,3.297092,8.214816
49,4.8,2.17335,8.301208
49,5.2,0.470565,7.03485
49,5.6,0.527838,5.889164
49,6.0,0.714789,4.887728
49,6.4,1.071866,4.134008
49,6.8,1.748771,3.85845
49,7.2,2.654289,4.24895
49,7.6,3.410378,5.198039
49,8.0,3.783724,6.417523
49,8.4,3.705019,7.57932
49,8.8,3.123155,8.32774
49,9.2,1.777706,8.142638
49,9.6,0.448943,6.773826
49,10.0,0.559418,5.66094
49,10.4,0.772115,4.699348
49,10.8,1.18616,4.025166
49,11.2,1.935538,3.885011
49,11.6,2.840522,4.413824
49,12.0,3.526451,5.447584
49,12.4,3.805984,6.682771
49,12.8,3.62589,7.787887
49,13.2,2.918042,8.392056
49,13.6,1.313775,7.887847
49,14.0,0.461368,6.524969
49,14.4,0.594955,5.439276
49,14.8,0.838331,4.52362
49,15.2,1.317348,3.941213
49,15.6,2.130289,3.943671
49,16.0,3.015696,4.602304
49,16.4,3.623382,5.70643
49,16.8,3.807168,6.942132
49,17.2,3.523287,7.974036
49,17.6,2.675816,8.40877
49,18.0,0.833298,7.553175
49,18.4,0.482933,6.282159
49,18.8,0.63512,5.22507
49,19.2,0.915146,4.362655
49,19.6,1.465833,3.884923
49,20.0,2.328495,4.033657
49,20.4,3.177164,4.811527
49,20.8,3.700494,5.971351
49,21.2,3.787009,7.192269
49,21.6,3.395916,8.133616
49,22.0,2.388668,8.368808
49,22.4,0.537579,7.223983
49,22.8,0.508737,6.044533
49,23.2,0.680783,5.019408
49,23.6,1.004455,4.218902
49,24.0,1.630766,3.858579
49,24.4,2.525617,4.153492
49,24.8,3.32285,5.038478
49,25.2,3.757307,6.239109
49,25.6,3.745169,7.429778
49,26.0,3.241899,8.26203
49,26.4,2.045135,8.260313
49,26.8,0.455177,6.94532
49,27.2,0.537962,5.812357
49,27.6,0.733018,4.823602
49,28.0,1.108179,4.095119
49,28.4,1.809916,3.863728
49,28.8,2.717449,4.301152
49,29.2,3.45117,5.280044
49,29.6,3.793477,6.506449
49,30.0,3.681173,7.651139
49,30.4,3.058499,8.354012
49,30.8,1.630948,8.068383
49,31.2,0.451341,6.689979
49,31.6,0.570803,5.586233
49,32.0,0.793134,4.639229
49,32.4,1.227998,3.994253
49,32.8,1.99983,3.901032
49,33.2,2.900325,4.474206
49,33.6,3.560949,5.533048
49,34.0,3.808734,6.7701
49,34.4,3.59433,7.852667
49,34.8,2.841694,8.403323
49,35.2,1.147729,7.782407
49,35.6,0.467942,6.443391
49,36.0,0.607799,5.366948
49,36.4,0.862684,4.468174
49,36.8,1.364967,3.919237
49,37.2,2.196246,3.970265
49,37.6,3.071192,4.669933
49,38.0,3.651334,5.79428
49,38.4,3.80283,7.026758
49,38.8,3.483633,8.030435
49,39.2,2.585511,8.402259
49,39.6,0.704777,7.437764
49,40.0,0.491146,6.202319
50,0.0,1.31392,6.022042
50,0.4,0.401869,5.293164
50,0.8,0.455425,4.712561
50,1.2,0.536994,4.176613
50,1.6,0.648363,3.699627
50,2.0,0.804249,3.30516
50,2.4,1.022551,3.026592
50,2.8,1.309752,2.901755
50,3.2,1.632824,2.951779
50,3.6,1.91618,3.156212
50,4.0,2.081931,3.451042
50,4.4,2.081872,3.746142
50,4.8,1.899671,3.94313
50,5.2,1.554468,3.953152
50,5.6,1.163488,3.74556
50,6.0,0.977294,3.43028
50,6.4,1.041636,3.15568
50,6.8,1.243074,2.993226
50,7.2,1.511579,2.976889
50,7.6,1.778507,3.106038
50,8.0,1.969015,3.339202
50,8.4,2.027201,3.604311
50,8.8,1.926971,3.815525
50,9.2,1.673757,3.889811
50,9.6,1.331771,3.776328
50,10.0,1.078139,3.51863
50,10.4,1.051292,3.247194
50,10.8,1.193673,3.056875
50,11.2,1.4263,2.99389
50,11.6,1.683264,3.070986
50,12.0,1.892361,3.262259
50,12.4,1.992246,3.508191
50,12.8,1.948171,3.730614
50,13.2,1.755105,3.848768
50,13.6,1.451474,3.801298
50,14.0,1.165706,3.593653
50,14.4,1.065005,3.328869
50,14.8,1.153677,3.115787
50,15.2,1.354282,3.013369
50,15.6,1.60098,3.045522
50,16.0,1.824253,3.199572
50,16.4,1.958796,3.427178
50,16.8,1.961837,3.656821
50,17.2,1.819154,3.809513
50,17.6,1.552221,3.817188
50,18.0,1.25312,3.659028
50,18.4,1.088874,3.407337
50,18.8,1.122928,3.176465
50,19.2,1.290644,3.039096
50,19.6,1.524365,3.02942
50,20.0,1.757139,3.146795
50,20.4,1.921243,3.353852
50,20.8,1.966553,3.585903
50,21.2,1.870231,3.766124
50,21.6,1.641011,3.822156
50,22.0,1.34304,3.714335
50,22.4,1.12621,3.483828
50,22.8,1.102835,3.241013
50,23.2,1.234532,3.072645
50,23.6,1.4515,3.023187
50,24.0,1.68869,3.10317
50,24.4,1.877535,3.286327
50,24.8,1.961471,3.515488
50,25.2,1.909347,3.71677
50,25.6,1.719423,3.815359
50,26.0,1.434333,3.758132
50,26.4,1.17827,3.557328
50,26.8,1.095351,3.309703
50,27.2,1.186479,3.114535
50,27.6,1.382385,3.027309
50,28.0,1.618614,3.069027
50,28.4,1.827147,3.224641
50,28.8,1.946213,3.445394
50,29.2,1.936626,3.661335
50,29.6,1.787384,3.796719
50,30.0,1.524464,3.789039
50,30.4,1.24426,3.625673
50,30.8,1.102537,3.381748
50,31.2,1.147659,3.164623
50,31.6,1.317827,3.042036
50,32.0,1.5476,3.044991
50,32.4,1.770408,3.169599
50,32.8,1.92081,3.376428
50,33.2,1.95201,3.60059
50,33.6,1.844362,3.766766
50,34.0,1.610639,3.806169
50,34.4,1.321513,3.686211
50,34.8,1.126109,3.455579
50,35.2,1.119632,3.222282
50,35.6,1.258996,3.067321
50,36.0,1.476844,3.031657
50,36.4,1.708197,3.12228
50,36.8,1.885649,3.309873
50,37.2,1.95551,3.535816
50,37.6,1.889792,3.726507
50,38.0,1.690348,3.809267
50,38.4,1.406091,3.736357
50,38.8,1.166828,3.528956
50,39.2,1.104238,3.286475
50,39.6,1.207247,3.102814
50,40.0,1.407793,3.02944
51,0.0,2.463626,5.267178
51,0.4,2.085572,5.497849
51,0.8,1.466391,5.131786
51,1.2,1.035515,4.318311
51,1.6,1.171164,3.652629
51,2.0,1.641097,3.453291
51,2.4,2.187129,3.785928
51,2.8,2.550971,4.468137
51,3.2,2.595039,5.187936
51,3.6,2.285767,5.610201
51,4.0,1.654836,5.429801
51,4.4,1.027864,4.614396
51,4.8,1.025385,3.798392
51,5.2,1.444623,3.409483
51,5.6,2.025453,3.585635
51,6.0,2.490523,4.211462
51,6.4,2.653115,4.988633
51,6.8,2.453811,5.571594
51,7.2,1.898072,5.624898
51,7.6,1.157015,4.951257
51,8.0,0.937384,4.034834
51,8.4,1.260108,3.4664
51,8.8,1.825485,3.448191
51,9.2,2.366688,3.955521
51,9.6,2.648075,4.729897
51,10.0,2.57384,5.428313
51,10.4,2.131255,5.703753
51,10.8,1.391501,5.268135
51,11.2,0.918627,4.328948
51,11.6,1.105447,3.604689
51,12.0,1.615363,3.382511
51,12.4,2.20071,3.729381
51,12.8,2.591376,4.451238
51,13.2,2.64509,5.219196
51,13.6,2.328129,5.682089
51,14.0,1.665643,5.513256
51,14.4,0.991528,4.660613
51,14.8,0.989497,3.809441
51,15.2,1.413635,3.391708
51,15.6,2.006734,3.550026
51,16.0,2.489955,4.175726
51,16.4,2.669108,4.968544
51,16.8,2.481578,5.578104
51,17.2,1.930006,5.662091
51,17.6,1.170099,5.002962
51,18.0,0.92154,4.068873
51,18.4,1.233769,3.475111
51,18.8,1.797428,3.429772
51,19.2,2.349279,3.920431
51,19.6,2.647215,4.6943
51,20.0,2.589814,5.408146
51,20.4,2.161891,5.712773
51,20.8,1.425569,5.310899
51,21.2,0.919178,4.372887
51,21.6,1.08543,3.627975
51,22.0,1.586222,3.377615
51,22.4,2.175803,3.700343
51,22.8,2.580952,4.412435
51,23.2,2.652335,5.187567
51,23.6,2.352814,5.674007
51,24.0,1.703494,5.541567
51,24.4,1.009028,4.708892
51,24.8,0.976246,3.84234
51,25.2,1.386711,3.39848
51,25.6,1.978186,3.529022
51,26.0,2.472801,4.138344
51,26.4,2.669116,4.931455
51,26.8,2.499719,5.558422
51,27.2,1.964742,5.675494
51,27.6,1.202141,5.049536
51,28.0,0.916474,4.10896
51,28.4,1.210804,3.492371
51,28.8,1.767622,3.418065
51,29.2,2.326837,3.887071
51,29.6,2.640654,4.654926
51,30.0,2.601426,5.380048
51,30.4,2.191269,5.712624
51,30.8,1.464292,5.348727
51,31.2,0.92552,4.41848
51,31.6,1.06754,3.654507
51,32.0,1.557225,3.376043
51,32.4,2.149325,3.673055
51,32.8,2.568261,4.373172
51,33.2,2.65747,5.153467
51,33.6,2.376131,5.662158
51,34.0,1.741734,5.566382
51,34.4,1.030133,4.757321
51,34.8,0.964546,3.876797
51,35.2,1.360366,3.407299
51,35.6,1.949143,3.509572
51,36.0,2.454493,4.101375
51,36.4,2.66784,4.893549
51,36.8,2.516735,5.536866
51,37.2,1.998853,5.686405
51,37.6,1.236019,5.095149
51,38.0,0.912994,4.150021
51,38.4,1.188558,3.51116
51,38.8,1.73778,3.407859
51,39.2,2.303663,3.854477
51,39.6,2.633106,4.615363
51,40.0,2.61205,5.350831
52,0.0,2.743737,7.941474
52,0.4,0.981482,7.351548
52,0.8,0.458625,6.231856
52,1.2,0.576189,5.30415
52,1.6,0.773093,4.499002
52,2.0,1.135822,3.918125
52,2.4,1.783794,3.745552
52,2.8,2.619511,4.119855
52,3.2,3.31818,4.955861
52,3.6,3.669646,6.022967
52,4.0,3.601431,7.049706
52,4.4,3.056271,7.735099
52,4.8,1.780242,7.635868
52,5.2,0.449098,6.491376
52,5.6,0.539713,5.537872
52,6.0,0.710276,4.693795
52,6.4,1.017194,4.039505
52,6.8,1.585108,3.740084
52,7.2,2.400786,3.969871
52,7.6,3.1635,4.703951
52,8.0,3.616477,5.735967
52,8.4,3.662076,6.80057
52,8.8,3.25206,7.608296
52,9.2,2.223012,7.778779
52,9.6,0.497042,6.767527
52,10.0,0.507583,5.778691
52,10.4,0.65639,4.90113
52,10.8,0.917012,4.184947
52,11.2,1.405733,3.772332
52,11.6,2.177749,3.855484
52,12.0,2.986606,4.472723
52,12.4,3.535096,5.45128
52,12.8,3.691882,6.53414
52,13.2,3.40807,7.43961
52,13.6,2.576599,7.827348
52,14.0,0.781699,7.094188
52,14.4,0.479512,6.02582
52,14.8,0.609792,5.119136
52,15.2,0.832469,4.350715
52,15.6,1.248173,3.839622
52,16.0,1.957252,3.779017
52,16.4,2.790739,4.266654
52,16.8,3.426406,5.173831
52,17.2,3.691667,6.25575
52,17.6,3.528169,7.23656
52,18.0,2.862611,7.8014
52,18.4,1.339318,7.433401
52,18.8,0.456918,6.278958
52,19.2,0.569177,5.346298
52,19.6,0.760858,4.533573
52,20.0,1.112642,3.938333
52,20.4,1.746223,3.741655
52,20.8,2.580144,4.089916
52,21.2,3.291683,4.90848
52,21.6,3.662067,5.970559
52,22.0,3.614866,7.005708
52,22.4,3.095266,7.715432
52,22.8,1.868974,7.670109
52,23.2,0.450589,6.539971
52,23.6,0.533532,5.581387
52,24.0,0.699813,4.730817
52,24.4,0.997586,4.064409
52,24.8,1.550773,3.743224
52,25.2,2.360145,3.946222
52,25.6,3.132742,4.660005
52,26.0,3.603686,5.683612
52,26.4,3.669799,6.753002
52,26.8,3.28341,7.580353
52,27.2,2.293569,7.794038
52,27.6,0.523758,6.822273
52,28.0,0.502144,5.823409
52,28.4,0.647371,4.94023
52,28.8,0.900473,4.213831
52,29.2,1.375269,3.782111
52,29.6,2.137048,3.838623
52,30.0,2.952111,4.43305
52,30.4,3.517237,5.399882
52,30.8,3.694064,6.483994
52,31.2,3.432615,7.404859
52,31.6,2.633414,7.827682
52,32.0,0.872332,7.159503
52,32.4,0.474869,6.071635
52,32.8,0.601955,5.160013
52,33.2,0.818488,4.382949
52,33.6,1.221781,3.855435
52,34.0,1.917775,3.769253
52,34.4,2.753203,4.232042
52,34.8,3.403679,5.124283
52,35.2,3.688434,6.20398
52,35.6,3.546454,7.196259
52,36.0,2.908805,7.78981
52,36.4,1.443652,7.485798
52,36.8,0.453865,6.325943
52,37.2,0.562315,5.38871
52,37.6,0.748974,4.568624
52,38.0,1.090148,3.959456
52,38.4,1.709177,3.739063
52,38.8,2.54046,4.061083
52,39.2,3.264376,4.861663
52,39.6,3.653527,5.918093
52,40.0,3.627241,6.960981
53,0.0,4.88146,7.415766
53,0.4,3.769809,8.689173
53,0.8,1.917776,8.783126
53,1.2,0.311286,7.588481
53,1.6,0.353436,6.705864
53,2.0,0.414764,5.863916
53,2.4,0.499267,5.076387
53,2.8,0.621155,4.367347
53,3.2,0.805111,3.77685
53,3.6,1.086069,3.36817
53,4.0,1.478367,3.215796
53,4.4,1.915905,3.350657
53,4.8,2.273955,3.716965
53,5.2,2.457539,4.196034
53,5.6,2.427101,4.646972
53,6.0,2.177775,4.928606
53,6.4,1.729073,4.912766
53,6.8,1.199814,4.542876
53,7.2,0.947496,4.004654
53,7.6,1.053099,3.559547
53,8.0,1.347723,3.317116
53,8.4,1.736595,3.332239
53,8.8,2.106316,3.58902
53,9.2,2.348731,3.999376
53,9.6,2.404005,4.438431
53,10.0,2.254642,4.773077
53,10.4,1.90988,4.877672
53,10.8,1.429704,4.663491
53,11.2,1.05136,4.193611
53,11.6,1.022327,3.718686
53,12.0,1.240553,3.402399
53,12.4,1.59064,3.320353
53,12.8,1.968711,3.487139
53,13.2,2.259808,3.841276
53,13.6,2.385802,4.271171
53,14.0,2.315385,4.647957
53,14.4,2.048409,4.844854
53,14.8,1.618087,4.756339
53,15.2,1.174384,4.370215
53,15.6,1.012703,3.881303
53,16.0,1.150621,3.501588
53,16.4,1.457127,3.330482
53,16.8,1.833202,3.408259
53,17.2,2.163553,3.700915
53,17.6,2.353543,4.112269
53,18.0,2.356277,4.518263
53,18.4,2.16174,4.791032
53,18.8,1.787684,4.815046
53,19.2,1.323781,4.5301
53,19.6,1.036977,4.05283
53,20.0,1.080879,3.621356
53,20.4,1.335182,3.368342
53,20.8,1.696303,3.355786
53,21.2,2.054289,3.577888
53,21.6,2.30173,3.957675
53,22.0,2.374614,4.37822
53,22.4,2.251533,4.711674
53,22.8,1.939473,4.836357
53,23.2,1.490271,4.662947
53,23.6,1.104255,4.229611
53,24.0,1.036458,3.761767
53,24.4,1.227753,3.435456
53,24.8,1.560657,3.333008
53,25.2,1.932544,3.475773
53,25.6,2.229176,3.810057
53,26.0,2.369027,4.229536
53,26.4,2.317182,4.608126
53,26.8,2.071191,4.820435
53,27.2,1.660302,4.760077
53,27.6,1.215987,4.402386
53,28.0,1.024272,3.920002
53,28.4,1.138539,3.530852
53,28.8,1.430812,3.3419
53,29.2,1.80161,3.398728
53,29.6,2.136887,3.67409
53,30.0,2.339203,4.076561
53,30.4,2.357963,4.484235
53,30.8,2.180687,4.769859
53,31.2,1.822548,4.817044
53,31.6,1.362847,4.558421
53,32.0,1.052448,4.091132
53,32.4,1.071661,3.65199
53,32.8,1.311593,3.38287
53,33.2,1.666245,3.350361
53,33.6,2.02736,3.554914
53,34.0,2.285708,3.924656
53,34.4,2.373471,4.34502
53,34.8,2.266429,4.688696
53,35.2,1.969471,4.833331
53,35.6,1.528457,4.685387
53,36.0,1.127018,4.267451
53,36.4,1.032321,3.795317
53,36.8,1.207436,3.454829
53,37.2,1.531885,3.333223
53,37.6,1.90428,3.457459
53,38.0,2.209943,3.779508
53,38.4,2.363715,4.196064
53,38.8,2.327429,4.581871
53,39.2,2.09654,4.811117
53,39.6,1.696717,4.774919
53,40.0,1.246221,4.43771
54,0.0,3.406492,6.821967
54,0.4,0.316075,6.411412
54,0.8,0.266149,5.657655
54,1.2,0.307881,4.95368
54,1.6,0.362776,4.289667
54,2.0,0.436978,3.679492
54,2.4,0.539848,3.143763
54,2.8,0.684105,2.712476
54,3.2,0.88009,2.424316
54,3.6,1.115303,2.312099
54,4.0,1.331188,2.368723
54,4.4,1.444567,2.523193
54,4.8,1.409126,2.663018
54,5.2,1.263216,2.696022
54,5.6,1.130041,2.619126
54,6.0,1.10534,2.513196
54,6.4,1.169297,2.45229
54,6.8,1.256793,2.459414
54,7.2,1.312758,2.513751
54,7.6,1.310514,2.571361
54,8.0,1.261916,2.594035
54,8.4,1.20857,2.574011
54,8.8,1.1879,2.534495
54,9.2,1.204908,2.505623
54,9.6,1.238924,2.502681
54,10.0,1.264982,2.521288
54,10.4,1.268789,2.544847
54,10.8,1.252627,2.557139
54,11.2,1.23128,2.552679
54,11.6,1.219926,2.538215
54,12.0,1.22352,2.525396
54,12.4,1.236108,2.521951
54,12.8,1.247621,2.527845
54,13.2,1.251064,2.537188
54,13.6,1.246055,2.543225
54,14.0,1.237705,2.542826
54,14.4,1.232167,2.53773
54,14.8,1.232346,2.532297
54,15.2,1.236773,2.530067
54,15.6,1.241637,2.531712
54,16.0,1.243748,2.535286
54,16.4,1.242392,2.538064
54,16.8,1.239228,2.538451
54,17.2,1.236702,2.53675
54,17.6,1.236283,2.534534
54,18.0,1.237748,2.533337
54,18.4,1.239723,2.533687
54,18.8,1.240832,2.535
54,19.2,1.240566,2.536217
54,19.6,1.239413,2.536582
54,20.0,1.238315,2.536058
54,20.4,1.237961,2.535186
54,20.8,1.238405,2.534604
54,21.2,1.239178,2.534616
54,21.6,1.23971,2.535077
54,22.0,1.239718,2.535588
54,22.4,1.239317,2.535812
54,22.8,1.238859,2.535671
54,23.2,1.238649,2.535341
54,23.6,1.238764,2.535075
54,24.0,1.239055,2.53503
54,24.4,1.239296,2.535182
54,24.8,1.239344,2.535389
54,25.2,1.239213,2.535506
54,25.6,1.239029,2.535479
54,26.0,1.238921,2.535359
54,26.4,1.23894,2.535243
54,26.8,1.239046,2.535206
54,27.2,1.239149,2.535252
54,27.6,1.239186,2.535332
54,28.0,1.239147,2.535388
54,28.4,1.239075,2.53539
54,28.8,1.239024,2.535348
54,29.2,1.239021,2.5353
54,29.6,1.239058,2.535278
54,30.0,1.239101,2.53529
54,30.4,1.239122,2.53532
54,30.8,1.239112,2.535345
54,31.2,1.239085,2.53535
54,31.6,1.239062,2.535337
54,32.0,1.239057,2.535317
54,32.4,1.239069,2.535306
54,32.8,1.239086,2.535308
54,33.2,1.239096,2.535319
54,33.6,1.239095,2.53533
54,34.0,1.239085,2.535334
54,34.4,1.239075,2.53533
54,34.8,1.239072,2.535322
54,35.2,1.239075,2.535317
54,35.6,1.239082,2.535317
54,36.0,1.239087,2.53532
54,36.4,1.239087,2.535325
54,36.8,1.239084,2.535327
54,37.2,1.23908,2.535326
54,37.6,1.239078,2.535323
54,38.0,1.239078,2.535321
54,38.4,1.239081,2.53532
54,38.8,1.239083,2.535321
54,39.2,1.239084,2.535323
54,39.6,1.239083,2.535325
54,40.0,1.239081,2.535324
55,0.0,1.110027,6.936542
55,0.4,0.669324,5.634021
55,0.8,0.943907,4.645666
55,1.2,1.543448,4.116476
55,1.6,2.456341,4.303583
55,2.0,3.31764,5.16488
55,2.4,3.840335,6.417329
55,2.8,3.941239,7.730385
55,3.2,3.605092,8.772825
55,3.6,2.761125,9.166588
55,4.0,1.027967,8.252385
55,4.4,0.488256,6.75737
55,4.8,0.651932,5.554853
55,5.2,0.96735,4.589371
55,5.6,1.595138,4.100328
55,6.0,2.520224,4.338115
55,6.4,3.366746,5.237119
55,6.8,3.863276,6.50614
55,7.2,3.935638,7.813852
55,7.6,3.569062,8.828081
55,8.0,2.682967,9.162576
55,8.4,0.889683,8.135495
55,8.8,0.495495,6.677579
55,9.2,0.665959,5.485791
55,9.6,0.995628,4.541516
55,10.0,1.647117,4.092626
55,10.4,2.579651,4.377438
55,10.8,3.409545,5.309105
55,11.2,3.880444,6.590262
55,11.6,3.925787,7.889447
55,12.0,3.530603,8.8737
55,12.4,2.60392,9.148372
55,12.8,0.773701,8.020117
55,13.2,0.503245,6.598348
55,13.6,0.680569,5.417649
55,14.0,1.025219,4.495579
55,14.4,1.700371,4.087945
55,14.8,2.63859,4.419355
55,15.2,3.450874,5.382464
55,15.6,3.895931,6.674451
55,16.0,3.91423,7.963821
55,16.4,3.490164,8.916625
55,16.8,2.521183,9.1288
55,17.2,0.676867,7.907707
55,17.6,0.511391,6.519658
55,18.0,0.695791,5.350469
55,18.4,1.056173,4.451641
55,18.8,1.754815,4.086308
55,19.2,2.696946,4.463801
55,19.6,3.490706,5.457115
55,20.0,3.909734,6.758629
55,20.4,3.900961,8.036892
55,20.8,3.447705,8.956746
55,21.2,2.434512,9.103579
55,21.6,0.60164,7.800272
55,22.0,0.519907,6.441517
55,22.4,0.711661,5.284294
55,22.8,1.088536,4.40979
55,23.2,1.810355,4.087729
55,23.6,2.754628,4.510706
55,24.0,3.529013,5.532974
55,24.4,3.921852,6.842714
55,24.8,3.885976,8.108578
55,25.2,3.40318,8.993947
55,25.6,2.34364,9.072404
55,26.0,0.547095,7.698436
55,26.4,0.528781,6.363937
55,26.8,0.728215,5.219172
55,27.2,1.122353,4.370112
55,27.6,1.866888,4.092215
55,28.0,2.811549,4.560003
55,28.4,3.565775,5.609961
55,28.8,3.932284,6.926626
55,29.2,3.869268,8.178793
55,29.6,3.356539,9.028108
55,30.0,2.248272,9.034948
55,30.4,0.50998,7.601745
55,30.8,0.53801,6.286933
55,31.2,0.745491,5.155151
55,31.6,1.157663,4.332692
55,32.0,1.924306,4.099765
55,32.4,2.867628,4.611617
55,32.8,3.600969,5.687992
55,33.2,3.941028,7.010284
55,33.6,3.85083,8.247453
55,34.0,3.307723,9.059103
55,34.4,2.148096,8.99086
55,34.8,0.486265,7.509241
55,35.2,0.547595,6.210522
55,35.6,0.76353,5.092284
55,36.0,1.1945,4.297616
55,36.4,1.982496,4.110371
55,36.8,2.922788,4.665476
55,37.2,3.634578,5.766985
55,37.6,3.948083,7.093609
55,38.0,3.83065,8.314472
55,38.4,3.25667,9.086801
55,38.8,2.042783,8.939766
55,39.2,0.472248,7.419918
55,39.6,0.557545,6.134726
55,40.0,0.782375,5.030626
56,0.0,3.096055,9.958694
56,0.4,0.28449,8.933457
56,0.8,0.292686,7.987573
56,1.2,0.335769,7.075356
56,1.6,0.392784,6.198663
56,2.0,0.471415,5.370866
56,2.4,0.585759,4.613977
56,2.8,0.762986,3.966663
56,3.2,1.052,3.498124
56,3.6,1.501607,3.311359
56,4.0,2.056576,3.480238
56,4.4,2.537941,3.960132
56,4.8,2.792757,4.603572
56,5.2,2.749252,5.219744
56,5.6,2.370311,5.598045
56,6.0,1.599893,5.494153
56,6.4,0.749576,4.80269
56,6.8,0.731209,4.111891
56,7.2,0.973621,3.593348
56,7.6,1.379764,3.329476
56,8.0,1.920311,3.410429
56,8.4,2.434702,3.823715
56,8.8,2.752699,4.44154
56,9.2,2.785293,5.080415
56,9.6,2.492509,5.535214
56,10.0,1.824808,5.572439
56,10.4,0.883016,4.990058
56,10.8,0.698755,4.261804
56,11.2,0.902263,3.697757
56,11.6,1.26776,3.363448
56,12.0,1.786631,3.358445
56,12.4,2.324998,3.700849
56,12.8,2.700743,4.285396
56,13.2,2.80567,4.937129
56,13.6,2.593517,5.455303
56,14.0,2.021396,5.61544
56,14.4,1.080671,5.17464
56,14.8,0.680724,4.420263
56,15.2,0.839633,3.81482
56,15.6,1.165229,3.416288
56,16.0,1.654375,3.326632
56,16.4,2.205829,3.591975
56,16.8,2.633352,4.13326
56,17.2,2.808227,4.786572
56,17.6,2.674447,5.355611
56,18.0,2.193608,5.623352
56,18.4,1.316611,5.338831
56,18.8,0.68733,4.587649
56,19.2,0.7855,3.943294
56,19.6,1.072587,3.486824
56,20.0,1.52611,3.315517
56,20.4,2.079285,3.499053
56,20.8,2.551347,3.987571
56,21.2,2.79328,4.631332
56,21.6,2.735971,5.239104
56,22.0,2.34237,5.599871
56,22.4,1.556609,5.468556
56,22.8,0.736432,4.764795
56,23.2,0.740058,4.081976
56,23.6,0.989772,3.573569
56,24.0,1.404155,3.325077
56,24.4,1.947895,3.423807
56,24.8,2.455943,3.850805
56,25.2,2.761292,4.474125
56,25.6,2.778636,5.108798
56,26.0,2.468858,5.548771
56,26.4,1.780998,5.558559
56,26.8,0.850206,4.950806
56,27.2,0.704625,4.229915
56,27.6,0.9164,3.674962
56,28.0,1.290313,3.354809
56,28.4,1.81441,3.367638
56,28.8,2.348653,3.725333
56,29.2,2.712832,4.317629
56,29.6,2.802894,4.967611
56,30.0,2.574172,5.473638
56,30.4,1.982518,5.609482
56,30.8,1.03513,5.137292
56,31.2,0.682881,4.38657
56,31.6,0.851962,3.789473
56,32.0,1.185759,3.403786
56,32.4,1.681656,3.331556
56,32.8,2.231317,3.613382
56,33.2,2.648617,4.164475
56,33.6,2.80915,4.818382
56,34.0,2.659223,5.377846
56,34.4,2.159737,5.624419
56,34.8,1.266214,5.307167
56,35.2,0.683176,4.552037
56,35.6,0.796068,3.915678
56,36.0,1.09105,3.470757
56,36.4,1.552355,3.316119
56,36.8,2.106109,3.516988
56,37.2,2.569563,4.017238
56,37.6,2.797811,4.663893
56,38.0,2.724737,5.264587
56,38.4,2.313284,5.607156
56,38.8,1.507528,5.444773
56,39.2,0.72157,4.7271
56,39.6,0.748759,4.052324
56,40.0,1.006214,3.554257
57,0.0,2.694919,7.711009
57,0.4,0.329008,6.976827
57,0.8,0.326918,6.263967
57,1.2,0.373813,5.585428
57,1.6,0.434962,4.940893
57,2.0,0.517365,4.34208
57,2.4,0.632756,3.807136
57,2.8,0.800538,3.364905
57,3.2,1.047695,3.059585
57,3.6,1.388775,2.945477
57,4.0,1.778033,3.053978
57,4.4,2.105056,3.352968
57,4.8,2.263305,3.74694
57,5.2,2.19033,4.104405
57,5.6,1.858571,4.27871
57,6.0,1.300494,4.136056
57,6.4,0.876319,3.725027
57,6.8,0.893576,3.325186
57,7.2,1.114512,3.055828
57,7.6,1.444997,2.973611
57,8.0,1.81421,3.103313
57,8.4,2.110674,3.406129
57,8.8,2.235803,3.784937
57,9.2,2.133462,4.110445
57,9.6,1.781711,4.24104
57,10.0,1.236628,4.059486
57,10.4,0.881846,3.650388
57,10.8,0.931345,3.273286
57,11.2,1.16724,3.033647
57,11.6,1.505827,2.986107
57,12.0,1.86725,3.146636
57,12.4,2.13872,3.466187
57,12.8,2.228645,3.841663
57,13.2,2.08743,4.141761
57,13.6,1.699421,4.226038
57,14.0,1.153994,3.994406
57,14.4,0.87389,3.579138
57,14.8,0.964154,3.221974
57,15.2,1.220039,3.012214
57,15.6,1.568487,3.000493
57,16.0,1.921766,3.192746
57,16.4,2.167108,3.529259
57,16.8,2.220149,3.900703
57,17.2,2.037526,4.173282
57,17.6,1.61112,4.20774
57,18.0,1.074739,3.926938
57,18.4,0.872021,3.510225
57,18.8,0.999481,3.174116
57,19.2,1.27513,2.995537
57,19.6,1.631748,3.020086
57,20.0,1.974091,3.242863
57,20.4,2.191115,3.593852
57,20.8,2.205907,3.958017
57,21.2,1.980963,4.199315
57,21.6,1.517951,4.180877
57,22.0,1.006187,3.856141
57,22.4,0.878518,3.443989
57,22.8,1.038506,3.13069
57,23.2,1.332653,2.984692
57,23.6,1.694758,3.045478
57,24.0,2.022901,3.296813
57,24.4,2.2094,3.65902
57,24.8,2.184822,4.012029
57,25.2,1.917233,4.217966
57,25.6,1.421699,4.144371
57,26.0,0.951592,3.783344
57,26.4,0.892638,3.380843
57,26.8,1.081252,3.092177
57,27.2,1.392312,2.980025
57,27.6,1.756815,3.076607
57,28.0,2.067494,3.354122
57,28.4,2.22145,3.723998
57,28.8,2.156566,4.061788
57,29.2,1.846377,4.228276
57,29.6,1.324736,4.098396
57,30.0,0.911952,3.71007
57,30.4,0.913287,3.321152
57,30.8,1.127537,3.058913
57,31.2,1.453689,2.981661
57,31.6,1.817273,3.11322
57,32.0,2.107367,3.414241
57,32.4,2.226979,3.788075
57,32.8,2.121006,4.106508
57,33.2,1.768668,4.229572
57,33.6,1.230087,4.043775
57,34.0,0.88669,3.63756
57,34.4,0.939543,3.265249
57,34.8,1.177138,3.031178
57,35.2,1.516297,2.989623
57,35.6,1.875514,3.154976
57,36.0,2.142099,3.47658
57,36.4,2.225782,3.850549
57,36.8,2.078076,4.145447
57,37.2,1.684596,4.221329
57,37.6,1.141306,3.981845
57,38.0,0.874285,3.566718
57,38.4,0.970712,3.213454
57,38.8,1.22981,3.009219
57,39.2,1.579599,3.003864
57,39.6,1.930949,3.201472
57,40.0,2.171324,3.540527
58,0.0,2.944619,4.7276
58,0.4,3.258816,5.869015
58,0.8,3.164031,6.894553
58,1.2,2.657906,7.424021
58,1.6,1.707668,7.047745
58,2.0,0.74734,5.677221
58,2.4,0.83956,4.49036
58,2.8,1.322585,3.798202
58,3.2,2.065667,3.824963
58,3.6,2.766538,4.523942
58,4.0,3.162052,5.579179
58,4.4,3.169285,6.615737
58,4.8,2.780101,7.264833
58,5.2,1.976615,7.144961
58,5.6,0.918935,5.979384
58,6.0,0.792401,4.705358
58,6.4,1.200534,3.894205
58,6.8,1.904037,3.763402
58,7.2,2.639074,4.342184
58,7.6,3.107686,5.350884
58,8.0,3.196521,6.418238
58,8.4,2.890256,7.174749
58,8.8,2.177342,7.245975
58,9.2,1.102854,6.277061
58,9.6,0.754286,4.931706
58,10.0,1.090567,4.012606
58,10.4,1.745859,3.728035
58,10.8,2.503684,4.177923
58,11.2,3.041168,5.12815
58,11.6,3.210209,6.213625
58,12.0,2.984652,7.063005
58,12.4,2.357549,7.306076
58,12.8,1.322782,6.557916
58,13.2,0.737205,5.174602
58,13.6,0.994281,4.157303
58,14.0,1.592515,3.724167
58,14.4,2.358621,4.034672
58,14.8,2.959265,4.911202
58,15.2,3.207699,5.999592
58,15.6,3.062634,6.926726
58,16.0,2.519395,7.324661
58,16.4,1.555985,6.803043
58,16.8,0.752069,5.434945
58,17.2,0.911796,4.326156
58,17.6,1.447085,3.752665
58,18.0,2.205929,3.915416
58,18.4,2.862269,4.703073
58,18.8,3.188761,5.778847
58,19.2,3.124213,6.7686
58,19.6,2.663404,7.304983
58,20.0,1.784218,7.00188
58,20.4,0.81448,5.713599
58,20.8,0.843128,4.516606
58,21.2,1.312226,3.813226
58,21.6,2.048334,3.822821
58,22.0,2.750986,4.506969
58,22.4,3.153417,5.554481
58,22.8,3.169417,6.591698
58,23.2,2.790041,7.250572
58,23.6,1.998418,7.151485
58,24.0,0.938602,6.007684
58,24.4,0.788979,4.726376
58,24.8,1.189833,3.90468
58,25.2,1.888967,3.759189
58,25.6,2.626545,4.326082
58,26.0,3.10179,5.329639
58,26.4,3.198239,6.399101
58,26.8,2.899696,7.164866
58,27.2,2.19514,7.253049
58,27.6,1.122607,6.304424
58,28.0,0.751741,4.953817
58,28.4,1.080963,4.025128
58,28.8,1.731213,3.72634
58,29.2,2.490441,4.163553
58,29.6,3.034116,5.107495
58,30.0,3.21065,6.19388
58,30.4,2.992657,7.05119
58,30.8,2.37351,7.309508
58,31.2,1.344484,6.582661
58,31.6,0.737043,5.198276
58,32.0,0.985957,4.172163
58,32.4,1.578486,3.725466
58,32.8,2.344578,4.022419
58,33.2,2.950793,4.891247
58,33.6,3.206619,5.979114
58,34.0,3.069108,6.912767
58,34.4,2.533659,7.324383
58,34.8,1.577814,6.823759
58,35.2,0.755637,5.460312
58,35.6,0.904762,4.343148
58,36.0,1.433946,3.756997
58,36.4,2.191303,3.905555
58,36.8,2.852419,4.68411
58,37.2,3.18614,5.757898
58,37.6,3.129151,6.75275
58,38.0,2.676019,7.301299
58,38.4,1.804997,7.018013
58,38.8,0.823367,5.740648
58,39.2,0.837409,4.5355
58,39.6,1.300188,3.820519
58,40.0,2.033404,3.815586
59,0.0,4.493776,8.643726
59,0.4,2.653774,9.405849
59,0.8,0.273446,8.140793
59,1.2,0.312012,7.128851
59,1.6,0.369308,6.158984
59,2.0,0.449978,5.246558
59,2.4,0.570187,4.419414
59,2.8,0.761243,3.727346
59,3.2,1.075934,3.258328
59,3.6,1.546081,3.129042
59,4.0,2.067892,3.387177
59,4.4,2.443539,3.927966
59,4.8,2.538345,4.543359
59,5.2,2.296968,4.987735
59,5.6,1.699296,5.002159
59,6.0,0.950351,4.441726
59,6.4,0.822509,3.760883
59,6.8,1.083835,3.293735
59,7.2,1.529112,3.151747
59,7.6,2.036608,3.386565
59,8.0,2.411765,3.903629
59,8.4,2.517451,4.503333
59,8.8,2.295699,4.946211
59,9.2,1.726939,4.979917
59,9.6,0.990071,4.451978
59,10.0,0.829578,3.775261
59,10.4,1.079441,3.304341
59,10.8,1.518589,3.15459
59,11.2,2.024338,3.380235
59,11.6,2.402767,3.89054
59,12.0,2.514956,4.48828
59,12.4,2.301613,4.935295
59,12.8,1.742612,4.98025
59,13.2,1.005148,4.464852
59,13.6,0.828971,3.787062
59,14.0,1.073126,3.311363
59,14.4,1.508924,3.154511
59,14.8,2.014799,3.373016
59,15.2,2.397099,3.879041
59,15.6,2.515182,4.476848
59,16.0,2.308607,4.928848
59,16.4,1.756564,4.983895
59,16.8,1.016701,4.478187
59,17.2,0.827194,3.798515
59,17.6,1.06654,3.317895
59,18.0,1.499414,3.154066
59,18.4,2.005663,3.365731
59,18.8,2.391896,3.867822
59,19.2,2.51576,4.46596
59,19.6,2.315681,4.923013
59,20.0,1.770161,4.987906
59,20.4,1.027902,4.491562
59,20.8,0.825329,3.809971
59,21.2,1.059966,3.324443
59,21.6,1.489954,3.153676
59,22.0,1.996556,3.358523
59,22.4,2.386689,3.856679
59,22.8,2.516299,4.455121
59,23.2,2.322664,4.917163
59,23.6,1.783615,4.991794
59,24.0,1.039267,4.504897
59,24.4,0.823561,3.82149
59,24.8,1.053451,3.331088
59,25.2,1.480528,3.153412
59,25.6,1.987416,3.35142
59,26.0,2.381401,3.845579
59,26.4,2.516734,4.444248
59,26.8,2.329528,4.911194
59,27.2,1.796958,4.995478
59,27.6,1.050877,4.518172
59,28.0,0.821924,3.83308
59,28.4,1.047005,3.337844
59,28.8,1.471135,3.153287
59,29.2,1.978236,3.344425
59,29.6,2.37602,3.834518
59,30.0,2.517054,4.433332
59,30.4,2.336267,4.90509
59,30.8,1.810193,4.998945
59,31.2,1.062739,4.531378
59,31.6,0.820429,3.844742
59,32.0,1.040628,3.344713
59,32.4,1.461776,3.153301
59,32.8,1.969014,3.337542
59,33.2,2.370544,3.823498
59,33.6,2.517257,4.42237
59,34.0,2.342881,4.898851
59,34.4,1.82332,5.002193
59,34.8,1.074845,4.544507
59,35.2,0.81908,3.856476
59,35.6,1.034323,3.351694
59,36.0,1.452452,3.153456
59,36.4,1.959752,3.33077
59,36.8,2.364973,3.81252
59,37.2,2.517344,4.411364
59,37.6,2.349369,4.892476
59,38.0,1.836337,5.005223
59,38.4,1.087188,4.557553
59,38.8,0.81788,3.86828
59,39.2,1.028088,3.358786
59,39.6,1.443164,3.153751
59,40.0,1.950451,3.324112
60,0.0,4.142149,5.089437
60,0.4,3.582734,6.39965
60,0.8,2.128585,6.860122
60,1.2,0.34937,5.982778
60,1.6,0.400082,5.231759
60,2.0,0.481766,4.532272
60,2.4,0.599898,3.904494
60,2.8,0.780032,3.385539
60,3.2,1.062932,3.037646
60,3.6,1.475481,2.943813
60,4.0,1.943728,3.149063
60,4.4,2.294734,3.588658
60,4.8,2.380212,4.098297
60,5.2,2.113881,4.458313
60,5.6,1.445026,4.415154
60,6.0,0.782147,3.901613
60,6.4,0.808433,3.389218
60,6.8,1.071829,3.046258
60,7.2,1.475847,2.952891
60,7.6,1.936921,3.15406
60,8.0,2.283636,3.586667
60,8.4,2.368724,4.088906
60,8.8,2.106156,4.443685
60,9.2,1.447181,4.401079
60,9.6,0.790588,3.893779
60,10.0,0.813133,3.384193
60,10.4,1.076767,3.044227
60,10.8,1.481459,2.954396
60,11.2,1.941592,3.158645
60,11.6,2.285472,3.592594
60,12.0,2.366708,4.093753
60,12.4,2.099841,4.444757
60,12.8,1.437239,4.395899
60,13.2,0.788278,3.886101
60,13.6,0.81581,3.378425
60,14.0,1.08137,3.041281
60,14.4,1.487548,2.955269
60,14.8,1.947273,3.16323
60,15.2,2.288428,3.599243
60,15.6,2.365489,4.099857
60,16.0,2.093588,4.447177
60,16.4,1.426184,4.391429
60,16.8,0.785137,3.878451
60,17.2,0.81833,3.372613
60,17.6,1.085966,3.038291
60,18.0,1.493695,2.956132
60,18.4,1.95303,3.167854
60,18.8,2.291445,3.605972
60,19.2,2.364288,4.106055
60,19.6,2.087273,4.449657
60,20.0,1.414998,4.386934
60,20.4,0.782062,3.870818
60,20.8,0.820865,3.366825
60,21.2,1.090585,3.035339
60,21.6,1.499856,2.957044
60,22.0,1.958774,3.17252
60,22.4,2.294424,3.61272
60,22.8,2.363031,4.112237
60,23.2,2.080885,4.452077
60,23.6,1.403777,4.382344
60,24.0,0.779132,3.863203
60,24.4,0.823432,3.361066
60,24.8,1.095231,3.032431
60,25.2,1.506029,2.958011
60,25.6,1.964496,3.177228
60,26.0,2.297355,3.61948
60,26.4,2.361711,4.118392
60,26.8,2.074423,4.454423
60,27.2,1.392534,4.377653
60,27.6,0.776353,3.855604
60,28.0,0.826031,3.355338
60,28.4,1.099903,3.02957
60,28.8,1.512212,2.959032
60,29.2,1.970195,3.181978
60,29.6,2.300237,3.626251
60,30.0,2.360328,4.124518
60,30.4,2.067886,4.456694
60,30.8,1.381273,4.372864
60,31.2,0.773722,3.848024
60,31.6,0.828662,3.34964
60,32.0,1.1046,3.026756
60,32.4,1.518405,2.960108
60,32.8,1.97587,3.186769
60,33.2,2.303069,3.633032
60,33.6,2.358881,4.130615
60,34.0,2.061275,4.45889
60,34.4,1.369996,4.367975
60,34.8,0.771238,3.840462
60,35.2,0.831325,3.343974
60,35.6,1.109324,3.023988
60,36.0,1.524608,2.961239
60,36.4,1.981521,3.191602
60,36.8,2.30585,3.639823
60,37.2,2.35737,4.136682
60,37.6,2.05459,4.461009
60,38.0,1.358706,4.362988
60,38.4,0.768896,3.832919
60,38.8,0.834019,3.338339
60,39.2,1.114074,3.021268
60,39.6,1.530819,2.962425
60,40.0,1.987147,3.196475
61,0.0,4.678644,4.482879
61,0.4,4.395922,6.901884
61,0.8,3.11861,8.282656
61,1.2,0.371949,7.318149
61,1.6,0.351629,6.14962
61,2.0,0.443352,5.08213
61,2.4,0.590133,4.135792
61,2.8,0.844566,3.398153
61,3.2,1.284581,3.025657
61,3.6,1.87452,3.165464
61,4.0,2.3554,3.745443
61,4.4,2.488458,4.467613
61,4.8,2.165786,4.937946
61,5.2,1.369506,4.739639
61,5.6,0.786435,3.931122
61,6.0,0.966745,3.283809
61,6.4,1.431976,3.036779
61,6.8,2.004187,3.294168
61,7.2,2.403986,3.922908
61,7.6,2.429587,4.60018
61,8.0,1.995962,4.929301
61,8.4,1.155499,4.534743
61,8.8,0.804236,3.729615
61,9.2,1.07284,3.175352
61,9.6,1.585114,3.060853
61,10.0,2.136173,3.438638
61,10.4,2.448466,4.112945
61,10.8,2.357264,4.734571
61,11.2,1.798229,4.899197
61,11.6,0.964378,4.313776
61,12.0,0.845089,3.546794
61,12.4,1.193011,3.095629
61,12.8,1.742018,3.118782
61,13.2,2.25277,3.604315
61,13.6,2.466764,4.301536
61,14.0,2.253296,4.840409
61,14.4,1.571039,4.813338
61,14.8,0.845622,4.086996
61,15.2,0.911724,3.386566
61,15.6,1.328464,3.05091
61,16.0,1.896366,3.211409
61,16.4,2.347382,3.785971
61,16.8,2.454123,4.479299
61,17.2,2.114597,4.905525
61,17.6,1.327361,4.666903
61,18.0,0.802764,3.871208
61,18.4,0.999933,3.252638
61,18.8,1.476221,3.043776
61,19.2,2.041757,3.335438
61,19.6,2.41617,3.976739
61,20.0,2.408746,4.637864
61,20.4,1.940767,4.920991
61,20.8,1.096692,4.469751
61,21.2,0.814791,3.673392
61,21.6,1.107268,3.148791
61,22.0,1.63154,3.074834
61,22.4,2.172407,3.485961
61,22.8,2.456452,4.169277
61,23.2,2.329517,4.768995
61,23.6,1.733473,4.879302
61,24.0,0.921018,4.24575
61,24.4,0.862644,3.496571
61,24.8,1.231921,3.078575
61,25.2,1.788554,3.142938
61,25.6,2.283393,3.657085
61,26.0,2.466249,4.355961
61,26.4,2.215583,4.864381
61,26.8,1.499197,4.775765
61,27.2,0.825764,4.021028
61,27.6,0.935932,3.343718
61,28.0,1.371429,3.044805
61,28.4,1.940927,3.245318
61,28.8,2.37072,3.842227
61,29.2,2.444059,4.528949
61,29.6,2.066406,4.915679
61,30.0,1.255403,4.61255
61,30.4,0.80165,3.810175
61,30.8,1.030026,3.218353
61,31.2,1.522,3.049064
61,31.6,2.082502,3.377809
61,32.0,2.431264,4.034314
61,32.4,2.3887,4.680214
61,32.8,1.882285,4.914826
61,33.2,1.036741,4.404444
61,33.6,0.825938,3.618337
61,34.0,1.142723,3.124185
61,34.4,1.678475,3.091365
61,34.8,2.207763,3.535129
61,35.2,2.462639,4.225917
61,35.6,2.299202,4.801561
61,36.0,1.665918,4.85498
61,36.4,0.884028,4.177877
61,36.8,0.882126,3.448325
61,37.2,1.272117,3.06459
61,37.6,1.834771,3.170049
61,38.0,2.31207,3.711148
61,38.4,2.463037,4.409346
61,38.8,2.174791,4.884669
61,39.2,1.426265,4.732951
61,39.6,0.812162,3.956354
61,40.0,0.961941,3.303284
62,0.0,3.885401,9.914526
62,0.4,0.282013,9.350444
62,0.8,0.20999,8.645443
62,1.2,0.228688,7.971252
62,1.6,0.250778,7.309249
62,2.0,0.27722,6.661828
62,2.4,0.309353,6.032113
62,2.8,0.349087,5.424279
62,3.2,0.399224,4.844028
62,3.6,0.463959,4.299351
62,4.0,0.549674,3.801727
62,4.4,0.665921,3.367868
62,4.8,0.825582,3.021667
62,5.2,1.040108,2.793803
62,5.6,1.303345,2.71263
62,6.0,1.572663,2.783471
62,6.4,1.77888,2.972054
62,6.8,1.861613,3.209046
62,7.2,1.791667,3.408336
62,7.6,1.578939,3.488705
62,8.0,1.296265,3.407259
62,8.4,1.098326,3.208066
62,8.8,1.08254,2.999132
62,9.2,1.201555,2.859209
62,9.6,1.385032,2.823624
62,10.0,1.571611,2.894189
62,10.4,1.703488,3.040438
62,10.8,1.738267,3.207688
62,11.2,1.660678,3.332307
62,11.6,1.491466,3.36153
62,12.0,1.299457,3.280121
62,12.4,1.183655,3.13016
62,12.8,1.190919,2.983764
62,13.2,1.292836,2.895709
62,13.6,1.438382,2.890546
62,14.0,1.576023,2.963972
62,14.4,1.660414,3.086134
62,14.8,1.66263,3.210622
62,15.2,1.578862,3.288492
62,15.6,1.437553,3.286129
62,16.0,1.300818,3.204591
62,16.4,1.235146,3.084099
62,16.8,1.261561,2.97828
62,17.2,1.354888,2.925673
62,17.6,1.47366,2.940786
62,18.0,1.575386,3.014171
62,18.4,1.625358,3.116704
62,18.8,1.605428,3.208784
62,19.2,1.52079,3.253345
62,19.6,1.403931,3.231162
62,20.0,1.307724,3.15305
62,20.4,1.275773,3.055766
62,20.8,1.314418,2.980239
62,21.2,1.399602,2.953238
62,21.6,1.496115,2.981353
62,22.0,1.569278,3.05154
62,22.4,1.593439,3.13614
62,22.8,1.559237,3.201967
62,23.2,1.478482,3.222147
62,23.6,1.384358,3.188308
62,24.0,1.319404,3.116559
62,24.4,1.310692,3.039215
62,24.8,1.355903,2.987445
62,25.2,1.432032,2.979065
62,25.6,1.508928,3.014686
62,26.0,1.558813,3.079147
62,26.4,1.563782,3.14702
62,26.8,1.521532,3.191338
62,27.2,1.448171,3.193963
62,27.6,1.374929,3.15438
62,28.0,1.334218,3.090906
62,28.4,1.34129,3.031037
62,28.8,1.388748,2.998085
62,29.2,1.454979,3.002924
62,29.6,1.514394,3.041849
62,30.0,1.545382,3.098846
62,30.4,1.536607,3.151332
62,30.8,1.491202,3.178281
62,31.2,1.427426,3.168821
62,31.6,1.372787,3.127753
62,32.0,1.350631,3.073539
62,32.4,1.367916,3.028884
62,32.8,1.414437,3.010668
62,33.2,1.470356,3.02441
62,33.6,1.514359,3.063484
62,34.0,1.530325,3.112041
62,34.4,1.512368,3.150751
62,34.8,1.467504,3.164074
62,35.2,1.414325,3.146921
62,35.6,1.375705,3.107335
62,36.0,1.367388,3.062622
62,36.4,1.390658,3.030973
62,36.8,1.434005,3.024005
62,37.2,1.479675,3.043189
62,37.6,1.510381,3.080137
62,38.0,1.514811,3.119948
62,38.4,1.491442,3.146721
62,38.8,1.449728,3.149781
62,39.2,1.407212,3.128389
62,39.6,1.38192,3.092224
62,40.0,1.383533,3.056694
63,0.0,1.643824,5.713574
63,0.4,0.683746,4.913131
63,0.8,0.783569,4.151823
63,1.2,1.171458,3.634511
63,1.6,1.901706,3.566805
63,2.0,2.828218,4.108059
63,2.4,3.529848,5.134249
63,2.8,3.752332,6.336932
63,3.2,3.371295,7.331643
63,3.6,2.065074,7.565804
63,4.0,0.394453,6.483573
63,4.4,0.477101,5.545351
63,4.8,0.61437,4.692557
63,5.2,0.854633,3.985271
63,5.6,1.324945,3.560661
63,6.0,2.14264,3.647193
63,6.4,3.050074,4.339382
63,6.8,3.642719,5.447077
63,7.2,3.719132,6.637255
63,7.6,3.149561,7.502416
63,8.0,1.411365,7.365191
63,8.4,0.409139,6.23561
63,8.8,0.50633,5.31638
63,9.2,0.662888,4.493167
63,9.6,0.946358,3.840968
63,10.0,1.503672,3.525172
63,10.4,2.386133,3.770776
63,10.8,3.244,4.59645
63,11.2,3.716209,5.760009
63,11.6,3.641851,6.909525
63,12.0,2.862179,7.606053
63,12.4,0.686107,7.021703
63,12.8,0.430064,5.992413
63,13.2,0.539264,5.093566
63,13.6,0.71931,4.304613
63,14.0,1.056184,3.718267
63,14.4,1.707118,3.52816
63,14.8,2.627509,3.934161
63,15.2,3.411191,4.876297
63,15.6,3.753462,6.072318
63,16.0,3.519955,7.153195
63,16.4,2.488857,7.631849
63,16.8,0.412293,6.713078
63,17.2,0.453737,5.753672
63,17.6,0.576636,4.877784
63,18.0,0.785537,4.128875
63,18.4,1.187561,3.621397
63,18.8,1.931244,3.572341
63,19.2,2.858661,4.134107
63,19.6,3.548234,5.173259
63,20.0,3.752879,6.377423
63,20.4,3.348873,7.359264
63,20.8,1.994851,7.553497
63,21.2,0.395157,6.455895
63,21.6,0.48016,5.519832
63,22.0,0.61938,4.670098
63,22.4,0.863963,3.968422
63,22.8,1.343379,3.554976
63,23.2,2.169317,3.658791
63,23.6,3.072634,4.366435
63,24.0,3.652546,5.481406
63,24.4,3.712698,6.668418
63,24.8,3.12141,7.517059
63,25.2,1.328898,7.332774
63,25.6,0.411278,6.208589
63,26.0,0.509767,5.291502
63,26.4,0.668689,4.471818
63,26.8,0.957514,3.826311
63,27.2,1.524933,3.523553
63,27.6,2.413,3.786884
63,28.0,3.263812,4.626282
63,28.4,3.722122,5.794584
63,28.8,3.630668,6.937941
63,29.2,2.825704,7.613099
63,29.6,0.627897,6.982803
63,30.0,0.432546,5.965871
63,30.4,0.543151,5.069417
63,30.8,0.726091,4.284572
63,31.2,1.069549,3.70624
63,31.6,1.730912,3.530976
63,32.0,2.653629,3.954478
63,32.4,3.42783,4.908299
63,32.8,3.755283,6.106427
63,33.2,3.503611,7.177932
63,33.6,2.441157,7.628912
63,34.0,0.405424,6.683583
63,34.4,0.456508,5.727644
63,34.8,0.581065,4.854471
63,35.2,0.793535,4.110388
63,35.6,1.203498,3.612497
63,36.0,1.956946,3.579794
63,36.4,2.883204,4.158213
63,36.8,3.561379,5.206789
63,37.2,3.750427,6.410321
63,37.6,3.326729,7.379241
63,38.0,1.930755,7.536916
63,38.4,0.396367,6.428357
63,38.8,0.483258,5.49438
63,39.2,0.624469,4.647753
63,39.6,0.873475,3.951796
63,40.0,1.362129,3.549718
64,0.0,3.158758,5.84389
64,0.4,3.650992,6.653358
64,0.8,3.876604,7.595485
64,1.2,3.773747,8.474846
64,1.6,3.279454,9.063241
64,2.0,2.169749,9.013049
64,2.4,0.450851,7.828589
64,2.8,0.500818,6.76335
64,3.2,0.638853,5.78694
64,3.6,0.882727,4.950853
64,4.0,1.374151,4.396851
64,4.4,2.265612,4.370558
64,4.8,3.318276,4.985605
64,5.2,4.140922,6.093723
64,5.6,4.56794,7.449968
64,6.0,4.571084,8.802077
64,6.4,4.137771,9.895433
64,6.8,3.148941,10.412952
64,7.2,0.810136,9.614768
64,7.6,0.378406,8.372588
64,8.0,0.451769,7.287562
64,8.4,0.560849,6.265988
64,8.8,0.740627,5.348296
64,9.2,1.082414,4.62657
64,9.6,1.769639,4.303548
64,10.0,2.796811,4.600693
64,10.4,3.7708,5.488718
64,10.8,4.405627,6.751849
64,11.2,4.622543,8.137234
64,11.6,4.413294,9.394076
64,12.0,3.734821,10.251023
64,12.4,2.278656,10.27501
64,12.8,0.354598,8.937271
64,13.2,0.411555,7.827595
64,13.6,0.499988,6.770661
64,14.0,0.63759,5.793532
64,14.4,0.880343,4.956078
64,14.8,1.369251,4.399245
64,15.2,2.258113,4.368416
64,15.6,3.311222,4.979181
64,16.0,4.136361,6.084608
64,16.4,4.566389,7.43998
64,16.8,4.572573,8.793005
64,17.2,4.142564,9.88919
64,17.6,3.158911,10.412441
64,18.0,0.831951,9.627694
64,18.4,0.37797,8.380526
64,18.8,0.451142,7.295134
64,19.2,0.55988,6.272997
64,19.6,0.73893,5.354328
64,20.0,1.078986,4.630638
64,20.4,1.76319,4.303809
64,20.8,2.789144,4.59627
64,21.2,3.764851,5.480731
64,21.6,4.402545,6.742074
64,22.0,4.622498,8.127477
64,22.4,4.416346,9.386143
64,22.8,3.741708,10.24711
64,23.2,2.294479,10.279941
64,23.6,0.354577,8.945437
64,24.0,0.411035,7.835368
64,24.4,0.499219,6.777987
64,24.8,0.636333,5.800132
64,25.2,0.877971,4.961318
64,25.6,1.364374,4.401667
64,26.0,2.250621,4.366308
64,26.4,3.304155,4.972782
64,26.8,4.131779,6.075504
64,27.2,4.564815,7.42999
64,27.6,4.574041,8.783919
64,28.0,4.147331,9.882917
64,28.4,3.168827,10.411871
64,28.8,0.854146,9.640645
64,29.2,0.377534,8.388467
64,29.6,0.450517,7.302709
64,30.0,0.558913,6.280012
64,30.4,0.737241,5.36037
64,30.8,1.075575,4.634727
64,31.2,1.756761,4.304103
64,31.6,2.781473,4.591878
64,32.0,3.758883,5.472764
64,32.4,4.399441,6.732305
64,32.8,4.622431,8.117712
64,33.2,4.419376,9.37819
64,33.6,3.748561,10.243158
64,34.0,2.310176,10.284766
64,34.4,0.354584,8.953611
64,34.8,0.410516,7.843145
64,35.2,0.498453,6.785318
64,35.6,0.635081,5.806738
64,36.0,0.875611,4.966572
64,36.4,1.35952,4.404117
64,36.8,2.243139,4.364234
64,37.2,3.297075,4.966408
64,37.6,4.127176,6.066413
64,38.0,4.56322,7.420001
64,38.4,4.575486,8.77482
64,38.8,4.152072,9.876617
64,39.2,3.178687,10.411243
64,39.6,0.876683,9.653608
64,40.0,0.3771,8.396409
65,0.0,1.241965,7.163988
65,0.4,0.564497,5.9775
65,0.8,0.723775,5.025142
65,1.2,1.049723,4.293322
65,1.6,1.646408,3.963525
65,2.0,2.466538,4.200979
65,2.4,3.21084,4.949282
65,2.8,3.660136,5.993777
65,3.2,3.745114,7.083332
65,3.6,3.44921,7.962943
65,4.0,2.714675,8.343565
65,4.4,1.253878,7.750884
65,4.8,0.492102,6.482699
65,5.2,0.623693,5.466164
65,5.6,0.864799,4.611584
65,6.0,1.31766,4.059019
65,6.4,2.057591,4.012433
65,6.8,2.877509,4.533884
65,7.2,3.485877,5.465523
65,7.6,3.750803,6.564955
65,8.0,3.642002,7.579105
65,8.4,3.135016,8.243675
65,8.8,2.088918,8.206722
65,9.2,0.541923,7.035633
65,9.6,0.54822,5.944412
65,10.0,0.729579,4.99993
65,10.4,1.06245,4.2767
65,10.8,1.668134,3.961765
65,11.2,2.490838,4.216094
65,11.6,3.228854,4.976536
65,12.0,3.668087,6.026069
65,12.4,3.742189,7.113299
65,12.8,3.434783,7.98295
65,13.2,2.685039,8.34367
65,13.6,1.197502,7.712565
65,14.0,0.494199,6.451724
65,14.4,0.628833,5.438865
65,14.8,0.874203,4.590529
65,15.2,1.335132,4.049714
65,15.6,2.081713,4.019853
65,16.0,2.899007,4.556051
65,16.4,3.498585,5.49604
65,16.8,3.752945,6.596555
65,17.2,3.633204,7.604472
65,17.6,3.113729,8.254578
65,18.0,2.046675,8.189603
65,18.4,0.529191,6.999989
65,18.8,0.552145,5.915203
65,19.2,0.736506,4.97534
65,19.6,1.075571,4.260847
65,20.0,1.68994,3.960831
65,20.4,2.514743,4.23175
65,20.8,3.246252,5.003896
65,21.2,3.675433,6.058053
65,21.6,3.73876,7.142625
65,22.0,3.419962,8.002058
65,22.4,2.655001,8.34262
65,22.8,1.141868,7.673259
65,23.2,0.496503,6.420865
65,23.6,0.634056,5.411697
65,24.0,0.883783,4.569721
65,24.4,1.352869,4.040845
65,24.8,2.105895,4.02776
65,25.2,2.92031,4.578558
65,25.6,3.511001,5.52669
65,26.0,3.754777,6.628079
65,26.4,3.624083,7.629548
65,26.8,3.09202,8.264912
65,27.2,2.003529,8.171332
65,27.6,0.518629,6.964925
65,28.0,0.556136,5.886096
65,28.4,0.743556,4.950931
65,28.8,1.088932,4.245338
65,29.2,1.711945,3.96039
65,29.6,2.538559,4.247831
65,30.0,3.263387,5.03149
65,30.4,3.682471,6.090061
65,30.8,3.735017,7.171764
65,31.2,3.404785,8.020746
65,31.6,2.624375,8.34077
65,32.0,1.08669,7.633056
65,32.4,0.498975,6.390113
65,32.8,0.639363,5.38466
65,33.2,0.893545,4.549166
65,33.6,1.370872,4.032417
65,34.0,2.130131,4.03615
65,34.4,2.941415,4.601398
65,34.8,3.523123,5.557468
65,35.2,3.756299,6.659521
65,35.6,3.614635,7.654326
65,36.0,3.06988,8.274667
65,36.4,1.959461,8.151883
65,36.8,0.509979,6.930382
65,37.2,0.560195,5.85709
65,37.6,0.75073,4.926704
65,38.0,1.102538,4.230177
65,38.4,1.734142,3.960445
65,38.8,2.562277,4.264332
65,39.2,3.280259,5.059313
65,39.6,3.689203,6.122089
65,40.0,3.73096,7.200714
66,0.0,1.576196,8.092628
66,0.4,0.335276,6.809532
66,0.8,0.401,5.836473
66,1.2,0.497542,4.933375
66,1.6,0.646341,4.137304
66,2.0,0.890018,3.516221
66,2.4,1.284636,3.181245
66,2.8,1.809108,3.236263
66,3.2,2.291464,3.65658
66,3.6,2.551464,4.274502
66,4.0,2.500207,4.857121
66,4.4,2.105717,5.151669
66,4.8,1.382262,4.911086
66,5.2,0.824155,4.204282
66,5.6,0.908701,3.579872
66,6.0,1.258631,3.224152
66,6.4,1.757318,3.240058
66,6.8,2.237144,3.619182
66,7.2,2.515269,4.209709
66,7.6,2.495005,4.787993
66,8.0,2.141314,5.108061
66,8.4,1.461889,4.926712
66,8.8,0.861467,4.254677
66,9.2,0.899142,3.619648
66,9.6,1.230154,3.242553
66,10.0,1.719391,3.229915
66,10.4,2.204975,3.58462
66,10.8,2.500643,4.16401
66,11.2,2.503483,4.748341
66,11.6,2.175661,5.093449
66,12.0,1.519003,4.954822
66,12.4,0.884323,4.304422
66,12.8,0.885783,3.656855
66,13.2,1.201651,3.258532
66,13.6,1.683407,3.218864
66,14.0,2.175421,3.551131
66,14.4,2.488294,4.121104
66,14.8,2.512978,4.71228
66,15.2,2.208749,5.081567
66,15.6,1.572488,4.982857
66,16.0,0.907858,4.354456
66,16.4,0.872732,3.694584
66,16.8,1.173786,3.275502
66,17.2,1.647793,3.209122
66,17.6,2.14559,3.518745
66,18.0,2.475213,4.07875
66,18.4,2.521395,4.675982
66,18.8,2.240331,5.068354
66,19.2,1.624783,5.008534
66,19.6,0.934783,4.404719
66,20.0,0.860818,3.73332
66,20.4,1.146726,3.294027
66,20.8,1.61236,3.201111
66,21.2,2.115037,3.487546
66,21.6,2.460894,4.036652
66,22.0,2.528361,4.638868
66,22.4,2.270333,5.053167
66,22.8,1.676117,5.031399
66,23.2,0.965585,4.455015
66,23.6,0.850276,3.773117
66,24.0,1.120525,3.314179
66,24.4,1.577137,3.194921
66,24.8,2.083732,3.457604
66,25.2,2.445265,3.994822
66,25.6,2.533815,4.600905
66,26.0,2.29874,5.03596
66,26.4,1.7264,5.051365
66,26.8,1.000256,4.505111
66,27.2,0.841241,3.813957
66,27.6,1.095208,3.335939
66,28.0,1.542181,3.190577
66,28.4,2.051716,3.428979
66,28.8,2.428335,3.953326
66,29.2,2.537753,4.562151
66,29.6,2.32555,5.016792
66,30.0,1.775512,5.068423
66,30.4,1.038612,4.554742
66,30.8,0.833844,3.855813
66,31.2,1.070798,3.359273
66,31.6,1.507556,3.188092
66,32.0,2.019045,3.401726
66,32.4,2.410126,3.912237
66,32.8,2.540179,4.522682
66,33.2,2.350764,4.995738
66,33.6,1.823353,5.082593
66,34.0,1.080363,4.603623
66,34.4,0.828237,3.898652
66,34.8,1.047312,3.384143
66,35.2,1.473326,3.187471
66,35.6,1.98578,3.375901
66,36.0,2.390664,3.871626
66,36.4,2.541102,4.482577
66,36.8,2.374386,4.972879
66,37.2,1.869839,5.09391
66,37.6,1.125135,4.651456
66,38.0,0.824591,3.942445
66,38.4,1.024768,3.410509
66,38.8,1.439547,3.188713
66,39.2,1.951984,3.351554
66,39.6,2.369979,3.831567
66,40.0,2.540532,4.441913
67,0.0,1.715747,9.636528
67,0.4,0.227031,8.341525
67,0.8,0.258468,7.389496
67,1.2,0.299213,6.466962
67,1.6,0.353789,5.583797
67,2.0,0.429965,4.755338
67,2.4,0.541797,4.006754
67,2.8,0.715277,3.381439
67,3.2,0.992274,2.95319
67,3.6,1.3978,2.819636
67,4.0,1.843439,3.024217
67,4.4,2.139729,3.467503
67,4.8,2.138895,3.93149
67,5.2,1.778786,4.148222
67,5.6,1.153968,3.897491
67,6.0,0.871325,3.376105
67,6.4,1.04774,2.985247
67,6.8,1.412745,2.86413
67,7.2,1.823083,3.055061
67,7.6,2.095548,3.465808
67,8.0,2.089826,3.892406
67,8.4,1.749079,4.08437
67,8.8,1.174227,3.844824
67,9.2,0.907852,3.353784
67,9.6,1.076265,2.984187
67,10.0,1.434496,2.879754
67,10.4,1.831936,3.078303
67,10.8,2.087669,3.484104
67,11.2,2.067139,3.894376
67,11.6,1.719044,4.063742
67,12.0,1.15909,3.810148
67,12.4,0.920413,3.328253
67,12.8,1.097636,2.97462
67,13.2,1.457996,2.887924
67,13.6,1.848514,3.099714
67,14.0,2.089399,3.507878
67,14.4,2.051258,3.907295
67,14.8,1.688432,4.054278
67,15.2,1.135056,3.780142
67,15.6,0.92657,3.301912
67,16.0,1.117101,2.962756
67,16.4,1.482259,2.8943
67,16.8,1.867437,3.121057
67,17.2,2.093773,3.533615
67,17.6,2.03688,3.923438
67,18.0,1.656916,4.047542
67,18.4,1.108944,3.751154
67,18.8,0.931446,3.275596
67,19.2,1.136326,2.950691
67,19.6,1.506901,2.90076
67,20.0,1.886857,3.142871
67,20.4,2.098436,3.560066
67,20.8,2.022237,3.940149
67,21.2,1.624482,4.0407
67,21.6,1.083193,3.722097
67,22.0,0.936725,3.249666
67,22.4,1.15586,2.939212
67,22.8,1.531723,2.907973
67,23.2,1.906055,3.165298
67,23.6,2.102512,3.58671
67,24.0,2.006701,3.956402
67,24.4,1.591218,4.032719
67,24.8,1.058808,3.69269
67,25.2,0.942956,3.224299
67,25.6,1.175879,2.928633
67,26.0,1.556611,2.916175
67,26.4,1.924731,3.188354
67,26.8,2.105661,3.613299
67,27.2,1.990042,3.971767
67,27.6,1.557235,4.023215
67,28.0,1.036247,3.662924
67,28.4,0.95029,3.199585
67,28.8,1.196423,2.919084
67,29.2,1.581486,2.925445
67,29.6,1.942741,3.212009
67,30.0,2.107741,3.6397
67,30.4,1.972181,3.986043
67,30.8,1.522652,4.012048
67,31.2,1.015729,3.632876
67,31.6,0.958738,3.175582
67,32.0,1.217488,2.910624
67,32.4,1.60629,2.9358
67,32.8,1.960011,3.236223
67,33.2,2.10869,3.665822
67,33.6,1.953093,3.999117
67,34.0,1.487595,3.999179
67,34.4,0.997366,3.602648
67,34.8,0.968265,3.152331
67,35.2,1.239054,2.903286
67,35.6,1.630969,2.947232
67,36.0,1.97649,3.26095
67,36.4,2.108477,3.691595
67,36.8,1.932774,4.010913
67,37.2,1.452198,3.984609
67,37.6,0.981205,3.572344
67,38.0,0.978823,3.129866
67,38.4,1.261093,2.897087
67,38.8,1.655476,2.959727
67,39.2,1.992138,3.286142
67,39.6,2.107081,3.716956
67,40.0,1.911232,4.021369
68,0.0,1.866957,6.242218
68,0.4,1.502156,5.774427
68,0.8,1.311769,5.186531
68,1.2,1.428263,4.696302
68,1.6,1.815216,4.48134
68,2.0,2.347465,4.629526
68,2.4,2.847784,5.106557
68,2.8,3.182223,5.790756
68,3.2,3.292068,6.529435
68,3.6,3.162154,7.165698
68,4.0,2.785057,7.540229
68,4.4,2.128076,7.472506
68,4.8,1.160229,6.751913
68,5.2,0.691248,5.69764
68,5.6,0.854422,4.845058
68,6.0,1.231872,4.253626
68,6.4,1.841239,4.073802
68,6.8,2.554633,4.373792
68,7.2,3.146275,5.055364
68,7.6,3.489343,5.941707
68,8.0,3.552008,6.846399
68,8.4,3.336738,7.59014
68,8.8,2.835902,7.990079
68,9.2,1.980503,7.817682
68,9.6,0.794284,6.825241
68,10.0,0.624902,5.763384
68,10.4,0.823358,4.899276
68,10.8,1.190265,4.280992
68,11.2,1.7864,4.064293
68,11.6,2.502865,4.330176
68,12.0,3.111699,4.990381
68,12.4,3.476556,5.870153
68,12.8,3.560869,6.782326
68,13.2,3.366428,7.546853
68,13.6,2.887915,7.981853
68,14.0,2.063293,7.864486
68,14.4,0.861551,6.924521
68,14.8,0.614949,5.841049
68,15.2,0.801887,4.962135
68,15.6,1.152114,4.318372
68,16.0,1.730476,4.063792
68,16.4,2.445887,4.291775
68,16.8,3.07032,4.925971
68,17.2,3.457294,5.794956
68,17.6,3.564523,6.711328
68,18.0,3.392585,7.494486
68,18.4,2.938264,7.963614
68,18.8,2.146775,7.901838
68,19.2,0.946321,7.025312
68,19.6,0.6068,5.919833
68,20.0,0.78148,5.02653
68,20.4,1.115588,4.358387
68,20.8,1.675548,4.066623
68,21.2,2.388218,4.256118
68,21.6,3.02729,4.863115
68,22.0,3.436141,5.72005
68,22.4,3.566319,6.63942
68,22.8,3.416892,7.440026
68,23.2,2.986459,7.941901
68,23.6,2.226967,7.93356
68,24.0,1.04072,7.125258
68,24.4,0.600438,5.999716
68,24.8,0.762049,5.09236
68,25.2,1.080649,4.40091
68,25.6,1.621742,4.072751
68,26.0,2.329996,4.223275
68,26.4,2.982674,4.801917
68,26.8,3.413122,5.645552
68,27.2,3.566268,6.566726
68,27.6,3.439364,7.383606
68,28.0,3.032548,7.916875
68,28.4,2.303971,7.959889
68,28.8,1.141845,7.222773
68,29.2,0.596311,6.080772
68,29.6,0.743555,5.159558
68,30.0,1.047259,4.445842
68,30.4,1.56917,4.082159
68,30.8,2.27135,4.19332
68,31.2,2.936523,4.742479
68,31.6,3.388244,5.571562
68,32.0,3.564365,6.49334
68,32.4,3.460007,7.325323
68,32.8,3.076574,7.888662
68,33.2,2.377911,7.981038
68,33.6,1.246832,7.316433
68,34.0,0.595039,6.163119
68,34.4,0.725967,5.228065
68,34.8,1.015374,4.493088
68,35.2,1.517929,4.094819
68,35.6,2.21241,4.166325
68,36.0,2.888891,4.684901
68,36.4,3.361515,5.498178
68,36.8,3.560606,6.419356
68,37.2,3.478822,7.265274
68,37.6,3.118574,7.857384
68,38.0,2.448909,7.997211
68,38.4,1.353226,7.405114
68,38.8,0.597465,6.246924
68,39.2,0.709261,5.297822
68,39.6,0.984946,4.542549
68,40.0,1.468106,4.110694
69,0.0,4.168157,4.655121
69,0.4,3.928346,6.139639
69,0.8,3.243199,7.135955
69,1.2,2.011729,7.281919
69,1.6,0.475555,6.254872
69,2.0,0.475707,5.358237
69,2.4,0.594703,4.564899
69,2.8,0.778441,3.897851
69,3.2,1.066761,3.4296
69,3.6,1.48069,3.249822
69,4.0,1.947861,3.39756
69,4.4,2.326686,3.806319
69,4.8,2.513234,4.33631
69,5.2,2.467654,4.82474
69,5.6,2.187502,5.110592
69,6.0,1.697412,5.050002
69,6.4,1.148756,4.596351
69,6.8,0.944055,4.000607
69,7.2,1.102092,3.54302
69,7.6,1.446947,3.335467
69,8.0,1.870078,3.426493
69,8.4,2.236526,3.771523
69,8.8,2.438669,4.25025
69,9.2,2.428155,4.712643
69,9.6,2.197621,5.007054
69,10.0,1.768795,4.997631
69,10.4,1.256713,4.623376
69,10.8,0.996966,4.064162
69,11.2,1.102055,3.602236
69,11.6,1.414614,3.37033
69,12.0,1.820474,3.425776
69,12.4,2.187976,3.736844
69,12.8,2.405815,4.193359
69,13.2,2.419661,4.650822
69,13.6,2.218344,4.960563
69,14.0,1.820207,4.987737
69,14.4,1.321134,4.660215
69,14.8,1.023889,4.119528
69,15.2,1.091444,3.647388
69,15.6,1.381751,3.391401
69,16.0,1.777906,3.416594
69,16.4,2.150545,3.701675
69,16.8,2.384515,4.144052
69,17.2,2.419961,4.602599
69,17.6,2.242171,4.929664
69,18.0,1.866242,4.989487
69,18.4,1.373916,4.699962
69,18.8,1.043652,4.172855
69,19.2,1.077737,3.688695
69,19.6,1.348925,3.408845
69,20.0,1.73755,3.405463
69,20.4,2.116355,3.666875
69,20.8,2.366457,4.097373
69,21.2,2.42253,4.558554
69,21.6,2.266314,4.903118
69,22.0,1.909857,4.99383
69,22.4,1.423273,4.739661
69,22.8,1.062705,4.225825
69,23.2,1.063909,3.729628
69,23.6,1.316661,3.426336
69,24.0,1.697962,3.394949
69,24.4,2.082723,3.633069
69,24.8,2.348651,4.051849
69,25.2,2.424907,4.515522
69,25.6,2.28957,4.876964
69,26.0,1.951796,4.997371
69,26.4,1.471805,4.777845
69,26.8,1.083639,4.27884
69,27.2,1.051323,3.771468
69,27.6,1.285318,3.445327
69,28.0,1.658719,3.386168
69,28.4,2.048667,3.600664
69,28.8,2.329919,4.007054
69,29.2,2.426072,4.472375
69,29.6,2.31138,4.849698
69,30.0,1.992213,4.998736
69,30.4,1.520281,4.813718
69,30.8,1.107536,4.331857
69,31.2,1.040673,3.814669
69,31.6,1.255134,3.466397
69,32.0,1.619746,3.379633
69,32.4,2.013851,3.569924
69,32.8,2.309796,3.962921
69,33.2,2.425592,4.428742
69,33.6,2.331476,4.82077
69,34.0,2.031092,4.997376
69,34.4,1.568804,4.846824
69,34.8,1.134798,4.384666
69,35.2,1.032367,3.859353
69,35.6,1.226277,3.489762
69,36.0,1.581099,3.37559
69,36.4,1.978199,3.541037
69,36.8,2.28811,3.919511
69,37.2,2.42328,4.384555
69,37.6,2.349727,4.790023
69,38.0,2.068374,4.993096
69,38.4,1.617238,4.87689
69,38.8,1.165492,4.436989
69,39.2,1.02669,3.905506
69,39.6,1.198877,3.515474
69,40.0,1.542877,3.374155
70,0.0,3.359868,9.426507
70,0.4,0.1915,8.533637
70,0.8,0.207769,7.780194
70,1.2,0.230595,7.042792
70,1.6,0.258526,6.324136
70,2.0,0.293332,5.628808
70,2.4,0.33762,4.963114
70,2.8,0.395315,4.335956
70,3.2,0.472396,3.760187
70,3.6,0.577787,3.254593
70,4.0,0.723349,2.846005
70,4.4,0.918858,2.568521
70,4.8,1.155327,2.451983
70,5.2,1.386117,2.496165
70,5.6,1.540336,2.651384
70,6.0,1.565479,2.829327
70,6.4,1.458921,2.937199
70,6.8,1.28396,2.922659
70,7.2,1.154355,2.812238
70,7.6,1.138863,2.687014
70,8.0,1.212162,2.611986
70,8.4,1.316496,2.610198
70,8.8,1.39988,2.668255
70,9.2,1.428062,2.74836
70,9.6,1.394328,2.806873
70,10.0,1.323093,2.815931
70,10.4,1.258437,2.778275
70,10.8,1.235052,2.722335
70,11.2,1.256511,2.680307
70,11.6,1.302244,2.670142
70,12.0,1.345447,2.690845
70,12.4,1.365835,2.726896
70,12.8,1.356844,2.757636
70,13.2,1.327282,2.768026
70,13.6,1.295783,2.755926
70,14.0,1.279378,2.73152
70,14.4,1.283818,2.709565
70,14.8,1.3028,2.700678
70,15.2,1.32413,2.706938
70,15.6,1.336834,2.722574
70,16.0,1.33599,2.738104
70,16.4,1.324185,2.745602
70,16.8,1.309271,2.742545
70,17.2,1.29951,2.732314
70,17.6,1.299032,2.72141
70,18.0,1.306393,2.715492
70,18.4,1.316454,2.716667
70,18.8,1.323682,2.723108
70,19.2,1.324916,2.730647
70,19.6,1.320531,2.735257
70,20.0,1.313705,2.735075
70,20.4,1.308359,2.731016
70,20.8,1.306978,2.725827
70,21.2,1.309568,2.722347
70,21.6,1.314111,2.722045
70,22.0,1.317965,2.724522
70,22.4,1.319296,2.728041
70,22.8,1.317857,2.730632
70,23.2,1.314853,2.731132
70,23.6,1.312086,2.729645
70,24.0,1.31093,2.727273
70,24.4,1.311694,2.725378
70,24.8,1.313654,2.724841
70,25.2,1.315606,2.7257
70,25.6,1.31656,2.727277
70,26.0,1.316202,2.728645
70,26.4,1.314939,2.729144
70,26.8,1.313571,2.728668
70,27.2,1.312814,2.727629
70,27.6,1.312947,2.726653
70,28.0,1.313749,2.726226
70,28.4,1.314696,2.726471
70,28.8,1.31528,2.727146
70,29.2,1.315268,2.727835
70,29.6,1.314767,2.728183
70,30.0,1.314118,2.728072
70,30.4,1.313677,2.727638
70,30.8,1.313632,2.727158
70,31.2,1.313938,2.726884
70,31.6,1.314378,2.72692
70,32.0,1.314706,2.727194
70,32.4,1.314773,2.727526
70,32.8,1.314591,2.727736
70,33.2,1.314295,2.727739
70,33.6,1.314055,2.727568
70,34.0,1.313985,2.727341
70,34.4,1.31409,2.727184
70,34.8,1.314287,2.727163
70,35.2,1.314459,2.727267
70,35.6,1.314524,2.72742
70,36.0,1.314466,2.727537
70,36.4,1.314337,2.727563
70,36.8,1.314214,2.727502
70,37.2,1.314159,2.727399
70,37.6,1.314189,2.727315
70,38.0,1.314273,2.727288
70,38.4,1.314359,2.727323
70,38.8,1.314403,2.727391
70,39.2,1.31439,2.727452
70,39.6,1.314337,2.727476
70,40.0,1.314276,2.727457
71,0.0,1.215897,7.439451
71,0.4,0.400713,6.075675
71,0.8,0.506807,5.028872
71,1.2,0.681675,4.125494
71,1.6,0.980075,3.466104
71,2.0,1.453639,3.200405
71,2.4,2.011567,3.409339
71,2.8,2.436522,3.979143
71,3.2,2.580408,4.666495
71,3.6,2.395399,5.194397
71,4.0,1.884143,5.291556
71,4.4,1.177775,4.77995
71,4.8,0.893901,3.997911
71,5.2,1.117196,3.438873
71,5.6,1.573297,3.272012
71,6.0,2.084335,3.542095
71,6.4,2.441112,4.114453
71,6.8,2.519808,4.749551
71,7.2,2.283998,5.183227
71,7.6,1.74876,5.165435
71,8.0,1.109643,4.58928
71,8.4,0.945015,3.85838
71,8.8,1.214922,3.383182
71,9.2,1.688179,3.313965
71,9.6,2.171803,3.658405
71,10.0,2.469858,4.254214
71,10.4,2.481417,4.856063
71,10.8,2.182429,5.203959
71,11.2,1.605017,5.063796
71,11.6,1.032651,4.414124
71,12.0,0.98756,3.726879
71,12.4,1.312074,3.335467
71,12.8,1.802708,3.364152
71,13.2,2.256171,3.780249
71,13.6,2.494206,4.395796
71,14.0,2.437097,4.959557
71,14.4,2.07224,5.214537
71,14.8,1.457032,4.947235
71,15.2,0.977607,4.243631
71,15.6,1.040174,3.608377
71,16.0,1.415267,3.305506
71,16.4,1.915444,3.430706
71,16.8,2.331585,3.910611
71,17.2,2.506645,4.535786
71,17.6,2.379951,5.050807
71,18.0,1.949798,5.202571
71,18.4,1.312645,4.809182
71,18.8,0.951251,4.079875
71,19.2,1.105692,3.506097
71,19.6,1.524556,3.296724
71,20.0,2.023853,3.514707
71,20.4,2.395187,4.048125
71,20.8,2.504596,4.670688
71,21.2,2.308027,5.124688
71,21.6,1.815414,5.163005
71,22.0,1.182164,4.652755
71,22.4,0.952009,3.92603
71,22.8,1.183659,3.422396
71,23.2,1.638106,3.31013
71,23.6,2.125459,3.614926
71,24.0,2.445355,4.190228
71,24.4,2.487102,4.797189
71,24.8,2.220926,5.177552
71,25.2,1.671351,5.093765
71,25.6,1.076027,4.485162
71,26.0,0.975744,3.784638
71,26.4,1.272838,3.359075
71,26.8,1.753443,3.345516
71,27.2,2.2181,3.72923
71,27.6,2.481082,4.334008
71,28.0,2.45382,4.912147
71,28.4,2.118878,5.206422
71,28.8,1.521786,4.99487
71,29.2,1.00142,4.314539
71,29.6,1.018477,3.657794
71,30.0,1.371643,3.317452
71,30.4,1.867892,3.401909
71,30.8,2.299973,3.855079
71,31.2,2.501717,4.476455
71,31.6,2.404672,5.012531
71,32.0,2.002546,5.208756
71,32.4,1.373283,4.868607
71,32.8,0.960059,4.147674
71,33.2,1.077184,3.547413
71,33.6,1.478161,3.298342
71,34.0,1.97881,3.477778
71,34.4,2.369615,3.989713
71,34.8,2.506839,4.614535
71,35.2,2.339732,5.095402
71,35.6,1.873142,5.182485
71,36.0,1.234934,4.719914
71,36.4,0.949011,3.989237
71,36.8,1.149679,3.455302
71,37.2,1.590138,3.302004
71,37.6,2.083728,3.571167
71,38.0,2.425871,4.130245
71,38.4,2.496194,4.74522
71,38.8,2.259196,5.157911
71,39.2,1.73274,5.126239
71,39.6,1.11715,4.556183
71,40.0,0.963381,3.842288
72,0.0,3.410092,8.697044
72,0.4,1.679759,8.573589
72,0.8,0.378924,7.246844
72,1.2,0.462309,6.188628
72,1.6,0.593331,5.215444
72,2.0,0.821289,4.388275
72,2.4,1.265975,3.844564
72,2.8,2.053396,3.818799
72,3.2,2.96828,4.422984
72,3.6,3.629916,5.488386
72,4.0,3.853793,6.715413
72,4.4,3.572924,7.767083
72,4.8,2.648258,8.228582
72,5.2,0.579952,7.336232
72,5.6,0.458437,6.229039
72,6.0,0.586815,5.251625
72,6.4,0.809286,4.416804
72,6.8,1.242149,3.857824
72,7.2,2.017153,3.807606
72,7.6,2.93505,4.38867
72,8.0,3.611502,5.441184
72,8.4,3.854148,6.668024
72,8.8,3.594534,7.733521
72,9.2,2.702086,8.229083
72,9.6,0.639539,7.392846
72,10.0,0.45453,6.269555
72,10.4,0.580436,5.288019
72,10.8,0.797598,4.445744
72,11.2,1.218913,3.87189
72,11.6,1.981159,3.797441
72,12.0,2.901408,4.355103
72,12.4,3.592396,5.394257
72,12.8,3.853726,6.62039
72,13.2,3.615213,7.699108
72,13.6,2.754062,8.227608
72,14.0,0.71157,7.451669
72,14.4,0.450701,6.310199
72,14.8,0.57419,5.324622
72,15.2,0.786215,4.475083
72,15.6,1.19626,3.886743
72,16.0,1.945441,3.788305
72,16.4,2.867373,4.322302
72,16.8,3.572605,5.347623
72,17.2,3.85253,6.572532
72,17.6,3.63497,7.663872
72,18.0,2.804266,8.224229
72,18.4,0.795139,7.512097
72,18.8,0.446953,6.350966
72,19.2,0.568074,5.361427
72,19.6,0.775126,4.50481
72,20.0,1.174186,3.902366
72,20.4,1.910029,3.780201
72,20.8,2.832966,4.290281
72,21.2,3.552136,5.301304
72,21.6,3.850565,6.524473
72,22.0,3.653818,7.627842
72,22.4,2.852773,8.219018
72,22.8,0.88823,7.573213
72,23.2,0.44329,6.391858
72,23.6,0.562083,5.398431
72,24.0,0.764321,4.534916
72,24.4,1.152681,3.918742
72,24.8,1.874949,3.773127
72,25.2,2.798207,4.259057
72,25.6,3.530993,5.255318
72,26.0,3.847832,6.476232
72,26.4,3.671768,7.591044
72,26.8,2.899652,8.212039
72,27.2,0.988137,7.633945
72,27.6,0.439716,6.432875
72,28.0,0.556213,5.43563
72,28.4,0.753793,4.565388
72,28.8,1.131737,3.935854
72,29.2,1.840228,3.767084
72,29.6,2.763115,4.228646
72,30.0,3.509184,5.209685
72,30.4,3.844333,6.42783
72,30.8,3.688828,7.553504
72,31.2,2.944966,8.203352
72,31.6,1.09203,7.693256
72,32.0,0.436241,6.474014
72,32.4,0.550462,5.473019
72,32.8,0.743531,4.596218
72,33.2,1.111345,3.953682
72,33.6,1.80589,3.762069
72,34.0,2.727714,4.199063
72,34.4,3.486715,5.164425
72,34.8,3.840072,6.379289
72,35.2,3.705008,7.51525
72,35.6,2.988773,8.193019
72,36.0,1.197404,7.750282
72,36.4,0.432877,6.515279
72,36.8,0.544826,5.510593
72,37.2,0.733526,4.627396
72,37.6,1.091495,3.972211
72,38.0,1.77196,3.758081
72,38.4,2.692026,4.170323
72,38.8,3.463594,5.119557
72,39.2,3.835051,6.33063
72,39.6,3.720317,7.476305
72,40.0,3.031126,8.181094
73,0.0,1.432211,4.560048
73,0.4,1.291926,4.133515
73,0.8,1.420045,3.810146
73,1.2,1.742476,3.736563
73,1.6,2.12043,3.951642
73,2.0,2.404576,4.380444
73,2.4,2.494343,4.87329
73,2.8,2.346623,5.251661
73,3.2,1.956574,5.335471
73,3.6,1.391641,4.98968
73,4.0,1.008757,4.335947
73,4.4,1.094503,3.763954
73,4.8,1.470603,3.487448
73,5.2,1.983911,3.602251
73,5.6,2.440818,4.06275
73,6.0,2.684339,4.702074
73,6.4,2.644894,5.305893
73,6.8,2.301174,5.648742
73,7.2,1.651713,5.504097
73,7.6,0.945287,4.80096
73,8.0,0.865295,4.042285
73,8.4,1.16371,3.53657
73,8.8,1.66425,3.409819
73,9.2,2.220149,3.705391
73,9.6,2.627986,4.306416
73,10.0,2.766094,5.004803
73,10.4,2.59316,5.567819
73,10.8,2.094023,5.755285
73,11.2,1.295111,5.339229
73,11.6,0.794271,4.501231
73,12.0,0.930949,3.813152
73,12.4,1.322726,3.429006
73,12.8,1.874164,3.461939
73,13.2,2.401989,3.894945
73,13.6,2.722101,4.56471
73,14.0,2.748407,5.247405
73,14.4,2.45516,5.705842
73,14.8,1.828734,5.694824
73,15.2,1.008479,5.048455
73,15.6,0.797722,4.225446
73,16.0,1.046396,3.631655
73,16.4,1.509681,3.388404
73,16.8,2.078849,3.576983
73,17.2,2.548585,4.119604
73,17.6,2.768527,4.821779
73,18.0,2.681302,5.452081
73,18.4,2.269078,5.770645
73,18.8,1.527776,5.533123
73,19.2,0.8371,4.734834
73,19.6,0.857674,3.98019
73,20.0,1.190934,3.496892
73,20.4,1.712028,3.406727
73,20.8,2.269345,3.739754
73,21.2,2.660981,4.365291
73,21.6,2.773883,5.068958
73,22.0,2.571472,5.615361
73,22.4,2.038728,5.761482
73,22.8,1.217475,5.284861
73,23.2,0.783531,4.43855
73,23.6,0.952011,3.769152
73,24.0,1.36116,3.414032
73,24.4,1.919594,3.481538
73,24.8,2.437272,3.941056
73,25.2,2.736557,4.621175
73,25.6,2.73828,5.295787
73,26.0,2.418996,5.726968
73,26.4,1.765817,5.668798
73,26.8,0.959576,4.980738
73,27.2,0.806826,4.169755
73,27.6,1.075199,3.598324
73,28.0,1.552396,3.387328
73,28.4,2.121548,3.608343
73,28.8,2.575927,4.171252
73,29.2,2.773224,4.876404
73,29.6,2.66124,5.491279
73,30.0,2.223087,5.775374
73,30.4,1.459976,5.486323
73,30.8,0.816675,4.668787
73,31.2,0.875415,3.931551
73,31.6,1.225609,3.474422
73,32.0,1.75676,3.418196
73,32.4,2.307769,3.780255
73,32.8,2.680505,4.420031
73,33.2,2.76969,5.120022
73,33.6,2.5422,5.644226
73,34.0,1.983289,5.748882
73,34.4,1.154648,5.222355
73,34.8,0.783472,4.378104
73,35.2,0.976229,3.728649
73,35.6,1.400878,3.403416
73,36.0,1.964025,3.504709
73,36.4,2.469869,3.988639
73,36.8,2.74782,4.676692
73,37.2,2.725177,5.341014
73,37.6,2.380418,5.74317
73,38.0,1.701957,5.637056
73,38.4,0.917972,4.912581
73,38.8,0.818466,4.115628
73,39.2,1.105406,3.567385
73,39.6,1.595719,3.389133
73,40.0,2.163389,3.641903
74,0.0,3.796578,7.700565
74,0.4,1.459647,7.804805
74,0.8,0.281496,6.711199
74,1.2,0.324021,5.904018
74,1.6,0.380518,5.136062
74,2.0,0.457508,4.421345
74,2.4,0.566289,3.781721
74,2.8,0.724773,3.251447
74,3.2,0.955066,2.880726
74,3.6,1.260904,2.724659
74,4.0,1.587227,2.80188
74,4.4,1.83075,3.055858
74,4.8,1.907021,3.367273
74,5.2,1.786723,3.595364
74,5.6,1.506461,3.623562
74,6.0,1.208665,3.431528
74,6.4,1.095186,3.150953
74,6.8,1.187797,2.938946
74,7.2,1.388355,2.872566
74,7.6,1.60137,2.960425
74,8.0,1.742366,3.151441
74,8.4,1.757125,3.355207
74,8.8,1.637823,3.475032
74,9.2,1.43475,3.448314
74,9.6,1.260767,3.292153
74,10.0,1.218657,3.102763
74,10.4,1.306992,2.977421
74,10.8,1.461016,2.963806
74,11.2,1.607456,3.056709
74,11.6,1.685366,3.20722
74,12.0,1.663102,3.343324
74,12.4,1.549603,3.3986
74,12.8,1.40002,3.344947
74,13.2,1.298685,3.215481
74,13.6,1.298015,3.084129
74,14.0,1.383286,3.014418
74,14.4,1.503246,3.031794
74,14.8,1.601927,3.121276
74,15.2,1.637356,3.237548
74,15.6,1.594866,3.324322
74,16.0,1.494372,3.338862
74,16.4,1.387996,3.275388
74,16.8,1.334209,3.171335
74,17.2,1.356546,3.082666
74,17.6,1.434393,3.050301
74,18.0,1.52564,3.084316
74,18.4,1.58828,3.164384
74,18.8,1.595356,3.250551
74,19.2,1.544587,3.300774
74,19.6,1.461327,3.290708
74,20.0,1.389724,3.227814
74,20.4,1.367265,3.147587
74,20.8,1.400764,3.091157
74,21.2,1.46796,3.083409
74,21.6,1.534586,3.124275
74,22.0,1.570208,3.191601
74,22.4,1.559561,3.251975
74,22.8,1.508687,3.275942
74,23.2,1.443812,3.252649
74,23.6,1.399183,3.196219
74,24.0,1.396637,3.137248
74,24.4,1.433604,3.104791
74,24.8,1.488646,3.112301
74,25.2,1.534651,3.15352
74,25.6,1.550741,3.206972
74,26.0,1.530403,3.246227
74,26.4,1.484475,3.25237
74,26.8,1.436906,3.223678
74,27.2,1.412268,3.176512
74,27.6,1.421467,3.135561
74,28.0,1.457079,3.120283
74,28.4,1.499901,3.136184
74,28.8,1.529293,3.173755
74,29.2,1.532073,3.213807
74,29.6,1.507868,3.236657
74,30.0,1.469466,3.231662
74,30.4,1.436834,3.202647
74,30.8,1.426261,3.165511
74,31.2,1.441449,3.139098
74,31.6,1.472942,3.135473
74,32.0,1.504484,3.154893
74,32.4,1.521111,3.186699
74,32.8,1.515589,3.214853
74,33.2,1.491441,3.225683
74,33.6,1.461353,3.214591
74,34.0,1.440768,3.188251
74,34.4,1.439476,3.160646
74,34.8,1.456743,3.145391
74,35.2,1.482819,3.149066
74,35.6,1.504622,3.168741
74,36.0,1.511971,3.194025
74,36.4,1.501984,3.212312
74,36.8,1.480258,3.214913
74,37.2,1.458112,3.201306
74,37.6,1.446674,3.179137
74,38.0,1.45098,3.159866
74,38.4,1.467826,3.152723
74,38.8,1.488189,3.160412
74,39.2,1.502064,3.178347
74,39.6,1.503117,3.197268
74,40.0,1.491425,3.207861
75,0.0,3.395588,7.812982
75,0.4,3.555292,8.793158
75,0.8,3.29941,9.549332
75,1.2,2.439515,9.534909
75,1.6,0.655672,7.836592
75,2.0,0.671392,6.040059
75,2.4,1.194455,4.758018
75,2.8,2.428507,4.60071
75,3.2,3.891431,5.876212
75,3.6,4.835469,8.06416
75,4.0,5.06447,10.474201
75,4.4,4.542383,12.410217
75,4.8,3.005469,12.975534
75,5.2,0.313318,10.683653
75,5.6,0.39659,8.700964
75,6.0,0.546844,6.853976
75,6.4,0.873235,5.293463
75,6.8,1.735667,4.490488
75,7.2,3.21256,5.098198
75,7.6,4.460676,6.926513
75,8.0,5.044322,9.31439
75,8.4,4.895891,11.571877
75,8.8,3.930082,12.955194
75,9.2,1.194897,12.001828
75,9.6,0.349611,9.655606
75,10.0,0.46159,7.732415
75,10.4,0.6777,6.001147
75,10.8,1.21492,4.737129
75,11.2,2.465769,4.615558
75,11.6,3.922428,5.921371
75,12.0,4.849952,8.123165
75,12.4,5.061089,10.530232
75,12.8,4.519452,12.445443
75,13.2,2.945769,12.958864
75,13.6,0.314263,10.63434
75,14.0,0.39925,8.654324
75,14.4,0.551896,6.811831
75,14.8,0.885631,5.262085
75,15.2,1.766704,4.487204
75,15.6,3.248599,5.130445
75,16.0,4.483261,6.980521
75,16.4,5.049441,9.373351
75,16.8,4.882947,11.61906
75,17.2,3.893591,12.969666
75,17.6,1.073707,11.915241
75,18.0,0.351679,9.607634
75,18.4,0.465191,7.687675
75,18.8,0.685413,5.963186
75,19.2,1.235904,4.717444
75,19.6,2.502824,4.631497
75,20.0,3.952672,5.966863
75,20.4,4.863687,8.181786
75,20.8,5.057106,10.585317
75,21.2,4.496008,12.479259
75,21.6,2.884734,12.939745
75,22.0,0.315429,10.585151
75,22.4,0.401946,8.60776
75,22.8,0.557041,6.769843
75,23.2,0.89834,5.231132
75,23.6,1.79818,4.484824
75,24.0,3.284451,5.163414
75,24.4,4.50544,7.034848
75,24.8,5.054131,9.432228
75,25.2,4.869541,11.665737
75,25.6,3.856298,12.982943
75,26.0,0.953616,11.826438
75,26.4,0.353772,9.559719
75,26.8,0.468849,7.643043
75,27.2,0.693297,5.925478
75,27.6,1.257383,4.698462
75,28.0,2.539975,4.648313
75,28.4,3.98257,6.012874
75,28.8,4.876997,8.240516
75,29.2,5.052689,10.640109
75,29.6,4.472012,12.51229
75,30.0,2.821873,12.918402
75,30.4,0.316751,10.536062
75,30.8,0.404677,8.561274
75,31.2,0.562283,6.728016
75,31.6,0.911372,5.200616
75,32.0,1.830082,4.48335
75,32.4,3.320102,5.197096
75,32.8,4.527209,7.089481
75,33.2,5.058393,9.491009
75,33.6,4.855671,11.711895
75,34.0,3.818181,12.994998
75,34.4,0.837876,11.736965
75,34.8,0.35589,9.511864
75,35.2,0.472565,7.598521
75,35.6,0.701358,5.88803
75,36.0,1.279364,4.680197
75,36.4,2.577205,4.666
75,36.8,4.012117,6.059392
75,37.2,4.889879,8.299347
75,37.6,5.047837,10.694598
75,38.0,4.447459,12.544521
75,38.4,2.75708,12.894743
75,38.8,0.31819,10.487056
75,39.2,0.407447,8.514867
75,39.6,0.567623,6.686352
75,40.0,0.924737,5.170547
76,0.0,1.992978,7.550977
76,0.4,0.435385,6.627099
76,0.8,0.455751,5.830066
76,1.2,0.549007,5.095832
76,1.6,0.686134,4.438812
76,2.0,0.899572,3.901882
76,2.4,1.239036,3.556844
76,2.8,1.725533,3.490521
76,3.2,2.265982,3.736422
76,3.6,2.702452,4.231283
76,4.0,2.927898,4.849951
76,4.4,2.898751,5.446024
76,4.8,2.595364,5.864783
76,5.2,1.979131,5.931238
76,5.6,1.044781,5.455049
76,6.0,0.665078,4.727197
76,6.4,0.798025,4.127568
76,6.8,1.06926,3.685865
76,7.2,1.490794,3.484423
76,7.6,2.024254,3.590705
76,8.0,2.524483,3.984749
76,8.4,2.85336,4.563418
76,8.8,2.942325,5.186976
76,9.2,2.766163,5.704754
76,9.6,2.300088,5.954179
76,10.0,1.488395,5.740329
76,10.4,0.714375,5.040143
76,10.8,0.7182,4.381225
76,11.2,0.93039,3.86033
76,11.6,1.282121,3.539615
76,12.0,1.778365,3.503733
76,12.4,2.313995,3.777228
76,12.8,2.732498,4.288885
76,13.2,2.934058,4.910469
76,13.6,2.879235,5.494891
76,14.0,2.548351,5.886597
76,14.4,1.899186,5.907535
76,14.8,0.962572,5.379668
76,15.2,0.669832,4.66113
76,15.6,0.819501,4.07487
76,16.0,1.104617,3.653237
76,16.4,1.541238,3.480745
76,16.8,2.078863,3.6186
76,17.2,2.566974,4.036821
76,17.6,2.87374,4.62659
76,18.0,2.93682,5.246404
76,18.4,2.732977,5.744845
76,18.8,2.235087,5.957155
76,19.2,1.388699,5.685679
76,19.6,0.6906,4.967351
76,20.0,0.733839,4.322017
76,20.4,0.958932,3.817487
76,20.8,1.326281,3.521947
76,21.2,1.833218,3.517755
76,21.6,2.363717,3.819824
76,22.0,2.763631,4.348878
76,22.4,2.940486,4.973516
76,22.8,2.858798,5.545759
76,23.2,2.498499,5.908808
76,23.6,1.813393,5.880881
76,24.0,0.88584,5.303023
76,24.4,0.67685,4.596267
76,24.8,0.84209,4.023742
76,25.2,1.141553,3.623084
76,25.6,1.592831,3.480247
76,26.0,2.132985,3.649378
76,26.4,2.607622,4.090665
76,26.8,2.891678,4.690115
76,27.2,2.928657,5.304678
76,27.6,2.69687,5.782146
76,28.0,2.166428,5.955294
76,28.4,1.28811,5.62513
76,28.8,0.67559,4.896194
76,29.2,0.750837,4.264154
76,29.6,0.98892,3.776746
76,30.0,1.371983,3.507296
76,30.4,1.888341,3.534972
76,30.8,2.412048,3.864764
76,31.2,2.792452,4.409852
76,31.6,2.944281,5.036039
76,32.0,2.835557,5.594525
76,32.4,2.445393,5.927102
76,32.8,1.723789,5.848088
76,33.2,0.820945,5.226032
76,33.6,0.686396,4.532657
76,34.0,0.865949,3.974321
76,34.4,1.180117,3.595571
76,34.8,1.645425,3.483007
76,35.2,2.1864,3.68298
76,35.6,2.646273,4.146133
76,36.0,2.907081,4.753799
76,36.4,2.917774,5.361572
76,36.8,2.657777,5.816396
76,37.2,2.094034,5.948287
76,37.6,1.188483,5.559207
76,38.0,0.667695,4.8266
76,38.4,0.769123,4.207687
76,38.8,1.020402,3.738206
76,39.2,1.419166,3.495732
76,39.6,1.943553,3.555338
76,40.0,2.458857,3.911923
77,0.0,3.461066,5.42503
77,0.4,3.397803,6.668749
77,0.8,2.822971,7.408753
77,1.2,1.60821,7.109933
77,1.6,0.546822,5.713153
77,2.0,0.69545,4.604138
77,2.4,1.053303,3.808505
77,2.8,1.674915,3.549708
77,3.2,2.412088,3.945361
77,3.6,2.950253,4.812809
77,4.0,3.119887,5.819697
77,4.4,2.874176,6.605735
77,4.8,2.176872,6.787283
77,5.2,1.026685,5.95539
77,5.6,0.69459,4.756833
77,6.0,0.992359,3.904322
77,6.4,1.570534,3.553639
77,6.8,2.307228,3.855915
77,7.2,2.887402,4.669077
77,7.6,3.115284,5.673307
77,8.0,2.93298,6.511134
77,8.4,2.308931,6.806446
77,8.8,1.199809,6.136053
77,9.2,0.679546,4.907462
77,9.6,0.933323,4.001653
77,10.0,1.471748,3.564722
77,10.4,2.204236,3.775265
77,10.8,2.823225,4.53279
77,11.2,3.107038,5.531184
77,11.6,2.984927,6.414978
77,12.0,2.427823,6.812929
77,12.4,1.376732,6.301186
77,12.8,0.674977,5.064385
77,13.2,0.879773,4.108133
77,13.6,1.377584,3.589398
77,14.0,2.098827,3.70603
77,14.4,2.752153,4.401585
77,14.8,3.090619,5.386997
77,15.2,3.028171,6.309338
77,15.6,2.536258,6.801098
77,16.0,1.554232,6.445068
77,16.4,0.687004,5.228526
77,16.8,0.831703,4.223311
77,17.2,1.288668,3.627639
77,17.6,1.991826,3.649028
77,18.0,2.674346,4.276384
77,18.4,3.065919,5.241537
77,18.8,3.062711,6.194982
77,19.2,2.634644,6.772068
77,19.6,1.725891,6.564936
77,20.0,0.722895,5.400746
77,20.4,0.789013,4.346487
77,20.8,1.20547,3.679
77,21.2,1.884304,3.604886
77,21.6,2.590255,4.158191
77,22.0,3.033029,5.095844
77,22.4,3.088613,6.072987
77,22.8,2.723297,6.727177
77,23.2,1.888282,6.660161
77,23.6,0.79081,5.581363
77,24.0,0.751771,4.477034
77,24.4,1.128267,3.742891
77,24.8,1.777372,3.574109
77,25.2,2.500427,4.04799
77,25.6,2.992076,4.950969
77,26.0,3.105935,5.944431
77,26.4,2.802486,6.667718
77,26.8,2.039951,6.731312
77,27.2,0.896067,5.768521
77,27.6,0.72036,4.614443
77,28.0,1.057153,3.818618
77,28.4,1.672143,3.557067
77,28.8,2.405501,3.946735
77,29.2,2.94322,4.807959
77,29.6,3.114729,5.81038
77,30.0,2.872435,6.594935
77,30.4,2.18049,6.779542
77,30.8,1.036407,5.956677
77,31.2,0.695687,4.758369
77,31.6,0.992077,3.905414
77,32.0,1.569686,3.553973
77,32.4,2.306213,3.85534
77,32.8,2.886668,4.667862
77,33.2,3.115044,5.671894
77,33.6,2.933325,6.510027
77,34.0,2.309986,6.806248
77,34.4,1.201509,6.137395
77,34.8,0.679525,4.908705
77,35.2,0.932883,4.002482
77,35.6,1.470975,3.564877
77,36.0,2.203395,3.774671
77,36.4,2.822675,4.531717
77,36.8,3.106932,5.530029
77,37.2,2.985303,6.414157
77,37.6,2.428732,6.812893
77,38.0,1.37817,6.302423
77,38.4,0.675003,5.065669
77,38.8,0.879368,4.109021
77,39.2,1.376852,3.589651
77,39.6,2.097976,3.705525
77,40.0,2.751557,4.400559
78,0.0,4.875854,8.093143
78,0.4,3.584159,9.014672
78,0.8,1.258228,8.80228
78,1.2,0.291171,7.891265
78,1.6,0.323467,7.183034
78,2.0,0.363632,6.49507
78,2.4,0.414464,5.832699
78,2.8,0.480649,5.203636
78,3.2,0.569874,4.61945
78,3.6,0.695203,4.098255
78,4.0,0.878552,3.669216
78,4.4,1.150408,3.377268
78,4.8,1.526636,3.276756
78,5.2,1.959698,3.398487
78,5.6,2.343247,3.716342
78,6.0,2.58171,4.153735
78,6.4,2.623365,4.609031
78,6.8,2.445771,4.971014
78,7.2,2.031299,5.120634
78,7.6,1.374927,4.93379
78,8.0,0.811586,4.436364
78,8.4,0.787327,3.944813
78,8.8,0.971427,3.560332
78,9.2,1.270683,3.328936
78,9.6,1.669396,3.301418
78,10.0,2.09362,3.491758
78,10.4,2.433953,3.85535
78,10.8,2.609323,4.305718
78,11.2,2.580266,4.737992
78,11.6,2.328315,5.039554
78,12.0,1.834854,5.088969
78,12.4,1.141468,4.778662
78,12.8,0.765383,4.256405
78,13.2,0.838551,3.798487
78,13.6,1.062517,3.460895
78,14.0,1.399468,3.295154
78,14.4,1.818265,3.344093
78,14.8,2.225126,3.601694
78,15.2,2.51518,4.005983
78,15.6,2.622858,4.462094
78,16.0,2.518774,4.86206
78,16.4,2.18607,5.090745
78,16.8,1.607885,5.024098
78,17.2,0.93853,4.601216
78,17.6,0.763974,4.086891
78,18.0,0.903052,3.665866
78,18.4,1.16658,3.381407
78,18.8,1.538638,3.286835
78,19.2,1.966095,3.411732
78,19.6,2.342873,3.729261
78,20.0,2.575017,4.163112
78,20.4,2.611658,4.612361
78,20.8,2.430513,4.966547
78,21.2,2.014151,5.107432
78,21.6,1.360732,4.913133
78,22.0,0.81263,4.41637
78,22.4,0.794316,3.928869
78,22.8,0.981293,3.549374
78,23.2,1.284087,3.324777
78,23.6,1.685017,3.305268
78,24.0,2.107715,3.502823
78,24.4,2.442945,3.87093
78,24.8,2.611278,4.322173
78,25.2,2.574437,4.751368
78,25.6,2.314239,5.045707
78,26.0,1.812048,5.083481
78,26.4,1.117678,4.760306
78,26.8,0.763516,4.237611
78,27.2,0.844914,3.783511
78,27.6,1.073112,3.45134
78,28.0,1.414015,3.293027
78,28.4,1.834327,3.350219
78,28.8,2.238531,3.61466
78,29.2,2.522674,4.022677
78,29.6,2.622839,4.478653
78,30.0,2.510551,4.874334
78,30.4,2.16898,5.09428
78,30.8,1.581967,5.014331
78,31.2,0.920918,4.581301
78,31.6,0.766008,4.069281
78,32.0,0.910841,3.652489
78,32.4,1.178616,3.374162
78,32.8,1.554146,3.287534
78,33.2,1.98175,3.42047
78,33.6,2.354567,3.74393
78,34.0,2.580083,4.180251
78,34.4,2.608906,4.627975
78,34.8,2.419337,4.976392
78,35.2,1.993801,5.106894
78,35.6,1.3337,4.898481
78,36.0,0.804016,4.396665
78,36.4,0.798928,3.912558
78,36.8,0.990541,3.537871
78,37.2,1.297531,3.320126
78,37.6,1.701061,3.308854
78,38.0,2.122419,3.51394
78,38.4,2.452562,3.886885
78,38.8,2.613729,4.339253
78,39.2,2.568841,4.765486
78,39.6,2.299986,5.052511
78,40.0,1.788496,5.078262
79,0.0,1.467069,8.465596
79,0.4,0.267397,7.394587
79,0.8,0.302373,6.60522
79,1.2,0.347216,5.844461
79,1.6,0.406004,5.121108
79,2.0,0.485613,4.448342
79,2.4,0.597359,3.846498
79,2.8,0.759215,3.347354
79,3.2,0.993844,2.997634
79,3.6,1.307649,2.849924
79,4.0,1.651478,2.926639
79,4.4,1.926833,3.184333
79,4.8,2.047519,3.52137
79,5.2,1.973396,3.810372
79,5.6,1.710854,3.928357
79,6.0,1.339776,3.800726
79,6.4,1.076399,3.491574
79,6.8,1.073945,3.182746
79,7.2,1.251766,2.995178
79,7.6,1.509888,2.97797
79,8.0,1.757972,3.124141
79,8.4,1.912093,3.371902
79,8.8,1.919742,3.625103
79,9.2,1.769955,3.780724
79,9.6,1.503095,3.760847
79,10.0,1.241629,3.564929
79,10.4,1.143261,3.301464
79,10.8,1.229752,3.097694
79,11.2,1.425696,3.024465
79,11.6,1.648389,3.098211
79,12.0,1.81809,3.283919
79,12.4,1.875451,3.507699
79,12.8,1.796251,3.680017
79,13.2,1.59877,3.722842
79,13.6,1.36061,3.607071
79,14.0,1.212505,3.390459
79,14.4,1.227443,3.184286
79,14.8,1.368694,3.072931
79,15.2,1.564242,3.091011
79,15.6,1.739293,3.224669
79,16.0,1.830984,3.418987
79,16.4,1.804691,3.596485
79,16.8,1.662709,3.681071
79,17.2,1.454639,3.627978
79,17.6,1.282838,3.459055
79,18.0,1.240753,3.261441
79,18.4,1.330782,3.124556
79,18.8,1.49647,3.097732
79,19.2,1.668935,3.184893
79,19.6,1.784317,3.34833
79,20.0,1.800036,3.522503
79,20.4,1.705641,3.635049
79,20.8,1.530726,3.632326
79,21.2,1.352698,3.510519
79,21.6,1.267074,3.330548
79,22.0,1.308819,3.178747
79,22.4,1.441945,3.115711
79,22.8,1.605119,3.160671
79,23.2,1.735528,3.29184
79,23.6,1.784922,3.455869
79,24.0,1.732335,3.585727
79,24.4,1.591827,3.62326
79,24.8,1.41984,3.54644
79,25.2,1.303782,3.391254
79,25.6,1.301146,3.234151
79,26.0,1.39954,3.142862
79,26.4,1.547652,3.149787
79,26.8,1.685502,3.247873
79,27.2,1.761331,3.396212
79,27.6,1.74555,3.534553
79,28.0,1.639493,3.603377
79,28.4,1.482126,3.56804
79,28.8,1.347969,3.442662
79,29.2,1.30643,3.289042
79,29.6,1.368861,3.177238
79,30.0,1.497005,3.150598
79,30.4,1.635476,3.215597
79,30.8,1.731033,3.343848
79,31.2,1.747257,3.48313
79,31.6,1.674764,3.575033
79,32.0,1.537826,3.57661
79,32.4,1.396563,3.483885
79,32.8,1.323168,3.341533
79,33.2,1.349719,3.216883
79,33.6,1.453884,3.161616
79,34.0,1.586833,3.194427
79,34.4,1.695728,3.2993
79,34.8,1.739111,3.433065
79,35.2,1.698519,3.540452
79,35.6,1.585692,3.573621
79,36.0,1.44658,3.514349
79,36.4,1.349491,3.389746
79,36.8,1.341842,3.259794
79,37.2,1.419014,3.181326
79,37.6,1.540978,3.183774
79,38.0,1.657097,3.263079
79,38.4,1.722658,3.385875
79,38.8,1.711629,3.50174
79,39.2,1.624929,3.560722
79,39.6,1.495348,3.533916
79,40.0,1.383153,3.431967
