id,t,x0,x1
0,0.0,40.046613,8.97468
0,0.5,36.843345,9.167913
0,1.0,33.955788,9.291914
0,1.5,31.386264,9.348046
0,2.0,29.136475,9.340301
0,2.5,27.204512,9.274948
0,3.0,25.583843,9.159979
0,3.5,24.263648,9.00445
0,4.0,23.229908,8.817836
0,4.5,22.466728,8.609465
0,5.0,21.957526,8.388093
0,5.5,21.685859,8.161618
0,6.0,21.635809,7.936932
0,6.5,21.79194,7.719866
0,7.0,22.138887,7.515209
0,7.5,22.660698,7.32678
0,8.0,23.340041,7.157505
0,8.5,24.157422,7.009511
0,9.0,25.090566,6.884214
0,9.5,26.114102,6.782397
0,10.0,27.19966,6.704283
0,10.5,28.316455,6.649597
0,11.0,29.432343,6.617621
0,11.5,30.515229,6.607248
0,12.0,31.534684,6.617029
0,12.5,32.463523,6.645227
0,13.0,33.279155,6.689858
0,13.5,33.96453,6.748743
0,14.0,34.508614,6.819555
0,14.5,34.906389,6.899863
0,15.0,35.158446,6.987185
0,15.5,35.270288,7.079031
0,16.0,35.25147,7.172953
0,16.5,35.114664,7.266594
0,17.0,34.874757,7.357737
0,17.5,34.548018,7.444348
0,18.0,34.151373,7.524619
0,18.5,33.701788,7.597009
0,19.0,33.21577,7.660271
0,19.5,32.708964,7.713476
0,20.0,32.195853,7.75602
0,20.5,31.689529,7.787632
0,21.0,31.201546,7.808355
0,21.5,30.741831,7.818528
0,22.0,30.318647,7.818755
0,22.5,29.938608,7.809863
0,23.0,29.606721,7.792863
0,23.5,29.32646,7.768902
0,24.0,29.099857,7.739214
0,24.5,28.927606,7.705078
0,25.0,28.809177,7.667777
0,25.5,28.742923,7.628559
0,26.0,28.726205,7.588606
0,26.5,28.755504,7.549013
0,27.0,28.826545,7.510759
0,27.5,28.93442,7.474704
0,28.0,29.073719,7.441568
0,28.5,29.238667,7.411938
0,29.0,29.423265,7.386257
0,29.5,29.621433,7.364833
0,30.0,29.827164,7.347842
0,30.5,30.034663,7.335338
0,31.0,30.238485,7.32726
0,31.5,30.433662,7.323445
0,32.0,30.615806,7.32364
0,32.5,30.781194,7.327517
0,33.0,30.926833,7.334682
0,33.5,31.050487,7.344696
0,34.0,31.150688,7.357084
0,34.5,31.226717,7.371351
0,35.0,31.278566,7.386993
0,35.5,31.306874,7.403513
0,36.0,31.312857,7.42043
0,36.5,31.298219,7.437291
0,37.0,31.265065,7.453678
0,37.5,31.215802,7.469218
0,38.0,31.153046,7.483589
0,38.5,31.079535,7.496522
0,39.0,30.998043,7.507807
0,39.5,30.911304,7.517291
0,40.0,30.821946,7.524879
0,40.5,30.732433,7.530534
0,41.0,30.645019,7.534269
0,41.5,30.56171,7.536145
0,42.0,30.484238,7.536269
0,42.5,30.414044,7.53478
0,43.0,30.352266,7.53185
0,43.5,30.299741,7.527672
0,44.0,30.257008,7.522455
0,44.5,30.224322,7.516417
0,45.0,30.20167,7.509781
0,45.5,30.188796,7.502764
0,46.0,30.185223,7.495574
0,46.5,30.190285,7.48841
0,47.0,30.203154,7.481449
0,47.5,30.222878,7.47485
0,48.0,30.248409,7.468751
0,48.5,30.278637,7.463263
0,49.0,30.312426,7.458475
0,49.5,30.348637,7.454449
0,50.0,30.386162,7.451224
1,0.0,43.539894,7.851442
1,0.5,40.73645,8.124261
1,1.0,38.042643,8.329747
1,1.5,35.519045,8.462975
1,2.0,33.216663,8.52304
1,2.5,31.174546,8.5131
1,3.0,29.418822,8.439926
1,3.5,27.963242,8.313059
1,4.0,26.810904,8.143755
1,4.5,25.95661,7.943936
1,5.0,25.389252,7.725275
1,5.5,25.093785,7.498524
1,6.0,25.052548,7.273093
1,6.5,25.245901,7.056854
1,7.0,25.652263,6.856109
1,7.5,26.24777,6.67567
1,8.0,27.005776,6.519002
1,8.5,27.89644,6.388386
1,9.0,28.886634,6.285085
1,9.5,29.940322,6.209488
1,10.0,31.019485,6.161246
1,10.5,32.085555,6.139372
1,11.0,33.101206,6.142339
1,11.5,34.032272,6.168149
1,12.0,34.849528,6.214401
1,12.5,35.530092,6.278349
1,13.0,36.058314,6.356962
1,13.5,36.426079,6.446988
1,14.0,36.632562,6.545023
1,14.5,36.683555,6.64759
1,15.0,36.590485,6.75123
1,15.5,36.369261,6.852595
1,16.0,36.039071,6.948557
1,16.5,35.621204,7.036308
1,17.0,35.137953,7.113453
1,17.5,34.61164,7.178096
1,18.0,34.063792,7.2289
1,18.5,33.51445,7.265114
1,19.0,32.981649,7.286587
1,19.5,32.481041,7.293727
1,20.0,32.025661,7.287455
1,20.5,31.625826,7.269121
1,21.0,31.289128,7.240414
1,21.5,31.020523,7.203253
1,22.0,30.822476,7.15969
1,22.5,30.695152,7.111815
1,23.0,30.636624,7.061663
1,23.5,30.643112,7.011152
1,24.0,30.709218,6.962019
1,24.5,30.828183,6.915784
1,25.0,30.992146,6.873721
1,25.5,31.192424,6.836844
1,26.0,31.419798,6.805904
1,26.5,31.664809,6.781393
1,27.0,31.918064,6.763556
1,27.5,32.170533,6.752407
1,28.0,32.413827,6.747752
1,28.5,32.640449,6.749213
1,29.0,32.844007,6.756252
1,29.5,33.01937,6.768201
1,30.0,33.162773,6.784291
1,30.5,33.271851,6.803684
1,31.0,33.345627,6.825496
1,31.5,33.384435,6.848834
1,32.0,33.389801,6.872822
1,32.5,33.364288,6.896625
1,33.0,33.31131,6.919474
1,33.5,33.234936,6.940691
1,34.0,33.139682,6.959697
1,34.5,33.030318,6.976034
1,35.0,32.911672,6.989367
1,35.5,32.788463,6.999487
1,36.0,32.665152,7.006312
1,36.5,32.545812,7.009877
1,37.0,32.434035,7.010328
1,37.5,32.332853,7.007903
1,38.0,32.244696,7.002921
1,38.5,32.171364,6.995759
1,39.0,32.114025,6.986839
1,39.5,32.073236,6.976606
1,40.0,32.048972,6.965512
1,40.5,32.040678,6.953999
1,41.0,32.04733,6.942486
1,41.5,32.067502,6.931356
1,42.0,32.099444,6.920945
1,42.5,32.14116,6.911539
1,43.0,32.190495,6.903366
1,43.5,32.245212,6.896592
1,44.0,32.303074,6.891327
1,44.5,32.361915,6.887618
1,45.0,32.419705,6.885462
1,45.5,32.474609,6.884802
1,46.0,32.525033,6.885538
1,46.5,32.569658,6.887534
1,47.0,32.607466,6.890621
1,47.5,32.637745,6.894611
1,48.0,32.660095,6.899299
1,48.5,32.674414,6.904474
1,49.0,32.680875,6.909928
1,49.5,32.679904,6.915458
1,50.0,32.672139,6.920874
2,0.0,52.435409,9.339236
2,0.5,44.852242,10.294438
2,1.0,37.845696,11.079713
2,1.5,31.524569,11.639067
2,2.0,26.02731,11.939324
2,2.5,21.44458,11.978357
2,3.0,17.782656,11.783767
2,3.5,14.969822,11.403128
2,4.0,12.888711,10.891252
2,4.5,11.411434,10.299909
2,5.0,10.423547,9.672226
2,5.5,9.834871,9.041153
2,6.0,9.581263,8.430327
2,6.5,9.621953,7.855886
2,7.0,9.935389,7.328385
2,7.5,10.514897,6.854455
2,8.0,11.364337,6.438096
2,8.5,12.493462,6.081626
2,9.0,13.912483,5.786349
2,9.5,15.625499,5.552982
2,10.0,17.622884,5.381913
2,10.5,19.873479,5.273299
2,11.0,22.318323,5.227051
2,11.5,24.868282,5.242727
2,12.0,27.40768,5.319345
2,12.5,29.804578,5.455152
2,13.0,31.926046,5.647345
2,13.5,33.654721,5.891785
2,14.0,34.902509,6.182698
2,14.5,35.618537,6.512424
2,15.0,35.790804,6.871236
2,15.5,35.442842,7.24733
2,16.0,34.627468,7.627035
2,16.5,33.419424,7.995339
2,17.0,31.907897,8.336742
2,17.5,30.189277,8.636397
2,18.0,28.360241,8.881416
2,18.5,26.511388,9.062098
2,19.0,24.721893,9.172858
2,19.5,23.05578,9.212637
2,20.0,21.560271,9.184732
2,20.5,20.266232,9.096094
2,21.0,19.190309,8.956301
2,21.5,18.338037,8.776423
2,22.0,17.707155,8.567983
2,22.5,17.290542,8.342139
2,23.0,17.078435,8.10913
2,23.5,17.059809,7.877961
2,24.0,17.222986,7.656287
2,24.5,17.555584,7.450423
2,25.0,18.043998,7.26543
2,25.5,18.67258,7.105237
2,26.0,19.422723,6.972765
2,26.5,20.272058,6.870034
2,27.0,21.19396,6.798245
2,27.5,22.157576,6.757843
2,28.0,23.128496,6.748545
2,28.5,24.070109,6.769357
2,29.0,24.945551,6.818575
2,29.5,25.72003,6.893785
2,30.0,26.363225,6.991873
2,30.5,26.851415,7.109053
2,31.0,27.169072,7.240927
2,31.5,27.309721,7.382579
2,32.0,27.276022,7.528724
2,32.5,27.079115,7.673891
2,33.0,26.73738,7.812661
2,33.5,26.274775,7.939917
2,34.0,25.718963,8.051106
2,34.5,25.099397,8.142486
2,35.0,24.445532,8.21132
2,35.5,23.785297,8.255996
2,36.0,23.143907,8.276079
2,36.5,22.54306,8.272262
2,37.0,22.000511,8.246251
2,37.5,21.529975,8.200586
2,38.0,21.141277,8.138433
2,38.5,20.840667,8.06336
2,39.0,20.631211,7.979129
2,39.5,20.513181,7.889508
2,40.0,20.484414,7.798121
2,40.5,20.540595,7.708323
2,41.0,20.675483,7.62312
2,41.5,20.881077,7.545114
2,42.0,21.147762,7.476463
2,42.5,21.464468,7.418872
2,43.0,21.818866,7.373586
2,43.5,22.197635,7.341395
2,44.0,22.586824,7.322647
2,44.5,22.972288,7.317264
2,45.0,23.340211,7.324762
2,45.5,23.677659,7.344278
2,46.0,23.973149,7.374605
2,46.5,24.217155,7.414228
2,47.0,24.402533,7.461378
2,47.5,24.524814,7.514085
2,48.0,24.582333,7.57025
2,48.5,24.576204,7.627714
2,49.0,24.510134,7.684345
2,49.5,24.390097,7.73811
2,50.0,24.223913,7.787161
3,0.0,65.75167,8.777617
3,0.5,56.440348,9.870074
3,1.0,47.774137,10.817413
3,1.5,39.817645,11.541629
3,2.0,32.749649,11.982264
3,2.5,26.740873,12.113406
3,3.0,21.869484,11.950718
3,3.5,18.096235,11.544337
3,4.0,15.293764,10.962249
3,4.5,13.297873,10.273341
3,5.0,11.950247,9.536445
3,5.5,11.121225,8.796259
3,6.0,10.716169,8.083868
3,6.5,10.673007,7.419288
3,7.0,10.956616,6.814383
3,7.5,11.55279,6.27541
3,8.0,12.462553,5.804993
3,8.5,13.696601,5.403544
3,9.0,15.269261,5.07025
3,9.5,17.191427,4.803733
3,10.0,19.462292,4.602456
3,10.5,22.060384,4.464963
3,11.0,24.935392,4.389974
3,11.5,28.003074,4.376379
3,12.0,31.145787,4.423144
3,12.5,34.220163,4.529142
3,13.0,37.071353,4.692916
3,13.5,39.550819,4.912376
3,14.0,41.533276,5.18443
3,14.5,42.92889,5.504579
3,15.0,43.688906,5.866489
3,15.5,43.805239,6.261597
3,16.0,43.306071,6.678843
3,16.5,42.249653,7.104623
3,17.0,40.717809,7.523087
3,17.5,38.809643,7.916871
3,18.0,36.635216,8.268307
3,18.5,34.308815,8.560995
3,19.0,31.941727,8.781537
3,19.5,29.635072,8.921069
3,20.0,27.473731,8.976251
3,20.5,25.522475,8.94946
3,21.0,23.824961,8.848169
3,21.5,22.405465,8.683696
3,22.0,21.272546,8.469663
3,22.5,20.42351,8.220489
3,23.0,19.848668,7.950172
3,23.5,19.534712,7.671445
3,24.0,19.466945,7.395319
3,24.5,19.630378,7.130923
3,25.0,20.009879,6.885557
3,25.5,20.589584,6.664862
3,26.0,21.351859,6.473041
3,26.5,22.276018,6.313081
3,27.0,23.337095,6.186957
3,27.5,24.504906,6.095793
3,28.0,25.743683,6.039978
3,28.5,27.012454,6.019239
3,29.0,28.266301,6.032683
3,29.5,29.458443,6.078792
3,30.0,30.542938,6.155414
3,30.5,31.47767,6.259729
3,31.0,32.227229,6.38822
3,31.5,32.765293,6.536664
3,32.0,33.076253,6.700156
3,32.5,33.155931,6.873172
3,33.0,33.011395,7.049701
3,33.5,32.659981,7.22344
3,34.0,32.127683,7.388057
3,34.5,31.447091,7.537503
3,35.0,30.655091,7.666349
3,35.5,29.790495,7.770115
3,36.0,28.89181,7.845549
3,36.5,27.99528,7.890816
3,37.0,27.133363,7.905571
3,37.5,26.333695,7.890915
3,38.0,25.618563,7.849236
3,38.5,25.004831,7.783967
3,39.0,24.504212,7.699292
3,39.5,24.123765,7.599844
3,40.0,23.866481,7.49042
3,40.5,23.731867,7.375736
3,41.0,23.71644,7.260239
3,41.5,23.814117,7.147966
3,42.0,24.016483,7.042456
3,42.5,24.312969,6.946708
3,43.0,24.690993,6.863157
3,43.5,25.136089,6.793679
3,44.0,25.632106,6.739611
3,44.5,26.161489,6.701768
3,45.0,26.705705,6.680472
3,45.5,27.245778,6.675577
3,46.0,27.762964,6.68649
3,46.5,28.23949,6.712205
3,47.0,28.65932,6.751323
3,47.5,29.008881,6.802095
3,48.0,29.277685,6.862458
3,48.5,29.458784,6.930091
3,49.0,29.549025,7.002478
3,49.5,29.549089,7.076986
3,50.0,29.463308,7.150955
4,0.0,31.676112,11.386884
4,0.5,26.357619,11.614242
4,1.0,21.852927,11.616234
4,1.5,18.182183,11.413587
4,2.0,15.297504,11.043966
4,2.5,13.105181,10.552656
4,3.0,11.494235,9.984132
4,3.5,10.358845,9.376765
4,4.0,9.610619,8.760761
4,4.5,9.182569,8.158311
4,5.0,9.028307,7.584822
4,5.5,9.119275,7.050439
4,6.0,9.441558,6.561467
4,6.5,9.992851,6.121539
4,7.0,10.779609,5.732515
4,7.5,11.814113,5.395138
4,8.0,13.111074,5.109505
4,8.5,14.683449,4.875384
4,9.0,16.537289,4.692419
4,9.5,18.665798,4.560242
4,10.0,21.043299,4.47851
4,10.5,23.620379,4.446893
4,11.0,26.321853,4.465006
4,11.5,29.049034,4.53231
4,12.0,31.686876,4.647984
4,12.5,34.115091,4.810759
4,13.0,36.220929,5.018744
4,13.5,37.910709,5.269212
4,14.0,39.117757,5.55838
4,14.5,39.805774,5.88118
4,15.0,39.968126,6.231053
4,15.5,39.624442,6.599807
4,16.0,38.816018,6.977584
4,16.5,37.601121,7.353004
4,17.0,36.050639,7.713534
4,17.5,34.244048,8.04611
4,18.0,32.265397,8.338001
4,18.5,30.199076,8.577835
4,19.0,28.125385,8.756638
4,19.5,26.116266,8.868709
4,20.0,24.231784,8.912133
4,20.5,22.517953,8.888851
4,21.0,21.006251,8.804248
4,21.5,19.714746,8.666395
4,22.0,18.650432,8.485098
4,22.5,17.812124,8.270942
4,23.0,17.193352,8.03448
4,23.5,16.784808,7.785623
4,24.0,16.576139,7.533261
4,24.5,16.557028,7.28508
4,25.0,16.717643,7.047524
4,25.5,17.04855,6.825856
4,26.0,17.540206,6.62427
4,26.5,18.182172,6.446031
4,27.0,18.962141,6.293601
4,27.5,19.864933,6.16876
4,28.0,20.871591,6.072701
4,28.5,21.958744,6.006098
4,29.0,23.098406,5.969153
4,29.5,24.258317,5.961616
4,30.0,25.402917,5.982792
4,30.5,26.494903,6.031525
4,31.0,27.497232,6.106181
4,31.5,28.375351,6.204622
4,32.0,29.099375,6.324186
4,32.5,29.645943,6.461675
4,33.0,29.999567,6.613365
4,33.5,30.15335,6.775044
4,34.0,30.109071,6.942079
4,34.5,29.876683,7.109532
4,35.0,29.473351,7.272314
4,35.5,28.922131,7.425378
4,36.0,28.250434,7.563945
4,36.5,27.488381,7.683734
4,37.0,26.667162,7.781193
4,37.5,25.8175,7.853687
4,38.0,24.968321,7.899633
4,38.5,24.145702,7.918566
4,39.0,23.372142,7.911112
4,39.5,22.666175,7.878908
4,40.0,22.042294,7.824439
4,40.5,21.511122,7.750847
4,41.0,21.079766,7.661724
4,41.5,20.752259,7.560903
4,42.0,20.530011,7.45227
4,42.5,20.412221,7.339613
4,43.0,20.396214,7.226498
4,43.5,20.477668,7.116185
4,44.0,20.650755,7.011573
4,44.5,20.908203,6.915166
4,45.0,21.24131,6.829066
4,45.5,21.639933,6.754967
4,46.0,22.092517,6.694172
4,46.5,22.58616,6.647597
4,47.0,23.106777,6.615792
4,47.5,23.63937,6.598949
4,48.0,24.168402,6.59692
4,48.5,24.678278,6.609227
4,49.0,25.153907,6.635076
4,49.5,25.581288,6.673373
4,50.0,25.948107,6.722743
5,0.0,48.092725,10.250501
5,0.5,45.901571,10.739652
5,1.0,43.428972,11.172881
5,1.5,40.812937,11.531466
5,2.0,38.18121,11.800984
5,2.5,35.645223,11.972782
5,3.0,33.295525,12.044754
5,3.5,31.199477,12.021244
5,4.0,29.40158,11.91213
5,4.5,27.926087,11.73134
5,5.0,26.781088,11.495135
5,5.5,25.962985,11.220498
5,6.0,25.460496,10.923843
5,6.5,25.257618,10.620124
5,7.0,25.335392,10.322331
5,7.5,25.672513,10.041296
5,8.0,26.24506,9.785705
5,8.5,27.025674,9.562228
5,9.0,27.982537,9.375708
5,9.5,29.078578,9.229352
5,10.0,30.271222,9.124907
5,10.5,31.512993,9.062798
5,11.0,32.75308,9.042249
5,11.5,33.939807,9.061367
5,12.0,35.023719,9.117218
5,12.5,35.96087,9.205904
5,13.0,36.71579,9.322649
5,13.5,37.263732,9.461903
5,14.0,37.591909,9.617494
5,14.5,37.699651,9.782805
5,15.0,37.597571,9.951009
5,15.5,37.305964,10.11533
5,16.0,36.852691,10.269342
5,16.5,36.270817,10.407264
5,17.0,35.596221,10.524247
5,17.5,34.865378,10.616601
5,18.0,34.113431,10.681957
5,18.5,33.372645,10.719342
5,19.0,32.6713,10.729151
5,19.5,32.03299,10.713027
5,20.0,31.476321,10.673676
5,20.5,31.014903,10.614627
5,21.0,30.657571,10.539966
5,21.5,30.408744,10.454076
5,22.0,30.268843,10.3614
5,22.5,30.234714,10.266232
5,23.0,30.300042,10.172554
5,23.5,30.455734,10.083913
5,24.0,30.690293,10.003334
5,24.5,30.990206,9.93327
5,25.0,31.34037,9.875578
5,25.5,31.724578,9.83151
5,26.0,32.126065,9.801736
5,26.5,32.528126,9.786362
5,27.0,32.914759,9.784976
5,27.5,33.271309,9.796691
5,28.0,33.585073,9.820203
5,28.5,33.845805,9.853861
5,29.0,34.046089,9.895731
5,29.5,34.181554,9.943684
5,30.0,34.250915,9.99548
5,30.5,34.25584,10.048851
5,31.0,34.200674,10.101597
5,31.5,34.09203,10.151664
5,32.0,33.938307,10.197228
5,32.5,33.749151,10.236752
5,33.0,33.534916,10.269046
5,33.5,33.306141,10.293293
5,34.0,33.073081,10.309065
5,34.5,32.845303,10.316315
5,35.0,32.631365,10.315357
5,35.5,32.438565,10.306822
5,36.0,32.272789,10.291608
5,36.5,32.13841,10.270821
5,37.0,32.03827,10.245709
5,37.5,31.973705,10.217599
5,38.0,31.944626,10.187833
5,38.5,31.949627,10.157714
5,39.0,31.986132,10.128459
5,39.5,32.050565,10.101155
5,40.0,32.138536,10.076728
5,40.5,32.245053,10.055924
5,41.0,32.36473,10.039293
5,41.5,32.492015,10.027185
5,42.0,32.621402,10.01975
5,42.5,32.747647,10.01695
5,43.0,32.865955,10.018571
5,43.5,32.972149,10.024245
5,44.0,33.062805,10.033473
5,44.5,33.135345,10.045652
5,45.0,33.1881,10.060104
5,45.5,33.220312,10.076109
5,46.0,33.232116,10.092932
5,46.5,33.224467,10.109854
5,47.0,33.199044,10.126199
5,47.5,33.158128,10.141361
5,48.0,33.104464,10.154818
5,48.5,33.041107,10.166154
5,49.0,32.971279,10.175064
5,49.5,32.898218,10.181363
5,50.0,32.825052,10.184982
6,0.0,34.561891,8.289319
6,0.5,35.123633,8.271967
6,1.0,35.659548,8.267661
6,1.5,36.153958,8.275477
6,2.0,36.593594,8.294223
6,2.5,36.967996,8.322496
6,3.0,37.269764,8.358728
6,3.5,37.494634,8.401242
6,4.0,37.641407,8.448297
6,4.5,37.711721,8.498147
6,5.0,37.709728,8.549083
6,5.5,37.641686,8.599483
6,6.0,37.515514,8.647853
6,6.5,37.340328,8.692867
6,7.0,37.125991,8.733393
6,7.5,36.882693,8.768523
6,8.0,36.620575,8.797585
6,8.5,36.349401,8.820149
6,9.0,36.078286,8.836026
6,9.5,35.815486,8.845259
6,10.0,35.568233,8.848098
6,10.5,35.342629,8.844982
6,11.0,35.143582,8.836506
6,11.5,34.974779,8.823388
6,12.0,34.838706,8.806434
6,12.5,34.736681,8.786503
6,13.0,34.668928,8.764476
6,13.5,34.634654,8.74122
6,14.0,34.632163,8.717569
6,14.5,34.658962,8.694292
6,15.0,34.711895,8.672081
6,15.5,34.787276,8.651534
6,16.0,34.88103,8.633145
6,16.5,34.988838,8.617299
6,17.0,35.106279,8.60427
6,17.5,35.228972,8.594224
6,18.0,35.352699,8.58722
6,18.5,35.473533,8.583221
6,19.0,35.587938,8.582104
6,19.5,35.692848,8.583666
6,20.0,35.785741,8.587641
6,20.5,35.864671,8.593712
6,21.0,35.928292,8.601524
6,21.5,35.975854,8.610696
6,22.0,36.007177,8.620837
6,22.5,36.022615,8.631559
6,23.0,36.022993,8.642484
6,23.5,36.009547,8.653262
6,24.0,35.983844,8.66357
6,24.5,35.947705,8.67313
6,25.0,35.903123,8.681706
6,25.5,35.852187,8.689114
6,26.0,35.797004,8.695218
6,26.5,35.739634,8.699936
6,27.0,35.682031,8.703235
6,27.5,35.625987,8.705128
6,28.0,35.573099,8.705673
6,28.5,35.524728,8.704962
6,29.0,35.481985,8.703122
6,29.5,35.445716,8.700303
6,30.0,35.416498,8.696673
6,30.5,35.394646,8.692412
6,31.0,35.380225,8.687704
6,31.5,35.373067,8.682732
6,32.0,35.372797,8.677672
6,32.5,35.378859,8.672688
6,33.0,35.390552,8.667928
6,33.5,35.407054,8.66352
6,34.0,35.427466,8.659572
6,34.5,35.450841,8.656167
6,35.0,35.476215,8.653366
6,35.5,35.502642,8.651205
6,36.0,35.529219,8.649699
6,36.5,35.555112,8.64884
6,37.0,35.579575,8.648602
6,37.5,35.601967,8.64894
6,38.0,35.621763,8.649797
6,38.5,35.638562,8.651105
6,39.0,35.652089,8.652785
6,39.5,35.662192,8.654757
6,40.0,35.668839,8.656934
6,40.5,35.672108,8.659234
6,41.0,35.672175,8.661574
6,41.5,35.669301,8.66388
6,42.0,35.663818,8.666084
6,42.5,35.656109,8.668125
6,43.0,35.646597,8.669953
6,43.5,35.635724,8.67153
6,44.0,35.623939,8.672828
6,44.5,35.611681,8.673829
6,45.0,35.599367,8.674526
6,45.5,35.587382,8.674924
6,46.0,35.57607,8.675034
6,46.5,35.565723,8.674876
6,47.0,35.556582,8.674478
6,47.5,35.54883,8.673871
6,48.0,35.542591,8.673091
6,48.5,35.537934,8.672178
6,49.0,35.534872,8.671169
6,49.5,35.533369,8.670104
6,50.0,35.533343,8.669021
7,0.0,40.392346,11.207832
7,0.5,38.085431,11.059495
7,1.0,36.179945,10.858537
7,1.5,34.668151,10.616759
7,2.0,33.536572,10.346119
7,2.5,32.768174,10.058068
7,3.0,32.344087,9.763079
7,3.5,32.244675,9.470356
7,4.0,32.449939,9.187711
7,4.5,32.939306,8.921557
7,5.0,33.690949,8.676976
7,5.5,34.680829,8.457834
7,6.0,35.881651,8.266919
7,6.5,37.261971,8.106066
7,7.0,38.785655,7.976287
7,7.5,40.41188,7.877874
7,8.0,42.095806,7.810497
7,8.5,43.789913,7.773281
7,9.0,45.445926,7.764874
7,9.5,47.017095,7.783505
7,10.0,48.46055,7.827039
7,10.5,49.739423,7.89302
7,11.0,50.824492,7.978716
7,11.5,51.695181,8.081167
7,12.0,52.339883,8.197224
7,12.5,52.755661,8.323603
7,13.0,52.947474,8.45693
7,13.5,52.927081,8.593807
7,14.0,52.71177,8.730867
7,14.5,52.323067,8.864852
7,15.0,51.785484,8.992678
7,15.5,51.125377,9.11152
7,16.0,50.369931,9.218878
7,16.5,49.54629,9.312648
7,17.0,48.680804,9.391179
7,17.5,47.798422,9.453315
7,18.0,46.922196,9.498415
7,18.5,46.0729,9.526364
7,19.0,45.268766,9.537545
7,19.5,44.525314,9.532806
7,20.0,43.855286,9.513402
7,20.5,43.268645,9.480925
7,21.0,42.772654,9.437226
7,21.5,42.371996,9.384335
7,22.0,42.068924,9.324378
7,22.5,41.863438,9.2595
7,23.0,41.753469,9.191804
7,23.5,41.735056,9.123287
7,24.0,41.802542,9.055793
7,24.5,41.948757,8.990985
7,25.0,42.165215,8.930308
7,25.5,42.442319,8.874983
7,26.0,42.769591,8.825993
7,26.5,43.13591,8.784086
7,27.0,43.529775,8.749774
7,27.5,43.93959,8.72335
7,28.0,44.353948,8.704894
7,28.5,44.761919,8.694293
7,29.0,45.153331,8.691257
7,29.5,45.519018,8.695339
7,30.0,45.851037,8.705956
7,30.5,46.142836,8.722412
7,31.0,46.389368,8.743917
7,31.5,46.587153,8.769614
7,32.0,46.734277,8.7986
7,32.5,46.830344,8.829951
7,33.0,46.876378,8.862739
7,33.5,46.874686,8.89606
7,34.0,46.828692,8.929052
7,34.5,46.742752,8.960911
7,35.0,46.621955,8.990911
7,35.5,46.471923,9.018418
7,36.0,46.298611,9.042898
7,36.5,46.108123,9.063931
7,37.0,45.906533,9.081208
7,37.5,45.699735,9.09454
7,38.0,45.493305,9.103852
7,38.5,45.292385,9.109178
7,39.0,45.101591,9.110655
7,39.5,44.924946,9.10851
7,40.0,44.765825,9.103051
7,40.5,44.626926,9.09465
7,41.0,44.510259,9.08373
7,41.5,44.41715,9.070749
7,42.0,44.348258,9.056186
7,42.5,44.303608,9.040527
7,43.0,44.282636,9.02425
7,43.5,44.284237,9.007814
7,44.0,44.306834,8.991648
7,44.5,44.348437,8.976144
7,45.0,44.406723,8.961647
7,45.5,44.47911,8.948454
7,46.0,44.562832,8.936804
7,46.5,44.655022,8.926882
7,47.0,44.752787,8.918818
7,47.5,44.853281,8.912682
7,48.0,44.953776,8.908496
7,48.5,45.051719,8.906228
7,49.0,45.144792,8.905802
7,49.5,45.230954,8.907103
7,50.0,45.308477,8.909979
8,0.0,28.345458,7.339231
8,0.5,30.989009,7.515619
8,1.0,33.38279,7.783001
8,1.5,35.356021,8.13615
8,2.0,36.762085,8.565931
8,2.5,37.499081,9.058357
8,3.0,37.523231,9.59395
8,3.5,36.853282,10.147729
8,4.0,35.566286,10.690176
8,4.5,33.786245,11.189394
8,5.0,31.667558,11.614361
8,5.5,29.375583,11.938789
8,6.0,27.067292,12.144668
8,6.5,24.875513,12.224523
8,7.0,22.899561,12.181762
8,7.5,21.203294,12.029129
8,8.0,19.819361,11.785906
8,8.5,18.756967,11.474736
8,9.0,18.010355,11.118838
8,9.5,17.565984,10.739997
8,10.0,17.407535,10.357419
8,10.5,17.518616,9.987271
8,11.0,17.883538,9.642704
8,11.5,18.486579,9.334129
8,12.0,19.310179,9.069601
8,12.5,20.332484,8.855197
8,13.0,21.524666,8.695317
8,13.5,22.848561,8.592904
8,14.0,24.255221,8.54953
8,14.5,25.685018,8.565394
8,15.0,27.069742,8.639208
8,15.5,28.336833,8.768018
8,16.0,29.415358,8.946996
8,16.5,30.242887,9.169242
8,17.0,30.772113,9.425683
8,17.5,30.976049,9.705131
8,18.0,30.850911,9.994576
8,18.5,30.416247,10.279772
8,19.0,29.712362,10.546107
8,19.5,28.795525,10.77969
8,20.0,27.731769,10.968534
8,20.5,26.590235,11.103617
8,21.0,25.437073,11.179651
8,21.5,24.330693,11.195406
8,22.0,23.318831,11.15355
8,22.5,22.437459,11.060076
8,23.0,21.711244,10.923456
8,23.5,21.154985,10.753695
8,24.0,20.775483,10.56144
8,24.5,20.573346,10.357243
8,25.0,20.544441,10.151014
8,25.5,20.680838,9.951672
8,26.0,20.97125,9.766949
8,26.5,21.401064,9.603311
8,27.0,21.952097,9.465954
8,27.5,22.602292,9.358828
8,28.0,23.325539,9.284675
8,28.5,24.091834,9.245054
8,29.0,24.867923,9.240358
8,29.5,25.618537,9.269808
8,30.0,26.308189,9.331443
8,30.5,26.903401,9.422125
8,31.0,27.37512,9.537567
8,31.5,27.701003,9.67241
8,32.0,27.867256,9.820372
8,32.5,27.869742,9.97448
8,33.0,27.714208,10.127386
8,33.5,27.415587,10.271761
8,34.0,26.996496,10.400734
8,34.5,26.485135,10.50833
8,35.0,25.912884,10.589867
8,35.5,25.311897,10.642242
8,36.0,24.712964,10.664097
8,36.5,24.143832,10.655817
8,37.0,23.628075,10.619396
8,37.5,23.184504,10.558186
8,38.0,22.827032,10.476569
8,38.5,22.564858,10.379603
8,39.0,22.402834,10.272677
8,39.5,22.341901,10.161206
8,40.0,22.379493,10.050376
8,40.5,22.509883,9.944951
8,41.0,22.724458,9.849128
8,41.5,23.011951,9.766441
8,42.0,23.358676,9.699701
8,42.5,23.74883,9.65096
8,43.0,24.164898,9.621489
8,43.5,24.588225,9.611781
8,44.0,24.999735,9.621551
8,44.5,25.380813,9.649763
8,45.0,25.714271,9.694663
8,45.5,25.985324,9.753841
8,46.0,26.182491,9.824314
8,46.5,26.298301,9.902639
8,47.0,26.329734,9.985059
8,47.5,26.27834,10.067677
8,48.0,26.150018,10.146642
8,48.5,25.954479,10.218352
8,49.0,25.704466,10.279648
8,49.5,25.414806,10.327978
8,50.0,25.101406,10.361531
9,0.0,45.268002,8.989932
9,0.5,41.52325,9.298107
9,1.0,37.904563,9.511936
9,1.5,34.515594,9.62396
9,2.0,31.438715,9.633411
9,2.5,28.730684,9.546162
9,3.0,26.422272,9.373682
9,3.5,24.521593,9.131301
9,4.0,23.019833,8.836246
9,4.5,21.897667,8.505864
9,5.0,21.130989,8.156289
9,5.5,20.695154,7.801641
9,6.0,20.567556,7.453673
9,6.5,20.728696,7.12177
9,7.0,21.162065,6.813152
9,7.5,21.853148,6.533173
9,8.0,22.787814,6.285652
9,8.5,23.950327,6.073182
9,9.0,25.321202,5.897393
9,9.5,26.875161,5.759168
9,10.0,28.579491,5.6588
9,10.5,30.393137,5.596102
9,11.0,32.266804,5.570472
9,11.5,34.144272,5.580927
9,12.0,35.964888,5.626095
9,12.5,37.66701,5.704194
9,13.0,39.19194,5.812991
9,13.5,40.487807,5.949749
9,14.0,41.512862,6.111176
9,14.5,42.237811,6.293385
9,15.0,42.647022,6.491867
9,15.5,42.738637,6.701509
9,16.0,42.523779,6.916647
9,16.5,42.025094,7.131183
9,17.0,41.274845,7.338765
9,17.5,40.312755,7.533028
9,18.0,39.18371,7.707889
9,18.5,37.93543,7.857873
9,19.0,36.616184,7.978432
9,19.5,35.272662,8.066232
9,20.0,33.948118,8.119353
9,20.5,32.6809,8.137396
9,21.0,31.503456,8.121453
9,21.5,30.441854,8.073974
9,22.0,29.515782,7.998538
9,22.5,28.738946,7.899562
9,23.0,28.119724,7.781986
9,23.5,27.661946,7.650977
9,24.0,27.365669,7.511667
9,24.5,27.227846,7.368939
9,25.0,27.242851,7.227279
9,25.5,27.402813,7.090679
9,26.0,27.697798,6.962583
9,26.5,28.115869,6.845871
9,27.0,28.643068,6.742868
9,27.5,29.263391,6.655369
9,28.0,29.958821,6.58467
9,28.5,30.709456,6.531602
9,29.0,31.493802,6.496562
9,29.5,32.289224,6.479548
9,30.0,33.072574,6.480178
9,30.5,33.820954,6.497715
9,31.0,34.512575,6.531087
9,31.5,35.127628,6.578902
9,32.0,35.649111,6.639474
9,32.5,36.063531,6.710845
9,33.0,36.361431,6.790819
9,33.5,36.537693,6.877001
9,34.0,36.59163,6.966848
9,34.5,36.526837,7.057735
9,35.0,36.350855,7.147026
9,35.5,36.074662,7.232154
9,36.0,35.712042,7.310708
9,36.5,35.278874,7.380523
9,37.0,34.792385,7.439753
9,37.5,34.270414,7.486951
9,38.0,33.730714,7.52111
9,38.5,33.190334,7.541705
9,39.0,32.665105,7.548692
9,39.5,32.16923,7.542494
9,40.0,31.715001,7.523962
9,40.5,31.312619,7.494314
9,41.0,30.970123,7.455068
9,41.5,30.693391,7.407961
9,42.0,30.486205,7.354866
9,42.5,30.350356,7.297719
9,43.0,30.285769,7.238445
9,43.5,30.290645,7.178897
9,44.0,30.361601,7.120805
9,44.5,30.493812,7.065741
9,45.0,30.681163,7.015081
9,45.5,30.916396,6.969994
9,46.0,31.191283,6.931425
9,46.5,31.496816,6.90009
9,47.0,31.823416,6.876478
9,47.5,32.161175,6.860853
9,48.0,32.500113,6.853264
9,48.5,32.830463,6.853553
9,49.0,33.142949,6.861368
9,49.5,33.429067,6.87618
9,50.0,33.681348,6.897299
10,0.0,34.57015,9.731316
10,0.5,32.902818,9.509536
10,1.0,31.726375,9.25134
10,1.5,30.985066,8.972637
10,2.0,30.629486,8.686983
10,2.5,30.614961,8.405452
10,3.0,30.899894,8.136719
10,3.5,31.444128,7.887272
10,4.0,32.207509,7.661683
10,4.5,33.148857,7.462892
10,5.0,34.225542,7.292482
10,5.5,35.393754,7.150921
10,6.0,36.609455,7.037783
10,6.5,37.829883,6.951935
10,7.0,39.015333,6.891697
10,7.5,40.130915,6.854989
10,8.0,41.147999,6.839442
10,8.5,42.045124,6.842508
10,9.0,42.808299,6.861545
10,9.5,43.430705,6.893889
10,10.0,43.911944,6.936919
10,10.5,44.256978,6.988107
10,11.0,44.474939,7.045059
10,11.5,44.577951,7.105553
10,12.0,44.580046,7.167566
10,12.5,44.49624,7.229293
10,13.0,44.341786,7.289166
10,13.5,44.131593,7.345864
10,14.0,43.879802,7.398314
10,14.5,43.599486,7.44569
10,15.0,43.302454,7.487409
10,15.5,42.999139,7.523114
10,16.0,42.698549,7.552658
10,16.5,42.408263,7.576082
10,17.0,42.134465,7.593593
10,17.5,41.882008,7.605533
10,18.0,41.65449,7.612354
10,18.5,41.454359,7.614591
10,19.0,41.283011,7.612833
10,19.5,41.14091,7.6077
10,20.0,41.027701,7.599821
10,20.5,40.942334,7.589813
10,21.0,40.883179,7.578265
10,21.5,40.848144,7.565725
10,22.0,40.834791,7.55269
10,22.5,40.840435,7.5396
10,23.0,40.862255,7.526832
10,23.5,40.897377,7.514699
10,24.0,40.94296,7.503453
10,24.5,40.996266,7.49328
10,25.0,41.054724,7.484314
10,25.5,41.115973,7.476633
10,26.0,41.177903,7.470268
10,26.5,41.238681,7.465209
10,27.0,41.296758,7.461411
10,27.5,41.350884,7.458802
10,28.0,41.400093,7.457284
10,28.5,41.443695,7.456745
10,29.0,41.481258,7.457062
10,29.5,41.512581,7.458104
10,30.0,41.53767,7.45974
10,30.5,41.556704,7.461839
10,31.0,41.57001,7.46428
10,31.5,41.578028,7.466944
10,32.0,41.581286,7.469728
10,32.5,41.580369,7.472536
10,33.0,41.575896,7.475287
10,33.5,41.568498,7.477913
10,34.0,41.558797,7.480358
10,34.5,41.547391,7.482581
10,35.0,41.534839,7.48455
10,35.5,41.521653,7.486247
10,36.0,41.508292,7.487664
10,36.5,41.49515,7.4888
10,37.0,41.482562,7.489663
10,37.5,41.4708,7.490269
10,38.0,41.460073,7.490637
10,38.5,41.450532,7.49079
10,39.0,41.442274,7.490755
10,39.5,41.435346,7.490559
10,40.0,41.429753,7.490231
10,40.5,41.425461,7.489799
10,41.0,41.422404,7.489288
10,41.5,41.420492,7.488726
10,42.0,41.419617,7.488134
10,42.5,41.419655,7.487533
10,43.0,41.420476,7.486942
10,43.5,41.421946,7.486376
10,44.0,41.423932,7.485846
10,44.5,41.426306,7.485363
10,45.0,41.428946,7.484932
10,45.5,41.431742,7.48456
10,46.0,41.434592,7.484247
10,46.5,41.437411,7.483995
10,47.0,41.440124,7.483801
10,47.5,41.44267,7.483663
10,48.0,41.445003,7.483576
10,48.5,41.447086,7.483536
10,49.0,41.448899,7.483537
10,49.5,41.450428,7.483574
10,50.0,41.451671,7.48364
11,0.0,25.613268,6.793483
11,0.5,27.512557,6.761368
11,1.0,29.435447,6.782519
11,1.5,31.296628,6.855287
11,2.0,33.006463,6.97693
11,2.5,34.478865,7.143476
11,3.0,35.639518,7.349583
11,3.5,36.43291,7.588429
11,4.0,36.827079,7.851676
11,4.5,36.815559,8.129547
11,5.0,36.416637,8.411061
11,5.5,35.670423,8.684459
11,6.0,34.63436,8.937822
11,6.5,33.377798,9.159849
11,7.0,31.976142,9.340712
11,7.5,30.505128,9.47287
11,8.0,29.035717,9.551696
11,8.5,27.630101,9.575809
11,9.0,26.339172,9.54705
11,9.5,25.201545,9.470112
11,10.0,24.243967,9.351927
11,10.5,23.482728,9.200911
11,11.0,22.925578,9.026211
11,11.5,22.573686,8.837048
11,12.0,22.423313,8.642204
11,12.5,22.466997,8.449673
11,13.0,22.694197,8.266459
11,13.5,23.091454,8.098485
11,14.0,23.642176,7.950587
11,14.5,24.326237,7.826545
11,15.0,25.119569,7.729144
11,15.5,25.993954,7.660226
11,16.0,26.917203,7.620748
11,16.5,27.853861,7.610812
11,17.0,28.766477,7.629694
11,17.5,29.617408,7.675857
11,18.0,30.370972,7.746974
11,18.5,30.995734,7.839948
11,19.0,31.466611,7.950958
11,19.5,31.766554,8.075538
11,20.0,31.887592,8.208693
11,20.5,31.831148,8.345057
11,21.0,31.60761,8.479105
11,21.5,31.235259,8.605399
11,22.0,30.738687,8.718861
11,22.5,30.146899,8.815044
11,23.0,29.491287,8.890386
11,23.5,28.803673,8.942408
11,24.0,28.114569,8.969831
11,24.5,27.451781,8.972609
11,25.0,26.839419,8.951874
11,25.5,26.297315,8.909795
11,26.0,25.840806,8.849381
11,26.5,25.480809,8.774245
11,27.0,25.224072,8.68837
11,27.5,25.073527,8.595879
11,28.0,25.028662,8.500834
11,28.5,25.085851,8.407076
11,29.0,25.238644,8.3181
11,29.5,25.477998,8.236966
11,30.0,25.792488,8.16624
11,30.5,26.168542,8.107958
11,31.0,26.590718,8.063614
11,31.5,27.042097,8.034152
11,32.0,27.504774,8.019975
11,32.5,27.96049,8.020959
11,33.0,28.391357,8.036476
11,33.5,28.78065,8.065421
11,34.0,29.113606,8.106255
11,34.5,29.378151,8.157052
11,35.0,29.565498,8.215566
11,35.5,29.670562,8.279308
11,36.0,29.692136,8.345633
11,36.5,29.632836,8.41185
11,37.0,29.498814,8.475325
11,37.5,29.299275,8.533597
11,38.0,29.045835,8.584489
11,38.5,28.751798,8.626197
11,39.0,28.431392,8.657374
11,39.5,28.099033,8.677179
11,40.0,27.768659,8.685297
11,40.5,27.453164,8.681934
11,41.0,27.163956,8.667783
11,41.5,26.910645,8.643957
11,42.0,26.700845,8.61192
11,42.5,26.540083,8.573387
11,43.0,26.431787,8.530238
11,43.5,26.377341,8.484425
11,44.0,26.376183,8.437882
11,44.5,26.425938,8.392456
11,45.0,26.522576,8.349838
11,45.5,26.660596,8.311516
11,46.0,26.833233,8.278735
11,46.5,27.032698,8.252468
11,47.0,27.250447,8.233402
11,47.5,27.477485,8.22193
11,48.0,27.704693,8.218152
11,48.5,27.923175,8.221884
11,49.0,28.124612,8.232675
11,49.5,28.301592,8.249832
11,50.0,28.447917,8.272451
12,0.0,35.546709,11.633215
12,0.5,27.763362,11.426049
12,1.0,22.133071,10.912536
12,1.5,18.183559,10.198105
12,2.0,15.499848,9.379399
12,2.5,13.75434,8.530972
12,3.0,12.710563,7.703598
12,3.5,12.209503,6.928338
12,4.0,12.151185,6.221968
12,4.5,12.478134,5.591749
12,5.0,13.162396,5.038993
12,5.5,14.195535,4.561528
12,6.0,15.580385,4.155316
12,6.5,17.323442,3.815477
12,7.0,19.427192,3.536912
12,7.5,21.882266,3.314674
12,8.0,24.660047,3.144149
12,8.5,27.707064,3.021146
12,9.0,30.942912,2.941904
12,9.5,34.263153,2.903063
12,10.0,37.547537,2.901601
12,10.5,40.672201,2.934763
12,11.0,43.523071,2.999974
12,11.5,46.007233,3.094746
12,12.0,48.059904,3.216583
12,12.5,49.646209,3.362882
12,13.0,50.758628,3.530837
12,13.5,51.411784,3.71736
12,14.0,51.636383,3.919005
12,14.5,51.473619,4.131934
12,15.0,50.970724,4.351908
12,15.5,50.177788,4.574326
12,16.0,49.145682,4.79432
12,16.5,47.924748,5.006895
12,17.0,46.563932,5.207124
12,17.5,45.110114,5.390367
12,18.0,43.607476,5.552517
12,18.5,42.096852,5.69022
12,19.0,40.615079,5.801069
12,19.5,39.194413,5.883721
12,20.0,37.86208,5.937949
12,20.5,36.640035,5.964603
12,21.0,35.544952,5.965492
12,21.5,34.588438,5.943219
12,22.0,33.777434,5.900963
12,22.5,33.114726,5.842267
12,23.0,32.59952,5.770826
12,23.5,32.227998,5.690302
12,24.0,31.993828,5.604177
12,24.5,31.888604,5.515646
12,25.0,31.902205,5.427541
12,25.5,32.023088,5.342298
12,26.0,32.238545,5.261936
12,26.5,32.534928,5.188073
12,27.0,32.897887,5.12194
12,27.5,33.312623,5.064411
12,28.0,33.764168,5.016039
12,28.5,34.237699,4.977088
12,29.0,34.718874,4.947569
12,29.5,35.19417,4.927273
12,30.0,35.65121,4.915801
12,30.5,36.079059,4.912593
12,31.0,36.46846,4.916956
12,31.5,36.812011,4.928091
12,32.0,37.104257,4.945112
12,32.5,37.341709,4.967077
12,33.0,37.522785,4.993004
12,33.5,37.64769,5.0219
12,34.0,37.718238,5.052779
12,34.5,37.737637,5.084683
12,35.0,37.710244,5.116706
12,35.5,37.641319,5.148009
12,36.0,37.536763,5.177838
12,36.5,37.402881,5.20554
12,37.0,37.246147,5.230569
12,37.5,37.073006,5.252497
12,38.0,36.889689,5.271019
12,38.5,36.702065,5.285947
12,39.0,36.515517,5.297209
12,39.5,36.334854,5.304842
12,40.0,36.164238,5.308982
12,40.5,36.007149,5.309849
12,41.0,35.866362,5.307734
12,41.5,35.743957,5.302982
12,42.0,35.64133,5.295979
12,42.5,35.559233,5.287136
12,43.0,35.497819,5.276872
12,43.5,35.456695,5.265606
12,44.0,35.434989,5.253739
12,44.5,35.431412,5.241649
12,45.0,35.444332,5.229683
12,45.5,35.471848,5.218148
12,46.0,35.511856,5.20731
12,46.5,35.562127,5.197387
12,47.0,35.620372,5.188553
12,47.5,35.684302,5.180937
12,48.0,35.751694,5.174621
12,48.5,35.820437,5.169646
12,49.0,35.888579,5.166014
12,49.5,35.954365,5.163692
12,50.0,36.016266,5.162615
13,0.0,43.186642,10.286252
13,0.5,37.992921,11.183792
13,1.0,32.822604,11.921389
13,1.5,27.946324,12.450522
13,2.0,23.574124,12.745561
13,2.5,19.829289,12.80742
13,3.0,16.746808,12.659993
13,3.5,14.293298,12.341759
13,4.0,12.395974,11.89651
13,4.5,10.968666,11.366207
13,5.0,9.929174,10.786946
13,5.5,9.207963,10.187574
13,6.0,8.750855,9.589941
13,6.5,8.518467,9.009926
13,7.0,8.484305,8.458675
13,7.5,8.632569,7.943765
13,8.0,8.956085,7.470189
13,8.5,9.454445,7.04113
13,9.0,10.132267,6.65857
13,9.5,10.997381,6.323734
13,10.0,12.05877,6.037427
13,10.5,13.324068,5.800277
13,11.0,14.796527,5.612896
13,11.5,16.471508,5.475988
13,12.0,18.332734,5.390394
13,12.5,20.348865,5.357077
13,13.0,22.471134,5.377058
13,13.5,24.63293,5.45127
13,14.0,26.752035,5.580356
13,14.5,28.735759,5.764377
13,15.0,30.48853,6.002445
13,15.5,31.920848,6.292298
13,16.0,32.958135,6.629828
13,16.5,33.548077,7.008629
13,17.0,33.665484,7.41965
13,17.5,33.314269,7.851039
13,18.0,32.526585,8.288318
13,18.5,31.359419,8.714974
13,19.0,29.889055,9.113494
13,19.5,28.203933,9.466786
13,20.0,26.396608,9.759785
13,20.5,24.555797,9.980945
13,21.0,22.75962,10.12333
13,21.5,21.070973,10.185065
13,22.0,19.535532,10.169096
13,22.5,18.182259,10.082377
13,23.0,17.025773,9.934719
13,23.5,16.069698,9.737554
13,24.0,15.310191,9.502837
13,24.5,14.739045,9.242187
13,25.0,14.346102,8.966323
13,25.5,14.120895,8.684743
13,26.0,14.053603,8.405616
13,26.5,14.13544,8.135799
13,27.0,14.358624,7.880944
13,27.5,14.716018,7.645642
13,28.0,15.200547,7.43358
13,28.5,15.804448,7.247688
13,29.0,16.518432,7.090262
13,29.5,17.330818,6.963071
13,30.0,18.226744,6.867422
13,30.5,19.187548,6.804206
13,31.0,20.190455,6.773905
13,31.5,21.208666,6.77658
13,32.0,22.211951,6.811826
13,32.5,23.167771,6.878705
13,33.0,24.042888,6.975676
13,33.5,24.805327,7.100508
13,34.0,25.426514,7.250207
13,34.5,25.883321,7.420967
13,35.0,26.159806,7.608161
13,35.5,26.248414,7.80639
13,36.0,26.150518,8.009601
13,36.5,25.876231,8.211294
13,37.0,25.443531,8.404794
13,37.5,24.876792,8.583586
13,38.0,24.204908,8.741683
13,38.5,23.459206,8.873978
13,39.0,22.671389,8.976544
13,39.5,21.871697,9.046846
13,40.0,21.087466,9.083834
13,40.5,20.342149,9.087919
13,41.0,19.654838,9.060833
13,41.5,19.040209,9.00542
13,42.0,18.508801,8.92536
13,42.5,18.067513,8.824902
13,43.0,17.720187,8.708589
13,43.5,17.468202,8.581036
13,44.0,17.310988,8.446744
13,44.5,17.246443,8.309962
13,45.0,17.271218,8.174597
13,45.5,17.380894,8.044153
13,46.0,17.570043,7.921712
13,46.5,17.832222,7.809918
13,47.0,18.159904,7.71099
13,47.5,18.544402,7.62673
13,48.0,18.975806,7.558538
13,48.5,19.442964,7.507424
13,49.0,19.933548,7.474019
13,49.5,20.434217,7.458574
13,50.0,20.930905,7.460967
14,0.0,57.567503,9.1462
14,0.5,47.699831,10.068421
14,1.0,39.427012,10.753964
14,1.5,32.527031,11.166898
14,2.0,26.896042,11.302593
14,2.5,22.430893,11.187131
14,3.0,18.995789,10.868039
14,3.5,16.432862,10.401608
14,4.0,14.585525,9.842157
14,4.5,13.316759,9.235765
14,5.0,12.51746,8.618133
14,5.5,12.107044,8.015084
14,6.0,12.029961,7.444234
14,6.5,12.250764,6.91691
14,7.0,12.74905,6.439893
14,7.5,13.514626,6.016801
14,8.0,14.54284,5.649147
14,8.5,15.829846,5.337087
14,9.0,17.367724,5.079946
14,9.5,19.139608,4.876553
14,10.0,21.115331,4.725454
14,10.5,23.24844,4.62501
14,11.0,25.475526,4.573435
14,11.5,27.718621,4.568764
14,12.0,29.890714,4.608797
14,12.5,31.903588,4.691002
14,13.0,33.676408,4.812411
14,13.5,35.143257,4.969505
14,14.0,36.258226,5.158109
14,14.5,36.997474,5.3733
14,15.0,37.35852,5.609366
14,15.5,37.357586,5.859811
14,16.0,37.025926,6.117453
14,16.5,36.405883,6.374605
14,17.0,35.547157,6.623361
14,17.5,34.50345,6.855966
14,18.0,33.329529,7.065242
14,18.5,32.078691,7.245023
14,19.0,30.800619,7.390544
14,19.5,29.539686,7.498723
14,20.0,28.333761,7.568304
14,20.5,27.213563,7.59984
14,21.0,26.202559,7.595518
14,21.5,25.317337,7.558876
14,22.0,24.568318,7.49445
14,22.5,23.960663,7.40739
14,23.0,23.495235,7.303112
14,23.5,23.169477,7.186997
14,24.0,22.97816,7.064151
14,24.5,22.913942,6.939246
14,25.0,22.967755,6.816407
14,25.5,23.129049,6.699171
14,26.0,23.385933,6.590465
14,26.5,23.725264,6.492626
14,27.0,24.132751,6.407428
14,27.5,24.59309,6.33612
14,28.0,25.090197,6.279473
14,28.5,25.607527,6.23782
14,29.0,26.128497,6.211092
14,29.5,26.636981,6.198864
14,30.0,27.117854,6.200385
14,30.5,27.557526,6.214615
14,31.0,27.944438,6.240265
14,31.5,28.269456,6.275825
14,32.0,28.526142,6.319616
14,32.5,28.710885,6.369828
14,33.0,28.822878,6.42457
14,33.5,28.863959,6.481922
14,34.0,28.838338,6.539993
14,34.5,28.752228,6.596972
14,35.0,28.613424,6.651184
14,35.5,28.430852,6.701143
14,36.0,28.214118,6.745587
14,36.5,27.973081,6.783518
14,37.0,27.717467,6.814219
14,37.5,27.456545,6.837265
14,38.0,27.198851,6.852519
14,38.5,26.951993,6.860115
14,39.0,26.722506,6.860434
14,39.5,26.515769,6.854067
14,40.0,26.335974,6.841775
14,40.5,26.18613,6.824449
14,41.0,26.068106,6.803065
14,41.5,25.982694,6.77864
14,42.0,25.929696,6.752196
14,42.5,25.908016,6.724725
14,43.0,25.915771,6.697161
14,43.5,25.950398,6.670355
14,44.0,26.008776,6.645059
14,44.5,26.087343,6.621914
14,45.0,26.182222,6.601437
14,45.5,26.289344,6.584024
14,46.0,26.40457,6.569946
14,46.5,26.523817,6.559356
14,47.0,26.643163,6.55229
14,47.5,26.758964,6.548678
14,48.0,26.867938,6.548359
14,48.5,26.967248,6.551083
14,49.0,27.054561,6.556533
14,49.5,27.12809,6.564336
14,50.0,27.186612,6.574076
15,0.0,55.637786,7.239664
15,0.5,52.53208,7.950772
15,1.0,48.830598,8.647393
15,1.5,44.697183,9.294598
15,2.0,40.319796,9.854451
15,2.5,35.900843,10.290678
15,3.0,31.639311,10.574441
15,3.5,27.708118,10.689698
15,4.0,24.233967,10.63624
15,4.5,21.287227,10.429173
15,5.0,18.885013,10.095107
15,5.5,17.004556,9.666634
15,6.0,15.600421,9.177019
15,6.5,14.619804,8.656392
15,7.0,14.013066,8.129761
15,7.5,13.739387,7.616515
15,8.0,13.76874,7.130849
15,8.5,14.081549,6.682625
15,9.0,14.667034,6.278334
15,9.5,15.520774,5.921986
15,10.0,16.641717,5.615854
15,10.5,18.028672,5.361058
15,11.0,19.676346,5.158005
15,11.5,21.571066,5.006693
15,12.0,23.686591,4.906914
15,12.5,25.98066,4.858367
15,13.0,28.393079,4.860684
15,13.5,30.846191,4.913398
15,14.0,33.248169,5.015841
15,14.5,35.499073,5.166976
15,15.0,37.498814,5.365183
15,15.5,39.155726,5.607982
15,16.0,40.394287,5.891721
15,16.5,41.160882,6.211254
15,17.0,41.427105,6.559631
15,17.5,41.190715,6.927876
15,18.0,40.474703,7.304913
15,18.5,39.324977,7.677729
15,19.0,37.807003,8.031848
15,19.5,36.001496,8.352166
15,20.0,33.999146,8.624101
15,20.5,31.894491,8.834954
15,21.0,29.779346,8.975247
15,21.5,27.736568,9.03978
15,22.0,25.835108,9.028152
15,22.5,24.127157,8.944644
15,23.0,22.647707,8.797491
15,23.5,21.416244,8.59774
15,24.0,20.439842,8.357962
15,24.5,19.716775,8.091065
15,25.0,19.239898,7.809351
15,25.5,18.999316,7.523896
15,26.0,18.98416,7.244226
15,26.5,19.183483,6.978232
15,27.0,19.586388,6.732233
15,27.5,20.181564,6.511147
15,28.0,20.956383,6.318685
15,28.5,21.895741,6.157559
15,29.0,22.98081,6.029657
15,29.5,24.187901,5.936194
15,30.0,25.487657,5.877816
15,30.5,26.84477,5.854669
15,31.0,28.218404,5.866426
15,31.5,29.563409,5.912279
15,32.0,30.832297,5.9909
15,32.5,31.977825,6.100378
15,33.0,32.955902,6.238144
15,33.5,33.728489,6.400887
15,34.0,34.266157,6.584491
15,34.5,34.550036,6.783997
15,35.0,34.572977,6.993616
15,35.5,34.339877,7.206817
15,36.0,33.867183,7.416503
15,36.5,33.181656,7.615283
15,37.0,32.318506,7.795829
15,37.5,31.319054,7.951316
15,38.0,30.228095,8.075865
15,38.5,29.091176,8.164976
15,39.0,27.952047,8.215848
15,39.5,26.850497,8.227575
15,40.0,25.820788,8.201156
15,40.5,24.89076,8.139341
15,41.0,24.081617,8.046338
15,41.5,23.408258,7.927419
15,42.0,22.879993,7.788513
15,42.5,22.50144,7.635803
15,43.0,22.273423,7.475385
15,43.5,22.193739,7.313014
15,44.0,22.257737,7.153921
15,44.5,22.458649,7.002705
15,45.0,22.787726,6.863294
15,45.5,23.234199,6.738941
15,46.0,23.785131,6.632247
15,46.5,24.425253,6.545205
15,47.0,25.136843,6.479239
15,47.5,25.899733,6.435247
15,48.0,26.691517,6.41363
15,48.5,27.487989,6.414314
15,49.0,28.263837,6.436764
15,49.5,28.993562,6.479981
15,50.0,29.65258,6.542508
16,0.0,27.015863,7.55505
16,0.5,26.491546,7.622592
16,1.0,25.956909,7.671323
16,1.5,25.431496,7.700731
16,2.0,24.932345,7.711133
16,2.5,24.473658,7.703586
16,3.0,24.06668,7.679777
16,3.5,23.719742,7.641875
16,4.0,23.438431,7.592388
16,4.5,23.225828,7.534009
16,5.0,23.082771,7.46949
16,5.5,23.008121,7.401528
16,6.0,22.999014,7.332668
16,6.5,23.051079,7.265239
16,7.0,23.158642,7.201305
16,7.5,23.31491,7.14263
16,8.0,23.512157,7.090662
16,8.5,23.741914,7.046526
16,9.0,23.995174,7.011028
16,9.5,24.262635,6.98466
16,10.0,24.534946,6.967615
16,10.5,24.802993,6.959801
16,11.0,25.058176,6.960866
16,11.5,25.292696,6.970217
16,12.0,25.49981,6.987047
16,12.5,25.67405,7.010369
16,13.0,25.811389,7.039048
16,13.5,25.90934,7.071842
16,14.0,25.966984,7.10744
16,14.5,25.984927,7.144506
16,15.0,25.965184,7.181727
16,15.5,25.911009,7.217853
16,16.0,25.826683,7.251739
16,16.5,25.71726,7.282382
16,17.0,25.588316,7.308951
16,17.5,25.445688,7.330807
16,18.0,25.295228,7.347518
16,18.5,25.142589,7.358862
16,19.0,24.993039,7.364821
16,19.5,24.851308,7.365568
16,20.0,24.721482,7.361447
16,20.5,24.606922,7.352947
16,21.0,24.510226,7.34067
16,21.5,24.433216,7.325306
16,22.0,24.376947,7.307593
16,22.5,24.341746,7.288294
16,23.0,24.327254,7.268165
16,23.5,24.332497,7.247932
16,24.0,24.355954,7.228267
16,24.5,24.395639,7.209775
16,25.0,24.449191,7.192975
16,25.5,24.513966,7.178296
16,26.0,24.587131,7.166066
16,26.5,24.665763,7.156512
16,27.0,24.74694,7.14976
16,27.5,24.827837,7.145839
16,28.0,24.905809,7.144685
16,28.5,24.978466,7.14615
16,29.0,25.043744,7.150011
16,29.5,25.099948,7.155985
16,30.0,25.145797,7.163737
16,30.5,25.18044,7.172897
16,31.0,25.203459,7.18307
16,31.5,25.21486,7.193856
16,32.0,25.215045,7.204858
16,32.5,25.204768,7.215699
16,33.0,25.185091,7.226029
16,33.5,25.15732,7.235539
16,34.0,25.122946,7.243968
16,34.5,25.083576,7.251107
16,35.0,25.040873,7.256806
16,35.5,24.996489,7.260972
16,36.0,24.952017,7.263571
16,36.5,24.908935,7.264624
16,37.0,24.86857,7.264203
16,37.5,24.83206,7.262422
16,38.0,24.80034,7.259436
16,38.5,24.774115,7.255427
16,39.0,24.753864,7.2506
16,39.5,24.739837,7.245173
16,40.0,24.732064,7.239365
16,40.5,24.730368,7.233396
16,41.0,24.734388,7.227475
16,41.5,24.743604,7.221793
16,42.0,24.75736,7.21652
16,42.5,24.774898,7.211802
16,43.0,24.795386,7.207756
16,43.5,24.817952,7.204469
16,44.0,24.841715,7.201997
16,44.5,24.865811,7.200365
16,45.0,24.889423,7.19957
16,45.5,24.911804,7.19958
16,46.0,24.932298,7.200342
16,46.5,24.950352,7.201779
16,47.0,24.965534,7.203798
16,47.5,24.977533,7.206293
16,48.0,24.986168,7.209151
16,48.5,24.991379,7.212251
16,49.0,24.993227,7.215476
16,49.5,24.991878,7.218711
16,50.0,24.987597,7.221847
17,0.0,37.319201,7.517799
17,0.5,36.277885,7.860636
17,1.0,34.965055,8.179631
17,1.5,33.458058,8.461804
17,2.0,31.836471,8.695825
17,2.5,30.176778,8.87302
17,3.0,28.547809,8.98812
17,3.5,27.007421,9.039619
17,4.0,25.600731,9.029682
17,4.5,24.359906,8.963646
17,5.0,23.305251,8.849253
17,5.5,22.447123,8.695754
17,6.0,21.788189,8.513057
17,6.5,21.325582,8.311009
17,7.0,21.052689,8.098858
17,7.5,20.960437,7.884916
17,8.0,21.038066,7.67638
17,8.5,21.273447,7.479282
17,9.0,21.653056,7.298527
17,9.5,22.161723,7.137971
17,10.0,22.782276,7.000524
17,10.5,23.495223,6.888263
17,11.0,24.278567,6.802517
17,11.5,25.107869,6.743949
17,12.0,25.956614,6.712611
17,12.5,26.796926,6.707982
17,13.0,27.600588,6.72899
17,13.5,28.34031,6.774022
17,14.0,28.991103,6.840933
17,14.5,29.531645,6.927059
17,15.0,29.945452,7.029239
17,15.5,30.221769,7.143863
17,16.0,30.356058,7.266943
17,16.5,30.350073,7.394221
17,17.0,30.211516,7.521303
17,17.5,29.953324,7.643829
17,18.0,29.592682,7.757653
17,18.5,29.149841,7.859039
17,19.0,28.646864,7.944834
17,19.5,28.106391,8.012617
17,20.0,27.550523,8.060804
17,20.5,26.999881,8.088697
17,21.0,26.472897,8.096472
17,21.5,25.985335,8.085115
17,22.0,25.550045,8.056314
17,22.5,25.176903,8.012316
17,23.0,24.872896,7.955773
17,23.5,24.642307,7.889581
17,24.0,24.486953,7.816735
17,24.5,24.406435,7.740199
17,25.0,24.398379,7.662797
17,25.5,24.458666,7.587132
17,26.0,24.581628,7.515529
17,26.5,24.760239,7.449988
17,27.0,24.986294,7.392168
17,27.5,25.250609,7.343372
17,28.0,25.543233,7.304547
17,28.5,25.853695,7.276289
17,29.0,26.171291,7.258858
17,29.5,26.485392,7.252189
17,30.0,26.785789,7.255914
17,30.5,27.063032,7.269381
17,31.0,27.308761,7.291684
17,31.5,27.516008,7.321691
17,32.0,27.679433,7.358082
17,32.5,27.7955,7.399388
17,33.0,27.862559,7.444039
17,33.5,27.880842,7.490414
17,34.0,27.85237,7.536894
17,34.5,27.78078,7.58192
17,35.0,27.671086,7.624042
17,35.5,27.529387,7.661974
17,36.0,27.362554,7.694632
17,36.5,27.177899,7.721173
17,37.0,26.982863,7.741013
17,37.5,26.784722,7.753842
17,38.0,26.590334,7.759618
17,38.5,26.40593,7.758555
17,39.0,26.236954,7.751099
17,39.5,26.087945,7.737896
17,40.0,25.962473,7.71975
17,40.5,25.863107,7.697587
17,41.0,25.79142,7.672405
17,41.5,25.748016,7.645239
17,42.0,25.73259,7.617118
17,42.5,25.743995,7.589034
17,43.0,25.780329,7.561908
17,43.5,25.839031,7.536569
17,44.0,25.916991,7.513734
17,44.5,26.01066,7.493993
17,45.0,26.11618,7.4778
17,45.5,26.229502,7.465472
17,46.0,26.346524,7.457183
17,46.5,26.463218,7.452972
17,47.0,26.575752,7.452745
17,47.5,26.680614,7.456291
17,48.0,26.774712,7.463289
17,48.5,26.855463,7.473326
17,49.0,26.920865,7.485911
17,49.5,26.969539,7.500497
17,50.0,27.00075,7.516499
18,0.0,34.316636,7.246475
18,0.5,33.150749,7.146704
18,1.0,32.198382,7.023608
18,1.5,31.456894,6.882957
18,2.0,30.920602,6.730428
18,2.5,30.581427,6.571362
18,3.0,30.429412,6.410608
18,3.5,30.453072,6.252411
18,4.0,30.639591,6.100372
18,4.5,30.974896,5.957446
18,5.0,31.443649,5.825965
18,5.5,32.029218,5.707692
18,6.0,32.713676,5.603878
18,6.5,33.477877,5.515319
18,7.0,34.301637,5.442422
18,7.5,35.164041,5.385256
18,8.0,36.043868,5.343604
18,8.5,36.920117,5.317005
18,9.0,37.772595,5.304788
18,9.5,38.582511,5.306108
18,10.0,39.333038,5.319969
18,10.5,40.009784,5.345244
18,11.0,40.601149,5.380701
18,11.5,41.098538,5.425017
18,12.0,41.496432,5.476795
18,12.5,41.792329,5.534588
18,13.0,41.986563,5.596913
18,13.5,42.082043,5.662273
18,14.0,42.083928,5.729182
18,14.5,41.999263,5.796188
18,15.0,41.836608,5.861898
18,15.5,41.605664,5.925002
18,16.0,41.316914,5.984306
18,16.5,40.981292,6.038748
18,17.0,40.609874,6.087425
18,17.5,40.213609,6.12961
18,18.0,39.803077,6.164764
18,18.5,39.388284,6.192542
18,19.0,38.978495,6.2128
18,19.5,38.582096,6.225582
18,20.0,38.206499,6.231116
18,20.5,37.858068,6.229791
18,21.0,37.542082,6.222138
18,21.5,37.262722,6.208809
18,22.0,37.023085,6.190543
18,22.5,36.825211,6.168144
18,23.0,36.670133,6.142452
18,23.5,36.557937,6.11432
18,24.0,36.487833,6.084585
18,24.5,36.458234,6.054053
18,25.0,36.466842,6.023481
18,25.5,36.510739,5.993561
18,26.0,36.586482,5.964911
18,26.5,36.690198,5.938068
18,27.0,36.817693,5.913483
18,27.5,36.964544,5.891521
18,28.0,37.126208,5.872458
18,28.5,37.298119,5.856485
18,29.0,37.47579,5.843714
18,29.5,37.654898,5.834177
18,30.0,37.831378,5.827839
18,30.5,38.00149,5.824598
18,31.0,38.161889,5.824298
18,31.5,38.309678,5.826731
18,32.0,38.44244,5.831649
18,32.5,38.55827,5.838769
18,33.0,38.655779,5.847783
18,33.5,38.734097,5.858365
18,34.0,38.792851,5.870177
18,34.5,38.832139,5.88288
18,35.0,38.852495,5.896139
18,35.5,38.854845,5.909627
18,36.0,38.840449,5.923037
18,36.5,38.810856,5.936082
18,37.0,38.767836,5.948503
18,37.5,38.71333,5.960073
18,38.0,38.649388,5.970597
18,38.5,38.578116,5.979918
18,39.0,38.501624,5.987913
18,39.5,38.421976,5.994502
18,40.0,38.341153,5.999638
18,40.5,38.261012,6.00331
18,41.0,38.183254,6.005543
18,41.5,38.109403,6.006391
18,42.0,38.040782,6.005935
18,42.5,37.978503,6.00428
18,43.0,37.923458,6.001551
18,43.5,37.876316,5.997886
18,44.0,37.837526,5.993436
18,44.5,37.807324,5.988358
18,45.0,37.785742,5.98281
18,45.5,37.772624,5.976951
18,46.0,37.767642,5.970932
18,46.5,37.770315,5.964899
18,47.0,37.780031,5.958987
18,47.5,37.796068,5.953316
18,48.0,37.81762,5.947993
18,48.5,37.843818,5.943111
18,49.0,37.873751,5.938743
18,49.5,37.906495,5.934949
18,50.0,37.941128,5.931768
19,0.0,28.32975,10.122569
19,0.5,26.980533,10.113565
19,1.0,25.780338,10.058892
19,1.5,24.745816,9.964153
19,2.0,23.886377,9.836025
19,2.5,23.205622,9.68176
19,3.0,22.702741,9.508738
19,3.5,22.373719,9.324114
19,4.0,22.212266,9.134558
19,4.5,22.210414,8.94609
19,5.0,22.358825,8.763991
19,5.5,22.646835,8.592772
19,6.0,23.062322,8.436182
19,6.5,23.591467,8.297244
19,7.0,24.218494,8.178295
19,7.5,24.925483,8.081034
19,8.0,25.692329,8.006567
19,8.5,26.496919,7.955443
19,9.0,27.315554,7.927687
19,9.5,28.123633,7.922824
19,10.0,28.896558,7.939903
19,10.5,29.61079,7.97752
19,11.0,30.244947,8.033838
19,11.5,30.780848,8.106624
19,12.0,31.204381,8.193283
19,12.5,31.50612,8.290909
19,13.0,31.681642,8.396358
19,13.5,31.731528,8.506316
19,14.0,31.661074,8.617403
19,14.5,31.479755,8.726272
19,15.0,31.200506,8.829721
19,15.5,30.838885,8.924809
19,16.0,30.412193,9.008958
19,16.5,29.9386,9.080048
19,17.0,29.436336,9.136491
19,17.5,28.922987,9.177272
19,18.0,28.414909,9.201968
19,18.5,27.926797,9.210736
19,19.0,27.471386,9.204267
19,19.5,27.059283,9.183725
19,20.0,26.698914,9.150666
19,20.5,26.396559,9.106946
19,21.0,26.156444,9.054624
19,21.5,25.980879,8.995874
19,22.0,25.870404,8.9329
19,22.5,25.823951,8.867859
19,23.0,25.838993,8.8028
19,23.5,25.911687,8.739616
19,24.0,26.037011,8.68
19,24.5,26.208903,8.625423
19,25.0,26.420404,8.577114
19,25.5,26.663814,8.536045
19,26.0,26.93087,8.502935
19,26.5,27.212946,8.478244
19,27.0,27.501273,8.462183
19,27.5,27.787183,8.454723
19,28.0,28.062356,8.455608
19,28.5,28.319079,8.464374
19,29.0,28.550473,8.480367
19,29.5,28.750714,8.502766
19,30.0,28.915198,8.530613
19,30.5,29.040666,8.562839
19,31.0,29.125266,8.5983
19,31.5,29.168562,8.635807
19,32.0,29.171478,8.674162
19,32.5,29.136197,8.712196
19,33.0,29.066005,8.7488
19,33.5,28.965114,8.78296
19,34.0,28.838444,8.813782
19,34.5,28.691417,8.840518
19,35.0,28.529726,8.862583
19,35.5,28.359135,8.879569
19,36.0,28.185282,8.891244
19,36.5,28.013512,8.897557
19,37.0,27.84874,8.898626
19,37.5,27.695331,8.894723
19,38.0,27.557025,8.886257
19,38.5,27.436872,8.873755
19,39.0,27.337208,8.857831
19,39.5,27.259643,8.839166
19,40.0,27.205071,8.818478
19,40.5,27.173693,8.7965
19,41.0,27.165065,8.773958
19,41.5,27.17814,8.751547
19,42.0,27.211334,8.729912
19,42.5,27.262596,8.709637
19,43.0,27.329481,8.691232
19,43.5,27.409234,8.67512
19,44.0,27.498876,8.661634
19,44.5,27.595296,8.651012
19,45.0,27.695339,8.643398
19,45.5,27.795898,8.638842
19,46.0,27.894001,8.637305
19,46.5,27.986889,8.638664
19,47.0,28.072097,8.642721
19,47.5,28.147505,8.649211
19,48.0,28.211397,8.657814
19,48.5,28.26249,8.668165
19,49.0,28.299956,8.67987
19,49.5,28.323423,8.692512
19,50.0,28.332966,8.705672
20,0.0,35.071483,12.738946
20,0.5,32.095591,13.316709
20,1.0,29.013755,13.730823
20,1.5,26.046648,13.956134
20,2.0,23.363002,13.987738
20,2.5,21.07032,13.840282
20,3.0,19.219334,13.543241
20,3.5,17.818045,13.134236
20,4.0,16.848783,12.65271
20,4.5,16.28288,12.13538
20,5.0,16.090468,11.613785
20,5.5,16.245249,11.113522
20,6.0,16.725211,10.65453
20,6.5,17.510396,10.251879
20,7.0,18.578647,9.916657
20,7.5,19.900206,9.656755
20,8.0,21.432119,9.477438
20,8.5,23.113795,9.381672
20,9.0,24.865276,9.370216
20,9.5,26.589626,9.441511
20,10.0,28.180037,9.591424
20,10.5,29.530867,9.812928
20,11.0,30.550453,10.095796
20,11.5,31.172826,10.426452
20,12.0,31.365762,10.788083
20,12.5,31.133765,11.161168
20,13.0,30.515876,11.524492
20,13.5,29.579241,11.856664
20,14.0,28.40988,12.137979
20,14.5,27.102284,12.352367
20,15.0,25.74943,12.489027
20,15.5,24.43463,12.543418
20,16.0,23.226166,12.51738
20,16.5,22.175015,12.418411
20,17.0,21.31529,12.25833
20,17.5,20.666499,12.05166
20,18.0,20.236589,11.814056
20,18.5,20.02488,11.561003
20,19.0,20.024327,11.306878
20,19.5,20.222861,11.064379
20,20.0,20.603862,10.844229
20,20.5,21.145968,10.655087
20,21.0,21.822553,10.503569
20,21.5,22.601273,10.394314
20,22.0,23.444083,10.330049
20,22.5,24.308048,10.311643
20,23.0,25.147157,10.338137
20,23.5,25.915111,10.406767
20,24.0,26.568788,10.513003
20,24.5,27.071927,10.650645
20,25.0,27.398401,10.811988
20,25.5,27.534559,10.988108
20,26.0,27.480238,11.169277
20,26.5,27.248332,11.34549
20,27.0,26.86303,11.507097
20,27.5,26.357048,11.645467
20,28.0,25.768298,11.753604
20,28.5,25.136478,11.826646
20,29.0,24.499981,11.862159
20,29.5,23.893461,11.860205
20,30.0,23.346181,11.823167
20,30.5,22.881155,11.75539
20,31.0,22.514945,11.662697
20,31.5,22.257931,11.55185
20,32.0,22.114816,11.430026
20,32.5,22.085224,11.304359
20,33.0,22.16424,11.181563
20,33.5,22.34288,11.067655
20,34.0,22.608481,10.967751
20,34.5,22.945091,10.885942
20,35.0,23.333928,10.825222
20,35.5,23.753997,10.787449
20,36.0,24.182921,10.773345
20,36.5,24.597996,10.782518
20,37.0,24.97743,10.813512
20,37.5,25.30166,10.863888
20,38.0,25.554635,10.930338
20,38.5,25.724876,11.008842
20,39.0,25.806219,11.094861
20,39.5,25.798117,11.183575
20,40.0,25.705471,11.270144
20,40.5,25.538036,11.349985
20,41.0,25.30946,11.419042
20,41.5,25.036102,11.474018
20,42.0,24.735746,11.512564
20,42.5,24.426366,11.533386
20,43.0,24.125023,11.536278
20,43.5,23.846989,11.522072
20,44.0,23.605104,11.492516
20,44.5,23.409378,11.450108
20,45.0,23.266806,11.397882
20,45.5,23.181337,11.339198
20,46.0,23.153974,11.277524
20,46.5,23.182958,11.216247
20,47.0,23.264006,11.158507
20,47.5,23.390609,11.107059
20,48.0,23.554377,11.064177
20,48.5,23.745441,11.031577
20,49.0,23.952915,11.010374
20,49.5,24.165421,11.001071
20,50.0,24.371655,11.003561
21,0.0,59.321351,9.281948
21,0.5,55.513237,9.519506
21,1.0,51.971826,9.670702
21,1.5,48.77313,9.735459
21,2.0,45.97364,9.718771
21,2.5,43.609423,9.629961
21,3.0,41.69749,9.481487
21,3.5,40.238749,9.287554
21,4.0,39.221631,9.062788
21,4.5,38.625483,8.821151
21,5.0,38.423161,8.575187
21,5.5,38.582588,8.335591
21,6.0,39.067369,8.111037
21,6.5,39.836755,7.908213
21,7.0,40.845355,7.731951
21,7.5,42.04302,7.585435
21,8.0,43.375258,7.470413
21,8.5,44.784384,7.387401
21,9.0,46.211483,7.335877
21,9.5,47.598993,7.31444
21,10.0,48.893616,7.320953
21,10.5,50.049123,7.352666
21,11.0,51.028665,7.406329
21,11.5,51.806299,7.4783
21,12.0,52.367589,7.564647
21,12.5,52.709316,7.661261
21,13.0,52.838452,7.763971
21,13.5,52.770621,7.868667
21,14.0,52.528256,7.97143
21,14.5,52.138674,8.068654
21,15.0,51.632195,8.157173
21,15.5,51.040424,8.234366
21,16.0,50.394744,8.298238
21,16.5,49.725057,8.347474
21,17.0,49.058791,8.381455
21,17.5,48.420156,8.400243
21,18.0,47.829645,8.404519
21,18.5,47.303757,8.395507
21,19.0,46.854904,8.374861
21,19.5,46.491476,8.344552
21,20.0,46.218027,8.306743
21,20.5,46.035549,8.263675
21,21.0,45.94181,8.217558
21,21.5,45.931745,8.170483
21,22.0,45.997865,8.124354
21,22.5,46.130707,8.080829
21,23.0,46.319291,8.041288
21,23.5,46.551596,8.006816
21,24.0,46.815048,7.978193
21,24.5,47.096989,7.955904
21,25.0,47.385148,7.940155
21,25.5,47.668058,7.930894
21,26.0,47.935437,7.927842
21,26.5,48.178494,7.930521
21,27.0,48.390154,7.938294
21,27.5,48.565198,7.950401
21,28.0,48.700314,7.965995
21,28.5,48.794059,7.984177
21,29.0,48.846742,8.004036
21,29.5,48.860246,8.024683
21,30.0,48.837798,8.045275
21,30.5,48.783707,8.065048
21,31.0,48.703079,8.083337
21,31.5,48.601537,8.099591
21,32.0,48.484947,8.113387
21,32.5,48.359167,8.124431
21,33.0,48.229818,8.132564
21,33.5,48.102101,8.137751
21,34.0,47.98064,8.140073
21,34.5,47.869371,8.139715
21,35.0,47.771464,8.136945
21,35.5,47.689284,8.1321
21,36.0,47.624384,8.125563
21,36.5,47.57753,8.117744
21,37.0,47.548746,8.109064
21,37.5,47.537385,8.099933
21,38.0,47.542219,8.09074
21,38.5,47.561534,8.081838
21,39.0,47.593241,8.073535
21,39.5,47.634982,8.066085
21,40.0,47.684248,8.059686
21,40.5,47.738482,8.054478
21,41.0,47.795176,8.050543
21,41.5,47.851966,8.047905
21,42.0,47.906703,8.046541
21,42.5,47.957517,8.04638
21,43.0,48.002861,8.047314
21,43.5,48.04154,8.049205
21,44.0,48.072722,8.051891
21,44.5,48.095941,8.055196
21,45.0,48.111074,8.058938
21,45.5,48.118318,8.062936
21,46.0,48.118149,8.067014
21,46.5,48.111278,8.071014
21,47.0,48.098604,8.074791
21,47.5,48.081157,8.078224
21,48.0,48.060049,8.081218
21,48.5,48.036424,8.0837
21,49.0,48.011411,8.085627
21,49.5,47.986083,8.086977
21,50.0,47.961422,8.087756
22,0.0,38.756793,9.318762
22,0.5,37.767339,9.743798
22,1.0,36.373754,10.141951
22,1.5,34.67531,10.493262
22,2.0,32.783162,10.779981
22,2.5,30.809218,10.988453
22,3.0,28.85609,11.110537
22,3.5,27.009649,11.144248
22,4.0,25.335103,11.093527
22,4.5,23.876616,10.967232
22,5.0,22.659683,10.777693
22,5.5,21.695077,10.539136
22,6.0,20.983196,10.26629
22,6.5,20.517929,9.973311
22,7.0,20.289611,9.673091
22,7.5,20.286906,9.376887
22,8.0,20.497711,9.094219
22,8.5,20.909242,8.83292
22,9.0,21.507501,8.599289
22,9.5,22.276325,8.398276
22,10.0,23.196215,8.233663
22,10.5,24.243163,8.10822
22,11.0,25.387692,8.023812
22,11.5,26.594388,7.981464
22,12.0,27.822097,7.981367
22,12.5,29.025,8.022847
22,13.0,30.154585,8.104288
22,13.5,31.162421,8.223034
22,14.0,32.00349,8.375296
22,14.5,32.639672,8.55607
22,15.0,33.042927,8.759119
22,15.5,33.197748,8.977046
22,16.0,33.10253,9.201476
22,16.5,32.769665,9.423375
22,17.0,32.224345,9.633506
22,17.5,31.502235,9.822977
22,18.0,30.646327,9.983832
22,18.5,29.703377,10.109621
22,19.0,28.720391,10.195843
22,19.5,27.741556,10.240221
22,20.0,26.805925,10.242763
22,20.5,25.945989,10.205608
22,21.0,25.187121,10.132703
22,21.5,24.547737,10.029377
22,22.0,24.039941,9.901862
22,22.5,23.670418,9.756844
22,23.0,23.441367,9.601065
22,23.5,23.351324,9.441013
22,24.0,23.395786,9.282698
22,24.5,23.567623,9.131505
22,25.0,23.85728,8.992116
22,25.5,24.252832,8.868472
22,26.0,24.739951,8.763771
22,26.5,25.301868,8.680478
22,27.0,25.919427,8.620345
22,27.5,26.571276,8.58442
22,28.0,27.23429,8.573065
22,28.5,27.884235,8.585956
22,29.0,28.496675,8.622083
22,29.5,29.048088,8.679756
22,30.0,29.517091,8.756618
22,30.5,29.885679,8.849675
22,31.0,30.140338,8.955351
22,31.5,30.272904,9.069582
22,32.0,30.281076,9.187944
22,32.5,30.168513,9.305818
22,33.0,29.944494,9.418596
22,33.5,29.623187,9.521893
22,34.0,29.222606,9.611777
22,34.5,28.763364,9.684973
22,35.0,28.267353,9.739031
22,35.5,27.75649,9.772443
22,36.0,27.251608,9.784687
22,36.5,26.77159,9.776208
22,37.0,26.332755,9.74834
22,37.5,25.948505,9.703173
22,38.0,25.629188,9.643387
22,38.5,25.382134,9.572083
22,39.0,25.2118,9.492599
22,39.5,25.119976,9.408348
22,40.0,25.106008,9.322679
22,40.5,25.167011,9.238761
22,41.0,25.298068,9.159487
22,41.5,25.492405,9.087411
22,42.0,25.741569,9.0247
22,42.5,26.035609,8.973098
22,43.0,26.363296,8.933913
22,43.5,26.712396,8.908002
22,44.0,27.070004,8.895773
22,44.5,27.422949,8.897184
22,45.0,27.758262,8.911757
22,45.5,28.063682,8.938595
22,46.0,28.328185,8.976408
22,46.5,28.542484,9.023553
22,47.0,28.699468,9.078082
22,47.5,28.794542,9.137806
22,48.0,28.825828,9.200372
22,48.5,28.794221,9.263353
22,49.0,28.703275,9.324342
22,49.5,28.558945,9.381056
22,50.0,28.3692,9.431428
23,0.0,31.530219,7.186295
23,0.5,34.212152,6.990396
23,1.0,37.159232,6.850307
23,1.5,40.283338,6.76438
23,2.0,43.47659,6.730253
23,2.5,46.618377,6.74493
23,3.0,49.585808,6.804861
23,3.5,52.265422,6.906004
23,4.0,54.563576,7.043888
23,4.5,56.413371,7.213658
23,5.0,57.777227,7.410121
23,5.5,58.645474,7.627787
23,6.0,59.032202,7.860901
23,6.5,58.969851,8.103499
23,7.0,58.503754,8.349472
23,7.5,57.687402,8.592663
23,8.0,56.578706,8.826994
23,8.5,55.237228,9.046625
23,9.0,53.722179,9.246146
23,9.5,52.090936,9.420778
23,10.0,50.397891,9.566578
23,10.5,48.693493,9.68062
23,11.0,47.02343,9.761138
23,11.5,45.427963,9.807598
23,12.0,43.941443,9.820706
23,12.5,42.592048,9.80233
23,13.0,41.401762,9.755358
23,13.5,40.38659,9.683501
23,14.0,39.556943,9.591061
23,14.5,38.918147,9.482686
23,15.0,38.470992,9.363146
23,15.5,38.21225,9.237122
23,16.0,38.135119,9.109042
23,16.5,38.229576,8.982952
23,17.0,38.482643,8.862423
23,17.5,38.878594,8.750505
23,18.0,39.399155,8.649693
23,18.5,40.023744,8.56193
23,19.0,40.729811,8.488619
23,19.5,41.493293,8.430653
23,20.0,42.289225,8.388441
23,20.5,43.092478,8.361955
23,21.0,43.878576,8.350769
23,21.5,44.624569,8.354101
23,22.0,45.309844,8.370864
23,22.5,45.916849,8.399704
23,23.0,46.431645,8.439053
23,23.5,46.844248,8.487176
23,24.0,47.148773,8.542217
23,24.5,47.343353,8.602245
23,25.0,47.429889,8.66531
23,25.5,47.413649,8.729486
23,26.0,47.302775,8.792922
23,26.5,47.107724,8.853884
23,27.0,46.840691,8.910801
23,27.5,46.515036,8.962305
23,28.0,46.144744,9.007255
23,28.5,45.743934,9.044771
23,29.0,45.326412,9.074243
23,29.5,44.905304,9.095338
23,30.0,44.492742,9.107997
23,30.5,44.099621,9.112423
23,31.0,43.735414,9.109054
23,31.5,43.408052,9.098539
23,32.0,43.123851,9.081699
23,32.5,42.887487,9.059487
23,33.0,42.702017,9.032951
23,33.5,42.568924,9.00319
23,34.0,42.488202,8.971315
23,34.5,42.458455,8.938417
23,35.0,42.477025,8.90553
23,35.5,42.540135,8.873609
23,36.0,42.643046,8.843504
23,36.5,42.78023,8.81595
23,37.0,42.945556,8.791549
23,37.5,43.132483,8.77077
23,38.0,43.334257,8.753943
23,38.5,43.544111,8.741261
23,39.0,43.755459,8.732789
23,39.5,43.962075,8.728469
23,40.0,44.158263,8.728131
23,40.5,44.338993,8.731509
23,41.0,44.50002,8.738249
23,41.5,44.637964,8.747931
23,42.0,44.750358,8.760079
23,42.5,44.835669,8.774184
23,43.0,44.893277,8.789714
23,43.5,44.923433,8.806131
23,44.0,44.927186,8.822909
23,44.5,44.906294,8.839548
23,45.0,44.863114,8.855581
23,45.5,44.800488,8.870592
23,46.0,44.721617,8.884219
23,46.5,44.629941,8.896166
23,47.0,44.529014,8.906203
23,47.5,44.422398,8.914173
23,48.0,44.313552,8.919987
23,48.5,44.205746,8.923626
23,49.0,44.101978,8.925136
23,49.5,44.004917,8.924621
23,50.0,43.916843,8.922237
24,0.0,40.530029,7.428129
24,0.5,42.564711,7.710888
24,1.0,44.031666,8.051706
24,1.5,44.853221,8.439407
24,2.0,45.000782,8.859749
24,2.5,44.494866,9.295503
24,3.0,43.399878,9.726982
24,3.5,41.815272,10.133094
24,4.0,39.864534,10.492917
24,4.5,37.68304,10.787642
24,5.0,35.405871,11.002552
24,5.5,33.156828,11.128633
24,6.0,31.040073,11.163433
24,6.5,29.135404,11.110979
24,7.0,27.497484,10.98081
24,7.5,26.158342,10.786426
24,8.0,25.131894,10.543531
24,8.5,24.419049,10.268418
24,9.0,24.012282,9.976716
24,9.5,23.899,9.682564
24,10.0,24.063517,9.398174
24,10.5,24.487694,9.133698
24,11.0,25.150546,8.897284
24,11.5,26.027126,8.695235
24,12.0,27.087115,8.532199
24,12.5,28.293512,8.411349
24,13.0,29.601895,8.334522
24,13.5,30.960619,8.302312
24,14.0,32.312239,8.314114
24,14.5,33.596214,8.368131
24,15.0,34.75269,8.461351
24,15.5,35.726888,8.589538
24,16.0,36.473481,8.747222
24,16.5,36.960295,8.927765
24,17.0,37.170806,9.123486
24,17.5,37.105134,9.325896
24,18.0,36.779468,9.526038
24,18.5,36.224103,9.714937
24,19.0,35.480392,9.884118
24,19.5,34.597041,10.026157
24,20.0,33.626171,10.135183
24,20.5,32.619596,10.207274
24,21.0,31.625643,10.240682
24,21.5,30.686797,10.235862
24,22.0,29.838241,10.195302
24,22.5,29.107271,10.1232
24,23.0,28.513409,10.025028
24,23.5,28.068998,9.907073
24,24.0,27.780022,9.775978
24,24.5,27.646963,9.638358
24,25.0,27.665553,9.500483
24,25.5,27.827337,9.368051
24,26.0,28.120071,9.246036
24,26.5,28.527984,9.138603
24,27.0,29.032002,9.049059
24,27.5,29.61003,8.979847
24,28.0,30.23738,8.932548
24,28.5,30.887429,8.907906
24,29.0,31.532538,8.905848
24,29.5,32.14521,8.925515
24,30.0,32.699426,8.965307
24,30.5,33.172044,9.022932
24,31.0,33.544116,9.095475
24,31.5,33.801988,9.179495
24,32.0,33.938059,9.271142
24,32.5,33.951102,9.36631
24,33.0,33.846143,9.460806
24,33.5,33.633894,9.550542
24,34.0,33.329834,9.631737
24,34.5,32.953019,9.701102
24,35.0,32.524765,9.75601
24,35.5,32.067305,9.79462
24,36.0,31.602556,9.81595
24,36.5,31.151046,9.819897
24,37.0,30.731089,9.807195
24,37.5,30.358193,9.779323
24,38.0,30.04471,9.738379
24,38.5,29.799691,9.686922
24,39.0,29.628889,9.627808
24,39.5,29.534881,9.564035
24,40.0,29.517252,9.498586
24,40.5,29.572828,9.43431
24,41.0,29.695931,9.373809
24,41.5,29.878663,9.319362
24,42.0,30.111212,9.272863
24,42.5,30.382207,9.23578
24,43.0,30.679123,9.209133
24,43.5,30.988734,9.193486
24,44.0,31.297627,9.188952
24,44.5,31.592751,9.195208
24,45.0,31.861979,9.211525
24,45.5,32.094645,9.236807
24,46.0,32.282028,9.269638
24,46.5,32.417739,9.308348
24,47.0,32.497983,9.351078
24,47.5,32.521669,9.395865
24,48.0,32.490367,9.440721
24,48.5,32.408116,9.483722
24,49.0,32.281102,9.523095
24,49.5,32.117229,9.55729
24,50.0,31.92563,9.585049
25,0.0,29.873708,8.51572
25,0.5,31.372305,8.193431
25,1.0,33.180962,7.919502
25,1.5,35.250976,7.695006
25,2.0,37.522445,7.519808
25,2.5,39.92399,7.392789
25,3.0,42.374857,7.312013
25,3.5,44.789296,7.274851
25,4.0,47.082548,7.278095
25,4.5,49.177326,7.318049
25,5.0,51.009543,7.390614
25,5.5,52.532289,7.491369
25,6.0,53.717559,7.615648
25,6.5,54.55583,7.758618
25,7.0,55.053964,7.915357
25,7.5,55.232135,8.080932
25,8.0,55.120433,8.250494
25,8.5,54.755599,8.419368
25,9.0,54.178193,8.583159
25,9.5,53.430273,8.737853
25,10.0,52.553597,8.879922
25,10.5,51.588263,9.006413
25,11.0,50.57171,9.115025
25,11.5,49.538018,9.204158
25,12.0,48.517427,9.27294
25,12.5,47.536061,9.321209
25,13.0,46.615804,9.349474
25,13.5,45.774315,9.358849
25,14.0,45.025157,9.350951
25,14.5,44.378008,9.327802
25,15.0,43.838938,9.291704
25,15.5,43.41072,9.245133
25,16.0,43.093162,9.190624
25,16.5,42.883432,9.130683
25,17.0,42.776391,9.067698
25,17.5,42.764901,9.00388
25,18.0,42.840136,8.941212
25,18.5,42.991885,8.88142
25,19.0,43.208862,8.825945
25,19.5,43.479024,8.775946
25,20.0,43.789898,8.732293
25,20.5,44.128913,8.695584
25,21.0,44.483739,8.666155
25,21.5,44.842611,8.644106
25,22.0,45.194633,8.629318
25,22.5,45.530044,8.621489
25,23.0,45.840439,8.620152
25,23.5,46.118927,8.624708
25,24.0,46.360226,8.634458
25,24.5,46.560701,8.648623
25,25.0,46.718322,8.666379
25,25.5,46.832582,8.68688
25,26.0,46.90436,8.709283
25,26.5,46.935751,8.732771
25,27.0,46.929866,8.756572
25,27.5,46.890627,8.779977
25,28.0,46.822555,8.802355
25,28.5,46.73056,8.823163
25,29.0,46.619747,8.841955
25,29.5,46.495244,8.858385
25,30.0,46.362038,8.872207
25,30.5,46.22485,8.883276
25,31.0,46.088024,8.89154
25,31.5,45.955441,8.897036
25,32.0,45.830462,8.899878
25,32.5,45.715884,8.900244
25,33.0,45.613928,8.898371
25,33.5,45.526231,8.894537
25,34.0,45.453864,8.889048
25,34.5,45.39736,8.882229
25,35.0,45.356752,8.874412
25,35.5,45.331623,8.865924
25,36.0,45.321161,8.857078
25,36.5,45.324219,8.848167
25,37.0,45.33938,8.839455
25,37.5,45.365022,8.831175
25,38.0,45.399381,8.823522
25,38.5,45.440616,8.816655
25,39.0,45.486866,8.810695
25,39.5,45.536307,8.805721
25,40.0,45.5872,8.801781
25,40.5,45.637932,8.798883
25,41.0,45.68705,8.79701
25,41.5,45.733292,8.796112
25,42.0,45.7756,8.79612
25,42.5,45.813134,8.796943
25,43.0,45.845277,8.798478
25,43.5,45.871628,8.80061
25,44.0,45.891995,8.803219
25,44.5,45.906378,8.806183
25,45.0,45.914953,8.809382
25,45.5,45.918047,8.812701
25,46.0,45.916113,8.816031
25,46.5,45.909706,8.819277
25,47.0,45.899455,8.822353
25,47.5,45.886037,8.825187
25,48.0,45.870156,8.82772
25,48.5,45.852513,8.829911
25,49.0,45.833793,8.831729
25,49.5,45.814643,8.833158
25,50.0,45.795658,8.834196
26,0.0,29.621956,15.249685
26,0.5,23.51212,15.811136
26,1.0,18.578605,15.918657
26,1.5,14.791294,15.640894
26,2.0,11.990267,15.076436
26,2.5,9.974166,14.3242
26,3.0,8.556547,13.467174
26,3.5,7.588619,12.567817
26,4.0,6.961584,11.669837
26,4.5,6.600642,10.802176
26,5.0,6.457365,9.983042
26,5.5,6.503122,9.22323
26,6.0,6.724136,8.528598
26,6.5,7.117978,7.901843
26,7.0,7.691023,7.34375
26,7.5,8.456404,6.854058
26,8.0,9.431983,6.432069
26,8.5,10.637883,6.077079
26,9.0,12.093176,5.788681
26,9.5,13.811402,5.566984
26,10.0,15.794843,5.412757
26,10.5,18.027905,5.327504
26,11.0,20.47054,5.313455
26,11.5,23.053311,5.373451
26,12.0,25.676066,5.510685
26,12.5,28.211908,5.728244
26,13.0,30.517136,6.028401
26,13.5,32.446154,6.411638
26,14.0,33.868799,6.875395
26,14.5,34.686845,7.41266
26,15.0,34.846747,8.010618
26,15.5,34.346744,8.649735
26,16.0,33.237488,9.30375
26,16.5,31.616112,9.941014
26,17.0,29.614265,10.527336
26,17.5,27.381542,11.030032
26,18.0,25.067001,11.4223
26,18.5,22.802386,11.686776
26,19.0,20.690509,11.817282
26,19.5,18.800618,11.818428
26,20.0,17.170326,11.703476
26,20.5,15.811885,11.491291
26,21.0,14.720129,11.20329
26,21.5,13.879911,10.860963
26,22.0,13.271907,10.484208
26,22.5,12.876502,10.090427
26,23.0,12.676001,9.694224
26,23.5,12.655572,9.307474
26,24.0,12.803322,8.939612
26,24.5,13.109801,8.598008
26,25.0,13.567125,8.288353
26,25.5,14.16784,8.01501
26,26.0,14.903609,7.781317
26,26.5,15.763787,7.589824
26,27.0,16.734,7.44246
26,27.5,17.794858,7.340644
26,28.0,18.921007,7.285322
26,28.5,20.080735,7.276946
26,29.0,21.236353,7.315388
26,29.5,22.345488,7.3998
26,30.0,23.363334,7.52843
26,30.5,24.245697,7.698401
26,31.0,24.952536,7.905505
26,31.5,25.451531,8.144025
26,32.0,25.72119,8.406664
26,32.5,25.753012,8.684596
26,33.0,25.552373,8.967726
26,33.5,25.137977,9.245135
26,34.0,24.539945,9.505724
26,34.5,23.796827,9.738974
26,35.0,22.95197,9.935732
26,35.5,22.049779,10.088899
26,36.0,21.132378,10.193911
26,36.5,20.237051,10.248951
26,37.0,19.394674,10.25487
26,37.5,18.629118,10.21486
26,38.0,17.957465,10.133969
26,38.5,17.390773,10.018532
26,39.0,16.935131,9.875622
26,39.5,16.592756,9.712558
26,40.0,16.362991,9.536519
26,40.5,16.243093,9.354271
26,41.0,16.228792,9.171979
26,41.5,16.314622,8.99512
26,42.0,16.494058,8.828442
26,42.5,16.759496,8.675971
26,43.0,17.102135,8.54104
26,43.5,17.511811,8.42633
26,44.0,17.976846,8.333902
26,44.5,18.483949,8.265232
26,45.0,19.018241,8.221232
26,45.5,19.563433,8.202251
26,46.0,20.102194,8.208077
26,46.5,20.616706,8.237921
26,47.0,21.089397,8.290405
26,47.5,21.503795,8.36355
26,48.0,21.84544,8.454778
26,48.5,22.10275,8.56094
26,49.0,22.267762,8.678369
26,49.5,22.336645,8.802975
26,50.0,22.309925,8.930375
27,0.0,36.531491,11.74784
27,0.5,35.792303,12.828933
27,1.0,33.99293,13.929202
27,1.5,31.429992,14.972225
27,2.0,28.423485,15.880535
27,2.5,25.278211,16.587489
27,3.0,22.251717,17.048926
27,3.5,19.531504,17.250201
27,4.0,17.22753,17.205848
27,4.5,15.381459,16.9526
27,5.0,13.986852,16.539318
27,5.5,13.011391,16.017656
27,6.0,12.414556,15.435639
27,6.5,12.158423,14.83445
27,7.0,12.212268,14.247601
27,7.5,12.552662,13.701479
27,8.0,13.16053,13.216429
27,8.5,14.01622,12.807874
27,9.0,15.093368,12.487192
27,9.5,16.352623,12.262252
27,10.0,17.736779,12.137594
27,10.5,19.169295,12.114302
27,11.0,20.55792,12.189694
27,11.5,21.803855,12.35695
27,12.0,22.814861,12.60485
27,12.5,23.518925,12.917789
27,13.0,23.874695,13.27619
27,13.5,23.876101,13.657422
27,14.0,23.550631,14.037244
27,14.5,22.952553,14.391678
27,15.0,22.153272,14.69909
27,15.5,21.231046,14.94217
27,16.0,20.261873,15.109424
27,16.5,19.312705,15.195922
27,17.0,18.437485,15.203172
27,17.5,17.675855,15.138251
27,18.0,17.053939,15.012425
27,18.5,16.586327,14.839591
27,19.0,16.278474,14.634806
27,19.5,16.128868,14.413075
27,20.0,16.130645,14.188455
27,20.5,16.272552,13.97347
27,21.0,16.539347,13.778758
27,21.5,16.911848,13.612891
27,22.0,17.366924,13.482295
27,22.5,17.877711,13.391225
27,23.0,18.414308,13.341772
27,23.5,18.945097,13.333897
27,24.0,19.438678,13.365511
27,24.5,19.866205,13.432599
27,25.0,20.203794,13.529432
27,25.5,20.434584,13.648875
27,26.0,20.550086,13.782782
27,26.5,20.550594,13.922495
27,27.0,20.444631,14.059391
27,27.5,20.247563,14.185451
27,28.0,19.979664,14.293782
27,28.5,19.663949,14.379047
27,29.0,19.324081,14.437755
27,29.5,18.98257,14.468375
27,30.0,18.659423,14.471289
27,30.5,18.371254,14.448582
27,31.0,18.130834,14.403738
27,31.5,17.946984,14.341259
27,32.0,17.824706,14.26627
27,32.5,17.76545,14.184137
27,33.0,17.767457,14.100134
27,33.5,17.826126,14.019161
27,34.0,17.934394,13.94552
27,34.5,18.083154,13.882752
27,35.0,18.261714,13.833532
27,35.5,18.458328,13.799603
27,36.0,18.660803,13.78176
27,36.5,18.857163,13.779874
27,37.0,19.036338,13.792954
27,37.5,19.188821,13.819249
27,38.0,19.307228,13.856373
27,38.5,19.386709,13.901478
27,39.0,19.425148,13.951426
27,39.5,19.423157,14.002997
27,40.0,19.383844,14.053075
27,40.5,19.312419,14.098836
27,41.0,19.215662,14.137902
27,41.5,19.101332,14.168464
27,42.0,18.977575,14.189351
27,42.5,18.852373,14.20006
27,43.0,18.733072,14.200734
27,43.5,18.626019,14.192104
27,44.0,18.536306,14.175391
27,44.5,18.467615,14.152191
27,45.0,18.422157,14.12435
27,45.5,18.400697,14.09383
27,46.0,18.402634,14.062588
27,46.5,18.426141,14.032467
27,47.0,18.468349,14.005099
27,47.5,18.525559,13.981837
27,48.0,18.59349,13.963698
27,48.5,18.667538,13.951337
27,49.0,18.743049,13.945037
27,49.5,18.815577,13.944719
27,50.0,18.881131,13.949971
28,0.0,41.08866,8.461612
28,0.5,39.164405,8.881742
28,1.0,37.020091,9.253078
28,1.5,34.776914,9.560356
28,2.0,32.543647,9.792431
28,2.5,30.411574,9.94328
28,3.0,28.451514,10.012331
28,3.5,26.713248,10.004076
28,4.0,25.227162,9.927093
28,4.5,24.007467,9.792768
28,5.0,23.056122,9.613946
28,5.5,22.36665,9.403765
28,6.0,21.927287,9.174762
28,6.5,21.723213,8.938289
28,7.0,21.737829,8.704204
28,7.5,21.953227,8.480759
28,8.0,22.350051,8.274635
28,8.5,22.906996,8.09104
28,9.0,23.600178,7.933854
28,9.5,24.402609,7.805761
28,10.0,25.284,7.70838
28,10.5,26.211036,7.642365
28,11.0,27.148228,7.607488
28,11.5,28.059316,7.602703
28,12.0,28.909097,7.626199
28,12.5,29.665467,7.67545
28,13.0,30.301384,7.747279
28,13.5,30.796505,7.837926
28,14.0,31.138265,7.943149
28,14.5,31.322312,8.058353
28,15.0,31.352267,8.178739
28,15.5,31.23891,8.299488
28,16.0,30.998933,8.415955
28,16.5,30.653411,8.523874
28,17.0,30.226185,8.61954
28,17.5,29.742279,8.699974
28,18.0,29.226479,8.763038
28,18.5,28.702158,8.807494
28,19.0,28.19037,8.833012
28,19.5,27.70925,8.840111
28,20.0,27.273671,8.830065
28,20.5,26.895137,8.804767
28,21.0,26.58185,8.76657
28,21.5,26.338894,8.718132
28,22.0,26.168498,8.662261
28,22.5,26.070326,8.601776
28,23.0,26.04177,8.53939
28,23.5,26.078244,8.477618
28,24.0,26.17346,8.418704
28,24.5,26.319708,8.364574
28,25.0,26.508138,8.316802
28,25.5,26.729051,8.276595
28,26.0,26.972221,8.244791
28,26.5,27.22723,8.221868
28,27.0,27.483827,8.207957
28,27.5,27.732281,8.202866
28,28.0,27.963734,8.206114
28,28.5,28.170508,8.21696
28,29.0,28.346368,8.234449
28,29.5,28.486708,8.257454
28,30.0,28.588658,8.284726
28,30.5,28.651104,8.314943
28,31.0,28.674614,8.346764
28,31.5,28.661297,8.378876
28,32.0,28.614586,8.410047
28,32.5,28.538983,8.439163
28,33.0,28.439772,8.465271
28,33.5,28.322727,8.487601
28,34.0,28.193822,8.505587
28,34.5,28.058967,8.518877
28,35.0,27.923778,8.527329
28,35.5,27.793385,8.531001
28,36.0,27.672278,8.530135
28,36.5,27.564206,8.525131
28,37.0,27.472104,8.516514
28,37.5,27.398069,8.504908
28,38.0,27.343362,8.490996
28,38.5,27.308436,8.475495
28,39.0,27.292994,8.45912
28,39.5,27.29606,8.442559
28,40.0,27.316068,8.426448
28,40.5,27.350963,8.411355
28,41.0,27.398304,8.397762
28,41.5,27.455384,8.386055
28,42.0,27.519336,8.376521
28,42.5,27.587254,8.369343
28,43.0,27.656295,8.364602
28,43.5,27.723785,8.362283
28,44.0,27.7873,8.362285
28,44.5,27.844745,8.364427
28,45.0,27.894412,8.368463
28,45.5,27.935013,8.374097
28,46.0,27.965707,8.380995
28,46.5,27.986093,8.388801
28,47.0,27.996199,8.397153
28,47.5,27.996444,8.405694
28,48.0,27.987595,8.414088
28,48.5,27.970704,8.422032
28,49.0,27.94705,8.429259
28,49.5,27.918067,8.435554
28,50.0,27.885277,8.44075
29,0.0,32.4891,10.487669
29,0.5,30.814119,10.627914
29,1.0,29.152911,10.700287
29,1.5,27.578404,10.70372
29,2.0,26.149017,10.641475
29,2.5,24.907608,10.520552
29,3.0,23.882379,10.350736
29,3.5,23.089105,10.143499
29,4.0,22.533933,9.910958
29,4.5,22.216073,9.665002
29,5.0,22.129953,9.416677
29,5.5,22.26659,9.175805
29,6.0,22.614169,8.950804
29,6.5,23.157933,8.748654
29,7.0,23.879542,8.57495
29,7.5,24.75618,8.433995
29,8.0,25.759645,8.328895
29,8.5,26.855761,8.261646
29,9.0,28.004368,8.233185
29,9.5,29.160135,8.243416
29,10.0,30.2743,8.291206
29,10.5,31.297275,8.374363
29,11.0,32.181873,8.48961
29,11.5,32.88676,8.632569
29,12.0,33.379681,8.797786
29,12.5,33.640008,8.978806
29,13.0,33.660288,9.168329
29,13.5,33.446622,9.358455
29,14.0,33.017878,9.541028
29,14.5,32.403872,9.708061
29,15.0,31.642758,9.852215
29,15.5,30.777946,9.967279
29,16.0,29.854896,10.048601
29,16.5,28.918101,10.093397
29,17.0,28.008578,10.100904
29,17.5,27.162031,10.072355
29,18.0,26.407779,10.010781
29,18.5,25.768391,9.920685
29,19.0,25.259885,9.807635
29,19.5,24.892292,9.67784
29,20.0,24.670378,9.537741
29,20.5,24.594354,9.393678
29,21.0,24.66046,9.251612
29,21.5,24.861362,9.116941
29,22.0,25.186378,8.994369
29,22.5,25.621566,8.88784
29,23.0,26.149775,8.8005
29,23.5,26.750738,8.73469
29,24.0,27.401325,8.691947
29,24.5,28.076026,8.673015
29,25.0,28.74773,8.677858
29,25.5,29.38879,8.705673
29,26.0,29.972336,8.754908
29,26.5,30.473728,8.823294
29,27.0,30.872009,8.907891
29,27.5,31.151208,9.005157
29,28.0,31.301342,9.111053
29,28.5,31.319001,9.221174
29,29.0,31.207467,9.33092
29,29.5,30.976343,9.435696
29,30.0,30.640753,9.531135
29,30.5,30.220194,9.613318
29,31.0,29.737176,9.67899
29,31.5,29.215768,9.725733
29,32.0,28.680198,9.752088
29,32.5,28.153604,9.757615
29,33.0,27.657032,9.742881
29,33.5,27.208704,9.709373
29,34.0,26.823565,9.659375
29,34.5,26.513077,9.595784
29,35.0,26.285207,9.521929
29,35.5,26.144537,9.441368
29,36.0,26.092456,9.357716
29,36.5,26.12737,9.274481
29,37.0,26.244923,9.194938
29,37.5,26.438207,9.122022
29,38.0,26.697971,9.058256
29,38.5,27.012863,9.005695
29,39.0,27.369711,8.965894
29,39.5,27.753885,8.939888
29,40.0,28.149753,8.928186
29,40.5,28.541234,8.930774
29,41.0,28.912436,8.947129
29,41.5,29.248357,8.976242
29,42.0,29.535588,9.016659
29,42.5,29.762987,9.066521
29,43.0,29.922243,9.123638
29,43.5,30.008296,9.185558
29,44.0,30.019562,9.249667
29,44.5,29.957948,9.313291
29,45.0,29.828656,9.373811
29,45.5,29.639797,9.428781
29,46.0,29.401845,9.476039
29,46.5,29.12699,9.513807
29,47.0,28.828434,9.540773
29,47.5,28.519703,9.556143
29,48.0,28.213988,9.559668
29,48.5,27.923595,9.551635
29,49.0,27.659482,9.532828
29,49.5,27.43093,9.504471
29,50.0,27.245318,9.468142
30,0.0,41.409063,9.827565
30,0.5,35.639026,10.136274
30,1.0,30.870214,10.28328
30,1.5,26.963172,10.279348
30,2.0,23.817211,10.143868
30,2.5,21.343965,9.901895
30,3.0,19.460386,9.580693
30,3.5,18.089854,9.20673
30,4.0,17.165166,8.803656
30,4.5,16.630551,8.391301
30,5.0,16.441927,7.985473
30,5.5,16.565632,7.598249
30,6.0,16.97604,7.238501
30,6.5,17.652495,6.912477
30,7.0,18.575839,6.624334
30,7.5,19.724833,6.376592
30,8.0,21.072801,6.170478
30,8.5,22.585004,6.006189
30,9.0,24.217283,5.883075
30,9.5,25.916465,5.799782
30,10.0,27.622748,5.754342
30,10.5,29.273823,5.744265
30,11.0,30.809974,5.766607
30,11.5,32.179144,5.818045
30,12.0,33.340919,5.894943
30,12.5,34.268793,5.993425
30,13.0,34.950547,6.10944
30,13.5,35.387038,6.238827
30,14.0,35.58998,6.377393
30,14.5,35.579275,6.520977
30,15.0,35.380388,6.665538
30,15.5,35.02204,6.807231
30,16.0,34.534329,6.942503
30,16.5,33.947299,7.068178
30,17.0,33.289879,7.181542
30,17.5,32.589132,7.280413
30,18.0,31.869732,7.363194
30,18.5,31.153625,7.428903
30,19.0,30.459822,7.477176
30,19.5,29.804324,7.508237
30,20.0,29.20013,7.52285
30,20.5,28.657336,7.522243
30,21.0,28.183288,7.508016
30,21.5,27.782785,7.482048
30,22.0,27.45831,7.446397
30,22.5,27.210262,7.403203
30,23.0,27.037198,7.354602
30,23.5,26.936058,7.302657
30,24.0,26.902379,7.249294
30,24.5,26.930507,7.196262
30,25.0,27.013787,7.145096
30,25.5,27.14477,7.097099
30,26.0,27.315412,7.053334
30,26.5,27.517288,7.014622
30,27.0,27.741813,6.98155
30,27.5,27.980466,6.954482
30,28.0,28.22502,6.933572
30,28.5,28.467753,6.918789
30,29.0,28.701651,6.909935
30,29.5,28.92057,6.906668
30,30.0,29.11937,6.908526
30,30.5,29.294001,6.914952
30,31.0,29.441543,6.925317
30,31.5,29.5602,6.938944
30,32.0,29.649255,6.95513
30,32.5,29.708983,6.973168
30,33.0,29.740543,6.992366
30,33.5,29.745843,7.012063
30,34.0,29.727399,7.031649
30,34.5,29.688185,7.050572
30,35.0,29.631487,7.068354
30,35.5,29.560767,7.084592
30,36.0,29.479532,7.09897
30,36.5,29.391229,7.111254
30,37.0,29.299142,7.121293
30,37.5,29.206316,7.129019
30,38.0,29.115498,7.134437
30,38.5,29.029085,7.13762
30,39.0,28.949101,7.138698
30,39.5,28.877175,7.137851
30,40.0,28.81454,7.1353
30,40.5,28.762042,7.131289
30,41.0,28.720154,7.126084
30,41.5,28.689002,7.119958
30,42.0,28.668398,7.113183
30,42.5,28.657876,7.106021
30,43.0,28.656731,7.098721
30,43.5,28.66406,7.091508
30,44.0,28.678813,7.084584
30,44.5,28.699827,7.07812
30,45.0,28.725878,7.072257
30,45.5,28.755713,7.067103
30,46.0,28.788097,7.062737
30,46.5,28.82184,7.059206
30,47.0,28.855828,7.056527
30,47.5,28.889051,7.054693
30,48.0,28.920621,7.053672
30,48.5,28.949782,7.053411
30,49.0,28.975928,7.053843
30,49.5,28.998597,7.054886
30,50.0,29.017476,7.056448
31,0.0,48.002806,8.94758
31,0.5,46.51571,9.966024
31,1.0,44.078513,11.023497
31,1.5,40.903958,12.069347
31,2.0,37.235515,13.04496
31,2.5,33.329481,13.890698
31,3.0,29.43175,14.554966
31,3.5,25.752192,15.002884
31,4.0,22.444077,15.221576
31,4.5,19.595641,15.220283
31,5.0,17.235734,15.025747
31,5.5,15.349319,14.675109
31,6.0,13.89591,14.208913
31,6.5,12.825396,13.665887
31,7.0,12.088806,13.079952
31,7.5,11.644195,12.479085
31,8.0,11.458906,11.885402
31,8.5,11.50961,11.315868
31,9.0,11.781105,10.783236
31,9.5,12.264433,10.296983
31,10.0,12.954564,9.864125
31,10.5,13.847679,9.489879
31,11.0,14.938079,9.17817
31,11.5,16.214766,8.931974
31,12.0,17.657964,8.753531
31,12.5,19.236027,8.644417
31,13.0,20.903431,8.605516
31,13.5,22.600613,8.636869
31,14.0,24.256263,8.737442
31,14.5,25.79221,8.904823
31,15.0,27.130405,9.134885
31,15.5,28.200874,9.421443
31,16.0,28.949181,9.755995
31,16.5,29.342085,10.127587
31,17.0,29.370505,10.522899
31,17.5,29.049556,10.926628
31,18.0,28.415926,11.322184
31,18.5,27.523219,11.692704
31,19.0,26.436037,12.022277
31,19.5,25.223618,12.297222
31,20.0,23.95384,12.507201
31,20.5,22.688281,12.645986
31,21.0,21.478806,12.711743
31,21.5,20.365885,12.706816
31,22.0,19.378489,12.637102
31,22.5,18.535197,12.511155
31,23.0,17.84601,12.339223
31,23.5,17.314392,12.132335
31,24.0,16.939173,11.901548
31,24.5,16.716096,11.657398
31,25.0,16.638896,11.409532
31,25.5,16.699936,11.166513
31,26.0,16.890435,10.935744
31,26.5,17.200387,10.723465
31,27.0,17.618268,10.534809
31,27.5,18.130628,10.373864
31,28.0,18.721706,10.243742
31,28.5,19.373146,10.146629
31,29.0,20.063952,10.083826
31,29.5,20.770756,10.055761
31,30.0,21.46846,10.061992
31,30.5,22.131241,10.101197
31,31.0,22.733866,10.171167
31,31.5,23.253186,10.26881
31,32.0,23.669639,10.390179
31,32.5,23.968581,10.530543
31,33.0,24.14127,10.684496
31,33.5,24.185383,10.846132
31,34.0,24.105009,11.009259
31,34.5,23.910133,11.167674
31,35.0,23.615691,11.315447
31,35.5,23.240317,11.447224
31,36.0,22.804938,11.558495
31,36.5,22.331363,11.645815
31,37.0,21.841005,11.70695
31,37.5,21.353823,11.740933
31,38.0,20.887552,11.748038
31,38.5,20.457216,11.72967
31,39.0,20.074913,11.688197
31,39.5,19.749811,11.626744
31,40.0,19.488294,11.548971
31,40.5,19.294198,11.458856
31,41.0,19.16908,11.360493
31,41.5,19.112476,11.257925
31,42.0,19.122135,11.155003
31,42.5,19.194211,11.055276
31,43.0,19.323418,10.961916
31,43.5,19.503165,10.87766
31,44.0,19.725681,10.804774
31,44.5,19.982164,10.745031
31,45.0,20.26296,10.699703
31,45.5,20.557791,10.669552
31,46.0,20.856048,10.654845
31,46.5,21.147126,10.655359
31,47.0,21.420817,10.670403
31,47.5,21.667714,10.698848
31,48.0,21.879614,10.739165
31,48.5,22.049879,10.789478
31,49.0,22.173724,10.847623
31,49.5,22.248416,10.911227
31,50.0,22.273344,10.977795
32,0.0,51.855982,10.809064
32,0.5,44.869096,11.044489
32,1.0,39.307124,11.075343
32,1.5,34.915965,10.927592
32,2.0,31.520924,10.636033
32,2.5,28.983474,10.239342
32,3.0,27.186546,9.775386
32,3.5,26.030703,9.277839
32,4.0,25.432987,8.774412
32,4.5,25.325172,8.286419
32,5.0,25.650719,7.829227
32,5.5,26.360686,7.413129
32,6.0,27.409215,7.044346
32,6.5,28.749244,6.725964
32,7.0,30.329103,6.458726
32,7.5,32.090611,6.241676
32,8.0,33.969103,6.072647
32,8.5,35.895504,5.94864
32,9.0,37.800101,5.866099
32,9.5,39.617231,5.82112
32,10.0,41.289885,5.809613
32,10.5,42.773268,5.827411
32,11.0,44.03673,5.870357
32,11.5,45.063938,5.934366
32,12.0,45.851574,6.015471
32,12.5,46.407083,6.109855
32,13.0,46.746024,6.213881
32,13.5,46.889478,6.324115
32,14.0,46.861777,6.437357
32,14.5,46.688703,6.550658
32,15.0,46.396138,6.661358
32,15.5,46.009123,6.767105
32,16.0,45.55124,6.865888
32,16.5,45.044219,6.956053
32,17.0,44.507723,7.03632
32,17.5,43.959224,7.105789
32,18.0,43.413973,7.163933
32,18.5,42.885,7.210587
32,19.0,42.383168,7.245916
32,19.5,41.917242,7.270384
32,20.0,41.493988,7.284707
32,20.5,41.118287,7.289805
32,21.0,40.793272,7.28675
32,21.5,40.520475,7.276716
32,22.0,40.299982,7.260927
32,22.5,40.130607,7.240612
32,23.0,40.010062,7.216969
32,23.5,39.935133,7.191128
32,24.0,39.90186,7.164128
32,24.5,39.905712,7.136897
32,25.0,39.94176,7.110241
32,25.5,40.004843,7.084835
32,26.0,40.089721,7.061226
32,26.5,40.191223,7.039833
32,27.0,40.304374,7.020953
32,27.5,40.424506,7.004773
32,28.0,40.54735,6.991377
32,28.5,40.66911,6.980762
32,29.0,40.786507,6.972848
32,29.5,40.896813,6.967492
32,30.0,40.997858,6.964501
32,30.5,41.088021,6.963642
32,31.0,41.166206,6.964656
32,31.5,41.231802,6.967269
32,32.0,41.284639,6.971199
32,32.5,41.324932,6.976163
32,33.0,41.353222,6.981892
32,33.5,41.370315,6.988128
32,34.0,41.377225,6.994635
32,34.5,41.375114,7.001198
32,35.0,41.365241,7.007632
32,35.5,41.348911,7.013778
32,36.0,41.327432,7.019504
32,36.5,41.302082,7.024709
32,37.0,41.27407,7.029319
32,37.5,41.244521,7.033285
32,38.0,41.214449,7.036584
32,38.5,41.184748,7.039212
32,39.0,41.156184,7.041185
32,39.5,41.129389,7.042537
32,40.0,41.104862,7.043311
32,40.5,41.082976,7.043562
32,41.0,41.063981,7.043354
32,41.5,41.048015,7.042752
32,42.0,41.035114,7.041825
32,42.5,41.025228,7.040642
32,43.0,41.01823,7.03927
32,43.5,41.013929,7.037771
32,44.0,41.012087,7.036204
32,44.5,41.01243,7.034622
32,45.0,41.014659,7.033069
32,45.5,41.018464,7.031584
32,46.0,41.023531,7.030201
32,46.5,41.029554,7.028942
32,47.0,41.03624,7.027827
32,47.5,41.043317,7.026868
32,48.0,41.050539,7.026069
32,48.5,41.057687,7.025433
32,49.0,41.064574,7.024954
32,49.5,41.071044,7.024625
32,50.0,41.076974,7.024435
33,0.0,49.512401,7.258332
33,0.5,50.98206,8.137025
33,1.0,50.623281,9.138197
33,1.5,48.576278,10.222323
33,2.0,45.116965,11.330384
33,2.5,40.618554,12.384883
33,3.0,35.521564,13.297428
33,3.5,30.291594,13.983959
33,4.0,25.354809,14.38422
33,4.5,21.027717,14.477204
33,5.0,17.476056,14.284184
33,5.5,14.724311,13.858037
33,6.0,12.703501,13.265806
33,6.5,11.306221,12.573331
33,7.0,10.42653,11.836403
33,7.5,9.980122,11.098038
33,8.0,9.910391,10.38943
33,8.5,10.187221,9.732374
33,9.0,10.802798,9.141865
33,9.5,11.766082,8.628337
33,10.0,13.095864,8.199372
33,10.5,14.811465,7.860907
33,11.0,16.920183,7.617979
33,11.5,19.401571,7.475077
33,12.0,22.190786,7.436102
33,12.5,25.166097,7.503986
33,13.0,28.147443,7.679984
33,13.5,30.911495,7.962704
33,14.0,33.222801,8.34692
33,14.5,34.873099,8.822286
33,15.0,35.716751,9.372123
33,15.5,35.692602,9.972555
33,16.0,34.829124,10.592443
33,16.5,33.235321,11.194626
33,17.0,31.08176,11.738884
33,17.5,28.575285,12.186569
33,18.0,25.9305,12.50616
33,18.5,23.342147,12.678229
33,19.0,20.963902,12.698204
33,19.5,18.898227,12.575974
33,20.0,17.198326,12.332683
33,20.5,15.8789,11.99607
33,21.0,14.9303,11.595916
33,21.5,14.331424,11.160623
33,22.0,14.058961,10.715237
33,22.5,14.092569,10.280702
33,23.0,14.416612,9.873921
33,23.5,15.019301,9.508239
33,24.0,15.889862,9.194065
33,24.5,17.014235,8.939449
33,25.0,18.36976,8.750524
33,25.5,19.9196,8.631767
33,26.0,21.608083,8.586067
33,26.5,23.358516,8.61461
33,27.0,25.07505,8.716602
33,27.5,26.649442,8.888878
33,28.0,27.972279,9.125465
33,28.5,28.946659,9.417177
33,29.0,29.501351,9.751368
33,29.5,29.60053,10.111978
33,30.0,29.248176,10.480017
33,30.5,28.486627,10.834591
33,31.0,27.389961,11.154483
33,31.5,26.053671,11.420146
33,32.0,24.582504,11.615785
33,32.5,23.078561,11.731109
33,33.0,21.631599,11.762329
33,33.5,20.312949,11.712192
33,34.0,19.173467,11.589096
33,34.5,18.244925,11.405582
33,35.0,17.543573,11.176595
33,35.5,17.074441,10.917894
33,36.0,16.835246,10.644804
33,36.5,16.819246,10.371396
33,37.0,17.016805,10.110044
33,37.5,17.415722,9.87126
33,38.0,18.000542,9.663702
33,38.5,18.751174,9.494265
33,39.0,19.641211,9.368178
33,39.5,20.636443,9.289066
33,40.0,21.694099,9.258965
33,40.5,22.763356,9.278274
33,41.0,23.787471,9.345657
33,41.5,24.707578,9.457935
33,42.0,25.467789,9.609985
33,42.5,26.02082,9.794721
33,43.0,26.333166,10.003179
33,43.5,26.388855,10.224785
33,44.0,26.19112,10.447825
33,44.5,25.761717,10.66012
33,45.0,25.138093,10.84988
33,45.5,24.368928,11.006633
33,46.0,23.508841,11.122106
33,46.5,22.613101,11.190909
33,47.0,21.733092,11.21092
33,47.5,20.913065,11.18329
33,48.0,20.18838,11.11211
33,48.5,19.585099,11.003816
33,49.0,19.120607,10.866463
33,49.5,18.804788,10.708983
33,50.0,18.641335,10.540526
34,0.0,26.350792,9.542806
34,0.5,24.867768,9.854543
34,1.0,23.220946,10.082759
34,1.5,21.533293,10.211882
34,2.0,19.91447,10.235471
34,2.5,18.45083,10.156783
34,3.0,17.201523,9.987571
34,3.5,16.200294,9.745593
34,4.0,15.460963,9.451673
34,4.5,14.984082,9.127066
34,5.0,14.762818,8.791567
34,5.5,14.787054,8.462431
34,6.0,15.045464,8.153991
34,6.5,15.525763,7.877719
34,7.0,16.213533,7.642535
34,7.5,17.090036,7.455188
34,8.0,18.129501,7.320606
34,8.5,19.296502,7.242153
34,9.0,20.544108,7.221759
34,9.5,21.813604,7.259905
34,10.0,23.036409,7.35548
34,10.5,24.138467,7.505525
34,11.0,25.046812,7.704902
34,11.5,25.697377,7.945967
34,12.0,26.042726,8.218343
34,12.5,26.058254,8.508916
34,13.0,25.745705,8.80219
34,13.5,25.133321,9.081108
34,14.0,24.272539,9.328347
34,14.5,23.231735,9.527988
34,15.0,22.088059,9.667276
34,15.5,20.918823,9.738119
34,16.0,19.793999,9.737966
34,16.5,18.771053,9.669852
34,17.0,17.892662,9.541655
34,17.5,17.187053,9.364791
34,18.0,16.670124,9.152699
34,18.5,16.348304,8.919422
34,19.0,16.221291,8.678496
34,19.5,16.284079,8.442213
34,20.0,16.528089,8.221226
34,20.5,16.941375,8.024412
34,21.0,17.508119,7.8589
34,21.5,18.207669,7.730181
34,22.0,19.01347,7.642224
34,22.5,19.892289,7.597562
34,23.0,20.804142,7.597323
34,23.5,21.703263,7.6412
34,24.0,22.54032,7.727355
34,24.5,23.265813,7.852305
34,25.0,23.834327,8.010796
34,25.5,24.209038,8.195747
34,26.0,24.365753,8.398306
34,26.5,24.29578,8.608086
34,27.0,24.0071,8.813643
34,27.5,23.523604,9.003182
34,28.0,22.882475,9.165471
34,28.5,22.130133,9.290838
34,29.0,21.317404,9.372103
34,29.5,20.494708,9.405262
34,30.0,19.707988,9.389802
34,30.5,18.995907,9.32858
34,31.0,18.388479,9.227331
34,31.5,17.906969,9.093916
34,32.0,17.564677,8.937475
34,32.5,17.368148,8.767619
34,33.0,17.31839,8.593763
34,33.5,17.411832,8.42464
34,34.0,17.640883,8.267988
34,34.5,17.994102,8.130378
34,35.0,18.456074,8.017146
34,35.5,19.007166,7.932384
34,36.0,19.623364,7.878944
34,36.5,20.276425,7.858447
34,37.0,20.934531,7.87128
34,37.5,21.563571,7.916563
34,38.0,22.129056,7.99212
34,38.5,22.598541,8.09445
34,39.0,22.944285,8.218743
34,39.5,23.145794,8.358952
34,40.0,23.191849,8.507975
34,40.5,23.081701,8.65795
34,41.0,22.825203,8.800683
34,41.5,22.441841,8.92818
34,42.0,21.958796,9.033245
34,42.5,21.408326,9.110059
34,43.0,20.824859,9.154662
34,43.5,20.242209,9.165257
34,44.0,19.691265,9.142298
34,44.5,19.19837,9.088341
34,45.0,18.784438,9.007709
34,45.5,18.464731,8.90603
34,46.0,18.249083,8.789736
34,46.5,18.142385,8.665573
34,47.0,18.14511,8.540186
34,47.5,18.253769,8.419791
34,48.0,18.461224,8.309941
34,48.5,18.756867,8.215372
34,49.0,19.126732,8.139911
34,49.5,19.553631,8.086423
34,50.0,20.017432,8.056778
35,0.0,39.120193,7.190283
35,0.5,35.782487,7.621712
35,1.0,32.308535,7.985649
35,1.5,28.846223,8.262093
35,2.0,25.53342,8.436446
35,2.5,22.484339,8.501814
35,3.0,19.779225,8.459963
35,3.5,17.460676,8.320595
35,4.0,15.537253,8.099247
35,4.5,13.992257,7.814547
35,5.0,12.794218,7.485636
35,5.5,11.906183,7.130262
35,6.0,11.292368,6.763701
35,6.5,10.922054,6.398367
35,7.0,10.771305,6.043899
35,7.5,10.823264,5.707502
35,8.0,11.067615,5.394383
35,8.5,11.499579,5.10819
35,9.0,12.118613,4.851407
35,9.5,12.926874,4.625676
35,10.0,13.927389,4.432065
35,10.5,15.121916,4.271263
35,11.0,16.508477,4.143728
35,11.5,18.078679,4.049786
35,12.0,19.815036,3.989692
35,12.5,21.688688,3.963647
35,13.0,23.658007,3.971794
35,13.5,25.668603,4.014177
35,14.0,27.655083,4.090665
35,14.5,29.544622,4.200859
35,15.0,31.262,4.343961
35,15.5,32.735397,4.518624
35,16.0,33.902057,4.722773
35,16.5,34.713033,4.953428
35,17.0,35.136463,5.206523
35,17.5,35.15924,5.476761
35,18.0,34.787222,5.757539
35,18.5,34.044249,6.040972
35,19.0,32.970262,6.318076
35,19.5,31.61868,6.579125
35,20.0,30.053093,6.814204
35,20.5,28.343301,7.013924
35,21.0,26.56086,7.17021
35,21.5,24.774457,7.277057
35,22.0,23.045649,7.331106
35,22.5,21.425567,7.331914
35,23.0,19.953053,7.28189
35,23.5,18.654409,7.185886
35,24.0,17.54456,7.050574
35,24.5,16.629187,6.883725
35,25.0,15.907268,6.693512
35,25.5,15.37355,6.487947
35,26.0,15.020606,6.274469
35,26.5,14.840358,6.059698
35,27.0,14.825017,5.849335
35,27.5,14.967512,5.648151
35,28.0,15.261499,5.460051
35,28.5,15.701023,5.288168
35,29.0,16.279923,5.134978
35,29.5,16.991041,5.002401
35,30.0,17.825322,4.891898
35,30.5,18.770867,4.804553
35,31.0,19.81207,4.741128
35,31.5,20.928938,4.702104
35,32.0,22.096748,4.687697
35,32.5,23.286151,4.697861
35,33.0,24.463817,4.732265
35,33.5,25.593639,4.790264
35,34.0,26.638426,4.87085
35,34.5,27.561959,4.972602
35,35.0,28.331175,5.093624
35,35.5,28.918266,5.231495
35,36.0,29.30246,5.383231
35,36.5,29.47133,5.545267
35,37.0,29.42152,5.71348
35,37.5,29.158867,5.883254
35,38.0,28.697941,6.049603
35,38.5,28.061059,6.207354
35,39.0,27.27685,6.351381
35,39.5,26.37849,6.476881
35,40.0,25.401725,6.579661
35,40.5,24.38284,6.656413
35,41.0,23.356741,6.704927
35,41.5,22.355331,6.724227
35,42.0,21.406296,6.7146
35,42.5,20.532401,6.677528
35,43.0,19.75128,6.61552
35,43.5,19.075662,6.531886
35,44.0,18.513906,6.430486
35,44.5,18.070722,6.315473
35,45.0,17.747922,6.191068
35,45.5,17.54512,6.061375
35,46.0,17.460293,5.930243
35,46.5,17.490179,5.801177
35,47.0,17.630498,5.677292
35,47.5,17.876011,5.561287
35,48.0,18.220444,5.455458
35,48.5,18.656312,5.361709
35,49.0,19.174681,5.281583
35,49.5,19.764925,5.216283
35,50.0,20.414522,5.166698
36,0.0,39.500104,10.742213
36,0.5,33.298608,10.568033
36,1.0,28.361284,10.239032
36,1.5,24.538537,9.790757
36,2.0,21.674688,9.261716
36,2.5,19.619873,8.688103
36,3.0,18.242818,8.100494
36,3.5,17.438315,7.522611
36,4.0,17.128944,6.971559
36,4.5,17.26289,6.458822
36,5.0,17.809752,5.991488
36,5.5,18.755458,5.573402
36,6.0,20.096683,5.20612
36,6.5,21.834733,4.889641
36,7.0,23.96879,4.622931
36,7.5,26.488628,4.404292
36,8.0,29.367389,4.231599
36,8.5,32.55559,4.102451
36,9.0,35.977944,4.014265
36,9.5,39.534549,3.964334
36,10.0,43.107166,3.94987
36,10.5,46.569923,3.968033
36,11.0,49.80223,4.015962
36,11.5,52.700912,4.090791
36,12.0,55.188838,4.189669
36,12.5,57.218639,4.309759
36,13.0,58.771689,4.448235
36,13.5,59.85368,4.602265
36,14.0,60.488569,4.768997
36,14.5,60.712427,4.94554
36,15.0,60.568171,5.128948
36,15.5,60.101606,5.316218
36,16.0,59.358775,5.504296
36,16.5,58.3844,5.690101
36,17.0,57.221102,5.870558
36,17.5,55.909111,6.042659
36,18.0,54.486245,6.203528
36,18.5,52.987971,6.350505
36,19.0,51.44746,6.481231
36,19.5,49.895575,6.593734
36,20.0,48.360773,6.686513
36,20.5,46.868951,6.758593
36,21.0,45.443249,6.809574
36,21.5,44.103858,6.839638
36,22.0,42.867871,6.849536
36,22.5,41.749193,6.840541
36,23.0,40.758539,6.814374
36,23.5,39.903513,6.773119
36,24.0,39.188755,6.719119
36,24.5,38.616146,6.654871
36,25.0,38.185028,6.582925
36,25.5,37.892443,6.505795
36,26.0,37.733355,6.42588
36,26.5,37.70085,6.345405
36,27.0,37.786318,6.266374
36,27.5,37.979624,6.190543
36,28.0,38.269268,6.119402
36,28.5,38.642569,6.054172
36,29.0,39.085862,5.995808
36,29.5,39.58474,5.945012
36,30.0,40.124332,5.902244
36,30.5,40.689622,5.867748
36,31.0,41.265797,5.841567
36,31.5,41.838602,5.823564
36,32.0,42.3947,5.813449
36,32.5,42.921998,5.810796
36,33.0,43.409922,5.815063
36,33.5,43.849638,5.825617
36,34.0,44.234193,5.841747
36,34.5,44.55858,5.862688
36,35.0,44.819731,5.887636
36,35.5,45.016435,5.915764
36,36.0,45.149211,5.946243
36,36.5,45.220126,5.97825
36,37.0,45.23259,6.01099
36,37.5,45.191132,6.043706
36,38.0,45.101171,6.075692
36,38.5,44.968789,6.106306
36,39.0,44.800512,6.134977
36,39.5,44.603114,6.161216
36,40.0,44.383426,6.184621
36,40.5,44.148183,6.204879
36,41.0,43.903872,6.22177
36,41.5,43.656621,6.235169
36,42.0,43.412092,6.245037
36,42.5,43.175409,6.25142
36,43.0,42.951095,6.254442
36,43.5,42.74303,6.254296
36,44.0,42.554429,6.251235
36,44.5,42.38783,6.245559
36,45.0,42.245098,6.237607
36,45.5,42.127444,6.227745
36,46.0,42.03545,6.216352
36,46.5,41.969105,6.203813
36,47.0,41.927853,6.190508
36,47.5,41.910641,6.176804
36,48.0,41.915982,6.163044
36,48.5,41.94201,6.149548
36,49.0,41.98655,6.136599
36,49.5,42.047187,6.124447
36,50.0,42.121329,6.1133
37,0.0,31.374444,9.355348
37,0.5,28.118823,9.560548
37,1.0,25.044257,9.631412
37,1.5,22.282489,9.568629
37,2.0,19.914192,9.384784
37,2.5,17.972394,9.10119
37,3.0,16.454139,8.743648
37,3.5,15.334979,8.338475
37,4.0,14.581807,7.90969
37,4.5,14.16188,7.47752
37,5.0,14.047918,7.057984
37,5.5,14.22011,6.66318
37,6.0,14.666021,6.30189
37,6.5,15.379128,5.980292
37,7.0,16.356404,5.702635
37,7.5,17.595115,5.471808
37,8.0,19.088952,5.289794
37,8.5,20.823653,5.158
37,9.0,22.772492,5.077481
37,9.5,24.892271,5.049055
37,10.0,27.120702,5.07332
37,10.5,29.376158,5.15057
37,11.0,31.560527,5.280622
37,11.5,33.565377,5.46253
37,12.0,35.280834,5.694213
37,12.5,36.605894,5.972006
37,13.0,37.458543,6.290163
37,13.5,37.784189,6.640391
37,14.0,37.561384,7.011508
37,14.5,36.804384,7.389368
37,15.0,35.562447,7.757209
37,15.5,33.915883,8.096557
37,16.0,31.968978,8.388709
37,16.5,29.840149,8.61669
37,17.0,27.65035,8.76732
37,17.5,25.511446,8.832955
37,18.0,23.51674,8.812413
37,18.5,21.735434,8.710852
37,19.0,20.211716,8.538661
37,19.5,18.967782,8.309736
37,20.0,18.009191,8.039599
37,20.5,17.330791,7.743761
37,21.0,16.921899,7.436556
37,21.5,16.770071,7.130474
37,22.0,16.863325,6.835911
37,22.5,17.191001,6.561218
37,23.0,17.743505,6.312914
37,23.5,18.511212,6.09598
37,24.0,19.482743,5.914151
37,24.5,20.642828,5.770186
37,25.0,21.970013,5.666078
37,25.5,23.434524,5.603205
37,26.0,24.996676,5.582408
37,26.5,26.606276,5.604007
37,27.0,28.203399,5.667747
37,27.5,29.720775,5.772677
37,28.0,31.087733,5.916982
37,28.5,32.235365,6.097768
37,29.0,33.102278,6.310826
37,29.5,33.64017,6.550424
37,30.0,33.818493,6.809154
37,30.5,33.627608,7.077918
37,31.0,33.080065,7.346102
37,31.5,32.209836,7.602001
37,32.0,31.069542,7.833509
37,32.5,29.725872,8.029051
37,33.0,28.253692,8.178631
37,33.5,26.729532,8.274838
37,34.0,25.225374,8.313612
37,34.5,23.803665,8.2946
37,35.0,22.514213,8.221037
37,35.5,21.393186,8.099197
37,36.0,20.463963,7.937553
37,36.5,19.73922,7.745834
37,37.0,19.223543,7.534143
37,37.5,18.915965,7.312252
37,38.0,18.812012,7.08912
37,38.5,18.905066,6.87262
37,39.0,19.187032,6.669434
37,39.5,19.648361,6.485077
37,40.0,20.277565,6.323983
37,40.5,21.060368,6.189629
37,41.0,21.97867,6.084656
37,41.5,23.009523,6.010973
37,42.0,24.124331,5.969836
37,42.5,25.288515,5.961878
37,43.0,26.461844,5.987117
37,43.5,27.599567,6.044909
37,44.0,28.654403,6.133883
37,44.5,29.579251,6.251846
37,45.0,30.330405,6.395679
37,45.5,30.870898,6.561249
37,46.0,31.173579,6.743362
37,46.5,31.223548,6.935775
37,47.0,31.019619,7.131319
37,47.5,30.574637,7.322135
37,48.0,29.914577,7.500053
37,48.5,29.076483,7.657082
37,49.0,28.10548,7.785984
37,49.5,27.051178,7.880844
37,50.0,25.963913,7.937575
38,0.0,32.313346,7.92338
38,0.5,30.87411,7.898967
38,1.0,29.623451,7.82749
38,1.5,28.589521,7.716488
38,2.0,27.788038,7.574919
38,2.5,27.224569,7.412303
38,3.0,26.896804,7.237997
38,3.5,26.796433,7.060667
38,4.0,26.910455,6.887945
38,4.5,27.221916,6.726264
38,5.0,27.710178,6.580811
38,5.5,28.350915,6.455577
38,6.0,29.116048,6.353435
38,6.5,29.973823,6.276247
38,7.0,30.88924,6.224963
38,7.5,31.82491,6.199704
38,8.0,32.742394,6.199834
38,8.5,33.603947,6.224009
38,9.0,34.374497,6.27023
38,9.5,35.023643,6.335875
38,10.0,35.527444,6.417759
38,10.5,35.869762,6.512195
38,11.0,36.043046,6.615093
38,11.5,36.048471,6.722089
38,12.0,35.895452,6.828699
38,12.5,35.600624,6.93052
38,13.0,35.186408,7.02343
38,13.5,34.679318,7.103807
38,14.0,34.108167,7.168717
38,14.5,33.502317,7.216072
38,15.0,32.890118,7.244726
38,15.5,32.297605,7.254499
38,16.0,31.747537,7.246144
38,16.5,31.258771,7.221234
38,17.0,30.845948,7.182017
38,17.5,30.519444,7.131229
38,18.0,30.285511,7.071907
38,18.5,30.146542,7.0072
38,19.0,30.101401,6.940214
38,19.5,30.145781,6.873872
38,20.0,30.272565,6.810811
38,20.5,30.472193,6.753309
38,21.0,30.733041,6.70324
38,21.5,31.041832,6.662046
38,22.0,31.384081,6.630732
38,22.5,31.744609,6.609868
38,23.0,32.108087,6.59961
38,23.5,32.459634,6.599723
38,24.0,32.785409,6.609606
38,24.5,33.073186,6.628338
38,25.0,33.312859,6.654714
38,25.5,33.496841,6.687299
38,26.0,33.620337,6.724484
38,26.5,33.681459,6.764549
38,27.0,33.681179,6.805734
38,27.5,33.623135,6.846303
38,28.0,33.513303,6.884622
38,28.5,33.35956,6.919223
38,29.0,33.171185,6.948864
38,29.5,32.958326,6.972576
38,30.0,32.731465,6.989696
38,30.5,32.500923,6.999888
38,31.0,32.276421,7.003134
38,31.5,32.066714,6.999723
38,32.0,31.87931,6.990216
38,32.5,31.720274,6.975401
38,33.0,31.594109,6.95624
38,33.5,31.503709,6.933816
38,34.0,31.450383,6.909269
38,34.5,31.43392,6.883751
38,35.0,31.452704,6.858367
38,35.5,31.503863,6.834142
38,36.0,31.58345,6.811979
38,36.5,31.68664,6.792639
38,37.0,31.807958,6.776717
38,37.5,31.941511,6.764636
38,38.0,32.081229,6.75664
38,38.5,32.22111,6.7528
38,39.0,32.355456,6.753021
38,39.5,32.479088,6.757053
38,40.0,32.587535,6.764514
38,40.5,32.677192,6.774906
38,41.0,32.74543,6.787645
38,41.5,32.790662,6.802084
38,42.0,32.812358,6.817542
38,42.5,32.811007,6.833334
38,43.0,32.788043,6.848797
38,43.5,32.745724,6.863318
38,44.0,32.686983,6.876354
38,44.5,32.615257,6.887457
38,45.0,32.534307,6.89628
38,45.5,32.448039,6.902595
38,46.0,32.36032,6.906288
38,46.5,32.274829,6.907367
38,47.0,32.194911,6.905943
38,47.5,32.123465,6.902229
38,48.0,32.062859,6.89652
38,48.5,32.014872,6.889173
38,49.0,31.980662,6.880592
38,49.5,31.960761,6.871207
38,50.0,31.955098,6.86145
39,0.0,44.478329,17.208253
39,0.5,33.160617,17.729953
39,1.0,24.267813,17.573809
39,1.5,17.794402,16.832081
39,2.0,13.379808,15.686815
39,2.5,10.513218,14.331042
39,3.0,8.731248,12.916956
39,3.5,7.697263,11.543947
39,4.0,7.197468,10.268215
39,4.5,7.110975,9.116887
39,5.0,7.382155,8.099538
39,5.5,8.001947,7.215981
39,6.0,8.996687,6.461134
39,6.5,10.4212,5.827932
39,7.0,12.352709,5.309041
39,7.5,14.881996,4.89782
39,8.0,18.098134,4.58884
39,8.5,22.063938,4.378086
39,9.0,26.782341,4.262968
39,9.5,32.160259,4.242179
39,10.0,37.984225,4.315448
39,10.5,43.925334,4.483217
39,11.0,49.582551,4.746249
39,11.5,54.553942,5.10513
39,12.0,58.50825,5.559627
39,12.5,61.229394,6.107812
39,13.0,62.623947,6.744922
39,13.5,62.701205,7.461947
39,14.0,61.543689,8.24403
39,14.5,59.282321,9.068923
39,15.0,56.082153,9.905901
39,15.5,52.137277,10.71578
39,16.0,47.669429,11.452774
39,16.5,42.923469,12.068776
39,17.0,38.154248,12.519991
39,17.5,33.603668,12.774685
39,18.0,29.473123,12.819675
39,18.5,25.901386,12.66296
39,19.0,22.957121,12.331318
39,19.5,20.648047,11.863914
39,20.0,18.940853,11.304584
39,20.5,17.782977,10.695332
39,21.0,17.119742,10.072319
39,21.5,16.904652,9.464285
39,22.0,17.103619,8.892692
39,22.5,17.694866,8.372745
39,23.0,18.665985,7.914729
39,23.5,20.009048,7.525281
39,24.0,21.714246,7.208455
39,24.5,23.762477,6.96654
39,25.0,26.117633,6.800613
39,25.5,28.719867,6.710887
39,26.0,31.481649,6.696857
39,26.5,34.288451,6.757301
39,27.0,37.005151,6.890143
39,27.5,39.487758,7.09221
39,28.0,41.598304,7.358903
39,28.5,43.219658,7.683813
39,29.0,44.267204,8.05832
39,29.5,44.695547,8.471236
39,30.0,44.500127,8.908589
39,30.5,43.714752,9.353673
39,31.0,42.406471,9.787464
39,31.5,40.668833,10.189545
39,32.0,38.614067,10.539532
39,32.5,36.364354,10.818915
39,33.0,34.042531,11.013046
39,33.5,31.762949,11.11288
39,34.0,29.623729,11.116047
39,34.5,27.701654,11.026977
39,35.0,26.050462,10.856058
39,35.5,24.702389,10.618054
39,36.0,23.672034,10.330202
39,36.5,22.961185,10.010397
39,37.0,22.563402,9.675743
39,37.5,22.467535,9.341595
39,38.0,22.659835,9.021064
39,38.5,23.124664,8.724885
39,39.0,23.844012,8.461519
39,39.5,24.796165,8.237384
39,40.0,25.953904,8.05712
39,40.5,27.282691,7.923845
39,41.0,28.739328,7.839353
39,41.5,30.271577,7.804258
39,42.0,31.819122,7.818072
39,42.5,33.316045,7.879216
39,43.0,34.694684,7.984999
39,43.5,35.890418,8.131561
39,44.0,36.846702,8.3138
39,44.5,37.519591,8.52534
39,45.0,37.881145,8.758529
39,45.5,37.92131,9.004539
39,46.0,37.648195,9.253575
39,46.5,37.086848,9.495231
39,47.0,36.276792,9.71899
39,47.5,35.268638,9.914846
39,48.0,34.120106,10.073996
39,48.5,32.89184,10.189515
39,49.0,31.643373,10.256909
39,49.5,30.429654,10.274465
39,50.0,29.298423,10.243318
40,0.0,26.155453,7.128432
40,0.5,24.556612,7.032744
40,1.0,23.284831,6.887221
40,1.5,22.327717,6.705219
40,2.0,21.6673,6.499801
40,2.5,21.282665,6.282868
40,3.0,21.15166,6.064671
40,3.5,21.251663,5.853615
40,4.0,21.559589,5.656282
40,4.5,22.051386,5.477584
40,5.0,22.701323,5.320972
40,5.5,23.481329,5.188663
40,6.0,24.360637,5.081851
40,6.5,25.30591,5.000883
40,7.0,26.281925,4.945413
40,7.5,27.252809,4.914517
40,8.0,28.183675,4.906786
40,8.5,29.042435,4.920396
40,9.0,29.801525,4.953168
40,9.5,30.439288,5.002617
40,10.0,30.940865,5.066004
40,10.5,31.298506,5.140389
40,11.0,31.511343,5.222694
40,11.5,31.584731,5.309773
40,12.0,31.529279,5.398499
40,12.5,31.359717,5.485852
40,13.0,31.093709,5.569016
40,13.5,30.750706,5.645478
40,14.0,30.35089,5.71311
40,14.5,29.914254,5.770247
40,15.0,29.459832,5.81573
40,15.5,29.005093,5.848935
40,16.0,28.565496,5.869761
40,16.5,28.154199,5.878598
40,17.0,27.781903,5.876269
40,17.5,27.456815,5.863952
40,18.0,27.184709,5.843094
40,18.5,26.969053,5.815316
40,19.0,26.811188,5.78233
40,19.5,26.710534,5.745851
40,20.0,26.664816,5.707535
40,20.5,26.670296,5.668918
40,21.0,26.722011,5.631375
40,21.5,26.814009,5.596092
40,22.0,26.939598,5.564046
40,22.5,27.091584,5.535999
40,23.0,27.262521,5.512499
40,23.5,27.444957,5.493888
40,24.0,27.631665,5.480313
40,24.5,27.815869,5.471742
40,25.0,27.99144,5.467986
40,25.5,28.153064,5.46872
40,26.0,28.296368,5.473501
40,26.5,28.418008,5.4818
40,27.0,28.515705,5.493019
40,27.5,28.588238,5.506517
40,28.0,28.635399,5.521636
40,28.5,28.657907,5.537719
40,29.0,28.657295,5.554138
40,29.5,28.635772,5.570303
40,30.0,28.596076,5.585688
40,30.5,28.541325,5.599837
40,31.0,28.474856,5.612378
40,31.5,28.400092,5.623027
40,32.0,28.320404,5.631592
40,32.5,28.239001,5.637969
40,33.0,28.158834,5.642144
40,33.5,28.082518,5.644177
40,34.0,28.012283,5.644201
40,34.5,27.94993,5.642405
40,35.0,27.896822,5.639025
40,35.5,27.853873,5.634329
40,36.0,27.821572,5.628606
40,36.5,27.800001,5.622151
40,37.0,27.788875,5.615257
40,37.5,27.787585,5.608204
40,38.0,27.795248,5.601248
40,38.5,27.810764,5.59462
40,39.0,27.832869,5.588515
40,39.5,27.860194,5.583092
40,40.0,27.891321,5.578471
40,40.5,27.924831,5.574733
40,41.0,27.959359,5.571921
40,41.5,27.993626,5.570045
40,42.0,28.026483,5.56908
40,42.5,28.056936,5.568972
40,43.0,28.084163,5.569645
40,43.5,28.10753,5.571002
40,44.0,28.126598,5.572934
40,44.5,28.141113,5.57532
40,45.0,28.151004,5.578036
40,45.5,28.156366,5.58096
40,46.0,28.157441,5.583972
40,46.5,28.154598,5.58696
40,47.0,28.148302,5.589825
40,47.5,28.139097,5.592481
40,48.0,28.127573,5.594855
40,48.5,28.114344,5.596894
40,49.0,28.100026,5.598558
40,49.5,28.085212,5.599826
40,50.0,28.070456,5.600691
41,0.0,21.972066,9.832132
41,0.5,18.699203,9.842433
41,1.0,15.954086,9.705689
41,1.5,13.725615,9.446572
41,2.0,11.967983,9.094494
41,2.5,10.619219,8.678789
41,3.0,9.61551,8.225583
41,3.5,8.899764,7.756353
41,4.0,8.425397,7.287729
41,4.5,8.157053,6.831987
41,5.0,8.069786,6.39781
41,5.5,8.147646,5.991088
41,6.0,8.382169,5.615632
41,6.5,8.770968,5.27376
41,7.0,9.316414,4.966765
41,7.5,10.024326,4.695267
41,8.0,10.90256,4.459484
41,8.5,11.959346,4.25943
41,9.0,13.201291,4.095059
41,9.5,14.63099,3.966367
41,10.0,16.244317,3.873456
41,10.5,18.027608,3.816567
41,11.0,19.955112,3.796085
41,11.5,21.987244,3.812514
41,12.0,24.070203,3.866415
41,12.5,26.137426,3.958311
41,13.0,28.113037,4.088551
41,13.5,29.917019,4.257129
41,14.0,31.471447,4.463455
41,14.5,32.706839,4.706084
41,15.0,33.567735,4.982423
41,15.5,34.016846,5.288416
41,16.0,34.037501,5.618277
41,16.5,33.634457,5.964306
41,17.0,32.833259,6.316861
41,17.5,31.67837,6.664577
41,18.0,30.230159,6.994867
41,18.5,28.560786,7.294727
41,19.0,26.749087,7.551797
41,19.5,24.874769,7.755517
41,20.0,23.012559,7.898194
41,20.5,21.227132,7.975742
41,21.0,19.569614,7.987962
41,21.5,18.076134,7.938299
41,22.0,16.768413,7.833172
41,22.5,15.655907,7.681058
41,23.0,14.738782,7.491521
41,23.5,14.011048,7.274352
41,24.0,13.463318,7.038916
41,24.5,13.084957,6.793719
41,25.0,12.86554,6.546186
41,25.5,12.795708,6.302595
41,26.0,12.867526,6.068123
41,26.5,13.07446,5.846948
41,27.0,13.411081,5.642386
41,27.5,13.872562,5.457034
41,28.0,14.454014,5.292903
41,28.5,15.149715,5.151538
41,29.0,15.952273,5.034112
41,29.5,16.851778,4.941502
41,30.0,17.835015,4.874346
41,30.5,18.884854,4.833067
41,31.0,19.979895,4.81789
41,31.5,21.094492,4.828826
41,32.0,22.199239,4.865642
41,32.5,23.261932,4.927818
41,33.0,24.249,5.014478
41,33.5,25.127282,5.12432
41,34.0,25.866001,5.255538
41,34.5,26.438738,5.405743
41,35.0,26.825196,5.571911
41,35.5,27.012581,5.750345
41,36.0,26.996481,5.936686
41,36.5,26.781162,6.125986
41,37.0,26.379266,6.312837
41,37.5,25.810952,6.491579
41,38.0,25.102539,6.656563
41,38.5,24.284771,6.802465
41,39.0,23.390866,6.924609
41,39.5,22.454504,7.019269
41,40.0,21.507963,7.083898
41,40.5,20.580573,7.117273
41,41.0,19.697604,7.119515
41,41.5,18.879652,7.09201
41,42.0,18.14251,7.037226
41,42.5,17.497435,6.958479
41,43.0,16.951687,6.859661
41,43.5,16.509224,6.744983
41,44.0,16.171414,6.618742
41,44.5,15.937699,6.485134
41,45.0,15.806128,6.348116
41,45.5,15.773757,6.211309
41,46.0,15.836892,6.077956
41,46.5,15.991199,5.950895
41,47.0,16.2317,5.832565
41,47.5,16.552666,5.725023
41,48.0,16.947466,5.629972
41,48.5,17.408371,5.548784
41,49.0,17.926366,5.482532
41,49.5,18.491008,5.432009
41,50.0,19.09034,5.397743
42,0.0,44.215705,8.156113
42,0.5,41.122798,8.873198
42,1.0,37.432473,9.526369
42,1.5,33.414924,10.06618
42,2.0,29.352492,10.449395
42,2.5,25.501225,10.64777
42,3.0,22.055603,10.653939
42,3.5,19.129681,10.481792
42,4.0,16.760514,10.161454
42,4.5,14.928463,9.731417
42,5.0,13.582944,9.231077
42,5.5,12.664167,8.695648
42,6.0,12.117062,8.153785
42,6.5,11.898033,7.627221
42,7.0,11.976851,7.131556
42,7.5,12.335806,6.677467
42,8.0,12.967456,6.271962
42,8.5,13.871576,5.919466
42,9.0,15.051421,5.622703
42,9.5,16.509252,5.38336
42,10.0,18.24104,5.202564
42,10.5,20.23057,5.081208
42,11.0,22.443511,5.020124
42,11.5,24.822541,5.020143
42,12.0,27.284953,5.082023
42,12.5,29.724144,5.206247
42,13.0,32.015783,5.392684
42,13.5,34.028337,5.640104
42,14.0,35.636383,5.945563
42,14.5,36.734364,6.30368
42,15.0,37.248406,6.705894
42,15.5,37.14455,7.139829
42,16.0,36.432665,7.588983
42,16.5,35.165954,8.032975
42,17.0,33.436193,8.448598
42,17.5,31.364832,8.811776
42,18.0,29.090426,9.100258
42,18.5,26.753723,9.296586
42,19.0,24.482851,9.390573
42,19.5,22.38164,9.380594
42,20.0,20.523479,9.273327
42,20.5,18.951362,9.082087
42,21.0,17.6828,8.824378
42,21.5,16.717195,8.519349
42,22.0,16.043331,8.185712
42,22.5,15.645454,7.840362
42,23.0,15.507373,7.497678
42,23.5,15.614635,7.16936
42,24.0,15.955144,6.864599
42,24.5,16.518584,6.590421
42,25.0,17.295001,6.352085
42,25.5,18.272753,6.153466
42,26.0,19.436081,5.99738
42,26.5,20.76256,5.885833
42,27.0,22.220784,5.820185
42,27.5,23.768731,5.801231
42,28.0,25.353312,5.829194
42,28.5,26.911506,5.903643
42,29.0,28.37332,6.023328
42,29.5,29.666437,6.185953
42,30.0,30.722074,6.38791
42,30.5,31.481281,6.623998
42,31.0,31.900752,6.887192
42,31.5,31.957358,7.168521
42,32.0,31.65075,7.457134
42,32.5,31.003718,7.74064
42,33.0,30.060218,8.005755
42,33.5,28.881251,8.239251
42,34.0,27.539044,8.42912
42,34.5,26.110272,8.565758
42,35.0,24.669285,8.64296
42,35.5,23.28235,8.658512
42,36.0,22.003744,8.614247
42,36.5,20.874042,8.515592
42,37.0,19.920452,8.370732
42,37.5,19.158631,8.189587
42,38.0,18.595238,7.982809
42,38.5,18.230561,7.76095
42,39.0,18.060732,7.533851
42,39.5,18.079302,7.310277
42,40.0,18.278112,7.097754
42,40.5,18.647506,6.902545
42,41.0,19.176035,6.729727
42,41.5,19.849767,6.583305
42,42.0,20.651409,6.466339
42,42.5,21.559401,6.381057
42,43.0,22.54721,6.328941
42,43.5,23.583032,6.310767
42,44.0,24.630088,6.326618
42,44.5,25.647665,6.375848
42,45.0,26.592912,6.457017
42,45.5,27.423327,6.567807
42,46.0,28.099676,6.704931
42,46.5,28.589046,6.864061
42,47.0,28.86762,7.039801
42,47.5,28.922837,7.225737
42,48.0,28.75462,7.414595
42,48.5,28.375503,7.598511
42,49.0,27.809625,7.769444
42,49.5,27.090681,7.919671
42,50.0,26.259078,8.04235
43,0.0,37.698708,11.899752
43,0.5,30.240288,12.625225
43,1.0,23.715103,12.964428
43,1.5,18.418981,12.911896
43,2.0,14.390352,12.525984
43,2.5,11.477823,11.899727
43,3.0,9.453318,11.128878
43,3.5,8.097487,10.292643
43,4.0,7.23741,9.448192
43,4.5,6.751974,8.633021
43,5.0,6.564007,7.869819
43,5.5,6.630151,7.17113
43,6.0,6.932516,6.542984
43,6.5,7.472775,5.98746
43,7.0,8.268049,5.504432
43,7.5,9.347583,5.092735
43,8.0,10.749098,4.750941
43,8.5,12.51364,4.477871
43,9.0,14.677778,4.272947
43,9.5,17.262456,4.136396
43,10.0,20.258767,4.069368
43,10.5,23.612756,4.073939
43,11.0,27.213529,4.152996
43,11.5,30.890288,4.309962
43,12.0,34.42285,4.548322
43,12.5,37.566033,4.870874
43,13.0,40.082672,5.278666
43,13.5,41.776406,5.769561
43,14.0,42.51631,6.336488
43,14.5,42.250014,6.965552
43,15.0,41.006621,7.634398
43,15.5,38.892547,8.311523
43,16.0,36.08181,8.957376
43,16.5,32.799723,9.527987
43,17.0,29.298073,9.981124
43,17.5,25.822906,10.28374
43,18.0,22.581534,10.41832
43,18.5,19.71894,10.385636
43,19.0,17.311087,10.202921
43,19.5,15.374825,9.898564
43,20.0,13.887202,9.505728
43,20.5,12.805561,9.056996
43,21.0,12.082969,8.581038
43,21.5,11.677542,8.1012
43,22.0,11.556732,7.635443
43,22.5,11.698287,7.197009
43,23.0,12.089293,6.795344
43,23.5,12.724137,6.437033
43,24.0,13.601746,6.12662
43,24.5,14.722161,5.867261
43,25.0,16.082437,5.661228
43,25.5,17.671935,5.510259
43,26.0,19.467327,5.415772
43,26.5,21.428011,5.378965
43,27.0,23.492967,5.400784
43,27.5,25.580282,5.481775
43,28.0,27.590335,5.62181
43,28.5,29.412939,5.819693
43,29.0,30.937735,6.072646
43,29.5,32.066189,6.375728
43,30.0,32.723069,6.721246
43,30.5,32.865451,7.09828
43,31.0,32.487955,7.492477
43,31.5,31.623651,7.886318
43,32.0,30.340599,8.260002
43,32.5,28.734425,8.593022
43,33.0,26.917682,8.866272
43,33.5,25.007403,9.064346
43,34.0,23.112851,9.177479
43,34.5,21.325722,9.202641
43,35.0,19.714508,9.143502
43,35.5,18.323529,9.009361
43,36.0,17.175821,8.813405
43,36.5,16.278227,8.5708
43,37.0,15.627002,8.297011
43,37.5,15.212696,8.006577
43,38.0,15.023714,7.712391
43,38.5,15.048449,7.425384
43,39.0,15.276163,7.154526
43,39.5,15.696863,6.906986
43,40.0,16.300428,6.688386
43,40.5,17.075187,6.503061
43,41.0,18.006163,6.354298
43,41.5,19.073212,6.244525
43,42.0,20.249325,6.175439
43,42.5,21.499448,6.14806
43,43.0,22.780189,6.162729
43,43.5,24.040719,6.219034
43,44.0,25.225057,6.315681
43,44.5,26.27565,6.450321
43,45.0,27.137924,6.619363
43,45.5,27.765205,6.817793
43,46.0,28.123313,7.039057
43,46.5,28.194131,7.275052
43,47.0,27.977622,7.516292
43,47.5,27.49197,7.752275
43,48.0,26.771827,7.972072
43,48.5,25.864874,8.165111
43,49.0,24.827164,8.322041
43,49.5,23.717907,8.435578
43,50.0,22.59445,8.501147
44,0.0,36.176972,10.185578
44,0.5,31.196309,9.881221
44,1.0,27.521117,9.443824
44,1.5,24.868619,8.924261
44,2.0,23.023971,8.364002
44,2.5,21.82647,7.794519
44,3.0,21.158075,7.238279
44,3.5,20.933343,6.71039
44,4.0,21.090826,6.2203
44,4.5,21.585864,5.773297
44,5.0,22.384631,5.371724
44,5.5,23.459185,5.015897
44,6.0,24.783382,4.704792
44,6.5,26.329593,4.436533
44,7.0,28.066272,4.208734
44,7.5,29.956522,4.018739
44,8.0,31.957765,3.86377
44,8.5,34.022582,3.741037
44,9.0,36.100608,3.647797
44,9.5,38.141189,3.581389
44,10.0,40.096375,3.539255
44,10.5,41.923748,3.518945
44,11.0,43.588646,3.518118
44,11.5,45.065519,3.534538
44,12.0,46.338319,3.566063
44,12.5,47.400035,3.610643
44,13.0,48.251598,3.666307
44,13.5,48.900427,3.731166
44,14.0,49.35885,3.803403
44,14.5,49.642603,3.881278
44,15.0,49.769518,3.963128
44,15.5,49.75845,4.047375
44,16.0,49.628454,4.132535
44,16.5,49.398185,4.217228
44,17.0,49.085483,4.300187
44,17.5,48.707102,4.380276
44,18.0,48.278545,4.456492
44,18.5,47.813971,4.527984
44,19.0,47.326161,4.594051
44,19.5,46.826517,4.654154
44,20.0,46.325078,4.707907
44,20.5,45.830562,4.755081
44,21.0,45.350418,4.795591
44,21.5,44.890878,4.829491
44,22.0,44.457032,4.856953
44,22.5,44.052894,4.878258
44,23.0,43.681482,4.893775
44,23.5,43.344897,4.903944
44,24.0,43.044405,4.909258
44,24.5,42.780521,4.910248
44,25.0,42.553094,4.907463
44,25.5,42.361388,4.901457
44,26.0,42.204165,4.892776
44,26.5,42.079761,4.881949
44,27.0,41.986163,4.869477
44,27.5,41.921084,4.855823
44,28.0,41.882028,4.841416
44,28.5,41.866354,4.826639
44,29.0,41.87134,4.811828
44,29.5,41.894233,4.797278
44,30.0,41.932301,4.783235
44,30.5,41.98288,4.769904
44,31.0,42.043407,4.757446
44,31.5,42.111459,4.745985
44,32.0,42.184776,4.735609
44,32.5,42.261285,4.726373
44,33.0,42.339115,4.718302
44,33.5,42.416609,4.711398
44,34.0,42.492325,4.705637
44,34.5,42.565041,4.70098
44,35.0,42.633749,4.69737
44,35.5,42.697648,4.69474
44,36.0,42.756133,4.693012
44,36.5,42.808781,4.692102
44,37.0,42.855337,4.69192
44,37.5,42.895698,4.692377
44,38.0,42.929892,4.693381
44,38.5,42.958065,4.694843
44,39.0,42.980457,4.696676
44,39.5,42.997391,4.698798
44,40.0,43.009252,4.701132
44,40.5,43.01647,4.703607
44,41.0,43.019511,4.706158
44,41.5,43.018859,4.708727
44,42.0,43.015005,4.711264
44,42.5,43.008438,4.713726
44,43.0,42.999634,4.716074
44,43.5,42.989049,4.71828
44,44.0,42.977116,4.720321
44,44.5,42.964234,4.722179
44,45.0,42.95077,4.723842
44,45.5,42.937053,4.725305
44,46.0,42.923377,4.726566
44,46.5,42.909993,4.727627
44,47.0,42.897116,4.728493
44,47.5,42.884924,4.729174
44,48.0,42.873557,4.729681
44,48.5,42.863124,4.730026
44,49.0,42.8537,4.730225
44,49.5,42.845333,4.730291
44,50.0,42.838043,4.730242
45,0.0,30.03501,10.904254
45,0.5,25.63418,10.512269
45,1.0,22.253417,10.007723
45,1.5,19.740609,9.430443
45,2.0,17.955055,8.816722
45,2.5,16.776962,8.196485
45,3.0,16.112278,7.592444
45,3.5,15.892871,7.020606
45,4.0,16.07376,6.491408
45,4.5,16.628918,6.011004
45,5.0,17.546487,5.582421
45,5.5,18.823666,5.206507
45,6.0,20.461191,4.882646
45,6.5,22.457331,4.609264
45,7.0,24.801528,4.38419
45,7.5,27.468236,4.204877
45,8.0,30.411975,4.068561
45,8.5,33.56495,3.972347
45,9.0,36.83845,3.913274
45,9.5,40.128547,3.888361
45,10.0,43.325409,3.894641
45,10.5,46.324319,3.929193
45,11.0,49.035898,3.989163
45,11.5,51.393317,4.07178
45,12.0,53.355349,4.17436
45,12.5,54.905448,4.294307
45,13.0,56.047953,4.429091
45,13.5,56.802888,4.576241
45,14.0,57.200641,4.733318
45,14.5,57.277365,4.897902
45,15.0,57.071488,5.067576
45,15.5,56.621335,5.239919
45,16.0,55.96372,5.41251
45,16.5,55.13324,5.582939
45,17.0,54.162053,5.74883
45,17.5,53.07992,5.907875
45,18.0,51.914379,6.057874
45,18.5,50.690953,6.196785
45,19.0,49.433317,6.322779
45,19.5,48.163414,6.434291
45,20.0,46.901498,6.530072
45,20.5,45.666118,6.609231
45,21.0,44.474061,6.671265
45,21.5,43.340265,6.716077
45,22.0,42.277734,6.743971
45,22.5,41.297468,6.755637
45,23.0,40.408415,6.752115
45,23.5,39.617474,6.734746
45,24.0,38.929527,6.705111
45,24.5,38.347505,6.664969
45,25.0,37.87249,6.616187
45,25.5,37.503833,6.560675
45,26.0,37.23928,6.500327
45,26.5,37.075109,6.436964
45,27.0,37.006263,6.372297
45,27.5,37.026483,6.30789
45,28.0,37.128441,6.245137
45,28.5,37.303885,6.185247
45,29.0,37.543783,6.129236
45,29.5,37.838485,6.07793
45,30.0,38.177903,6.031965
45,30.5,38.5517,5.9918
45,31.0,38.9495,5.957725
45,31.5,39.361096,5.929879
45,32.0,39.776669,5.908262
45,32.5,40.186991,5.89275
45,33.0,40.583611,5.883113
45,33.5,40.959012,5.87903
45,34.0,41.30674,5.880103
45,34.5,41.621489,5.88587
45,35.0,41.899145,5.895825
45,35.5,42.136792,5.909424
45,36.0,42.33268,5.9261
45,36.5,42.486164,5.945277
45,37.0,42.597609,5.966376
45,37.5,42.66829,5.988831
45,38.0,42.700261,6.012092
45,38.5,42.696235,6.035639
45,39.0,42.659447,6.058983
45,39.5,42.593533,6.081679
45,40.0,42.502405,6.103328
45,40.5,42.390138,6.123582
45,41.0,42.26087,6.142148
45,41.5,42.118705,6.158787
45,42.0,41.967636,6.173321
45,42.5,41.811476,6.185624
45,43.0,41.653794,6.195629
45,43.5,41.497874,6.20332
45,44.0,41.346675,6.208731
45,44.5,41.202805,6.211939
45,45.0,41.068499,6.213064
45,45.5,40.945615,6.212256
45,46.0,40.835627,6.209696
45,46.5,40.739633,6.205585
45,47.0,40.658362,6.20014
45,47.5,40.592197,6.193588
45,48.0,40.541188,6.18616
45,48.5,40.505086,6.178085
45,49.0,40.483366,6.169586
45,49.5,40.475263,6.160875
45,50.0,40.479802,6.152151
46,0.0,33.031745,10.779307
46,0.5,26.632663,11.142009
46,1.0,21.480725,11.234362
46,1.5,17.463106,11.08723
46,2.0,14.424911,10.750634
46,2.5,12.191286,10.280402
46,3.0,10.595991,9.728044
46,3.5,9.499511,9.135674
46,4.0,8.794926,8.534983
46,4.5,8.406037,7.948401
46,5.0,8.282373,7.391029
46,5.5,8.393777,6.872565
46,6.0,8.72565,6.398909
46,6.5,9.274959,5.973398
46,7.0,10.046714,5.597708
46,7.5,11.050433,5.272487
46,8.0,12.296171,4.997792
46,8.5,13.789798,4.773367
46,9.0,15.527551,4.598801
46,9.5,17.490341,4.473599
46,10.0,19.638892,4.39718
46,10.5,21.911228,4.368818
46,11.0,24.224012,4.387544
46,11.5,26.478489,4.452022
46,12.0,28.570405,4.560404
46,12.5,30.401822,4.71019
46,13.0,31.892002,4.898073
46,13.5,32.98497,5.119807
46,14.0,33.652634,5.3701
46,14.5,33.893841,5.642547
46,15.0,33.73063,5.929648
46,15.5,33.203192,6.222932
46,16.0,32.36464,6.513208
46,16.5,31.276197,6.790958
46,17.0,30.00296,7.046864
46,17.5,28.610207,7.272397
46,18.0,27.160177,7.460426
46,18.5,25.709369,7.605728
46,19.0,24.306477,7.705338
46,19.5,22.99109,7.758669
46,20.0,21.793266,7.767392
46,20.5,20.733906,7.735119
46,21.0,19.82577,7.666942
46,21.5,19.074892,7.568926
46,22.0,18.482113,7.447613
46,22.5,18.044514,7.309593
46,23.0,17.756604,7.161183
46,23.5,17.611187,7.008194
46,24.0,17.599897,6.855799
46,24.5,17.713446,6.708469
46,25.0,17.94164,6.569964
46,25.5,18.273234,6.443356
46,26.0,18.695721,6.331073
46,26.5,19.19512,6.234946
46,27.0,19.755842,6.15626
46,27.5,20.360714,6.0958
46,28.0,20.991181,6.053886
46,28.5,21.627733,6.030408
46,29.0,22.250535,6.024854
46,29.5,22.840208,6.036328
46,30.0,23.378705,6.063583
46,30.5,23.850172,6.10504
46,31.0,24.241714,6.158822
46,31.5,24.543981,6.222795
46,32.0,24.751517,6.294616
46,32.5,24.862856,6.371793
46,33.0,24.88037,6.451757
46,33.5,24.809891,6.531936
46,34.0,24.660183,6.609845
46,34.5,24.44229,6.683165
46,35.0,24.168841,6.74983
46,35.5,23.85335,6.808095
46,36.0,23.509566,6.856593
46,36.5,23.150893,6.894375
46,37.0,22.789919,6.920927
46,37.5,22.438047,6.93616
46,38.0,22.105241,6.94039
46,38.5,21.799877,6.934291
46,39.0,21.528676,6.91884
46,39.5,21.296721,6.89525
46,40.0,21.107514,6.864906
46,40.5,20.963073,6.829296
46,41.0,20.864054,6.789946
46,41.5,20.809875,6.748367
46,42.0,20.798842,6.706009
46,42.5,20.828276,6.664216
46,43.0,20.894637,6.624203
46,43.5,20.993649,6.587031
46,44.0,21.120425,6.55359
46,44.5,21.2696,6.524594
46,45.0,21.435477,6.500575
46,45.5,21.612175,6.481887
46,46.0,21.793792,6.468707
46,46.5,21.974571,6.461047
46,47.0,22.149061,6.458761
46,47.5,22.312281,6.461565
46,48.0,22.459857,6.469044
46,48.5,22.588146,6.480677
46,49.0,22.694329,6.495855
46,49.5,22.776463,6.513901
46,50.0,22.833511,6.534092
47,0.0,50.467995,8.941055
47,0.5,46.895844,9.697543
47,1.0,42.797059,10.412061
47,1.5,38.373194,11.04576
47,2.0,33.842951,11.560056
47,2.5,29.425193,11.922318
47,3.0,25.314703,12.111677
47,3.5,21.657989,12.122989
47,4.0,18.53869,11.967313
47,4.5,15.978269,11.668696
47,5.0,13.950131,11.258702
47,5.5,12.399712,10.770767
47,6.0,11.262972,10.23596
47,6.5,10.479276,9.680649
47,7.0,9.998325,9.125786
47,7.5,9.782714,8.58721
47,8.0,9.807927,8.076448
47,8.5,10.061135,7.60164
47,9.0,10.539513,7.168402
47,9.5,11.248349,6.780569
47,10.0,12.19887,6.44077
47,10.5,13.405585,6.150877
47,11.0,14.882851,5.91233
47,11.5,16.640443,5.72635
47,12.0,18.678089,5.594079
47,12.5,20.979371,5.516627
47,13.0,23.505851,5.495061
47,13.5,26.192875,5.530322
47,14.0,28.948716,5.623089
47,14.5,31.658377,5.773583
47,15.0,34.192328,5.98132
47,15.5,36.418955,6.244817
47,16.0,38.218264,6.561243
47,16.5,39.493989,6.92604
47,17.0,40.182001,7.332529
47,17.5,40.254242,7.771552
47,18.0,39.718715,8.231224
47,18.5,38.616722,8.696895
47,19.0,37.018441,9.151459
47,19.5,35.017418,9.576094
47,20.0,32.724001,9.951521
47,20.5,30.257511,10.259687
47,21.0,27.737261,10.485674
47,21.5,25.273207,10.619451
47,22.0,22.957697,10.657062
47,22.5,20.859965,10.60092
47,23.0,19.024425,10.45915
47,23.5,17.472746,10.244184
47,24.0,16.208613,9.971005
47,24.5,15.223627,9.655443
47,25.0,14.502915,9.312826
47,25.5,14.029619,8.957074
47,26.0,13.787946,8.600246
47,26.5,13.764892,8.252417
47,27.0,13.950875,7.921785
47,27.5,14.339548,7.61489
47,28.0,14.926987,7.336889
47,28.5,15.710366,7.091822
47,29.0,16.686194,6.882844
47,29.5,17.848193,6.712424
47,30.0,19.18492,6.582482
47,30.5,20.67736,6.49448
47,31.0,22.296815,6.449463
47,31.5,24.003523,6.44805
47,32.0,25.746478,6.490383
47,32.5,27.464808,6.576042
47,33.0,29.090845,6.703917
47,33.5,30.554661,6.872068
47,34.0,31.789512,7.077558
47,34.5,32.7374,7.316296
47,35.0,33.353935,7.582895
47,35.5,33.611892,7.870577
47,36.0,33.503127,8.171169
47,36.5,33.038826,8.475209
47,37.0,32.24825,8.772218
47,37.5,31.176214,9.051142
47,38.0,29.879566,9.300979
47,38.5,28.422918,9.511523
47,39.0,26.873953,9.674174
47,39.5,25.298728,9.782658
47,40.0,23.75747,9.833561
47,40.5,22.301362,9.826563
47,41.0,20.97069,9.764334
47,41.5,19.794423,9.652114
47,42.0,18.791075,9.497096
47,42.5,17.970433,9.3077
47,43.0,17.335701,9.092885
47,43.5,16.885618,8.861559
47,44.0,16.61627,8.62215
47,44.5,16.52242,8.382328
47,45.0,16.598327,8.148863
47,45.5,16.838064,7.927587
47,46.0,17.235401,7.723425
47,46.5,17.783331,7.540467
47,47.0,18.47332,7.382052
47,47.5,19.294372,7.25085
47,48.0,20.23203,7.148938
47,48.5,21.267453,7.077845
47,49.0,22.376731,7.038584
47,49.5,23.530616,7.031653
47,50.0,24.694831,7.057021
48,0.0,39.474315,10.091717
48,0.5,38.563907,10.49862
48,1.0,37.265759,10.867614
48,1.5,35.699587,11.175808
48,2.0,33.991687,11.404748
48,2.5,32.262907,11.542575
48,3.0,30.618984,11.585312
48,3.5,29.144345,11.536971
48,4.0,27.899803,11.408471
48,4.5,26.923625,11.215718
48,5.0,26.234807,10.977362
48,5.5,25.837129,10.712684
48,6.0,25.722849,10.439947
48,6.5,25.875354,10.175304
48,7.0,26.270626,9.932225
48,7.5,26.877725,9.72131
48,8.0,27.658774,9.550349
48,8.5,28.568997,9.424506
48,9.0,29.557357,9.346533
48,9.5,30.568174,9.316977
48,10.0,31.543872,9.33435
48,10.5,32.42868,9.395263
48,11.0,33.17282,9.494566
48,11.5,33.736547,9.625503
48,12.0,34.093369,9.779926
48,12.5,34.231965,9.948611
48,13.0,34.156538,10.121684
48,13.5,33.885626,10.289154
48,14.0,33.449652,10.441542
48,14.5,32.887579,10.570528
48,15.0,32.243163,10.669554
48,15.5,31.561253,10.734289
48,16.0,30.884517,10.76289
48,16.5,30.250878,10.756018
48,17.0,29.691777,10.71662
48,17.5,29.231255,10.649518
48,18.0,28.885708,10.560867
48,18.5,28.664142,10.457587
48,19.0,28.568718,10.346811
48,19.5,28.595425,10.235412
48,20.0,28.734799,10.129632
48,20.5,28.972649,10.034821
48,21.0,29.290817,9.955264
48,21.5,29.668017,9.894094
48,22.0,30.080811,9.853267
48,22.5,30.504747,9.833575
48,23.0,30.915629,9.834705
48,23.5,31.290872,9.855322
48,24.0,31.610822,9.893181
48,24.5,31.859926,9.945266
48,25.0,32.02762,10.007959
48,25.5,32.108842,10.077236
48,26.0,32.104119,10.14889
48,26.5,32.019222,10.218765
48,27.0,31.864454,10.282993
48,27.5,31.653639,10.338219
48,28.0,31.402951,10.381788
48,28.5,31.129673,10.411886
48,29.0,30.851028,10.427611
48,29.5,30.583138,10.428987
48,30.0,30.340186,10.416893
48,30.5,30.133808,10.392957
48,31.0,29.972704,10.359385
48,31.5,29.862455,10.318783
48,32.0,29.805523,10.27396
48,32.5,29.80138,10.227749
48,33.0,29.846771,10.182835
48,33.5,29.93605,10.141627
48,34.0,30.061606,10.106143
48,34.5,30.214342,10.077943
48,35.0,30.384211,10.058082
48,35.5,30.560775,10.047094
48,36.0,30.733787,10.045006
48,36.5,30.89374,10.051363
48,37.0,31.032378,10.065288
48,37.5,31.143114,10.085546
48,38.0,31.22134,10.11063
48,38.5,31.264603,10.138855
48,39.0,31.272631,10.168456
48,39.5,31.247227,10.197689
48,40.0,31.192025,10.224932
48,40.5,31.112148,10.248768
48,41.0,31.013798,10.268057
48,41.5,30.903805,10.281991
48,42.0,30.78918,10.290119
48,42.5,30.67669,10.292353
48,43.0,30.572495,10.288955
48,43.5,30.481845,10.280489
48,44.0,30.408862,10.267776
48,44.5,30.356403,10.251821
48,45.0,30.325998,10.233743
48,45.5,30.317867,10.214703
48,46.0,30.331001,10.195835
48,46.5,30.363293,10.178181
48,47.0,30.411725,10.162646
48,47.5,30.472584,10.149953
48,48.0,30.541701,10.140619
48,48.5,30.614703,10.134942
48,49.0,30.687266,10.133
48,49.5,30.755349,10.134658
48,50.0,30.815408,10.139594
49,0.0,26.237318,5.823267
49,0.5,29.646493,5.982247
49,1.0,32.770109,6.232704
49,1.5,35.376969,6.570556
49,2.0,37.286205,6.988761
49,2.5,38.391604,7.476648
49,3.0,38.666567,8.019333
49,3.5,38.154273,8.597395
49,4.0,36.95108,9.187047
49,4.5,35.189384,9.761048
49,5.0,33.0224,10.290534
49,5.5,30.610628,10.747698
49,6.0,28.109213,11.108946
49,6.5,25.656295,11.35783
49,7.0,23.363726,11.487
49,7.5,21.311901,11.49862
49,8.0,19.549655,11.403204
49,8.5,18.098616,11.217336
49,9.0,16.960219,10.960961
49,9.5,16.123229,10.654915
49,10.0,15.570175,10.319076
49,10.5,15.281894,9.971229
49,11.0,15.240095,9.626555
49,11.5,15.428223,9.297557
49,12.0,15.831008,8.994243
49,12.5,16.43309,8.724425
49,13.0,17.21704,8.49404
49,13.5,18.161144,8.307421
49,14.0,19.237329,8.167515
49,14.5,20.409691,8.076014
49,15.0,21.634121,8.03342
49,15.5,22.859393,8.03905
49,16.0,24.029852,8.091003
49,16.5,25.089478,8.186105
49,17.0,25.986713,8.319871
49,17.5,26.679223,8.486497
49,18.0,27.137749,8.678919
49,18.5,27.34844,8.888966
49,19.0,27.313399,9.107614
49,19.5,27.049558,9.325366
49,20.0,26.58622,9.532727
49,20.5,25.961733,9.720759
49,21.0,25.219797,9.881644
49,21.5,24.405815,10.009193
49,22.0,23.563684,10.099234
49,22.5,22.733248,10.149817
49,23.0,21.948586,10.161214
49,23.5,21.237126,10.135729
49,24.0,20.619502,10.077355
49,24.5,20.109955,9.991343
49,25.0,19.717076,9.883735
49,25.5,19.444664,9.760938
49,26.0,19.292552,9.629341
49,26.5,19.25728,9.495031
49,27.0,19.332587,9.363574
49,27.5,19.50971,9.239878
49,28.0,19.77756,9.128108
49,28.5,20.122812,9.031645
49,29.0,20.53003,8.953075
49,29.5,20.981871,8.894191
49,30.0,21.459462,8.856007
49,30.5,21.942959,8.838786
49,31.0,22.412323,8.842061
49,31.5,22.848238,8.864679
49,32.0,23.233111,8.904844
49,32.5,23.552053,8.960185
49,33.0,23.793719,9.027839
49,33.5,23.950916,9.104554
49,34.0,24.020917,9.186815
49,34.5,24.005434,9.270988
49,35.0,23.910296,9.353481
49,35.5,23.744844,9.4309
49,36.0,23.521147,9.500211
49,36.5,23.253108,9.558874
49,37.0,22.955554,9.604952
49,37.5,22.643381,9.637185
49,38.0,22.330805,9.655017
49,38.5,22.030778,9.658581
49,39.0,21.754548,9.648645
49,39.5,21.511388,9.626528
49,40.0,21.308463,9.593989
49,40.5,21.150804,9.553106
49,41.0,21.041361,9.506155
49,41.5,20.981124,9.455487
49,42.0,20.969258,9.403427
49,42.5,21.003274,9.352176
49,43.0,21.07921,9.303739
49,43.5,21.191818,9.259865
49,44.0,21.33478,9.222005
49,44.5,21.500938,9.191279
49,45.0,21.682558,9.168464
49,45.5,21.871609,9.15399
49,46.0,22.060076,9.147942
49,46.5,22.240274,9.15008
49,47.0,22.405163,9.159861
49,47.5,22.548639,9.176475
49,48.0,22.665781,9.198884
49,48.5,22.753039,9.225872
49,49.0,22.808348,9.256098
49,49.5,22.831161,9.288156
49,50.0,22.822397,9.320631
50,0.0,42.274335,8.776184
50,0.5,39.045067,9.432616
50,1.0,35.527421,10.023245
50,1.5,31.887211,10.51506
50,2.0,28.290536,10.879621
50,2.5,24.887462,11.097527
50,3.0,21.796243,11.161583
50,3.5,19.093238,11.077549
50,4.0,16.811693,10.86226
50,4.5,14.948822,10.539907
50,5.0,13.477544,10.137795
50,5.5,12.358618,9.682759
50,6.0,11.55029,9.198791
50,6.5,11.014508,8.705904
50,7.0,10.720109,8.219925
50,7.5,10.643852,7.752839
50,8.0,10.770191,7.313397
50,8.5,11.090343,6.907779
50,9.0,11.601001,6.540216
50,9.5,12.302796,6.213522
50,10.0,13.198503,5.929521
50,10.5,14.290952,5.689384
50,11.0,15.58059,5.493874
50,11.5,17.06273,5.343524
50,12.0,18.724652,5.238753
50,12.5,20.54287,5.179917
50,13.0,22.481053,5.167321
50,13.5,24.48916,5.201181
50,14.0,26.504295,5.281533
50,14.5,28.453558,5.408105
50,15.0,30.258735,5.580137
50,15.5,31.842268,5.796165
50,16.0,33.1336,6.053761
50,16.5,34.074934,6.349259
50,17.0,34.625664,6.677479
50,17.5,34.765073,7.031492
50,18.0,34.493301,7.402475
50,18.5,33.830785,7.779725
50,19.0,32.816461,8.15089
50,19.5,31.504931,8.502476
50,20.0,29.962705,8.820639
50,20.5,28.263639,9.092219
50,21.0,26.483787,9.305896
50,21.5,24.696114,9.453272
50,22.0,22.965714,9.529685
50,22.5,21.34622,9.534582
50,23.0,19.877889,9.471368
50,23.5,18.587508,9.346805
50,24.0,17.489834,9.170096
50,24.5,16.590012,8.951864
50,25.0,15.886361,8.703191
50,25.5,15.372989,8.434855
50,26.0,15.041929,8.156793
50,26.5,14.884661,7.877789
50,27.0,14.893016,7.605363
50,27.5,15.059549,7.345773
50,28.0,15.377476,7.104119
50,28.5,15.840266,6.884475
50,29.0,16.440983,6.690047
50,29.5,17.171444,6.52331
50,30.0,18.021282,6.38614
50,30.5,18.977007,6.279914
50,31.0,20.021176,6.205578
50,31.5,21.131808,6.163699
50,32.0,22.282183,6.154474
50,32.5,23.441138,6.177721
50,33.0,24.573931,6.232847
50,33.5,25.643667,6.318788
50,34.0,26.613194,6.433939
50,34.5,27.447296,6.576079
50,35.0,28.114944,6.742289
50,35.5,28.591365,6.928891
50,36.0,28.859714,7.131414
50,36.5,28.912188,7.3446
50,37.0,28.7505,7.562484
50,37.5,28.385685,7.778534
50,38.0,27.837298,7.985887
50,38.5,27.132055,8.177653
50,39.0,26.302056,8.347282
50,39.5,25.382726,8.488963
50,40.0,24.41065,8.597992
50,40.5,23.421502,8.671088
50,41.0,22.448247,8.706592
50,41.5,21.519786,8.70453
50,42.0,20.660119,8.666536
50,42.5,19.888036,8.595647
50,43.0,19.217282,8.496013
50,43.5,18.657058,8.37256
50,44.0,18.21272,8.230652
50,44.5,17.886544,8.075782
50,45.0,17.678429,7.913324
50,45.5,17.586484,7.748342
50,46.0,17.607438,7.585466
50,46.5,17.736888,7.42882
50,47.0,17.969373,7.281988
50,47.5,18.298326,7.148023
50,48.0,18.715913,7.029459
50,48.5,19.21283,6.928347
50,49.0,19.778093,6.846281
50,49.5,20.398864,6.784435
50,50.0,21.060381,6.743578
51,0.0,32.029023,10.785707
51,0.5,30.067672,10.890529
51,1.0,28.178782,10.916356
51,1.5,26.436044,10.86484
51,2.0,24.894505,10.742393
51,2.5,23.590837,10.559193
51,3.0,22.545773,10.327881
51,3.5,21.76774,10.06223
51,4.0,21.256676,9.776008
51,4.5,21.007296,9.482133
51,5.0,21.011424,9.192158
51,5.5,21.259243,8.91603
51,6.0,21.739552,8.662049
51,6.5,22.439177,8.436962
51,7.0,23.341759,8.246105
51,7.5,24.426163,8.09357
51,8.0,25.66483,7.982345
51,8.5,27.022396,7.914415
51,9.0,28.454999,7.890824
51,9.5,29.910595,7.911675
51,10.0,31.330557,7.976092
51,10.5,32.652594,8.082147
51,11.0,33.814767,8.226757
51,11.5,34.760156,8.405585
51,12.0,35.441555,8.612963
51,12.5,35.825526,8.841869
51,13.0,35.895301,9.083993
51,13.5,35.652166,9.32993
51,14.0,35.115223,9.569517
51,14.5,34.319601,9.792331
51,15.0,33.313356,9.98832
51,15.5,32.15342,10.148507
51,16.0,30.901048,10.265691
51,16.5,29.61728,10.33503
51,17.0,28.358948,10.354416
51,17.5,27.175632,10.324572
51,18.0,26.107839,10.248865
51,18.5,25.186406,10.132876
51,19.0,24.432927,9.983818
51,19.5,23.860875,9.809896
51,20.0,23.477032,9.6197
51,20.5,23.28289,9.4217
51,21.0,23.275787,9.22386
51,21.5,23.449654,9.033386
51,22.0,23.795331,8.856587
51,22.5,24.300513,8.698806
51,23.0,24.94942,8.564428
51,23.5,25.722327,8.456893
51,24.0,26.595144,8.378743
51,24.5,27.539203,8.331645
51,25.0,28.521449,8.316417
51,25.5,29.505145,8.333023
51,26.0,30.451168,8.38057
51,26.5,31.319865,8.457285
51,27.0,32.073326,8.560493
51,27.5,32.677852,8.686615
51,28.0,33.106338,8.831187
51,28.5,33.340282,8.988921
51,29.0,33.371187,9.153832
51,29.5,33.201166,9.319422
51,30.0,32.842723,9.478943
51,30.5,32.317706,9.625726
51,31.0,31.65558,9.753543
51,31.5,30.891214,9.856997
51,32.0,30.062402,9.931864
51,32.5,29.207406,9.975371
51,33.0,28.362749,9.986364
51,33.5,27.561446,9.965335
51,34.0,26.831796,9.914328
51,34.5,26.196738,9.836718
51,35.0,25.673718,9.736922
51,35.5,25.274919,9.620067
51,36.0,25.007728,9.491653
51,36.5,24.875266,9.35726
51,37.0,24.876884,9.222291
51,37.5,25.008549,9.091783
51,38.0,25.263077,8.970267
51,38.5,25.630248,8.861679
51,39.0,26.096833,8.769309
51,39.5,26.646601,8.695774
51,40.0,27.260401,8.643004
51,40.5,27.916384,8.612242
51,41.0,28.590446,8.604042
51,41.5,29.256931,8.618269
51,42.0,29.889597,8.654106
51,42.5,30.462812,8.710055
51,43.0,30.952886,8.783957
51,43.5,31.339442,8.873025
51,44.0,31.606659,8.973895
51,44.5,31.744293,9.082713
51,45.0,31.748325,9.19525
51,45.5,31.6212,9.307056
51,46.0,31.371603,9.413646
51,46.5,31.013811,9.510705
51,47.0,30.566685,9.594311
51,47.5,30.052407,9.661145
51,48.0,29.495087,9.708674
51,48.5,28.919361,9.735288
51,49.0,28.34912,9.740378
51,49.5,27.806442,9.72434
51,50.0,27.310784,9.688517
52,0.0,32.505725,6.70146
52,0.5,32.755814,6.667977
52,1.0,33.017214,6.641867
52,1.5,33.28184,6.623228
52,2.0,33.54203,6.611962
52,2.5,33.790739,6.607788
52,3.0,34.021697,6.610272
52,3.5,34.229557,6.618836
52,4.0,34.410001,6.632792
52,4.5,34.559813,6.651357
52,5.0,34.676915,6.673682
52,5.5,34.760358,6.698872
52,6.0,34.810276,6.726018
52,6.5,34.827807,6.754215
52,7.0,34.814981,6.782591
52,7.5,34.774586,6.810326
52,8.0,34.710019,6.836677
52,8.5,34.625125,6.86099
52,9.0,34.52404,6.882719
52,9.5,34.411034,6.901432
52,10.0,34.290364,6.916819
52,10.5,34.166151,6.928691
52,11.0,34.042258,6.936981
52,11.5,33.922208,6.941733
52,12.0,33.809104,6.943093
52,12.5,33.705583,6.941297
52,13.0,33.61378,6.936655
52,13.5,33.535317,6.929537
52,14.0,33.471304,6.920352
52,14.5,33.422352,6.909538
52,15.0,33.388603,6.897541
52,15.5,33.369767,6.884805
52,16.0,33.365164,6.871756
52,16.5,33.373777,6.858792
52,17.0,33.394305,6.846276
52,17.5,33.425222,6.834526
52,18.0,33.464834,6.823812
52,18.5,33.511339,6.814353
52,19.0,33.562881,6.806313
52,19.5,33.617609,6.799804
52,20.0,33.673723,6.794886
52,20.5,33.729525,6.791569
52,21.0,33.783453,6.78982
52,21.5,33.83412,6.789562
52,22.0,33.880338,6.790684
52,22.5,33.921137,6.793046
52,23.0,33.955777,6.796482
52,23.5,33.983753,6.800813
52,24.0,34.00479,6.805844
52,24.5,34.018835,6.811378
52,25.0,34.02604,6.817219
52,25.5,34.026744,6.823176
52,26.0,34.021444,6.829072
52,26.5,34.010772,6.834744
52,27.0,33.995464,6.840046
52,27.5,33.976331,6.844858
52,28.0,33.954228,6.84908
52,28.5,33.930025,6.852639
52,29.0,33.904582,6.855486
52,29.5,33.878727,6.857595
52,30.0,33.853229,6.858966
52,30.5,33.828786,6.859619
52,31.0,33.80601,6.859591
52,31.5,33.785412,6.85894
52,32.0,33.767404,6.857733
52,32.5,33.752289,6.856049
52,33.0,33.740262,6.853976
52,33.5,33.731417,6.851603
52,34.0,33.72575,6.849023
52,34.5,33.723167,6.846326
52,35.0,33.723493,6.843598
52,35.5,33.726486,6.840919
52,36.0,33.731849,6.838362
52,36.5,33.739239,6.83599
52,37.0,33.748285,6.833855
52,37.5,33.758599,6.831998
52,38.0,33.769785,6.830451
52,38.5,33.781456,6.829232
52,39.0,33.793242,6.82835
52,39.5,33.804799,6.827803
52,40.0,33.815815,6.827579
52,40.5,33.826021,6.82766
52,41.0,33.835189,6.828017
52,41.5,33.843142,6.828621
52,42.0,33.84975,6.829432
52,42.5,33.854932,6.830413
52,43.0,33.858653,6.831521
52,43.5,33.860925,6.832715
52,44.0,33.861798,6.833954
52,44.5,33.86136,6.835199
52,45.0,33.859726,6.836414
52,45.5,33.857041,6.837568
52,46.0,33.853464,6.838632
52,46.5,33.849169,6.839582
52,47.0,33.844335,6.840402
52,47.5,33.839144,6.841077
52,48.0,33.833771,6.841601
52,48.5,33.828386,6.84197
52,49.0,33.823141,6.842187
52,49.5,33.818175,6.842257
52,50.0,33.813607,6.84219
53,0.0,26.391576,11.350154
53,0.5,24.726907,10.962552
53,1.0,23.572123,10.5278
53,1.5,22.889237,10.072126
53,2.0,22.641575,9.617617
53,2.5,22.7971,9.181942
53,3.0,23.328671,8.778663
53,3.5,24.21214,8.417818
53,4.0,25.423007,8.106579
53,4.5,26.932263,7.849854
53,5.0,28.702044,7.650776
53,5.5,30.681863,7.511064
53,6.0,32.806266,7.431255
53,6.5,34.994766,7.410814
53,7.0,37.154644,7.44815
53,7.5,39.186606,7.540553
53,8.0,40.992639,7.684078
53,8.5,42.484753,7.873413
53,9.0,43.593055,8.101758
53,9.5,44.271823,8.360763
53,10.0,44.50276,8.640573
53,10.5,44.295276,8.930026
53,11.0,43.684153,9.217038
53,11.5,42.725214,9.48918
53,12.0,41.489672,9.734437
53,12.5,40.057828,9.942055
53,13.0,38.512735,10.103372
53,13.5,36.934392,10.212513
53,14.0,35.395014,10.266805
53,14.5,33.955733,10.266861
53,15.0,32.664905,10.216323
53,15.5,31.557898,10.121323
53,16.0,30.65804,9.989782
53,16.5,29.978258,9.830655
53,17.0,29.52296,9.653233
53,17.5,29.289776,9.466574
53,18.0,29.27094,9.279072
53,18.5,29.454198,9.098193
53,19.0,29.823297,8.930316
53,19.5,30.35813,8.780689
53,20.0,31.034715,8.653428
53,20.5,31.82519,8.551563
53,21.0,32.697985,8.477098
53,21.5,33.618344,8.431062
53,22.0,34.549264,8.413569
53,22.5,35.452887,8.423861
53,23.0,36.29225,8.46035
53,23.5,37.03326,8.520664
53,24.0,37.646663,8.601698
53,24.5,38.109795,8.699691
53,25.0,38.407895,8.810323
53,25.5,38.534845,8.92885
53,26.0,38.493267,9.050272
53,26.5,38.293992,9.169536
53,27.0,37.95497,9.281762
53,27.5,37.499778,9.382479
53,28.0,36.955873,9.467852
53,28.5,36.352761,9.534877
53,29.0,35.720241,9.581524
53,29.5,35.086866,9.606821
53,30.0,34.478684,9.610852
53,30.5,33.918331,9.594695
53,31.0,33.424464,9.560296
53,31.5,33.011496,9.510299
53,32.0,32.689575,9.447847
53,32.5,32.46474,9.376385
53,33.0,32.339181,9.299466
53,33.5,32.311552,9.220584
53,34.0,32.377301,9.14303
53,34.5,32.529,9.069784
53,35.0,32.756688,9.003433
53,35.5,33.04822,8.946113
53,36.0,33.389657,8.89948
53,36.5,33.765714,8.86469
53,37.0,34.160273,8.842405
53,37.5,34.556955,8.832797
53,38.0,34.939751,8.835574
53,38.5,35.293676,8.85001
53,39.0,35.605399,8.874987
53,39.5,35.863823,8.90904
53,40.0,36.060552,8.950423
53,40.5,36.190222,8.997171
53,41.0,36.250655,9.047185
53,41.5,36.242845,9.09831
53,42.0,36.170758,9.148427
53,42.5,36.040986,9.195538
53,43.0,35.862274,9.237851
53,43.5,35.644964,9.273852
53,44.0,35.400402,9.302362
53,44.5,35.140338,9.322581
53,45.0,34.876374,9.334107
53,45.5,34.619468,9.336935
53,46.0,34.379523,9.331432
53,46.5,34.165069,9.318304
53,47.0,33.983044,9.298536
53,47.5,33.838653,9.273334
53,48.0,33.735317,9.244051
53,48.5,33.674678,9.212123
53,49.0,33.656672,9.179
53,49.5,33.679638,9.146084
53,50.0,33.740471,9.114681
54,0.0,41.245731,9.282617
54,0.5,41.569129,9.172118
54,1.0,41.983327,9.070638
54,1.5,42.471184,8.979563
54,2.0,43.015294,8.899873
54,2.5,43.598281,8.832177
54,3.0,44.20312,8.776749
54,3.5,44.813496,8.73356
54,4.0,45.414162,8.702324
54,4.5,45.991275,8.682523
54,5.0,46.5327,8.673451
54,5.5,47.028237,8.674242
54,6.0,47.469782,8.683904
54,6.5,47.851404,8.70135
54,7.0,48.169327,8.725432
54,7.5,48.42185,8.754961
54,8.0,48.609184,8.788744
54,8.5,48.733255,8.825603
54,9.0,48.797453,8.864398
54,9.5,48.806375,8.904053
54,10.0,48.765555,8.94357
54,10.5,48.681195,8.982048
54,11.0,48.559921,9.018691
54,11.5,48.408553,9.052822
54,12.0,48.2339,9.083887
54,12.5,48.042587,9.111456
54,13.0,47.840912,9.135224
54,13.5,47.634725,9.155009
54,14.0,47.42934,9.17074
54,14.5,47.229471,9.182452
54,15.0,47.039192,9.190274
54,15.5,46.861914,9.194416
54,16.0,46.700384,9.195157
54,16.5,46.556696,9.192829
54,17.0,46.432315,9.187805
54,17.5,46.328116,9.180484
54,18.0,46.244422,9.171279
54,18.5,46.181061,9.160606
54,19.0,46.137416,9.148872
54,19.5,46.112484,9.136466
54,20.0,46.104941,9.123754
54,20.5,46.113195,9.11107
54,21.0,46.135456,9.098712
54,21.5,46.169787,9.086938
54,22.0,46.214168,9.075968
54,22.5,46.266544,9.065977
54,23.0,46.32488,9.0571
54,23.5,46.387202,9.049433
54,24.0,46.45164,9.043031
54,24.5,46.516456,9.037915
54,25.0,46.580081,9.034075
54,25.5,46.641126,9.03147
54,26.0,46.698405,9.030035
54,26.5,46.750939,9.029685
54,27.0,46.79796,9.030319
54,27.5,46.838912,9.03182
54,28.0,46.873436,9.034066
54,28.5,46.901366,9.036928
54,29.0,46.922709,9.040277
54,29.5,46.93763,9.043984
54,30.0,46.946429,9.047926
54,30.5,46.949523,9.051986
54,31.0,46.947421,9.056057
54,31.5,46.940704,9.060042
54,32.0,46.930004,9.063856
54,32.5,46.915981,9.067425
54,33.0,46.899307,9.070691
54,33.5,46.880648,9.073608
54,34.0,46.860648,9.076142
54,34.5,46.839916,9.078272
54,35.0,46.819016,9.079989
54,35.5,46.798459,9.081295
54,36.0,46.778693,9.082201
54,36.5,46.760104,9.082726
54,37.0,46.743009,9.082897
54,37.5,46.727657,9.082745
54,38.0,46.714233,9.082307
54,38.5,46.702855,9.081624
54,39.0,46.693582,9.080735
54,39.5,46.686417,9.079684
54,40.0,46.681315,9.078511
54,40.5,46.678184,9.077257
54,41.0,46.676898,9.075959
54,41.5,46.677298,9.074653
54,42.0,46.679204,9.073371
54,42.5,46.682417,9.072139
54,43.0,46.686728,9.070983
54,43.5,46.691924,9.069922
54,44.0,46.697791,9.06897
54,44.5,46.704123,9.06814
54,45.0,46.710724,9.067439
54,45.5,46.717409,9.066869
54,46.0,46.724013,9.066431
54,46.5,46.730388,9.066122
54,47.0,46.736407,9.065936
54,47.5,46.741964,9.065865
54,48.0,46.746975,9.065899
54,48.5,46.751376,9.066025
54,49.0,46.755128,9.066233
54,49.5,46.758206,9.066508
54,50.0,46.760608,9.066838
55,0.0,42.664681,11.126202
55,0.5,35.51252,11.77131
55,1.0,29.279391,12.090892
55,1.5,24.131857,12.084792
55,2.0,20.089661,11.796595
55,2.5,17.057005,11.295698
55,3.0,14.881325,10.657119
55,3.5,13.404525,9.947432
55,4.0,12.492185,9.2187
55,4.5,12.043601,8.508108
55,5.0,11.990865,7.840345
55,5.5,12.293491,7.230687
55,6.0,12.931896,6.687831
55,6.5,13.900845,6.216128
55,7.0,15.202782,5.817233
55,7.5,16.840646,5.491263
55,8.0,18.809859,5.237569
55,8.5,21.089737,5.055219
55,9.0,23.635331,4.943263
55,9.5,26.371543,4.900814
55,10.0,29.191804,4.926982
55,10.5,31.963092,5.02066
55,11.0,34.537538,5.180188
55,11.5,36.768666,5.402894
55,12.0,38.528666,5.684534
55,12.5,39.722808,6.018693
55,13.0,40.29838,6.396216
55,13.5,40.247524,6.804802
55,14.0,39.604892,7.228921
55,14.5,38.441668,7.650229
55,15.0,36.857223,8.048592
55,15.5,34.969237,8.403727
55,16.0,32.902887,8.697262
55,16.5,30.779986,8.914838
55,17.0,28.709329,9.04779
55,17.5,26.77966,9.093969
55,18.0,25.056222,9.05756
55,18.5,23.580999,8.947991
55,19.0,22.375826,8.778288
55,19.5,21.447048,8.563306
55,20.0,20.790404,8.318169
55,20.5,20.395189,8.05711
55,21.0,20.247233,7.792757
55,21.5,20.330607,7.535806
55,22.0,20.628243,7.294962
55,22.5,21.121694,7.077064
55,23.0,21.790373,6.887289
55,23.5,22.610529,6.729379
55,24.0,23.554283,6.605854
55,24.5,24.58899,6.518181
55,25.0,25.67718,6.466905
55,25.5,26.777264,6.451718
55,26.0,27.845061,6.471494
55,26.5,28.836078,6.524288
55,27.0,29.708289,6.607317
55,27.5,30.425065,6.716943
55,28.0,30.957864,6.848669
55,28.5,31.288297,6.997186
55,29.0,31.409332,7.156479
55,29.5,31.325487,7.320004
55,30.0,31.052061,7.480959
55,30.5,30.613522,7.632611
55,31.0,30.041276,7.768683
55,31.5,29.371093,7.883741
55,32.0,28.640466,7.973537
55,32.5,27.886169,8.035269
55,33.0,27.142221,8.067716
55,33.5,26.438398,8.071239
55,34.0,25.79933,8.047639
55,34.5,25.244144,7.999929
55,35.0,24.786551,7.932025
55,35.5,24.435226,7.848421
55,36.0,24.194348,7.75388
55,36.5,24.064179,7.653154
55,37.0,24.0416,7.550771
55,37.5,24.120558,7.450867
55,38.0,24.292428,7.35708
55,38.5,24.546296,7.272482
55,39.0,24.869226,7.19955
55,39.5,25.246527,7.14016
55,40.0,25.66209,7.095594
55,40.5,26.098813,7.066559
55,41.0,26.539134,7.053212
55,41.5,26.965661,7.055188
55,42.0,27.361883,7.071632
55,42.5,27.712894,7.101236
55,43.0,28.006093,7.142285
55,43.5,28.231781,7.192716
55,44.0,28.383602,7.250186
55,44.5,28.458785,7.312155
55,45.0,28.45817,7.375983
55,45.5,28.386007,7.439034
55,46.0,28.249557,7.498792
55,46.5,28.058541,7.552966
55,47.0,27.824475,7.599597
55,47.5,27.559962,7.637135
55,48.0,27.277989,7.664506
55,48.5,26.991281,7.681139
55,49.0,26.711744,7.68697
55,49.5,26.450026,7.682415
55,50.0,26.215198,7.668316
56,0.0,28.564151,7.79461
56,0.5,30.434049,7.858016
56,1.0,32.237,7.974065
56,1.5,33.88638,8.140624
56,2.0,35.295588,8.354047
56,2.5,36.38585,8.608924
56,3.0,37.094001,8.897869
56,3.5,37.379053,9.211406
56,4.0,37.226569,9.538035
56,4.5,36.65027,9.864528
56,5.0,35.690723,10.17652
56,5.5,34.411303,10.459391
56,6.0,32.891955,10.699375
56,6.5,31.221521,10.884767
56,7.0,29.489685,11.007023
56,7.5,27.779638,11.061543
56,8.0,26.162515,11.047984
56,8.5,24.694212,10.970046
56,9.0,23.414702,10.834822
56,9.5,22.349379,10.651852
56,10.0,21.511709,10.432097
56,10.5,20.906347,10.186999
56,11.0,20.532063,9.927732
56,11.5,20.384072,9.664679
56,12.0,20.45556,9.407135
56,12.5,20.738405,9.163176
56,13.0,21.223174,8.939656
56,13.5,21.898503,8.742276
56,14.0,22.750041,8.575676
56,14.5,23.759123,8.443542
56,15.0,24.901408,8.348674
56,15.5,26.145743,8.293042
56,16.0,27.453554,8.277788
56,16.5,28.779052,8.303194
56,17.0,30.07048,8.368617
56,17.5,31.27248,8.472392
56,18.0,32.329469,8.611721
56,18.5,33.189697,8.78258
56,19.0,33.809513,8.979641
56,19.5,34.157238,9.19627
56,20.0,34.216141,9.424617
56,20.5,33.986074,9.655822
56,21.0,33.483566,9.880374
56,21.5,32.740343,10.088597
56,22.0,31.800476,10.271253
56,22.5,30.716516,10.420187
56,23.0,29.545116,10.528945
56,23.5,28.342686,10.593263
56,24.0,27.161632,10.61135
56,24.5,26.04757,10.583936
56,25.0,25.037707,10.514068
56,25.5,24.160386,10.406725
56,26.0,23.435557,10.268302
56,26.5,22.87585,10.106072
56,27.0,22.487919,9.927675
56,27.5,22.273737,9.740693
56,28.0,22.231668,9.552332
56,28.5,22.357182,9.369201
56,29.0,22.643192,9.197186
56,29.5,23.080045,9.04139
56,30.0,23.655228,8.906119
56,30.5,24.352913,8.794888
56,31.0,25.15346,8.710443
56,31.5,26.033027,8.65477
56,32.0,26.963455,8.629103
56,32.5,27.91256,8.633904
56,33.0,28.844953,8.668843
56,33.5,29.723406,8.732758
56,34.0,30.510744,8.823618
56,34.5,31.172099,8.938494
56,35.0,31.677309,9.073553
56,35.5,32.003193,9.224095
56,36.0,32.135398,9.384637
56,36.5,32.069604,9.549073
56,37.0,31.811913,9.710895
56,37.5,31.378357,9.863499
56,38.0,30.793604,10.000526
56,38.5,30.088991,10.116242
56,39.0,29.300141,10.205899
56,39.5,28.464435,10.266036
56,40.0,27.618619,10.294689
56,40.5,26.796797,10.291475
56,41.0,26.028949,10.257555
56,41.5,25.340061,10.195474
56,42.0,24.749795,10.108912
56,42.5,24.272622,10.002392
56,43.0,23.918235,9.880964
56,43.5,23.692112,9.749918
56,44.0,23.596074,9.614525
56,44.5,23.628754,9.479841
56,45.0,23.785925,9.350549
56,45.5,24.06066,9.230859
56,46.0,24.443367,9.12444
56,46.5,24.921718,9.034379
56,47.0,25.480576,8.963158
56,47.5,26.101957,8.912642
56,48.0,26.765149,8.884066
56,48.5,27.447036,8.878023
56,49.0,28.122686,8.894453
56,49.5,28.766228,8.932632
56,50.0,29.35199,8.991161
57,0.0,37.30989,8.260716
57,0.5,36.038238,8.642653
57,1.0,34.435066,8.98505
57,1.5,32.616001,9.269263
57,2.0,30.698844,9.480392
57,2.5,28.792942,9.609009
57,3.0,26.990945,9.652104
57,3.5,25.364057,9.613056
57,4.0,23.96107,9.500675
57,4.5,22.810507,9.327643
57,5.0,21.924653,9.108765
57,5.5,21.304129,8.859366
57,6.0,20.941974,8.594065
57,6.5,20.826684,8.325991
57,7.0,20.944031,8.06638
57,7.5,21.277758,7.824473
57,8.0,21.809413,7.607603
57,8.5,22.517592,7.421375
57,9.0,23.376927,7.26988
57,9.5,24.357131,7.155892
57,10.0,25.422435,7.081025
57,10.5,26.531681,7.04584
57,11.0,27.639297,7.049897
57,11.5,28.697196,7.091764
57,12.0,29.657507,7.168989
57,12.5,30.475841,7.278064
57,13.0,31.114657,7.414397
57,13.5,31.546279,7.572323
57,14.0,31.755111,7.745189
57,14.5,31.738774,7.925533
57,15.0,31.508017,8.105367
57,15.5,31.085454,8.276577
57,16.0,30.503321,8.431402
57,16.5,29.800547,8.562943
57,17.0,29.019522,8.665655
57,17.5,28.202933,8.735727
57,18.0,27.391001,8.771317
57,18.5,26.619376,8.772593
57,19.0,25.917797,8.741595
57,19.5,25.309486,8.681941
57,20.0,24.811172,8.598434
57,20.5,24.433535,8.496634
57,21.0,24.181873,8.382445
57,21.5,24.056831,8.261755
57,22.0,24.055051,8.140151
57,22.5,24.169699,8.022707
57,23.0,24.390851,7.913858
57,23.5,24.705778,7.817316
57,24.0,25.099184,7.73604
57,24.5,25.553466,7.672229
57,25.0,26.049079,7.627336
57,25.5,26.565038,7.602089
57,26.0,27.07961,7.596514
57,26.5,27.571165,7.609963
57,27.0,28.019165,7.641148
57,27.5,28.405204,7.688183
57,28.0,28.714008,7.748639
57,28.5,28.934293,7.819615
57,29.0,29.059384,7.897839
57,29.5,29.08753,7.979791
57,30.0,29.021874,8.061847
57,30.5,28.870088,8.140443
57,31.0,28.643718,8.212253
57,31.5,28.357294,8.274349
57,32.0,28.027321,8.324357
57,32.5,27.671224,8.360567
57,33.0,27.30635,8.382011
57,33.5,26.9491,8.388479
57,34.0,26.614228,8.38049
57,34.5,26.31434,8.359223
57,35.0,26.059577,8.326403
57,35.5,25.857465,8.284168
57,36.0,25.712905,8.234934
57,36.5,25.628252,8.18125
57,37.0,25.603466,8.125669
57,37.5,25.636297,8.070642
57,38.0,25.722505,8.018419
57,38.5,25.856089,7.970981
57,39.0,26.029554,7.929989
57,39.5,26.234185,7.896744
57,40.0,26.460374,7.872174
57,40.5,26.697967,7.856818
57,41.0,26.936654,7.850838
57,41.5,27.166378,7.854025
57,42.0,27.377752,7.865826
57,42.5,27.562462,7.885375
57,43.0,27.713626,7.911531
57,43.5,27.826094,7.942929
57,44.0,27.896648,7.978039
57,44.5,27.924107,8.01523
57,45.0,27.90931,8.052838
57,45.5,27.854992,8.089241
57,46.0,27.76556,8.122928
57,46.5,27.646785,8.152567
57,47.0,27.50544,8.177058
57,47.5,27.348915,8.195582
57,48.0,27.184819,8.207622
57,48.5,27.020615,8.21298
57,49.0,26.863297,8.211767
57,49.5,26.719112,8.204384
57,50.0,26.593359,8.191481
58,0.0,40.662672,6.780599
58,0.5,43.878348,7.101419
58,1.0,46.368029,7.503258
58,1.5,48.021218,7.977227
58,2.0,48.803371,8.511488
58,2.5,48.745727,9.09097
58,3.0,47.92902,9.69733
58,3.5,46.467091,10.309283
58,4.0,44.493268,10.903447
58,4.5,42.149721,11.455737
58,5.0,39.5788,11.943225
58,5.5,36.91542,12.34622
58,6.0,34.280219,12.650197
58,6.5,31.774032,12.847156
58,7.0,29.474457,12.936128
58,7.5,27.43511,12.922731
58,8.0,25.687493,12.81795
58,8.5,24.244805,12.636474
58,9.0,23.106666,12.394942
58,9.5,22.263749,12.110407
58,10.0,21.701639,11.799176
58,10.5,21.403573,11.476047
58,11.0,21.352029,11.153921
58,11.5,21.529293,10.843668
58,12.0,21.917251,10.554189
58,12.5,22.496627,10.292551
58,13.0,23.245932,10.064183
58,13.5,24.140376,9.873055
58,14.0,25.150989,9.72184
58,14.5,26.244209,9.612039
58,15.0,27.382125,9.544073
58,15.5,28.523497,9.517352
58,16.0,29.625535,9.530311
58,16.5,30.646267,9.580445
58,17.0,31.547197,9.664349
58,17.5,32.295886,9.777764
58,18.0,32.868074,9.915659
58,18.5,33.249091,10.07234
58,19.0,33.434392,10.241607
58,19.5,33.429248,10.416956
58,20.0,33.247694,10.591809
58,20.5,32.910936,10.759789
58,21.0,32.44544,10.914996
58,21.5,31.880914,11.052272
58,22.0,31.248359,11.167435
58,22.5,30.578329,11.257455
58,23.0,29.899507,11.320548
58,23.5,29.23763,11.356201
58,24.0,28.614791,11.365099
58,24.5,28.049079,11.348999
58,25.0,27.554499,11.31054
58,25.5,27.141117,11.253033
58,26.0,26.815333,11.180233
58,26.5,26.580238,11.096126
58,27.0,26.435981,11.004737
58,27.5,26.38012,10.909965
58,28.0,26.407943,10.815452
58,28.5,26.512743,10.724487
58,29.0,26.686078,10.639934
58,29.5,26.918012,10.564187
58,30.0,27.197377,10.49915
58,30.5,27.512064,10.446224
58,31.0,27.849355,10.406314
58,31.5,28.196307,10.379843
58,32.0,28.540172,10.366776
58,32.5,28.86884,10.36665
58,33.0,29.171286,10.378617
58,33.5,29.437973,10.401483
58,34.0,29.661205,10.433765
58,34.5,29.835379,10.473749
58,35.0,29.957135,10.519558
58,35.5,30.025387,10.569216
58,36.0,30.041233,10.620722
58,36.5,30.00777,10.672125
58,37.0,29.929808,10.721589
58,37.5,29.813535,10.767459
58,38.0,29.666136,10.808311
58,38.5,29.495411,10.843001
58,39.0,29.309397,10.870686
58,39.5,29.116025,10.890845
58,40.0,28.922821,10.903275
58,40.5,28.736665,10.908078
58,41.0,28.563595,10.905635
58,41.5,28.408681,10.896566
58,42.0,28.275937,10.881693
58,42.5,28.168289,10.861985
58,43.0,28.087578,10.838514
58,43.5,28.034594,10.812403
58,44.0,28.009142,10.784783
58,44.5,28.010122,10.756748
58,45.0,28.035632,10.729322
58,45.5,28.083084,10.70343
58,46.0,28.149326,10.67987
58,46.5,28.230779,10.659301
58,47.0,28.323578,10.642227
58,47.5,28.423711,10.628997
58,48.0,28.527163,10.6198
58,48.5,28.630053,10.614675
58,49.0,28.728765,10.613516
58,49.5,28.820053,10.616088
58,50.0,28.901149,10.622044
59,0.0,36.097828,7.450577
59,0.5,40.656114,7.44287
59,1.0,45.151468,7.512075
59,1.5,49.332479,7.652537
59,2.0,52.972636,7.857444
59,2.5,55.903295,8.119001
59,3.0,58.029946,8.428608
59,3.5,59.330327,8.777001
59,4.0,59.840065,9.154353
59,4.5,59.633794,9.55035
59,5.0,58.807897,9.954279
59,5.5,57.467738,10.355166
59,6.0,55.719611,10.741997
59,6.5,53.666316,11.104033
59,7.0,51.404919,11.431219
59,7.5,49.025558,11.714661
59,8.0,46.610519,11.947109
59,8.5,44.233301,12.123399
59,9.0,41.957636,12.240777
59,9.5,39.83667,12.299041
59,10.0,37.912524,12.300491
59,10.5,36.216402,12.249666
59,11.0,34.769287,12.15293
59,11.5,33.583116,12.017955
59,12.0,32.662237,11.853176
59,12.5,32.004899,11.667276
59,13.0,31.604559,11.468756
59,13.5,31.450871,11.265593
59,14.0,31.530274,11.065002
59,14.5,31.826209,10.873292
59,15.0,32.319044,10.695791
59,15.5,32.985835,10.536822
59,16.0,33.800092,10.399719
59,16.5,34.731725,10.286862
59,17.0,35.747311,10.199728
59,17.5,36.810782,10.13895
59,18.0,37.884575,10.104376
59,18.5,38.931163,10.095143
59,19.0,39.914826,10.109743
59,19.5,40.803452,10.14611
59,20.0,41.570147,10.201694
59,20.5,42.194454,10.273559
59,21.0,42.663079,10.358473
59,21.5,42.97007,10.453004
59,22.0,43.116495,10.553628
59,22.5,43.109719,10.656827
59,23.0,42.962414,10.759194
59,23.5,42.6914,10.857533
59,24.0,42.316457,10.948954
59,24.5,41.859172,11.030953
59,25.0,41.341884,11.101486
59,25.5,40.786762,11.159016
59,26.0,40.215033,11.202547
59,26.5,39.646368,11.231627
59,27.0,39.098418,11.246337
59,27.5,38.586488,11.247251
59,28.0,38.123349,11.235379
59,28.5,37.719142,11.212097
59,29.0,37.381385,11.179069
59,29.5,37.115034,11.138157
59,30.0,36.922608,11.09134
59,30.5,36.804339,11.04063
59,31.0,36.758348,10.988002
59,31.5,36.780845,10.935329
59,32.0,36.866339,10.884325
59,32.5,37.007868,10.836512
59,33.0,37.197254,10.79318
59,33.5,37.425367,10.755375
59,34.0,37.682425,10.723881
59,34.5,37.958302,10.699224
59,35.0,38.242852,10.681677
59,35.5,38.526239,10.671267
59,36.0,38.799244,10.667801
59,36.5,39.053555,10.670882
59,37.0,39.282014,10.67994
59,37.5,39.478808,10.694258
59,38.0,39.639602,10.713006
59,38.5,39.761599,10.735273
59,39.0,39.843541,10.7601
59,39.5,39.88564,10.786513
59,40.0,39.889462,10.813553
59,40.5,39.857758,10.840309
59,41.0,39.794272,10.86594
59,41.5,39.703523,10.889699
59,42.0,39.59058,10.910951
59,42.5,39.460839,10.929189
59,43.0,39.319812,10.944038
59,43.5,39.172933,10.955261
59,44.0,39.025385,10.962757
59,44.5,38.881955,10.966556
59,45.0,38.746914,10.966806
59,45.5,38.62393,10.963763
59,46.0,38.516001,10.95777
59,46.5,38.42542,10.949243
59,47.0,38.353761,10.938649
59,47.5,38.30189,10.926487
59,48.0,38.269988,10.91327
59,48.5,38.257601,10.899505
59,49.0,38.263698,10.885681
59,49.5,38.286743,10.872249
59,50.0,38.324775,10.859614
60,0.0,28.719988,10.314912
60,0.5,30.053766,9.81359
60,1.0,31.858951,9.393582
60,1.5,34.074449,9.060381
60,2.0,36.620689,8.816293
60,2.5,39.394785,8.661197
60,3.0,42.270537,8.593025
60,3.5,45.104324,8.607994
60,4.0,47.746444,8.700677
60,4.5,50.055744,8.863961
60,5.0,51.914254,9.088953
60,5.5,53.238607,9.364915
60,6.0,53.986231,9.679267
60,6.5,54.155953,10.017759
60,7.0,53.784016,10.364846
60,7.5,52.93707,10.704326
60,8.0,51.703674,11.020211
60,8.5,50.185442,11.297784
60,9.0,48.488585,11.524697
60,9.5,46.716401,11.691955
60,10.0,44.963136,11.794592
60,10.5,43.30956,11.83194
60,11.0,41.820424,11.807415
60,11.5,40.543722,11.727907
60,12.0,39.51142,11.602879
60,12.5,38.741143,11.443353
60,13.0,38.238284,11.260938
60,13.5,37.998079,11.066998
60,14.0,38.00736,10.872026
60,14.5,38.245873,10.685228
60,15.0,38.687231,10.514287
60,15.5,39.299647,10.365271
60,16.0,40.046649,10.242643
60,16.5,40.888001,10.149324
60,17.0,41.780951,10.086797
60,17.5,42.681869,10.05522
60,18.0,43.548221,10.05355
60,18.5,44.340728,10.079667
60,19.0,45.025472,10.130505
60,19.5,45.575725,10.202198
60,20.0,45.97327,10.290242
60,20.5,46.209092,10.38968
60,21.0,46.283369,10.495306
60,21.5,46.204816,10.601897
60,22.0,45.989495,10.704448
60,22.5,45.65923,10.798405
60,23.0,45.239817,10.879884
60,23.5,44.759178,10.945849
60,24.0,44.245623,10.994236
60,24.5,43.726306,11.024011
60,25.0,43.22598,11.035167
60,25.5,42.766054,11.028645
60,26.0,42.363975,11.00621
60,26.5,42.032896,10.970273
60,27.0,41.781594,10.923708
60,27.5,41.614573,10.869645
60,28.0,41.532324,10.811292
60,28.5,41.531681,10.751755
60,29.0,41.606263,10.69391
60,29.5,41.746964,10.640286
60,30.0,41.9425,10.592987
60,30.5,42.179993,10.553645
60,31.0,42.445588,10.523395
60,31.5,42.725091,10.502875
60,32.0,43.004606,10.492241
60,32.5,43.271149,10.491203
60,33.0,43.513197,10.499071
60,33.5,43.72116,10.514813
60,34.0,43.887736,10.537124
60,34.5,44.008127,10.564499
60,35.0,44.080114,10.595309
60,35.5,44.10399,10.627884
60,36.0,44.082357,10.660587
60,36.5,44.019819,10.691892
60,37.0,43.922582,10.720444
60,37.5,43.798016,10.745113
60,38.0,43.654185,10.765037
60,38.5,43.499392,10.779642
60,39.0,43.341753,10.788652
60,39.5,43.18883,10.792079
60,40.0,43.047324,10.7902
60,40.5,42.922843,10.783525
60,41.0,42.819739,10.77275
60,41.5,42.74103,10.75871
60,42.0,42.688374,10.742326
60,42.5,42.662113,10.724551
60,43.0,42.66137,10.706326
60,43.5,42.68418,10.688534
60,44.0,42.727663,10.671965
60,44.5,42.788222,10.657288
60,45.0,42.861757,10.645029
60,45.5,42.94388,10.635562
60,46.0,43.030139,10.629103
60,46.5,43.116222,10.625712
60,47.0,43.198146,10.625306
60,47.5,43.272418,10.627672
60,48.0,43.336164,10.632485
60,48.5,43.387219,10.639335
60,49.0,43.424177,10.647748
60,49.5,43.446403,10.657215
60,50.0,43.454002,10.667218
61,0.0,41.18478,6.266641
61,0.5,44.385474,6.240845
61,1.0,46.925093,6.265952
61,1.5,48.813673,6.329559
61,2.0,50.121269,6.421282
61,2.5,50.945335,6.532653
61,3.0,51.386887,6.656887
61,3.5,51.537212,6.788617
61,4.0,51.472627,6.923626
61,4.5,51.254017,7.058624
61,5.0,50.928602,7.191062
61,5.5,50.532407,7.318988
61,6.0,50.092674,7.440934
61,6.5,49.629905,7.55583
61,7.0,49.159485,7.662937
61,7.5,48.692915,7.761792
61,8.0,48.238733,7.852163
61,8.5,47.803196,7.934014
61,9.0,47.390776,8.007468
61,9.5,47.004544,8.072781
61,10.0,46.646446,8.130314
61,10.5,46.317525,8.180505
61,11.0,46.018095,8.223856
61,11.5,45.747878,8.260903
61,12.0,45.506127,8.292207
61,12.5,45.291718,8.318334
61,13.0,45.103243,8.339843
61,13.5,44.939084,8.357277
61,14.0,44.797473,8.371154
61,14.5,44.676556,8.381961
61,15.0,44.57444,8.390148
61,15.5,44.489234,8.396128
61,16.0,44.419087,8.400272
61,16.5,44.362214,8.402914
61,17.0,44.316921,8.404345
61,17.5,44.281624,8.404821
61,18.0,44.254855,8.404561
61,18.5,44.235276,8.403753
61,19.0,44.221677,8.402552
61,19.5,44.212981,8.401088
61,20.0,44.208236,8.399466
61,20.5,44.206612,8.39777
61,21.0,44.207396,8.396065
61,21.5,44.209979,8.394403
61,22.0,44.213851,8.392818
61,22.5,44.218591,8.391336
61,23.0,44.223853,8.389975
61,23.5,44.229364,8.388742
61,24.0,44.234908,8.387641
61,24.5,44.240323,8.38667
61,25.0,44.245487,8.385826
61,25.5,44.250317,8.3851
61,26.0,44.254759,8.384485
61,26.5,44.258783,8.38397
61,27.0,44.262379,8.383546
61,27.5,44.265549,8.383202
61,28.0,44.268309,8.382928
61,28.5,44.270682,8.382715
61,29.0,44.272694,8.382554
61,29.5,44.274379,8.382437
61,30.0,44.275768,8.382357
61,30.5,44.276895,8.382306
61,31.0,44.277792,8.382279
61,31.5,44.27849,8.382271
61,32.0,44.279018,8.382278
61,32.5,44.279403,8.382295
61,33.0,44.279668,8.38232
61,33.5,44.279836,8.38235
61,34.0,44.279925,8.382383
61,34.5,44.279953,8.382418
61,35.0,44.279933,8.382452
61,35.5,44.279877,8.382486
61,36.0,44.279797,8.382518
61,36.5,44.279699,8.382548
61,37.0,44.279592,8.382575
61,37.5,44.27948,8.3826
61,38.0,44.279368,8.382622
61,38.5,44.279258,8.382641
61,39.0,44.279154,8.382658
61,39.5,44.279057,8.382673
61,40.0,44.278968,8.382685
61,40.5,44.278887,8.382695
61,41.0,44.278814,8.382704
61,41.5,44.278751,8.382711
61,42.0,44.278695,8.382716
61,42.5,44.278648,8.38272
61,43.0,44.278607,8.382724
61,43.5,44.278574,8.382726
61,44.0,44.278546,8.382728
61,44.5,44.278523,8.382729
61,45.0,44.278505,8.382729
61,45.5,44.278491,8.382729
61,46.0,44.278481,8.382729
61,46.5,44.278473,8.382729
61,47.0,44.278468,8.382728
61,47.5,44.278465,8.382728
61,48.0,44.278463,8.382727
61,48.5,44.278462,8.382726
61,49.0,44.278463,8.382726
61,49.5,44.278464,8.382725
61,50.0,44.278466,8.382724
62,0.0,46.824914,10.833077
62,0.5,38.328642,11.398428
62,1.0,31.237467,11.658853
62,1.5,25.525055,11.619924
62,2.0,21.108296,11.323387
62,2.5,17.834007,10.833167
62,3.0,15.514116,10.218316
62,3.5,13.966938,9.540444
62,4.0,13.042821,8.847974
62,4.5,12.632531,8.175631
62,5.0,12.664969,7.54655
62,5.5,13.100352,6.975123
62,6.0,13.922098,6.469614
62,6.5,15.128298,6.034223
62,7.0,16.722514,5.670579
62,7.5,18.703436,5.378748
62,8.0,21.0535,5.157871
62,8.5,23.727741,5.006513
62,9.0,26.645519,4.92281
62,9.5,29.688593,4.904481
62,10.0,32.708185,4.948743
62,10.5,35.541016,5.052174
62,11.0,38.030629,5.210548
62,11.5,40.047937,5.418651
62,12.0,41.505389,5.670102
62,12.5,42.362149,5.957194
62,13.0,42.621262,6.270792
62,13.5,42.321869,6.600341
62,14.0,41.529752,6.93404
62,14.5,40.328393,7.259222
62,15.0,38.811396,7.562978
62,15.5,37.076219,7.832979
62,16.0,35.218834,8.058426
62,16.5,33.329051,8.230976
62,17.0,31.486545,8.345484
62,17.5,29.757888,8.4004
62,18.0,28.194899,8.397755
62,18.5,26.834473,8.342729
62,19.0,25.69974,8.242931
62,19.5,24.802148,8.107515
62,20.0,24.143937,7.946316
62,20.5,23.720504,7.769098
62,21.0,23.522328,7.584994
62,21.5,23.536265,7.402141
62,22.0,23.746229,7.227484
62,22.5,24.133357,7.066717
62,23.0,24.675863,6.924304
62,23.5,25.348771,6.803556
62,24.0,26.123774,6.706728
62,24.5,26.969406,6.635118
62,25.0,27.851651,6.58916
62,25.5,28.73506,6.568506
62,26.0,29.584297,6.572098
62,26.5,30.365977,6.598231
62,27.0,31.050551,6.64462
62,27.5,31.614002,6.708462
62,28.0,32.039133,6.786515
62,28.5,32.3163,6.875191
62,29.0,32.44355,6.970661
62,29.5,32.426194,7.068988
62,30.0,32.275928,7.166267
62,30.5,32.009615,7.258781
62,31.0,31.647899,7.343153
62,31.5,31.213753,7.4165
62,32.0,30.731092,7.476545
62,32.5,30.22352,7.521715
62,33.0,29.713281,7.551183
62,33.5,29.220441,7.56487
62,34.0,28.76231,7.563399
62,34.5,28.353099,7.548012
62,35.0,28.00377,7.520454
62,35.5,27.722052,7.482844
62,36.0,27.512575,7.437536
62,36.5,27.377071,7.386987
62,37.0,27.314633,7.333641
62,37.5,27.321982,7.279822
62,38.0,27.393755,7.227654
62,38.5,27.522795,7.179005
62,39.0,27.700456,7.135437
62,39.5,27.916931,7.09819
62,40.0,28.161598,7.068165
62,40.5,28.423402,7.045928
62,41.0,28.69125,7.03172
62,41.5,28.954422,7.025477
62,42.0,29.20297,7.026855
62,42.5,29.428086,7.035261
62,43.0,29.622418,7.049889
62,43.5,29.780316,7.069762
62,44.0,29.897983,7.093771
62,44.5,29.973533,7.120725
62,45.0,30.006955,7.149398
62,45.5,29.999978,7.178575
62,46.0,29.955875,7.207096
62,46.5,29.879192,7.233902
62,47.0,29.775454,7.258067
62,47.5,29.650839,7.278831
62,48.0,29.511863,7.29562
62,48.5,29.365078,7.308058
62,49.0,29.216805,7.315972
62,49.5,29.072893,7.31938
62,50.0,28.938542,7.318483
63,0.0,31.815889,7.074251
63,0.5,32.013137,6.769988
63,1.0,32.50972,6.485165
63,1.5,33.278157,6.223329
63,2.0,34.29125,5.986802
63,2.5,35.520753,5.776913
63,3.0,36.936284,5.594205
63,3.5,38.504617,5.438612
63,4.0,40.189476,5.309594
63,4.5,41.951871,5.206256
63,5.0,43.750979,5.127433
63,5.5,45.545462,5.071762
63,6.0,47.295079,5.03773
63,6.5,48.962373,5.02372
63,7.0,50.514221,5.028037
63,7.5,51.923072,5.048933
63,8.0,53.167735,5.084625
63,8.5,54.233702,5.13331
63,9.0,55.113012,5.193174
63,9.5,55.803751,5.262404
63,10.0,56.309301,5.339201
63,10.5,56.637451,5.421789
63,11.0,56.799465,5.508426
63,11.5,56.809194,5.597423
63,12.0,56.682268,5.687156
63,12.5,56.435402,5.776085
63,13.0,56.085816,5.86277
63,13.5,55.650766,5.945894
63,14.0,55.147171,6.024278
63,14.5,54.591322,6.096897
63,15.0,53.998655,6.162894
63,15.5,53.383583,6.221595
63,16.0,52.759364,6.272507
63,16.5,52.138017,6.315328
63,17.0,51.530256,6.349939
63,17.5,50.945456,6.376397
63,18.0,50.391649,6.394922
63,18.5,49.875529,6.405881
63,19.0,49.402483,6.409765
63,19.5,48.97664,6.407174
63,20.0,48.600927,6.398786
63,20.5,48.27714,6.385339
63,21.0,48.006027,6.367603
63,21.5,47.78737,6.346364
63,22.0,47.620077,6.322402
63,22.5,47.502281,6.296471
63,23.0,47.43143,6.269289
63,23.5,47.40439,6.241526
63,24.0,47.41754,6.213791
63,24.5,47.466872,6.186629
63,25.0,47.548088,6.160517
63,25.5,47.656691,6.135858
63,26.0,47.788084,6.112987
63,26.5,47.937653,6.092168
63,27.0,48.100854,6.073597
63,27.5,48.273288,6.057409
63,28.0,48.450774,6.043677
63,28.5,48.62941,6.032422
63,29.0,48.805623,6.023616
63,29.5,48.976216,6.017188
63,30.0,49.138392,6.01303
63,30.5,49.28978,6.011001
63,31.0,49.428444,6.010936
63,31.5,49.552882,6.012649
63,32.0,49.662012,6.01594
63,32.5,49.755164,6.020597
63,33.0,49.832044,6.026404
63,33.5,49.89271,6.033145
63,34.0,49.937534,6.040604
63,34.5,49.967165,6.048574
63,35.0,49.982485,6.056857
63,35.5,49.984574,6.065268
63,36.0,49.974661,6.073637
63,36.5,49.954091,6.081808
63,37.0,49.924284,6.089646
63,37.5,49.886701,6.097034
63,38.0,49.842806,6.103874
63,38.5,49.794047,6.110087
63,39.0,49.741821,6.115614
63,39.5,49.687455,6.120415
63,40.0,49.632189,6.124466
63,40.5,49.57716,6.127761
63,41.0,49.52339,6.130309
63,41.5,49.471778,6.132131
63,42.0,49.423097,6.133263
63,42.5,49.377989,6.133749
63,43.0,49.336966,6.133639
63,43.5,49.300416,6.132995
63,44.0,49.268604,6.131879
63,44.5,49.241681,6.130357
63,45.0,49.219689,6.128499
63,45.5,49.202577,6.126371
63,46.0,49.190202,6.124041
63,46.5,49.182349,6.121572
63,47.0,49.178735,6.119026
63,47.5,49.179025,6.116459
63,48.0,49.182841,6.113921
63,48.5,49.189775,6.111458
63,49.0,49.199396,6.109112
63,49.5,49.211267,6.106914
63,50.0,49.224945,6.104894
64,0.0,41.462077,8.328624
64,0.5,42.986074,8.441237
64,1.0,44.211456,8.585997
64,1.5,45.112882,8.756954
64,2.0,45.683574,8.947848
64,2.5,45.933079,9.15222
64,3.0,45.884065,9.363534
64,3.5,45.568841,9.575324
64,4.0,45.026073,9.781344
64,4.5,44.297964,9.975752
64,5.0,43.427948,10.153287
64,5.5,42.458881,10.309452
64,6.0,41.43164,10.440673
64,6.5,40.38406,10.544423
64,7.0,39.350153,10.619302
64,7.5,38.359567,10.665049
64,8.0,37.437273,10.682497
64,8.5,36.603453,10.673469
64,9.0,35.873564,10.640621
64,9.5,35.258541,10.587256
64,10.0,34.765108,10.517124
64,10.5,34.396131,10.434212
64,11.0,34.151008,10.342558
64,11.5,34.02604,10.24609
64,12.0,34.014778,10.148483
64,12.5,34.108351,10.053063
64,13.0,34.295781,9.962729
64,13.5,34.564296,9.879914
64,14.0,34.899677,9.806558
64,14.5,35.286637,9.744111
64,15.0,35.70925,9.693541
64,15.5,36.151426,9.655365
64,16.0,36.597419,9.629677
64,16.5,37.032333,9.616188
64,17.0,37.442615,9.614276
64,17.5,37.816479,9.623026
64,18.0,38.144253,9.641284
64,18.5,38.418608,9.66771
64,19.0,38.634678,9.700823
64,19.5,38.790052,9.73906
64,20.0,38.884657,9.780822
64,20.5,38.920556,9.824525
64,21.0,38.901663,9.868644
64,21.5,38.833418,9.911755
64,22.0,38.722438,9.952577
64,22.5,38.576153,9.989995
64,23.0,38.40247,10.02309
64,23.5,38.209443,10.051153
64,24.0,38.004993,10.073695
64,24.5,37.796657,10.090446
64,25.0,37.591388,10.101348
64,25.5,37.395391,10.106541
64,26.0,37.214007,10.106341
64,26.5,37.051632,10.101216
64,27.0,36.91168,10.091757
64,27.5,36.796571,10.078646
64,28.0,36.707751,10.062626
64,28.5,36.645737,10.04447
64,29.0,36.610183,10.024952
64,29.5,36.59996,10.004821
64,30.0,36.613259,9.98478
64,30.5,36.647691,9.965464
64,31.0,36.700408,9.947431
64,31.5,36.768224,9.931145
64,32.0,36.847734,9.916977
64,32.5,36.935438,9.905195
64,33.0,37.027858,9.895968
64,33.5,37.121641,9.889371
64,34.0,37.213664,9.885389
64,34.5,37.301112,9.883924
64,35.0,37.381547,9.884811
64,35.5,37.452959,9.887821
64,36.0,37.513799,9.892679
64,36.5,37.562991,9.899076
64,37.0,37.599928,9.90668
64,37.5,37.624458,9.915146
64,38.0,37.636842,9.924134
64,38.5,37.637717,9.933313
64,39.0,37.628039,9.942375
64,39.5,37.609024,9.951041
64,40.0,37.582084,9.959067
64,40.5,37.548766,9.966251
64,41.0,37.510686,9.972433
64,41.5,37.469471,9.977501
64,42.0,37.426711,9.981386
64,42.5,37.383902,9.984064
64,43.0,37.342415,9.985552
64,43.5,37.303459,9.985902
64,44.0,37.268057,9.985201
64,44.5,37.237033,9.98356
64,45.0,37.210998,9.981113
64,45.5,37.190356,9.978006
64,46.0,37.175303,9.974396
64,46.5,37.165844,9.970441
64,47.0,37.161803,9.966298
64,47.5,37.16285,9.962115
64,48.0,37.16852,9.95803
64,48.5,37.17824,9.954165
64,49.0,37.191358,9.950625
64,49.5,37.207168,9.947496
64,50.0,37.224937,9.944841
65,0.0,57.697459,18.173601
65,0.5,40.962401,19.376925
65,1.0,28.519094,19.933702
65,1.5,19.563933,19.858041
65,2.0,13.43528,19.265702
65,2.5,9.414273,18.32149
65,3.0,6.83845,17.18045
65,3.5,5.201926,15.958668
65,4.0,4.164262,14.731702
65,4.5,3.51225,13.544355
65,5.0,3.117414,12.421157
65,5.5,2.904482,11.374186
65,6.0,2.831396,10.408161
65,6.5,2.87763,9.52359
65,7.0,3.037798,8.718687
65,7.5,3.318544,7.990534
65,8.0,3.737502,7.335808
65,8.5,4.323569,6.751239
65,9.0,5.117966,6.233917
65,9.5,6.175463,5.781497
65,10.0,7.56489,5.392336
65,10.5,9.367454,5.06557
65,11.0,11.670735,4.801121
65,11.5,14.555738,4.599618
65,12.0,18.075145,4.462211
65,12.5,22.223996,4.39028
65,13.0,26.910119,4.385077
65,13.5,31.938333,4.447357
65,14.0,37.023412,4.577091
65,14.5,41.836239,4.773311
65,15.0,46.068759,5.034088
65,15.5,49.490827,5.356566
65,16.0,51.977418,5.736999
65,16.5,53.50301,6.170692
65,17.0,54.11545,6.651859
65,17.5,53.9053,7.173391
65,18.0,52.981228,7.726604
65,18.5,51.454894,8.301006
65,19.0,49.434108,8.88419
65,19.5,47.02136,9.461903
65,20.0,44.314893,10.018395
65,20.5,41.410191,10.53707
65,21.0,38.400543,11.001475
65,21.5,35.376028,11.396522
65,22.0,32.420911,11.709817
65,22.5,29.610016,11.932848
65,23.0,27.005025,12.061805
65,23.5,24.651775,12.097843
65,24.0,22.579316,12.046727
65,24.5,20.800982,11.917965
65,25.0,19.317092,11.723638
65,25.5,18.118571,11.477157
65,26.0,17.190681,11.192166
65,26.5,16.516255,10.881711
65,27.0,16.078116,10.557686
65,27.5,15.8606,10.230557
65,28.0,15.850251,9.909278
65,28.5,16.035859,9.601343
65,29.0,16.407947,9.312912
65,29.5,16.957867,9.048971
65,30.0,17.676575,8.813488
65,30.5,18.55322,8.609548
65,31.0,19.573658,8.439472
65,31.5,20.719072,8.304886
65,32.0,21.964925,8.206782
65,32.5,23.280475,8.145535
65,33.0,24.629074,8.120912
65,33.5,25.96938,8.132068
65,34.0,27.257422,8.177534
65,34.5,28.44934,8.255211
65,35.0,29.50439,8.362373
65,35.5,30.387798,8.495679
65,36.0,31.073052,8.651207
65,36.5,31.543345,8.824507
65,37.0,31.792093,9.010678
65,37.5,31.82258,9.204472
65,38.0,31.646932,9.400427
65,38.5,31.284621,9.593024
65,39.0,30.760745,9.776871
65,39.5,30.104238,9.946899
65,40.0,29.346148,10.098558
65,40.5,28.518058,10.228011
65,41.0,27.65072,10.332282
65,41.5,26.772927,10.409377
65,42.0,25.910657,10.458336
65,42.5,25.086497,10.479235
65,43.0,24.319332,10.47312
65,43.5,23.624291,10.441895
65,44.0,23.012879,10.388172
65,44.5,22.49327,10.315103
65,45.0,22.070672,10.226197
65,45.5,21.747731,10.125156
65,46.0,21.524902,10.015723
65,46.5,21.400783,9.901554
65,47.0,21.372361,9.786117
65,47.5,21.435192,9.672615
65,48.0,21.583504,9.563935
65,48.5,21.81025,9.462608
65,49.0,22.107134,9.370793
65,49.5,22.464627,9.290265
65,50.0,22.872017,9.222412
66,0.0,44.75786,11.038811
66,0.5,36.416599,11.677653
66,1.0,29.731094,12.036502
66,1.5,24.429181,12.127164
66,2.0,20.302858,11.984687
66,2.5,17.159176,11.657783
66,3.0,14.817259,11.198546
66,3.5,13.117715,10.654874
66,4.0,11.929689,10.0666
66,4.5,11.152281,9.464558
66,5.0,10.711858,8.871367
66,5.5,10.557571,8.302901
66,6.0,10.656592,7.769847
66,6.5,10.989751,7.279083
66,7.0,11.547674,6.834776
66,7.5,12.327232,6.439224
66,8.0,13.328057,6.093455
66,8.5,14.548912,5.797666
66,9.0,15.98387,5.551497
66,9.5,17.618483,5.354215
66,10.0,19.426431,5.204808
66,10.5,21.367356,5.102017
66,11.0,23.386674,5.044329
66,11.5,25.417907,5.029947
66,12.0,27.387539,5.056743
66,12.5,29.221634,5.122206
66,13.0,30.852943,5.2234
66,13.5,32.227002,5.356921
66,14.0,33.30612,5.518876
66,14.5,34.070826,5.704872
66,15.0,34.51902,5.91003
66,15.5,34.663525,6.129035
66,16.0,34.528852,6.356212
66,16.5,34.147834,6.585654
66,17.0,33.558547,6.811392
66,17.5,32.801706,7.027597
66,18.0,31.918552,7.228813
66,18.5,30.949173,7.410187
66,19.0,29.931203,7.567695
66,19.5,28.898832,7.698309
66,20.0,27.882111,7.800117
66,20.5,26.906536,7.87236
66,21.0,25.992889,7.915399
66,21.5,25.15733,7.930604
66,22.0,24.411674,7.920201
66,22.5,23.763819,7.887077
66,23.0,23.218248,7.834577
66,23.5,22.776559,7.766301
66,24.0,22.437967,7.685934
66,24.5,22.199736,7.59709
66,25.0,22.05755,7.503197
66,25.5,22.005785,7.407408
66,26.0,22.037722,7.312552
66,26.5,22.145689,7.22109
66,27.0,22.321181,7.135112
66,27.5,22.554954,7.056327
66,28.0,22.837136,6.986081
66,28.5,23.157359,6.92537
66,29.0,23.50492,6.874862
66,29.5,23.868994,6.834917
66,30.0,24.238875,6.805617
66,30.5,24.604241,6.786788
66,31.0,24.955442,6.778026
66,31.5,25.283763,6.778724
66,32.0,25.581672,6.788099
66,32.5,25.843017,6.805221
66,33.0,26.063157,6.829042
66,33.5,26.23904,6.858424
66,34.0,26.369194,6.892174
66,34.5,26.453666,6.929073
66,35.0,26.493892,6.967905
66,35.5,26.492536,7.007494
66,36.0,26.453279,7.046724
66,36.5,26.380601,7.084573
66,37.0,26.279555,7.12013
66,37.5,26.155547,7.152617
66,38.0,26.014121,7.181401
66,38.5,25.860779,7.206002
66,39.0,25.700818,7.226096
66,39.5,25.539195,7.241514
66,40.0,25.38042,7.252234
66,40.5,25.228483,7.258369
66,41.0,25.086799,7.26015
66,41.5,24.958177,7.257914
66,42.0,24.844816,7.252079
66,42.5,24.74831,7.243126
66,43.0,24.669668,7.23158
66,43.5,24.609353,7.217988
66,44.0,24.567319,7.202905
66,44.5,24.543059,7.186873
66,45.0,24.535661,7.170412
66,45.5,24.543866,7.154004
66,46.0,24.566123,7.138086
66,46.5,24.600653,7.123041
66,47.0,24.645509,7.109195
66,47.5,24.698637,7.096811
66,48.0,24.757934,7.086092
66,48.5,24.821308,7.077177
66,49.0,24.886726,7.070147
66,49.5,24.952266,7.065025
66,50.0,25.016156,7.061783
67,0.0,31.074014,8.917194
67,0.5,27.488327,8.809984
67,1.0,24.523713,8.602025
67,1.5,22.15144,8.314536
67,2.0,20.323841,7.970336
67,2.5,18.98559,7.591253
67,3.0,18.082665,7.196463
67,3.5,17.567967,6.801734
67,4.0,17.403861,6.41935
67,4.5,17.562442,6.058441
67,5.0,18.024315,5.725496
67,5.5,18.776451,5.424903
67,6.0,19.809433,5.159453
67,6.5,21.114274,4.930754
67,7.0,22.678943,4.739566
67,7.5,24.48484,4.58604
67,8.0,26.503567,4.469898
67,8.5,28.694506,4.390541
67,9.0,31.003798,4.347117
67,9.5,33.365203,4.338548
67,10.0,35.703054,4.363528
67,10.5,37.937079,4.420502
67,11.0,39.988367,4.507623
67,11.5,41.785489,4.622703
67,12.0,43.269722,4.76316
67,12.5,44.398625,4.925957
67,13.0,45.147674,5.107556
67,13.5,45.510095,5.303888
67,14.0,45.495341,5.510345
67,14.5,45.126772,5.721822
67,15.0,44.438988,5.932802
67,15.5,43.475149,6.137504
67,16.0,42.284427,6.33009
67,16.5,40.919617,6.504927
67,17.0,39.434892,6.65688
67,17.5,37.883683,6.781616
67,18.0,36.316729,6.875877
67,18.5,34.780361,6.937686
67,19.0,33.31514,6.966462
67,19.5,31.95495,6.963012
67,20.0,30.726602,6.929427
67,20.5,29.649932,6.868873
67,21.0,28.738316,6.785325
67,21.5,27.999465,6.683276
67,22.0,27.43635,6.567453
67,22.5,27.048104,6.442568
67,23.0,26.830824,6.313116
67,23.5,26.778167,6.183234
67,24.0,26.881751,6.056604
67,24.5,27.131366,5.936408
67,25.0,27.515016,5.825312
67,25.5,28.01888,5.725476
67,26.0,28.627229,5.638582
67,26.5,29.322383,5.565863
67,27.0,30.08477,5.508141
67,27.5,30.893123,5.465861
67,28.0,31.724864,5.439124
67,28.5,32.556662,5.427712
67,29.0,33.365154,5.431113
67,29.5,34.127773,5.448544
67,30.0,34.823622,5.478965
67,30.5,35.434308,5.521104
67,31.0,35.944678,5.573471
67,31.5,36.343377,5.634388
67,32.0,36.623206,5.702015
67,32.5,36.781253,5.774381
67,33.0,36.818806,5.849435
67,33.5,36.741078,5.925084
67,34.0,36.556763,5.999257
67,34.5,36.277479,6.06996
67,35.0,35.917135,6.135339
67,35.5,35.491255,6.19374
67,36.0,35.016308,6.243767
67,36.5,34.509062,6.284325
67,37.0,33.985996,6.314657
67,37.5,33.462793,6.334363
67,38.0,32.953916,6.3434
67,38.5,32.472286,6.342072
67,39.0,32.029061,6.330997
67,39.5,31.633498,6.311067
67,40.0,31.292902,6.283398
67,40.5,31.012637,6.249271
67,41.0,30.796188,6.210076
67,41.5,30.645255,6.167258
67,42.0,30.55987,6.12226
67,42.5,30.538524,6.076483
67,43.0,30.578299,6.031245
67,43.5,30.675002,5.987751
67,44.0,30.823306,5.947073
67,44.5,31.016894,5.910129
67,45.0,31.248615,5.877676
67,45.5,31.51065,5.850308
67,46.0,31.794704,5.828447
67,46.5,32.092203,5.812355
67,47.0,32.394514,5.802134
67,47.5,32.693172,5.797735
67,48.0,32.980107,5.798968
67,48.5,33.247869,5.805514
67,49.0,33.489832,5.816938
67,49.5,33.700373,5.832702
67,50.0,33.875014,5.852183
68,0.0,47.078291,10.374344
68,0.5,41.790888,10.958526
68,1.0,37.22243,11.425766
68,1.5,33.258,11.77137
68,2.0,29.830648,11.995959
68,2.5,26.893948,12.105408
68,3.0,24.408529,12.110051
68,3.5,22.336433,12.023423
68,4.0,20.639753,11.86085
68,4.5,19.281293,11.638157
68,5.0,18.22587,11.370639
68,5.5,17.441469,11.072376
68,6.0,16.899952,10.755839
68,6.5,16.577255,10.431744
68,7.0,16.453152,10.109082
68,7.5,16.510679,9.795233
68,8.0,16.735346,9.496149
68,8.5,17.114202,9.216535
68,9.0,17.634834,8.960031
68,9.5,18.284375,8.729369
68,10.0,19.048571,8.526505
68,10.5,19.911034,8.352725
68,11.0,20.852728,8.208725
68,11.5,21.85182,8.094675
68,12.0,22.883926,8.010266
68,12.5,23.922782,7.954741
68,13.0,24.941296,7.926934
68,13.5,25.912854,7.925293
68,14.0,26.812725,7.947916
68,14.5,27.619383,7.992584
68,15.0,28.315569,8.056805
68,15.5,28.888996,8.137856
68,16.0,29.332634,8.232839
68,16.5,29.644599,8.338737
68,17.0,29.82772,8.452473
68,17.5,29.888867,8.57098
68,18.0,29.838155,8.691263
68,18.5,29.688104,8.810467
68,19.0,29.452825,8.92594
68,19.5,29.14728,9.035292
68,20.0,28.786645,9.136442
68,20.5,28.385777,9.227663
68,21.0,27.958795,9.307605
68,21.5,27.518768,9.375312
68,22.0,27.07749,9.430218
68,22.5,26.645349,9.47214
68,23.0,26.231256,9.501242
68,23.5,25.842637,9.518011
68,24.0,25.485473,9.523202
68,24.5,25.164362,9.517797
68,25.0,24.882617,9.502951
68,25.5,24.64237,9.479942
68,26.0,24.444681,9.450122
68,26.5,24.289653,9.414873
68,27.0,24.176539,9.375569
68,27.5,24.103847,9.333539
68,28.0,24.069435,9.290041
68,28.5,24.070607,9.246239
68,29.0,24.104196,9.203188
68,29.5,24.166657,9.161816
68,30.0,24.254143,9.122924
68,30.5,24.362597,9.087175
68,31.0,24.487834,9.0551
68,31.5,24.625627,9.027093
68,32.0,24.771794,9.003423
68,32.5,24.922279,8.984236
68,33.0,25.073238,8.969565
68,33.5,25.221106,8.95934
68,34.0,25.362669,8.953397
68,34.5,25.495111,8.951491
68,35.0,25.616065,8.953309
68,35.5,25.723633,8.958482
68,36.0,25.816401,8.966595
68,36.5,25.89344,8.977205
68,37.0,25.954287,8.98985
68,37.5,25.998923,9.004059
68,38.0,26.027729,9.019367
68,38.5,26.041442,9.035324
68,39.0,26.041105,9.051504
68,39.5,26.028009,9.067511
68,40.0,26.003635,9.082989
68,40.5,25.969602,9.097623
68,41.0,25.927607,9.111149
68,41.5,25.879377,9.123349
68,42.0,25.826626,9.134057
68,42.5,25.771009,9.143157
68,43.0,25.714093,9.15058
68,43.5,25.657323,9.156304
68,44.0,25.602005,9.160349
68,44.5,25.549288,9.162772
68,45.0,25.500149,9.163666
68,45.5,25.455393,9.163147
68,46.0,25.41565,9.161356
68,46.5,25.381373,9.158453
68,47.0,25.352851,9.154607
68,47.5,25.330215,9.149993
68,48.0,25.313449,9.144789
68,48.5,25.302407,9.139171
68,49.0,25.296824,9.133309
68,49.5,25.296335,9.127359
68,50.0,25.300494,9.12147
69,0.0,42.692688,9.310769
69,0.5,35.695791,10.579327
69,1.0,28.803705,11.583365
69,1.5,22.558229,12.193952
69,2.0,17.358706,12.356524
69,2.5,13.348145,12.106581
69,3.0,10.436926,11.542485
69,3.5,8.41622,10.78061
69,4.0,7.063885,9.922521
69,4.5,6.198283,9.042633
69,5.0,5.690184,8.189388
69,5.5,5.455859,7.391382
69,6.0,5.446085,6.663688
69,6.5,5.636758,6.012802
69,7.0,6.022221,5.440109
69,7.5,6.610736,4.944169
69,8.0,7.421155,4.522204
69,8.5,8.479831,4.171051
69,9.0,9.816809,3.88778
69,9.5,11.460454,3.670101
69,10.0,13.429892,3.516632
69,10.5,15.725234,3.427074
69,11.0,18.316631,3.402307
69,11.5,21.134557,3.444397
69,12.0,24.064909,3.556471
69,12.5,26.952419,3.74242
69,13.0,29.613949,4.006336
69,13.5,31.859843,4.351589
69,14.0,33.518405,4.779472
69,14.5,34.457826,5.287374
69,15.0,34.601746,5.866576
69,15.5,33.937654,6.500014
69,16.0,32.519171,7.160666
69,16.5,30.462828,7.811568
69,17.0,27.938203,8.408483
69,17.5,25.149407,8.905704
69,18.0,22.308015,9.264095
69,18.5,19.602539,9.458939
69,19.0,17.173682,9.484518
69,19.5,15.103549,9.353648
69,20.0,13.420497,9.09279
69,20.5,12.114221,8.735213
69,21.0,11.15328,8.314802
69,21.5,10.499375,7.861931
69,22.0,10.116442,7.401517
69,22.5,9.97512,6.952701
69,23.0,10.05404,6.529447
69,23.5,10.339255,6.141505
69,24.0,10.822642,5.79543
69,24.5,11.499694,5.495487
69,25.0,12.366855,5.244391
69,25.5,13.418449,5.043872
69,26.0,14.643297,4.895091
69,26.5,16.021264,4.798905
69,27.0,17.52019,4.756016
69,27.5,19.09386,4.76699
69,28.0,20.681755,4.832158
69,28.5,22.211181,4.951386
69,29.0,23.602001,5.123713
69,29.5,24.773571,5.346871
69,30.0,25.652945,5.616703
69,30.5,26.18306,5.926567
69,31.0,26.329593,6.26682
69,31.5,26.085439,6.624568
69,32.0,25.472169,6.983855
69,32.5,24.53814,7.326467
69,33.0,23.353374,7.633395
69,33.5,22.001705,7.88684
69,34.0,20.571348,8.072371
69,34.5,19.145514,8.180765
69,35.0,17.794849,8.209028
69,35.5,16.572993,8.160377
69,36.0,15.515627,8.043253
69,36.5,14.642387,7.869716
69,37.0,13.960436,7.653688
69,37.5,13.468475,7.409395
69,38.0,13.160274,7.150221
69,38.5,13.027281,6.888022
69,39.0,13.060208,6.632824
69,39.5,13.249714,6.392802
69,40.0,13.586353,6.174428
69,40.5,14.059999,5.982701
69,41.0,14.658926,5.821389
69,41.5,15.368699,5.693262
69,42.0,16.171077,5.600268
69,42.5,17.043124,5.543661
69,43.0,17.956738,5.524064
69,43.5,18.87882,5.541472
69,44.0,19.772214,5.595191
69,44.5,20.597492,5.683733
69,45.0,21.315465,5.804672
69,45.5,21.890193,5.954481
69,46.0,22.292112,6.128401
69,46.5,22.500863,6.320365
69,47.0,22.507394,6.523036
69,47.5,22.315019,6.727999
69,48.0,21.939239,6.926135
69,48.5,21.406312,7.108182
69,49.0,20.750751,7.265411
69,49.5,20.012082,7.390366
69,50.0,19.231335,7.477508
70,0.0,31.658772,8.001473
70,0.5,29.912153,8.686717
70,1.0,27.610861,9.339699
70,1.5,24.943542,9.918881
70,2.0,22.11772,10.385695
70,2.5,19.32985,10.711144
70,3.0,16.738394,10.880677
70,3.5,14.447887,10.895609
70,4.0,12.507629,10.770798
70,4.5,10.922257,10.529933
70,5.0,9.66764,10.200383
70,5.5,8.705961,9.809083
70,6.0,7.996732,9.38001
70,6.5,7.503285,8.933101
70,7.0,7.195763,8.484151
70,7.5,7.051919,8.045249
70,8.0,7.056776,7.625417
70,8.5,7.201798,7.231285
70,9.0,7.483906,6.867691
70,9.5,7.90442,6.538194
70,10.0,8.467922,6.245486
70,10.5,9.180935,5.991714
70,11.0,10.050278,5.778732
70,11.5,11.080987,5.608281
70,12.0,12.273733,5.482118
70,12.5,13.621781,5.402087
70,13.0,15.107746,5.370125
70,13.5,16.70061,5.388208
70,14.0,18.35372,5.45821
70,14.5,20.004567,5.58167
70,15.0,21.577085,5.759457
70,15.5,22.986746,5.991307
70,16.0,24.148178,6.275274
70,16.5,24.984315,6.607106
70,17.0,25.435655,6.979637
70,17.5,25.468089,7.382323
70,18.0,25.077967,7.801094
70,18.5,24.293502,8.218707
70,19.0,23.172101,8.615736
70,19.5,21.793814,8.972216
70,20.0,20.251737,9.269734
70,20.5,18.640974,9.49358
70,21.0,17.048236,9.63444
70,21.5,15.544093,9.689233
70,22.0,14.1791,9.660905
70,22.5,12.983864,9.557369
70,23.0,11.972039,9.389925
70,23.5,11.144814,9.171622
70,24.0,10.49554,8.915844
70,24.5,10.013653,8.635296
70,25.0,9.687553,8.341395
70,25.5,9.506434,8.044011
70,26.0,9.461265,7.75143
70,26.5,9.54513,7.470476
70,27.0,9.753129,7.206707
70,27.5,10.081945,6.964627
70,28.0,10.529172,6.747896
70,28.5,11.092414,6.559522
70,29.0,11.768205,6.402007
70,29.5,12.550754,6.277466
70,30.0,13.430605,6.187701
70,30.5,14.393311,6.134234
70,31.0,15.418313,6.118292
70,31.5,16.478248,6.140746
70,32.0,17.538964,6.202
70,32.5,18.56044,6.301834
70,33.0,19.498754,6.439201
70,33.5,20.309045,6.611995
70,34.0,20.949203,6.81682
70,34.5,21.383873,7.048779
70,35.0,21.588186,7.301353
70,35.5,21.550659,7.566406
70,36.0,21.27477,7.834389
70,36.5,20.778907,8.094755
70,37.0,20.094631,8.336605
70,37.5,19.263473,8.549498
70,38.0,18.332738,8.724312
70,38.5,17.350976,8.854032
70,39.0,16.363829,8.934311
70,39.5,15.410845,8.963715
70,40.0,14.52361,8.943621
70,40.5,13.725211,8.877823
70,41.0,13.030797,8.771957
70,41.5,12.448859,8.632846
70,42.0,11.982812,8.467889
70,42.5,11.632566,8.284549
70,43.0,11.395865,8.089978
70,43.5,11.269297,7.890772
70,44.0,11.248967,7.692847
70,44.5,11.330839,7.50139
70,45.0,11.510816,7.320882
70,45.5,11.784587,7.155142
70,46.0,12.147304,7.0074
70,46.5,12.593123,6.880358
70,47.0,13.114663,6.77625
70,47.5,13.702441,6.696888
70,48.0,14.344348,6.643678
70,48.5,15.025262,6.617624
70,49.0,15.726884,6.6193
70,49.5,16.427893,6.648806
70,50.0,17.104501,6.705695
71,0.0,30.107054,9.566328
71,0.5,26.324816,9.681735
71,1.0,23.085717,9.642563
71,1.5,20.392181,9.468527
71,2.0,18.213872,9.186141
71,2.5,16.501206,8.824106
71,3.0,15.197594,8.40975
71,3.5,14.248182,7.966895
71,4.0,13.604839,7.514977
71,4.5,13.228205,7.069033
71,5.0,13.087856,6.64017
71,5.5,13.16142,6.236229
71,6.0,13.433209,5.862476
71,6.5,13.89266,5.522223
71,7.0,14.532713,5.217356
71,7.5,15.348143,4.948755
71,8.0,16.333878,4.716621
71,8.5,17.483279,4.520722
71,9.0,18.786454,4.360575
71,9.5,20.228687,4.23557
71,10.0,21.789139,4.145051
71,10.5,23.440012,4.088362
71,11.0,25.14637,4.064856
71,11.5,26.866762,4.073881
71,12.0,28.554702,4.114731
71,12.5,30.160924,4.186581
71,13.0,31.636183,4.28839
71,13.5,32.934283,4.418799
71,14.0,34.01497,4.575997
71,14.5,34.846364,4.757604
71,15.0,35.406714,4.96055
71,15.5,35.685381,5.180984
71,16.0,35.683057,5.414229
71,16.5,35.411307,5.654805
71,17.0,34.891544,5.896533
71,17.5,34.153546,6.132736
71,18.0,33.233611,6.356531
71,18.5,32.172458,6.561199
71,19.0,31.012983,6.740594
71,19.5,29.798016,6.889544
71,20.0,28.568246,7.004197
71,20.5,27.360489,7.08225
71,21.0,26.206422,7.123049
71,21.5,25.131867,7.12754
71,22.0,24.156614,7.098086
71,22.5,23.294709,7.038196
71,23.0,22.555075,6.952199
71,23.5,21.942323,6.844913
71,24.0,21.457615,6.72134
71,24.5,21.099474,6.586414
71,25.0,20.864469,6.444803
71,25.5,20.747741,6.300783
71,26.0,20.74337,6.158154
71,26.5,20.844587,6.020213
71,27.0,21.043871,5.889745
71,27.5,21.332946,5.769053
71,28.0,21.702729,5.659988
71,28.5,22.143255,5.563988
71,29.0,22.643608,5.482125
71,29.5,23.1919,5.41514
71,30.0,23.7753,5.363477
71,30.5,24.380162,5.327312
71,31.0,24.992226,5.306569
71,31.5,25.596919,5.300943
71,32.0,26.179734,5.309903
71,32.5,26.726661,5.332698
71,33.0,27.22466,5.368366
71,33.5,27.662125,5.415735
71,34.0,28.02931,5.473427
71,34.5,28.318696,5.539874
71,35.0,28.525256,5.613334
71,35.5,28.646608,5.691914
71,36.0,28.683048,5.773611
71,36.5,28.637463,5.856353
71,37.0,28.515122,5.938055
71,37.5,28.323376,6.016678
71,38.0,28.071278,6.090297
71,38.5,27.769157,6.157161
71,39.0,27.428158,6.215758
71,39.5,27.059799,6.26486
71,40.0,26.675541,6.303568
71,40.5,26.286416,6.331331
71,41.0,25.902712,6.347954
71,41.5,25.533729,6.353587
71,42.0,25.187606,6.3487
71,42.5,24.871221,6.334045
71,43.0,24.590147,6.310608
71,43.5,24.34866,6.279558
71,44.0,24.149783,6.242192
71,44.5,23.995361,6.199881
71,45.0,23.88614,6.154024
71,45.5,23.821865,6.106002
71,46.0,23.801374,6.057142
71,46.5,23.822686,6.008691
71,47.0,23.883091,5.961788
71,47.5,23.979234,5.91745
71,48.0,24.107196,5.876562
71,48.5,24.262581,5.839867
71,49.0,24.440598,5.807967
71,49.5,24.636158,5.781321
71,50.0,24.843967,5.760246
72,0.0,38.675527,11.530975
72,0.5,36.034869,11.430015
72,1.0,34.014904,11.247935
72,1.5,32.536082,11.006841
72,2.0,31.532145,10.727243
72,2.5,30.94579,10.427221
72,3.0,30.725936,10.121997
72,3.5,30.825586,9.823841
72,4.0,31.199967,9.542204
72,4.5,31.805003,9.283986
72,5.0,32.596247,9.053854
72,5.5,33.528475,8.854585
72,6.0,34.556005,8.687384
72,6.5,35.633724,8.552187
72,7.0,36.718633,8.44792
72,7.5,37.771628,8.372742
72,8.0,38.759175,8.324243
72,8.5,39.654573,8.29963
72,9.0,40.438637,8.295874
72,9.5,41.099729,8.309838
72,10.0,41.633205,8.338384
72,10.5,42.040467,8.378458
72,11.0,42.327756,8.427157
72,11.5,42.504905,8.481781
72,12.0,42.58415,8.539874
72,12.5,42.579086,8.599251
72,13.0,42.503823,8.658014
72,13.5,42.372316,8.714564
72,14.0,42.197882,8.7676
72,14.5,41.992858,8.816112
72,15.0,41.768384,8.859372
72,15.5,41.534278,8.896911
72,16.0,41.298985,8.928498
72,16.5,41.069574,8.954115
72,17.0,40.851784,8.973924
72,17.5,40.650085,8.988235
72,18.0,40.467774,8.997481
72,18.5,40.307072,9.002178
72,19.0,40.169238,9.002904
72,19.5,40.054686,9.000267
72,20.0,39.963102,8.994883
72,20.5,39.893566,8.987355
72,21.0,39.844665,8.978257
72,21.5,39.814608,8.968119
72,22.0,39.801331,8.957421
72,22.5,39.802596,8.94658
72,23.0,39.816079,8.935954
72,23.5,39.839452,8.925834
72,24.0,39.870451,8.916452
72,24.5,39.906932,8.907978
72,25.0,39.946917,8.900527
72,25.5,39.988631,8.894165
72,26.0,40.030523,8.888913
72,26.5,40.071278,8.884756
72,27.0,40.109825,8.881647
72,27.5,40.145328,8.879515
72,28.0,40.177176,8.87827
72,28.5,40.204968,8.87781
72,29.0,40.228494,8.878024
72,29.5,40.247706,8.878799
72,30.0,40.262697,8.880023
72,30.5,40.273677,8.881588
72,31.0,40.280946,8.883392
72,31.5,40.284869,8.885342
72,32.0,40.285857,8.887356
72,32.5,40.284344,8.889363
72,33.0,40.280773,8.891303
72,33.5,40.27558,8.893127
72,34.0,40.26918,8.894798
72,34.5,40.261959,8.896289
72,35.0,40.254268,8.897584
72,35.5,40.246415,8.898674
72,36.0,40.238665,8.899558
72,36.5,40.231237,8.900242
72,37.0,40.224308,8.900736
72,37.5,40.218008,8.901056
72,38.0,40.21243,8.90122
72,38.5,40.207629,8.901247
72,39.0,40.203629,8.901157
72,39.5,40.200424,8.900973
72,40.0,40.197987,8.900715
72,40.5,40.196269,8.900402
72,41.0,40.19521,8.900053
72,41.5,40.194738,8.899684
72,42.0,40.194773,8.899309
72,42.5,40.195235,8.898941
72,43.0,40.196042,8.89859
72,43.5,40.197114,8.898264
72,44.0,40.198378,8.897968
72,44.5,40.199764,8.897708
72,45.0,40.20121,8.897485
72,45.5,40.202664,8.897301
72,46.0,40.204079,8.897154
72,46.5,40.205418,8.897044
72,47.0,40.206653,8.896967
72,47.5,40.207762,8.896922
72,48.0,40.208732,8.896904
72,48.5,40.209555,8.896909
72,49.0,40.210229,8.896935
72,49.5,40.210758,8.896976
72,50.0,40.211147,8.897029
73,0.0,35.593229,7.542595
73,0.5,34.264996,7.354058
73,1.0,33.31386,7.144655
73,1.5,32.708216,6.924108
73,2.0,32.417553,6.700789
73,2.5,32.412541,6.48164
73,3.0,32.664721,6.272198
73,3.5,33.145955,6.076715
73,4.0,33.827757,5.898297
73,4.5,34.680701,5.739073
73,5.0,35.674007,5.600347
73,5.5,36.775427,5.482743
73,6.0,37.951479,5.386331
73,6.5,39.168047,5.310728
73,7.0,40.391272,5.255192
73,7.5,41.588663,5.218689
73,8.0,42.730259,5.199953
73,8.5,43.789718,5.197537
73,9.0,44.745202,5.209849
73,9.5,45.579965,5.235193
73,10.0,46.282603,5.271792
73,10.5,46.846988,5.317826
73,11.0,47.27192,5.371449
73,11.5,47.560574,5.430825
73,12.0,47.719816,5.49415
73,12.5,47.759468,5.559681
73,13.0,47.691567,5.625764
73,13.5,47.529669,5.690862
73,14.0,47.288223,5.753577
73,14.5,46.982021,5.812676
73,15.0,46.62574,5.867107
73,15.5,46.233557,5.916019
73,16.0,45.818851,5.958764
73,16.5,45.393971,5.994905
73,17.0,44.970063,6.02421
73,17.5,44.556956,6.046641
73,18.0,44.1631,6.062343
73,18.5,43.795539,6.07162
73,19.0,43.45992,6.074912
73,19.5,43.160538,6.07277
73,20.0,42.900394,6.065829
73,20.5,42.681284,6.054782
73,21.0,42.503887,6.040352
73,21.5,42.367878,6.023269
73,22.0,42.272039,6.004252
73,22.5,42.214376,5.983986
73,23.0,42.192239,5.963114
73,23.5,42.202443,5.942218
73,24.0,42.241386,5.921816
73,24.5,42.305168,5.902356
73,25.0,42.389705,5.88421
73,25.5,42.490831,5.86768
73,26.0,42.604409,5.85299
73,26.5,42.726413,5.840298
73,27.0,42.853022,5.829697
73,27.5,42.980684,5.821218
73,28.0,43.106177,5.814839
73,28.5,43.22666,5.81049
73,29.0,43.339702,5.808063
73,29.5,43.443304,5.807412
73,30.0,43.535906,5.808367
73,30.5,43.616381,5.810738
73,31.0,43.684018,5.814321
73,31.5,43.738502,5.818903
73,32.0,43.779873,5.824273
73,32.5,43.808495,5.830219
73,33.0,43.825007,5.836539
73,33.5,43.830281,5.843043
73,34.0,43.825372,5.849556
73,34.5,43.811473,5.85592
73,35.0,43.789873,5.861998
73,35.5,43.761908,5.867672
73,36.0,43.728931,5.872847
73,36.5,43.692269,5.877451
73,37.0,43.6532,5.881432
73,37.5,43.612923,5.884758
73,38.0,43.572537,5.887417
73,38.5,43.53303,5.889414
73,39.0,43.495261,5.890771
73,39.5,43.459958,5.891521
73,40.0,43.42771,5.89171
73,40.5,43.398973,5.891393
73,41.0,43.374069,5.890631
73,41.5,43.353194,5.889488
73,42.0,43.336428,5.888033
73,42.5,43.323741,5.886334
73,43.0,43.315012,5.884459
73,43.5,43.310034,5.88247
73,44.0,43.308534,5.880429
73,44.5,43.310183,5.87839
73,45.0,43.314611,5.876403
73,45.5,43.321419,5.87451
73,46.0,43.330193,5.872747
73,46.5,43.340514,5.871144
73,47.0,43.351972,5.869722
73,47.5,43.364169,5.868496
73,48.0,43.376732,5.867476
73,48.5,43.38932,5.866664
73,49.0,43.401624,5.866059
73,49.5,43.413377,5.865652
73,50.0,43.424351,5.865434
74,0.0,41.601903,11.718891
74,0.5,39.841072,11.163915
74,1.0,38.897125,10.596168
74,1.5,38.65158,10.041003
74,2.0,39.007748,9.516579
74,2.5,39.882911,9.035077
74,3.0,41.201366,8.603935
74,3.5,42.888797,8.226967
74,4.0,44.868433,7.905275
74,4.5,47.059369,7.637992
74,5.0,49.377194,7.422843
74,5.5,51.736684,7.25658
74,6.0,54.055927,7.13531
74,6.5,56.260955,7.054746
74,7.0,58.289887,7.01039
74,7.5,60.095796,6.997682
74,8.0,61.64789,7.012102
74,8.5,62.931025,7.049257
74,9.0,63.943919,7.104936
74,9.5,64.696564,7.175158
74,10.0,65.207346,7.256206
74,10.5,65.500296,7.34465
74,11.0,65.602677,7.437372
74,11.5,65.543056,7.53158
74,12.0,65.349857,7.624818
74,12.5,65.050328,7.71498
74,13.0,64.669863,7.800308
74,13.5,64.231593,7.87939
74,14.0,63.756162,7.951157
74,14.5,63.261652,8.014864
74,15.0,62.763593,8.07007
74,15.5,62.275041,8.116614
74,16.0,61.8067,8.154584
74,16.5,61.367069,8.184281
74,17.0,60.96261,8.206182
74,17.5,60.597925,8.220904
74,18.0,60.275944,8.229169
74,18.5,59.998116,8.231763
74,19.0,59.764594,8.229507
74,19.5,59.574428,8.223232
74,20.0,59.425744,8.213745
74,20.5,59.315924,8.201819
74,21.0,59.241774,8.18817
74,21.5,59.199682,8.173447
74,22.0,59.185765,8.158227
74,22.5,59.196001,8.143007
74,23.0,59.226356,8.128205
74,23.5,59.272878,8.114159
74,24.0,59.331795,8.101133
74,24.5,59.39958,8.089321
74,25.0,59.473013,8.078853
74,25.5,59.549216,8.069799
74,26.0,59.625683,8.062183
74,26.5,59.700289,8.055984
74,27.0,59.771291,8.051146
74,27.5,59.837315,8.047586
74,28.0,59.897341,8.045199
74,28.5,59.950672,8.043865
74,29.0,59.996903,8.043455
74,29.5,60.03589,8.043836
74,30.0,60.067709,8.044872
74,30.5,60.092619,8.046433
74,31.0,60.111028,8.048395
74,31.5,60.123459,8.050643
74,32.0,60.130514,8.053071
74,32.5,60.132845,8.055586
74,33.0,60.131133,8.058106
74,33.5,60.126058,8.060563
74,34.0,60.118286,8.062901
74,34.5,60.10845,8.065075
74,35.0,60.097141,8.067052
74,35.5,60.084894,8.06881
74,36.0,60.072188,8.070336
74,36.5,60.059436,8.071624
74,37.0,60.04699,8.072679
74,37.5,60.035136,8.073506
74,38.0,60.024102,8.074121
74,38.5,60.014057,8.07454
74,39.0,60.005114,8.074782
74,39.5,59.997344,8.074868
74,40.0,59.99077,8.074821
74,40.5,59.985383,8.074662
74,41.0,59.981142,8.074414
74,41.5,59.97798,8.074097
74,42.0,59.975815,8.073731
74,42.5,59.974548,8.073333
74,43.0,59.974072,8.072919
74,43.5,59.974276,8.072503
74,44.0,59.975049,8.072096
74,44.5,59.976279,8.071707
74,45.0,59.977862,8.071345
74,45.5,59.9797,8.071015
74,46.0,59.981703,8.070721
74,46.5,59.983791,8.070466
74,47.0,59.985895,8.070249
74,47.5,59.987955,8.070071
74,48.0,59.989922,8.06993
74,48.5,59.991759,8.069825
74,49.0,59.993435,8.069753
74,49.5,59.994931,8.06971
74,50.0,59.996234,8.069694
75,0.0,41.556414,10.086571
75,0.5,34.259464,10.73833
75,1.0,27.908966,11.11465
75,1.5,22.617583,11.202923
75,2.0,18.39727,11.028274
75,2.5,15.160807,10.642619
75,3.0,12.761408,10.108445
75,3.5,11.038082,9.485205
75,4.0,9.84641,8.821864
75,4.5,9.071717,8.154916
75,5.0,8.630449,7.509547
75,5.5,8.466161,6.901985
75,6.0,8.544173,6.341901
75,6.5,8.846622,5.834438
75,7.0,9.368371,5.381747
75,7.5,10.113595,4.984115
75,8.0,11.092633,4.640742
75,8.5,12.31868,4.350287
75,9.0,13.803949,4.11123
75,9.5,15.55507,3.922105
75,10.0,17.567835,3.781645
75,10.5,19.821776,3.688853
75,11.0,22.27554,3.643014
75,11.5,24.864415,3.64366
75,12.0,27.501278,3.690483
75,12.5,30.081694,3.783204
75,13.0,32.492778,3.921386
75,13.5,34.62425,4.104202
75,14.0,36.379376,4.330143
75,14.5,37.683637,4.59669
75,15.0,38.489845,4.899959
75,15.5,38.779623,5.23436
75,16.0,38.56203,5.592323
75,16.5,37.870469,5.964166
75,17.0,36.75877,6.338192
75,17.5,35.296922,6.701096
75,18.0,33.566492,7.03871
75,18.5,31.655598,7.337076
75,19.0,29.653411,7.583719
75,19.5,27.644494,7.768897
75,20.0,25.703624,7.886612
75,20.5,23.891864,7.935124
75,21.0,22.254518,7.916906
75,21.5,20.821148,7.838054
75,22.0,19.607345,7.707329
75,22.5,18.617595,7.535068
75,23.0,17.848518,7.332148
75,23.5,17.291853,7.109157
75,24.0,16.936835,6.875817
75,24.5,16.771835,6.64066
75,25.0,16.785269,6.410897
75,25.5,16.965912,6.19243
75,26.0,17.302736,5.989962
75,26.5,17.784419,5.80713
75,27.0,18.398652,5.646669
75,27.5,19.131358,5.510557
75,28.0,19.965947,5.400138
75,28.5,20.882726,5.316232
75,29.0,21.858593,5.2592
75,29.5,22.867094,5.228997
75,30.0,23.87894,5.225193
75,30.5,24.862978,5.246974
75,31.0,25.787551,5.29313
75,31.5,26.622147,5.362028
75,32.0,27.339141,5.451585
75,32.5,27.91544,5.559243
75,33.0,28.333861,5.68196
75,33.5,28.584083,5.816223
75,34.0,28.663119,5.95809
75,34.5,28.575276,6.103278
75,35.0,28.331636,6.247286
75,35.5,27.94915,6.385563
75,36.0,27.449419,6.513705
75,36.5,26.857285,6.62767
75,37.0,26.199349,6.72399
75,37.5,25.502528,6.799959
75,38.0,24.792751,6.853766
75,38.5,24.093888,6.884576
75,39.0,23.426965,6.89253
75,39.5,22.809681,6.87868
75,40.0,22.25621,6.844871
75,40.5,21.777252,6.79358
75,41.0,21.380253,6.727729
75,41.5,21.069737,6.650512
75,42.0,20.847677,6.565218
75,42.5,20.713854,6.475095
75,43.0,20.666173,6.383232
75,43.5,20.700918,6.292473
75,44.0,20.812936,6.205368
75,44.5,20.995771,6.12413
75,45.0,21.241761,6.050627
75,45.5,21.542118,5.986377
75,46.0,21.887019,5.932552
75,46.5,22.265726,5.889993
75,47.0,22.666764,5.859223
75,47.5,23.078147,5.840459
75,48.0,23.487677,5.833625
75,48.5,23.883295,5.838373
75,49.0,24.253473,5.854089
75,49.5,24.587624,5.879914
75,50.0,24.876497,5.914761
76,0.0,30.182692,6.137042
76,0.5,35.285254,6.073143
76,1.0,40.481855,6.142628
76,1.5,45.396093,6.341495
76,2.0,49.650458,6.664352
76,2.5,52.937825,7.10311
76,3.0,55.06926,7.645589
76,3.5,55.986418,8.274169
76,4.0,55.745425,8.964828
76,4.5,54.487609,9.686978
76,5.0,52.409409,10.404546
76,5.5,49.736563,11.078572
76,6.0,46.702456,11.671173
76,6.5,43.52929,12.150184
76,7.0,40.41207,12.493351
76,7.5,37.506983,12.690935
76,8.0,34.925979,12.746038
76,8.5,32.737983,12.672757
76,9.0,30.975352,12.492911
76,9.5,29.642966,12.232347
76,10.0,28.727351,11.91767
76,10.5,28.20407,11.573848
76,11.0,28.042634,11.222771
76,11.5,28.209021,10.882609
76,12.0,28.66633,10.567739
76,12.5,29.374265,10.288985
76,13.0,30.288178,10.05401
76,13.5,31.358325,9.867731
76,14.0,32.52988,9.732692
76,14.5,33.744058,9.649376
76,15.0,34.940459,9.616436
76,15.5,36.060412,9.630885
76,16.0,37.050864,9.688247
76,16.5,37.868172,9.782718
76,17.0,38.481157,9.907345
76,17.5,38.872955,10.054272
76,18.0,39.041419,10.215039
76,18.5,38.998136,10.380963
76,19.0,38.766293,10.543563
76,19.5,38.377799,10.695016
76,20.0,37.870046,10.828581
76,20.5,37.282726,10.938962
76,21.0,36.654975,11.022556
76,21.5,36.023059,11.07756
76,22.0,35.4187,11.103939
76,22.5,34.868043,11.103252
76,23.0,34.391185,11.07838
76,23.5,34.002167,11.033193
76,24.0,33.709283,10.972196
76,24.5,33.515581,10.900182
76,25.0,33.419476,10.821933
76,25.5,33.415397,10.741964
76,26.0,33.494435,10.664341
76,26.5,33.644996,10.592539
76,27.0,33.853448,10.529363
76,27.5,34.104794,10.476909
76,28.0,34.383353,10.436556
76,28.5,34.673457,10.408994
76,29.0,34.960142,10.394264
76,29.5,35.229798,10.391822
76,30.0,35.470748,10.400618
76,30.5,35.673703,10.419183
76,31.0,35.832077,10.445728
76,31.5,35.942126,10.47825
76,32.0,36.002921,10.514637
76,32.5,36.016148,10.552775
76,33.0,35.985779,10.590653
76,33.5,35.917628,10.626449
76,34.0,35.818856,10.658606
76,34.5,35.697438,10.685891
76,35.0,35.561664,10.707428
76,35.5,35.419661,10.722712
76,36.0,35.279005,10.731601
76,36.5,35.1464,10.734286
76,37.0,35.027445,10.731251
76,37.5,34.926492,10.723219
76,38.0,34.846573,10.711084
76,38.5,34.789407,10.695854
76,39.0,34.755458,10.678585
76,39.5,34.744049,10.660324
76,40.0,34.753505,10.642058
76,40.5,34.781332,10.624673
76,41.0,34.824409,10.608922
76,41.5,34.879189,10.595405
76,42.0,34.941908,10.58455
76,42.5,35.008775,10.57662
76,43.0,35.076158,10.571708
76,43.5,35.140738,10.569757
76,44.0,35.199647,10.570572
76,44.5,35.250562,10.573845
76,45.0,35.29177,10.579179
76,45.5,35.322198,10.586118
76,46.0,35.341405,10.594171
76,46.5,35.349546,10.602839
76,47.0,35.347302,10.611643
76,47.5,35.335801,10.620141
76,48.0,35.316515,10.627951
76,48.5,35.291153,10.634758
76,49.0,35.261551,10.64033
76,49.5,35.22957,10.644515
76,50.0,35.197002,10.647245
77,0.0,60.410557,12.090821
77,0.5,46.468481,13.348526
77,1.0,34.777768,14.094309
77,1.5,25.595389,14.273226
77,2.0,18.845871,13.946678
77,2.5,14.139943,13.249959
77,3.0,10.972224,12.3312
77,3.5,8.888144,11.312113
77,4.0,7.548132,10.277207
77,4.5,6.723494,9.278777
77,5.0,6.269756,8.346072
77,5.5,6.100688,7.493393
77,6.0,6.1694,6.72591
77,6.5,6.456169,6.043492
77,7.0,6.961051,5.443128
77,7.5,7.699479,4.920421
77,8.0,8.699423,4.470517
77,8.5,9.998986,4.088666
77,9.0,11.643409,3.770573
77,9.5,13.68049,3.512609
77,10.0,16.15351,3.311941
77,10.5,19.091127,3.166609
77,11.0,22.49457,3.075558
77,11.5,26.323893,3.038644
77,12.0,30.486798,3.056595
77,12.5,34.834644,3.130916
77,13.0,39.169543,3.263724
77,13.5,43.263387,3.457483
77,14.0,46.885108,3.714595
77,14.5,49.829037,4.036833
77,15.0,51.937066,4.424566
77,15.5,53.110608,4.875792
77,16.0,53.312755,5.385018
77,16.5,52.564122,5.942109
77,17.0,50.936262,6.53135
77,17.5,48.544976,7.131083
77,18.0,45.543461,7.714311
77,18.5,42.113583,8.250628
77,19.0,38.453268,8.709501
77,19.5,34.759603,9.064426
77,20.0,31.209891,9.296956
77,20.5,27.945155,9.399412
77,21.0,25.060689,9.375425
77,21.5,22.605789,9.238279
77,22.0,20.591322,9.007781
77,22.5,19.001433,8.706748
77,23.0,17.80548,8.358002
77,23.5,16.96766,7.982327
77,24.0,16.453414,7.597395
77,24.5,16.232892,7.217468
77,25.0,16.282186,6.853575
77,25.5,16.583065,6.513948
77,26.0,17.121783,6.204534
77,26.5,17.887275,5.9295
77,27.0,18.868984,5.691675
77,27.5,20.054425,5.492913
77,28.0,21.426678,5.334365
77,28.5,22.962001,5.216688
77,29.0,24.627881,5.140163
77,29.5,26.381886,5.104764
77,30.0,28.171688,5.110158
77,30.5,29.936519,5.155651
77,31.0,31.610119,5.240089
77,31.5,33.124938,5.361719
77,32.0,34.417116,5.518012
77,32.5,35.431556,5.70549
77,33.0,36.126413,5.919561
77,33.5,36.476432,6.154405
77,34.0,36.474784,6.402951
77,34.5,36.133306,6.65699
77,35.0,35.481189,6.907435
77,35.5,34.562333,7.144768
77,36.0,33.431653,7.359624
77,36.5,32.150691,7.54347
77,37.0,30.783003,7.689276
77,37.5,29.389797,7.792085
77,38.0,28.026294,7.849366
77,38.5,26.739188,7.861116
77,39.0,25.565334,7.82969
77,39.5,24.531625,7.759416
77,40.0,23.655802,7.65607
77,40.5,22.94783,7.526317
77,41.0,22.411514,7.377179
77,41.5,22.046037,7.215601
77,42.0,21.847249,7.048117
77,42.5,21.808609,6.880648
77,43.0,21.921761,6.718375
77,43.5,22.17679,6.565711
77,44.0,22.562215,6.426305
77,44.5,23.064821,6.303092
77,45.0,23.6694,6.198348
77,45.5,24.358514,6.113752
77,46.0,25.112354,6.050437
77,46.5,25.908783,6.009036
77,47.0,26.723628,5.989711
77,47.5,27.531245,5.992167
77,48.0,28.305357,6.015657
77,48.5,29.020135,6.058983
77,49.0,29.651422,6.120487
77,49.5,30.178002,6.198053
77,50.0,30.582784,6.289119
78,0.0,32.293382,7.13077
78,0.5,33.369801,7.106633
78,1.0,34.410024,7.107117
78,1.5,35.380217,7.130642
78,2.0,36.249902,7.175174
78,2.5,36.993505,7.238268
78,3.0,37.591554,7.317129
78,3.5,38.031445,7.408659
78,4.0,38.307684,7.509538
78,4.5,38.421677,7.616297
78,5.0,38.381108,7.725414
78,5.5,38.199026,7.833415
78,6.0,37.892746,7.936988
78,6.5,37.48267,8.033086
78,7.0,36.991109,8.119041
78,7.5,36.441173,8.192653
78,8.0,35.855779,8.25226
78,8.5,35.256803,8.296789
78,9.0,34.664406,8.325774
78,9.5,34.096529,8.339334
78,10.0,33.568555,8.338142
78,10.5,33.093129,8.323347
78,11.0,32.680108,8.296495
78,11.5,32.336603,8.259429
78,12.0,32.067112,8.214191
78,12.5,31.873693,8.162922
78,13.0,31.756163,8.107779
78,13.5,31.71231,8.050848
78,14.0,31.738116,7.994086
78,14.5,31.82797,7.939271
78,15.0,31.974887,7.887959
78,15.5,32.170741,7.841464
78,16.0,32.406505,7.800844
78,16.5,32.672507,7.766892
78,17.0,32.958707,7.74014
78,17.5,33.25499,7.720869
78,18.0,33.551467,7.709121
78,18.5,33.838767,7.704715
78,19.0,34.108327,7.707273
78,19.5,34.352641,7.716235
78,20.0,34.56547,7.730895
78,20.5,34.741996,7.750424
78,21.0,34.878921,7.773899
78,21.5,34.974492,7.800339
78,22.0,35.028468,7.828732
78,22.5,35.042027,7.858068
78,23.0,35.01762,7.887372
78,23.5,34.958789,7.915729
78,24.0,34.869958,7.942309
78,24.5,34.756205,7.966393
78,25.0,34.623032,7.987387
78,25.5,34.47614,8.004836
78,26.0,34.321222,8.018429
78,26.5,34.163775,8.028002
78,27.0,34.008935,8.033534
78,27.5,33.861351,8.035137
78,28.0,33.725073,8.033042
78,28.5,33.603485,8.027585
78,29.0,33.499256,8.019186
78,29.5,33.41432,8.008328
78,30.0,33.349877,7.995538
78,30.5,33.306419,7.981365
78,31.0,33.283766,7.966359
78,31.5,33.281125,7.951055
78,32.0,33.297155,7.935958
78,32.5,33.330043,7.921525
78,33.0,33.377591,7.908161
78,33.5,33.437303,7.896205
78,34.0,33.506482,7.885926
78,34.5,33.582318,7.877525
78,35.0,33.661983,7.871127
78,35.5,33.742719,7.866786
78,36.0,33.821918,7.864492
78,36.5,33.897195,7.864169
78,37.0,33.966447,7.865688
78,37.5,34.027906,7.868873
78,38.0,34.080171,7.873506
78,38.5,34.12223,7.879342
78,39.0,34.153467,7.886116
78,39.5,34.173656,7.893549
78,40.0,34.182939,7.901363
78,40.5,34.1818,7.909288
78,41.0,34.171019,7.917066
78,41.5,34.151628,7.924465
78,42.0,34.12486,7.931278
78,42.5,34.092092,7.937332
78,43.0,34.054792,7.94249
78,43.5,34.014461,7.946653
78,44.0,33.972589,7.949759
78,44.5,33.930603,7.951787
78,45.0,33.889828,7.952749
78,45.5,33.851454,7.952691
78,46.0,33.816509,7.951688
78,46.5,33.785839,7.949838
78,47.0,33.760094,7.947261
78,47.5,33.739724,7.944091
78,48.0,33.72498,7.94047
78,48.5,33.715919,7.936545
78,49.0,33.712417,7.93246
78,49.5,33.714188,7.928356
78,50.0,33.720802,7.924363
79,0.0,49.956338,9.794823
79,0.5,48.859471,10.180538
79,1.0,47.473586,10.539589
79,1.5,45.892855,10.859049
79,2.0,44.206624,11.128236
79,2.5,42.495932,11.339423
79,3.0,40.831024,11.4883
79,3.5,39.269819,11.574118
79,4.0,37.857344,11.599495
79,4.5,36.626055,11.569921
79,5.0,35.596847,11.493079
79,5.5,34.780507,11.378057
79,6.0,34.17934,11.234597
79,6.5,33.788716,11.072429
79,7.0,33.598404,10.900747
79,7.5,33.593638,10.727844
79,8.0,33.755905,10.560881
79,8.5,34.063571,10.405774
79,9.0,34.492404,10.267173
79,9.5,35.016135,10.148495
79,10.0,35.607111,10.052002
79,10.5,36.237095,9.978894
79,11.0,36.878214,9.929416
79,11.5,37.503993,9.902971
79,12.0,38.090407,9.89823
79,12.5,38.616846,9.913245
79,13.0,39.066887,9.945564
79,13.5,39.428816,9.992347
79,14.0,39.695843,10.050485
79,14.5,39.866018,10.11672
79,15.0,39.941869,10.187767
79,15.5,39.929823,10.260434
79,16.0,39.839471,10.331735
79,16.5,39.682755,10.39899
79,17.0,39.473138,10.459913
79,17.5,39.2248,10.512675
79,18.0,38.951927,10.55595
79,18.5,38.668085,10.588925
79,19.0,38.385731,10.611295
79,19.5,38.115834,10.623226
79,20.0,37.867622,10.625306
79,20.5,37.648438,10.61847
79,21.0,37.463686,10.603929
79,21.5,37.316862,10.583082
79,22.0,37.209648,10.557437
79,22.5,37.142052,10.528534
79,23.0,37.112595,10.497876
79,23.5,37.118513,10.466873
79,24.0,37.155991,10.436793
79,24.5,37.220397,10.408731
79,25.0,37.306529,10.383581
79,25.5,37.408859,10.362031
79,26.0,37.521766,10.344553
79,26.5,37.639758,10.33141
79,27.0,37.75767,10.322673
79,27.5,37.870838,10.318234
79,28.0,37.975236,10.317829
79,28.5,38.067579,10.321066
79,29.0,38.145387,10.327451
79,29.5,38.207009,10.336417
79,30.0,38.251613,10.347354
79,30.5,38.279135,10.359635
79,31.0,38.29021,10.372641
79,31.5,38.28607,10.385788
79,32.0,38.268438,10.398541
79,32.5,38.2394,10.410437
79,33.0,38.201283,10.42109
79,33.5,38.156539,10.430204
79,34.0,38.107626,10.437572
79,34.5,38.056913,10.443079
79,35.0,38.006593,10.446696
79,35.5,37.958614,10.448471
79,36.0,37.914631,10.448521
79,36.5,37.875965,10.447022
79,37.0,37.843596,10.444191
79,37.5,37.818151,10.440278
79,38.0,37.799923,10.435549
79,38.5,37.788891,10.430275
79,39.0,37.784756,10.424722
79,39.5,37.786976,10.419138
79,40.0,37.794817,10.413747
79,40.5,37.807398,10.408743
79,41.0,37.823742,10.404285
79,41.5,37.84282,10.400492
79,42.0,37.863602,10.397446
79,42.5,37.885093,10.395191
79,43.0,37.906371,10.393736
79,43.5,37.926616,10.393056
79,44.0,37.945131,10.393099
79,44.5,37.961359,10.393791
79,45.0,37.974888,10.395037
79,45.5,37.985457,10.396732
79,46.0,37.992948,10.398763
79,46.5,37.997378,10.401017
79,47.0,37.998883,10.403381
79,47.5,37.997701,10.40575
79,48.0,37.994154,10.408031
79,48.5,37.988623,10.410142
79,49.0,37.98153,10.412017
79,49.5,37.973315,10.413606
79,50.0,37.964419,10.414874
