id,t,initiator,regulator,effector
0,0.0,0.038924,0.247495,2.646495
0,0.1,0.045536,0.286806,2.607184
0,0.2,0.051269,0.329861,2.564129
0,0.3,0.056061,0.376923,2.517067
0,0.4,0.05986,0.428252,2.465739
0,0.5,0.062621,0.484094,2.409896
0,0.6,0.064313,0.544682,2.349308
0,0.7,0.064921,0.610219,2.283771
0,0.8,0.064453,0.680864,2.213126
0,0.9,0.062946,0.756711,2.137279
0,1.0,0.060468,0.837769,2.056221
0,1.1,0.057129,0.923925,1.970065
0,1.2,0.053081,1.014922,1.879068
0,1.3,0.048515,1.110326,1.783664
0,1.4,0.043658,1.209502,1.684488
0,1.5,0.038754,1.311606,1.582384
0,1.6,0.034039,1.415597,1.478393
0,1.7,0.029713,1.520269,1.373722
0,1.8,0.025917,1.624313,1.269677
0,1.9,0.022718,1.7264,1.16759
0,2.0,0.020111,1.825265,1.068725
0,2.1,0.018042,1.919787,0.974203
0,2.2,0.016426,2.00905,0.88494
0,2.3,0.015172,2.092376,0.801614
0,2.4,0.014198,2.169328,0.724662
0,2.5,0.013434,2.239699,0.654291
0,2.6,0.012829,2.303482,0.590508
0,2.7,0.012342,2.360834,0.533156
0,2.8,0.011947,2.412036,0.481954
0,2.9,0.011623,2.457458,0.436532
0,3.0,0.011355,2.497529,0.396461
0,3.1,0.011132,2.532705,0.361285
0,3.2,0.010945,2.563452,0.330538
0,3.3,0.010789,2.590225,0.303765
0,3.4,0.010657,2.613464,0.280526
0,3.5,0.010546,2.633576,0.260414
0,3.6,0.010452,2.650941,0.24305
0,3.7,0.010372,2.665901,0.228089
0,3.8,0.010305,2.678766,0.215224
0,3.9,0.010248,2.689813,0.204177
0,4.0,0.0102,2.699285,0.194705
0,4.1,0.010159,2.707398,0.186593
0,4.2,0.010124,2.714339,0.179651
0,4.3,0.010094,2.720274,0.173717
0,4.4,0.010069,2.725343,0.168647
0,4.5,0.010048,2.729672,0.164318
0,4.6,0.01003,2.733365,0.160625
0,4.7,0.010015,2.736516,0.157474
0,4.8,0.010001,2.739202,0.154788
0,4.9,0.00999,2.741491,0.152499
0,5.0,0.009981,2.743442,0.150548
0,5.1,0.009973,2.745104,0.148886
0,5.2,0.009966,2.746519,0.147471
0,5.3,0.00996,2.747725,0.146266
0,5.4,0.009955,2.748751,0.145239
0,5.5,0.009951,2.749625,0.144366
0,5.6,0.009947,2.750368,0.143622
0,5.7,0.009944,2.751001,0.142989
0,5.8,0.009942,2.75154,0.14245
0,5.9,0.00994,2.751999,0.141991
0,6.0,0.009938,2.752389,0.141601
0,6.1,0.009936,2.752721,0.141269
0,6.2,0.009935,2.753004,0.140986
0,6.3,0.009934,2.753244,0.140746
0,6.4,0.009933,2.753449,0.140541
0,6.5,0.009932,2.753623,0.140367
0,6.6,0.009931,2.753771,0.140219
0,6.7,0.009931,2.753897,0.140093
0,6.8,0.00993,2.754004,0.139986
0,6.9,0.00993,2.754095,0.139895
0,7.0,0.009929,2.754173,0.139817
0,7.1,0.009929,2.754239,0.139751
0,7.2,0.009929,2.754295,0.139695
0,7.3,0.009928,2.754343,0.139647
0,7.4,0.009928,2.754384,0.139607
0,7.5,0.009928,2.754418,0.139572
0,7.6,0.009928,2.754448,0.139543
0,7.7,0.009928,2.754473,0.139518
0,7.8,0.009928,2.754494,0.139496
0,7.9,0.009928,2.754512,0.139478
0,8.0,0.009928,2.754527,0.139463
0,8.1,0.009927,2.754541,0.13945
0,8.2,0.009927,2.754552,0.139438
0,8.3,0.009927,2.754561,0.139429
0,8.4,0.009927,2.754569,0.139421
0,8.5,0.009927,2.754576,0.139414
0,8.6,0.009927,2.754582,0.139408
0,8.7,0.009927,2.754587,0.139403
0,8.8,0.009927,2.754591,0.139399
0,8.9,0.009927,2.754595,0.139395
0,9.0,0.009927,2.754598,0.139392
0,9.1,0.009927,2.7546,0.13939
0,9.2,0.009927,2.754603,0.139387
0,9.3,0.009927,2.754605,0.139386
0,9.4,0.009927,2.754606,0.139384
0,9.5,0.009927,2.754608,0.139383
0,9.6,0.009927,2.754609,0.139381
0,9.7,0.009927,2.75461,0.13938
0,9.8,0.009927,2.75461,0.13938
0,9.9,0.009927,2.754611,0.139379
0,10.0,0.009927,2.754612,0.139378
1,0.0,0.035171,0.09238,2.939056
1,0.1,0.043789,0.116491,2.914944
1,0.2,0.051871,0.142848,2.888587
1,0.3,0.059344,0.171739,2.859696
1,0.4,0.066137,0.203455,2.827981
1,0.5,0.072179,0.238291,2.793145
1,0.6,0.0774,0.276552,2.754884
1,0.7,0.08173,0.318554,2.712882
1,0.8,0.0851,0.364624,2.666812
1,0.9,0.087447,0.4151,2.616335
1,1.0,0.088716,0.470328,2.561108
1,1.1,0.088859,0.530652,2.500783
1,1.2,0.087846,0.596407,2.435028
1,1.3,0.085669,0.6679,2.363536
1,1.4,0.082348,0.745384,2.286051
1,1.5,0.077944,0.829033,2.202402
1,1.6,0.072563,0.918898,2.112538
1,1.7,0.066372,1.014862,2.016574
1,1.8,0.059596,1.116595,1.914841
1,1.9,0.052523,1.223506,1.807929
1,2.0,0.045478,1.334712,1.696724
1,2.1,0.038797,1.449026,1.582409
1,2.2,0.032774,1.564997,1.466438
1,2.3,0.027615,1.680976,1.35046
1,2.4,0.023405,1.795233,1.236203
1,2.5,0.020113,1.906095,1.125341
1,2.6,0.01762,2.01207,1.019366
1,2.7,0.015769,2.111942,0.919493
1,2.8,0.0144,2.204825,0.826611
1,2.9,0.013382,2.290165,0.741271
1,3.0,0.012613,2.367717,0.663718
1,3.1,0.012021,2.437504,0.593932
1,3.2,0.011555,2.499754,0.531682
1,3.3,0.011182,2.554854,0.476581
1,3.4,0.01088,2.603295,0.428141
1,3.5,0.010633,2.645628,0.385808
1,3.6,0.010429,2.682432,0.349003
1,3.7,0.01026,2.714286,0.317149
1,3.8,0.010119,2.741749,0.289687
1,3.9,0.010002,2.765346,0.26609
1,4.0,0.009903,2.785564,0.245872
1,4.1,0.009821,2.802844,0.228592
1,4.2,0.009752,2.817581,0.213854
1,4.3,0.009694,2.830128,0.201307
1,4.4,0.009646,2.840794,0.190642
1,4.5,0.009605,2.849849,0.181587
1,4.6,0.00957,2.857527,0.173908
1,4.7,0.009542,2.864033,0.167403
1,4.8,0.009517,2.86954,0.161895
1,4.9,0.009497,2.8742,0.157236
1,5.0,0.00948,2.878139,0.153297
1,5.1,0.009465,2.881468,0.149968
1,5.2,0.009453,2.884281,0.147155
1,5.3,0.009443,2.886656,0.14478
1,5.4,0.009434,2.888661,0.142775
1,5.5,0.009427,2.890353,0.141083
1,5.6,0.00942,2.891781,0.139655
1,5.7,0.009415,2.892986,0.13845
1,5.8,0.009411,2.894002,0.137433
1,5.9,0.009407,2.89486,0.136576
1,6.0,0.009404,2.895583,0.135853
1,6.1,0.009401,2.896193,0.135243
1,6.2,0.009399,2.896707,0.134729
1,6.3,0.009397,2.89714,0.134295
1,6.4,0.009396,2.897506,0.13393
1,6.5,0.009394,2.897814,0.133622
1,6.6,0.009393,2.898074,0.133362
1,6.7,0.009392,2.898293,0.133143
1,6.8,0.009392,2.898478,0.132958
1,6.9,0.009391,2.898633,0.132802
1,7.0,0.00939,2.898765,0.132671
1,7.1,0.00939,2.898875,0.13256
1,7.2,0.00939,2.898969,0.132467
1,7.3,0.009389,2.899047,0.132388
1,7.4,0.009389,2.899114,0.132322
1,7.5,0.009389,2.899169,0.132266
1,7.6,0.009388,2.899217,0.132219
1,7.7,0.009388,2.899256,0.132179
1,7.8,0.009388,2.89929,0.132146
1,7.9,0.009388,2.899318,0.132118
1,8.0,0.009388,2.899342,0.132094
1,8.1,0.009388,2.899362,0.132074
1,8.2,0.009388,2.899379,0.132057
1,8.3,0.009388,2.899393,0.132043
1,8.4,0.009388,2.899405,0.132031
1,8.5,0.009388,2.899415,0.132021
1,8.6,0.009388,2.899423,0.132012
1,8.7,0.009388,2.899431,0.132005
1,8.8,0.009388,2.899437,0.131999
1,8.9,0.009388,2.899442,0.131994
1,9.0,0.009388,2.899446,0.13199
1,9.1,0.009387,2.89945,0.131986
1,9.2,0.009387,2.899453,0.131983
1,9.3,0.009387,2.899455,0.13198
1,9.4,0.009387,2.899458,0.131978
1,9.5,0.009387,2.899459,0.131976
1,9.6,0.009387,2.899461,0.131975
1,9.7,0.009387,2.899462,0.131973
1,9.8,0.009387,2.899463,0.131972
1,9.9,0.009387,2.899464,0.131971
1,10.0,0.009387,2.899465,0.131971
2,0.0,0.038296,0.403729,0.820284
2,0.1,0.043386,0.407032,0.816981
2,0.2,0.048031,0.409678,0.814335
2,0.3,0.05229,0.411718,0.812295
2,0.4,0.056214,0.413196,0.810817
2,0.5,0.059846,0.414154,0.809859
2,0.6,0.063223,0.414631,0.809382
2,0.7,0.066376,0.41466,0.809353
2,0.8,0.069333,0.414274,0.809739
2,0.9,0.07212,0.413502,0.810511
2,1.0,0.074758,0.41237,0.811643
2,1.1,0.077266,0.410901,0.813112
2,1.2,0.079663,0.409118,0.814895
2,1.3,0.081962,0.407039,0.816974
2,1.4,0.08418,0.404683,0.81933
2,1.5,0.086328,0.402066,0.821947
2,1.6,0.088418,0.3992,0.824813
2,1.7,0.09046,0.3961,0.827913
2,1.8,0.092466,0.392777,0.831236
2,1.9,0.094443,0.389241,0.834772
2,2.0,0.096399,0.385501,0.838512
2,2.1,0.098344,0.381565,0.842448
2,2.2,0.100283,0.37744,0.846573
2,2.3,0.102224,0.373133,0.85088
2,2.4,0.104174,0.36865,0.855363
2,2.5,0.106137,0.363995,0.860018
2,2.6,0.108121,0.359173,0.86484
2,2.7,0.11013,0.354188,0.869825
2,2.8,0.112171,0.349044,0.874969
2,2.9,0.114248,0.343743,0.88027
2,3.0,0.116366,0.33829,0.885723
2,3.1,0.11853,0.332687,0.891326
2,3.2,0.120746,0.326937,0.897076
2,3.3,0.123018,0.321042,0.902971
2,3.4,0.12535,0.315006,0.909007
2,3.5,0.127748,0.308831,0.915182
2,3.6,0.130216,0.30252,0.921493
2,3.7,0.132759,0.296077,0.927936
2,3.8,0.13538,0.289505,0.934508
2,3.9,0.138086,0.282809,0.941204
2,4.0,0.140879,0.275992,0.948021
2,4.1,0.143765,0.26906,0.954953
2,4.2,0.146748,0.262019,0.961994
2,4.3,0.149833,0.254876,0.969138
2,4.4,0.153023,0.247636,0.976377
2,4.5,0.156322,0.240309,0.983704
2,4.6,0.159736,0.232904,0.991109
2,4.7,0.163268,0.22543,0.998583
2,4.8,0.166921,0.217899,1.006114
2,4.9,0.170698,0.210323,1.01369
2,5.0,0.174604,0.202716,1.021297
2,5.1,0.178642,0.195092,1.028921
2,5.2,0.182813,0.187467,1.036546
2,5.3,0.18712,0.179858,1.044155
2,5.4,0.191565,0.172284,1.051729
2,5.5,0.196149,0.164763,1.05925
2,5.6,0.200873,0.157315,1.066698
2,5.7,0.205738,0.149962,1.074051
2,5.8,0.210743,0.142724,1.081289
2,5.9,0.215887,0.135624,1.088389
2,6.0,0.221168,0.128683,1.09533
2,6.1,0.226585,0.121922,1.102091
2,6.2,0.232134,0.115363,1.10865
2,6.3,0.237812,0.109025,1.114988
2,6.4,0.243614,0.102926,1.121087
2,6.5,0.249536,0.097083,1.12693
2,6.6,0.255572,0.09151,1.132503
2,6.7,0.261716,0.08622,1.137793
2,6.8,0.267962,0.08122,1.142793
2,6.9,0.274303,0.076518,1.147495
2,7.0,0.280731,0.072116,1.151897
2,7.1,0.287239,0.068014,1.155999
2,7.2,0.29382,0.064209,1.159804
2,7.3,0.300466,0.060693,1.16332
2,7.4,0.30717,0.057459,1.166554
2,7.5,0.313924,0.054495,1.169518
2,7.6,0.320722,0.051788,1.172225
2,7.7,0.327556,0.049323,1.17469
2,7.8,0.334421,0.047084,1.176929
2,7.9,0.34131,0.045055,1.178958
2,8.0,0.348219,0.04322,1.180793
2,8.1,0.35514,0.041561,1.182452
2,8.2,0.362071,0.040062,1.183951
2,8.3,0.369007,0.038708,1.185305
2,8.4,0.375944,0.037484,1.186529
2,8.5,0.382878,0.036377,1.187636
2,8.6,0.389806,0.035372,1.188641
2,8.7,0.396727,0.034459,1.189554
2,8.8,0.403637,0.033627,1.190386
2,8.9,0.410534,0.032866,1.191147
2,9.0,0.417417,0.032168,1.191845
2,9.1,0.424283,0.031525,1.192488
2,9.2,0.431132,0.030931,1.193082
2,9.3,0.437963,0.030379,1.193634
2,9.4,0.444774,0.029865,1.194148
2,9.5,0.451564,0.029384,1.194629
2,9.6,0.458333,0.028932,1.195081
2,9.7,0.465081,0.028505,1.195508
2,9.8,0.471806,0.028102,1.195911
2,9.9,0.478508,0.027719,1.196294
2,10.0,0.485186,0.027354,1.196659
3,0.0,0.023069,0.216859,2.816912
3,0.1,0.030914,0.257006,2.776766
3,0.2,0.037878,0.301548,2.732224
3,0.3,0.043883,0.350852,2.68292
3,0.4,0.048856,0.405276,2.628496
3,0.5,0.052734,0.465164,2.568607
3,0.6,0.055466,0.530835,2.502937
3,0.7,0.057021,0.602564,2.431208
3,0.8,0.057393,0.680565,2.353207
3,0.9,0.056609,0.764962,2.26881
3,1.0,0.054737,0.855755,2.178017
3,1.1,0.051892,0.95278,2.080992
3,1.2,0.048242,1.05567,1.978101
3,1.3,0.044006,1.163819,1.869952
3,1.4,0.039441,1.276354,1.757418
3,1.5,0.034822,1.39213,1.641642
3,1.6,0.030409,1.509758,1.524014
3,1.7,0.026413,1.627665,1.406107
3,1.8,0.022968,1.744185,1.289586
3,1.9,0.020123,1.857679,1.176093
3,2.0,0.017852,1.966643,1.067129
3,2.1,0.016082,2.069809,0.963962
3,2.2,0.014719,2.166204,0.867568
3,2.3,0.013671,2.255171,0.778601
3,2.4,0.012861,2.336363,0.697408
3,2.5,0.012227,2.409709,0.624062
3,2.6,0.011724,2.475364,0.558408
3,2.7,0.01132,2.533658,0.500113
3,2.8,0.010992,2.585047,0.448725
3,2.9,0.010724,2.630062,0.403709
3,3.0,0.010503,2.669279,0.364493
3,3.1,0.01032,2.70328,0.330492
3,3.2,0.010168,2.732637,0.301135
3,3.3,0.010041,2.757893,0.275878
3,3.4,0.009934,2.779556,0.254216
3,3.5,0.009846,2.798087,0.235685
3,3.6,0.009771,2.813903,0.219869
3,3.7,0.009709,2.827375,0.206396
3,3.8,0.009657,2.838834,0.194938
3,3.9,0.009612,2.848565,0.185207
3,4.0,0.009576,2.85682,0.176952
3,4.1,0.009544,2.863815,0.169956
3,4.2,0.009518,2.869738,0.164033
3,4.3,0.009496,2.87475,0.159022
3,4.4,0.009478,2.878987,0.154785
3,4.5,0.009462,2.882568,0.151203
3,4.6,0.009449,2.885594,0.148178
3,4.7,0.009438,2.888149,0.145623
3,4.8,0.009429,2.890305,0.143466
3,4.9,0.009421,2.892126,0.141646
3,5.0,0.009414,2.893662,0.14011
3,5.1,0.009409,2.894957,0.138814
3,5.2,0.009404,2.89605,0.137721
3,5.3,0.0094,2.896972,0.136799
3,5.4,0.009397,2.89775,0.136022
3,5.5,0.009394,2.898405,0.135367
3,5.6,0.009391,2.898958,0.134814
3,5.7,0.009389,2.899424,0.134348
3,5.8,0.009388,2.899816,0.133955
3,5.9,0.009386,2.900148,0.133624
3,6.0,0.009385,2.900427,0.133345
3,6.1,0.009384,2.900662,0.13311
3,6.2,0.009383,2.90086,0.132911
3,6.3,0.009383,2.901028,0.132744
3,6.4,0.009382,2.901168,0.132603
3,6.5,0.009381,2.901287,0.132484
3,6.6,0.009381,2.901387,0.132384
3,6.7,0.009381,2.901472,0.1323
3,6.8,0.00938,2.901543,0.132229
3,6.9,0.00938,2.901603,0.132169
3,7.0,0.00938,2.901653,0.132118
3,7.1,0.00938,2.901696,0.132076
3,7.2,0.00938,2.901732,0.13204
3,7.3,0.009379,2.901762,0.13201
3,7.4,0.009379,2.901788,0.131984
3,7.5,0.009379,2.901809,0.131963
3,7.6,0.009379,2.901827,0.131944
3,7.7,0.009379,2.901842,0.131929
3,7.8,0.009379,2.901855,0.131916
3,7.9,0.009379,2.901866,0.131906
3,8.0,0.009379,2.901875,0.131896
3,8.1,0.009379,2.901883,0.131889
3,8.2,0.009379,2.901889,0.131882
3,8.3,0.009379,2.901895,0.131877
3,8.4,0.009379,2.901899,0.131872
3,8.5,0.009379,2.901903,0.131868
3,8.6,0.009379,2.901907,0.131865
3,8.7,0.009379,2.901909,0.131862
3,8.8,0.009379,2.901912,0.13186
3,8.9,0.009379,2.901914,0.131858
3,9.0,0.009379,2.901915,0.131856
3,9.1,0.009379,2.901917,0.131855
3,9.2,0.009379,2.901918,0.131854
3,9.3,0.009379,2.901919,0.131853
3,9.4,0.009379,2.90192,0.131852
3,9.5,0.009379,2.90192,0.131851
3,9.6,0.009379,2.901921,0.131851
3,9.7,0.009379,2.901921,0.13185
3,9.8,0.009379,2.901922,0.13185
3,9.9,0.009379,2.901922,0.131849
3,10.0,0.009379,2.901923,0.131849
4,0.0,0.032549,0.420243,1.608535
4,0.1,0.037834,0.450133,1.578645
4,0.2,0.042302,0.480674,1.548104
4,0.3,0.045994,0.51186,1.516918
4,0.4,0.048955,0.543686,1.485093
4,0.5,0.051224,0.576149,1.452629
4,0.6,0.052844,0.609249,1.419529
4,0.7,0.053859,0.642985,1.385793
4,0.8,0.054315,0.677352,1.351426
4,0.9,0.05426,0.712342,1.316436
4,1.0,0.053745,0.747939,1.280839
4,1.1,0.052824,0.784119,1.244659
4,1.2,0.051553,0.820846,1.207932
4,1.3,0.04999,0.85807,1.170708
4,1.4,0.048194,0.895728,1.13305
4,1.5,0.046224,0.93374,1.095038
4,1.6,0.044137,0.972009,1.056769
4,1.7,0.041989,1.010423,1.018355
4,1.8,0.039829,1.048855,0.979923
4,1.9,0.037704,1.087165,0.941613
4,2.0,0.03565,1.125204,0.903574
4,2.1,0.033699,1.162817,0.865961
4,2.2,0.031872,1.199847,0.828932
4,2.3,0.030184,1.23614,0.792638
4,2.4,0.028643,1.27155,0.757228
4,2.5,0.027248,1.305942,0.722836
4,2.6,0.025996,1.339195,0.689583
4,2.7,0.02488,1.371206,0.657573
4,2.8,0.023889,1.401889,0.626889
4,2.9,0.023012,1.43118,0.597598
4,3.0,0.022237,1.459031,0.569747
4,3.1,0.021552,1.485416,0.543362
4,3.2,0.020948,1.510324,0.518454
4,3.3,0.020413,1.53376,0.495018
4,3.4,0.01994,1.555743,0.473036
4,3.5,0.01952,1.576303,0.452475
4,3.6,0.019147,1.595482,0.433296
4,3.7,0.018815,1.613328,0.415451
4,3.8,0.018519,1.629895,0.398884
4,3.9,0.018254,1.645242,0.383536
4,4.0,0.018018,1.659431,0.369347
4,4.1,0.017806,1.672527,0.356252
4,4.2,0.017615,1.684592,0.344186
4,4.3,0.017444,1.695692,0.333087
4,4.4,0.017291,1.705888,0.32289
4,4.5,0.017153,1.715244,0.313534
4,4.6,0.017028,1.723817,0.304961
4,4.7,0.016916,1.731665,0.297113
4,4.8,0.016815,1.738843,0.289935
4,4.9,0.016724,1.745401,0.283377
4,5.0,0.016641,1.751388,0.27739
4,5.1,0.016567,1.75685,0.271929
4,5.2,0.0165,1.761829,0.266949
4,5.3,0.016439,1.766366,0.262413
4,5.4,0.016385,1.770496,0.258282
4,5.5,0.016335,1.774256,0.254522
4,5.6,0.016291,1.777676,0.251102
4,5.7,0.01625,1.780785,0.247993
4,5.8,0.016214,1.783612,0.245166
4,5.9,0.016181,1.78618,0.242598
4,6.0,0.016151,1.788513,0.240265
4,6.1,0.016124,1.790631,0.238147
4,6.2,0.016099,1.792554,0.236224
4,6.3,0.016077,1.7943,0.234479
4,6.4,0.016057,1.795883,0.232895
4,6.5,0.016039,1.79732,0.231458
4,6.6,0.016023,1.798623,0.230155
4,6.7,0.016008,1.799805,0.228973
4,6.8,0.015994,1.800877,0.227901
4,6.9,0.015982,1.801849,0.226929
4,7.0,0.015971,1.80273,0.226048
4,7.1,0.015961,1.803529,0.22525
4,7.2,0.015952,1.804252,0.224526
4,7.3,0.015944,1.804908,0.22387
4,7.4,0.015937,1.805503,0.223275
4,7.5,0.01593,1.806042,0.222737
4,7.6,0.015924,1.80653,0.222249
4,7.7,0.015918,1.806972,0.221806
4,7.8,0.015913,1.807373,0.221406
4,7.9,0.015909,1.807736,0.221043
4,8.0,0.015905,1.808064,0.220714
4,8.1,0.015901,1.808362,0.220416
4,8.2,0.015898,1.808632,0.220146
4,8.3,0.015895,1.808876,0.219902
4,8.4,0.015892,1.809098,0.21968
4,8.5,0.01589,1.809298,0.21948
4,8.6,0.015887,1.80948,0.219298
4,8.7,0.015885,1.809644,0.219134
4,8.8,0.015884,1.809793,0.218985
4,8.9,0.015882,1.809928,0.21885
4,9.0,0.01588,1.81005,0.218728
4,9.1,0.015879,1.810161,0.218617
4,9.2,0.015878,1.810261,0.218517
4,9.3,0.015877,1.810352,0.218426
4,9.4,0.015876,1.810434,0.218344
4,9.5,0.015875,1.810509,0.21827
4,9.6,0.015874,1.810576,0.218202
4,9.7,0.015873,1.810637,0.218141
4,9.8,0.015872,1.810692,0.218086
4,9.9,0.015872,1.810742,0.218036
4,10.0,0.015871,1.810788,0.21799
5,0.0,0.012135,0.299563,0.659543
5,0.1,0.020378,0.298691,0.660415
5,0.2,0.027938,0.297008,0.662098
5,0.3,0.034949,0.294589,0.664518
5,0.4,0.041515,0.291497,0.667609
5,0.5,0.047717,0.287791,0.671315
5,0.6,0.053621,0.283524,0.675582
5,0.7,0.059281,0.278743,0.680364
5,0.8,0.064743,0.273491,0.685615
5,0.9,0.070047,0.267811,0.691296
5,1.0,0.075228,0.261738,0.697368
5,1.1,0.080315,0.25531,0.703797
5,1.2,0.085335,0.248559,0.710548
5,1.3,0.090313,0.241518,0.717589
5,1.4,0.09527,0.234217,0.724889
5,1.5,0.100225,0.226688,0.732418
5,1.6,0.105196,0.218961,0.740146
5,1.7,0.110198,0.211063,0.748043
5,1.8,0.115246,0.203027,0.75608
5,1.9,0.120353,0.19488,0.764226
5,2.0,0.125531,0.186653,0.772453
5,2.1,0.13079,0.178378,0.780728
5,2.2,0.136139,0.170085,0.789021
5,2.3,0.141586,0.161806,0.797301
5,2.4,0.147139,0.153573,0.805533
5,2.5,0.152802,0.145419,0.813687
5,2.6,0.15858,0.137378,0.821728
5,2.7,0.164477,0.129482,0.829624
5,2.8,0.170494,0.121764,0.837342
5,2.9,0.176632,0.114256,0.844851
5,3.0,0.182891,0.106988,0.852118
5,3.1,0.189269,0.099989,0.859117
5,3.2,0.195764,0.093286,0.86582
5,3.3,0.20237,0.086902,0.872204
5,3.4,0.209085,0.080857,0.87825
5,3.5,0.215902,0.075166,0.88394
5,3.6,0.222814,0.069841,0.889265
5,3.7,0.229815,0.064889,0.894218
5,3.8,0.236896,0.06031,0.898796
5,3.9,0.24405,0.056103,0.903003
5,4.0,0.251269,0.052259,0.906848
5,4.1,0.258544,0.048765,0.910341
5,4.2,0.265868,0.045607,0.913499
5,4.3,0.273232,0.042766,0.91634
5,4.4,0.280629,0.040221,0.918885
5,4.5,0.288051,0.03795,0.921156
5,4.6,0.295492,0.03593,0.923177
5,4.7,0.302946,0.034136,0.92497
5,4.8,0.310408,0.032548,0.926559
5,4.9,0.317871,0.031141,0.927965
5,5.0,0.325333,0.029897,0.92921
5,5.1,0.332787,0.028794,0.930312
5,5.2,0.340232,0.027817,0.93129
5,5.3,0.347664,0.026948,0.932159
5,5.4,0.355081,0.026172,0.932934
5,5.5,0.362479,0.025479,0.933628
5,5.6,0.369858,0.024855,0.934251
5,5.7,0.377215,0.024292,0.934815
5,5.8,0.384549,0.02378,0.935326
5,5.9,0.391859,0.023313,0.935793
5,6.0,0.399144,0.022884,0.936222
5,6.1,0.406403,0.022489,0.936618
5,6.2,0.413636,0.022121,0.936985
5,6.3,0.420842,0.021778,0.937328
5,6.4,0.42802,0.021456,0.93765
5,6.5,0.43517,0.021153,0.937953
5,6.6,0.442292,0.020866,0.93824
5,6.7,0.449386,0.020594,0.938512
5,6.8,0.45645,0.020334,0.938772
5,6.9,0.463487,0.020086,0.939021
5,7.0,0.470494,0.019847,0.939259
5,7.1,0.477472,0.019618,0.939488
5,7.2,0.484421,0.019398,0.939708
5,7.3,0.491342,0.019185,0.939921
5,7.4,0.498233,0.018979,0.940127
5,7.5,0.505095,0.01878,0.940326
5,7.6,0.511928,0.018587,0.940519
5,7.7,0.518732,0.018399,0.940707
5,7.8,0.525506,0.018218,0.940889
5,7.9,0.532252,0.018041,0.941066
5,8.0,0.538969,0.017869,0.941238
5,8.1,0.545657,0.017701,0.941405
5,8.2,0.552316,0.017538,0.941568
5,8.3,0.558946,0.017379,0.941727
5,8.4,0.565547,0.017224,0.941882
5,8.5,0.572119,0.017073,0.942033
5,8.6,0.578663,0.016926,0.942181
5,8.7,0.585178,0.016782,0.942325
5,8.8,0.591665,0.016641,0.942465
5,8.9,0.598123,0.016504,0.942603
5,9.0,0.604552,0.016369,0.942737
5,9.1,0.610953,0.016238,0.942868
5,9.2,0.617326,0.01611,0.942997
5,9.3,0.623671,0.015984,0.943122
5,9.4,0.629988,0.015861,0.943245
5,9.5,0.636276,0.015741,0.943365
5,9.6,0.642537,0.015623,0.943483
5,9.7,0.648769,0.015508,0.943598
5,9.8,0.654974,0.015395,0.943711
5,9.9,0.661151,0.015284,0.943822
5,10.0,0.667301,0.015176,0.94393
6,0.0,0.041554,0.334249,2.395219
6,0.1,0.046956,0.378232,2.351236
6,0.2,0.051405,0.425725,2.303743
6,0.3,0.054871,0.476882,2.252587
6,0.4,0.057335,0.531842,2.197626
6,0.5,0.058793,0.590724,2.138745
6,0.6,0.059257,0.653614,2.075854
6,0.7,0.05876,0.720558,2.008911
6,0.8,0.057358,0.791539,1.937929
6,0.9,0.055138,0.866469,1.862999
6,1.0,0.052214,0.945162,1.784306
6,1.1,0.048731,1.02732,1.702148
6,1.2,0.044859,1.112515,1.616953
6,1.3,0.040785,1.200182,1.529286
6,1.4,0.036698,1.289617,1.439851
6,1.5,0.032775,1.379993,1.349475
6,1.6,0.02916,1.47039,1.259078
6,1.7,0.025951,1.559839,1.169629
6,1.8,0.023197,1.647372,1.082097
6,1.9,0.020898,1.732081,0.997388
6,2.0,0.01902,1.813164,0.916304
6,2.1,0.017507,1.889963,0.839505
6,2.2,0.016297,1.961983,0.767486
6,2.3,0.01533,2.028894,0.700574
6,2.4,0.014553,2.090529,0.638939
6,2.5,0.013925,2.146861,0.582608
6,2.6,0.013412,2.19798,0.531488
6,2.7,0.012989,2.244073,0.485395
6,2.8,0.012638,2.285397,0.444071
6,2.9,0.012345,2.322255,0.407213
6,3.0,0.012098,2.354982,0.374487
6,3.1,0.011889,2.383922,0.345546
6,3.2,0.011712,2.409424,0.320044
6,3.3,0.011562,2.431826,0.297642
6,3.4,0.011433,2.451451,0.278017
6,3.5,0.011324,2.468602,0.260867
6,3.6,0.011231,2.483559,0.24591
6,3.7,0.011151,2.496579,0.232889
6,3.8,0.011082,2.507895,0.221573
6,3.9,0.011023,2.517717,0.211752
6,4.0,0.010973,2.526231,0.203237
6,4.1,0.01093,2.533604,0.195864
6,4.2,0.010893,2.539983,0.189485
6,4.3,0.010861,2.545498,0.18397
6,4.4,0.010834,2.550263,0.179205
6,4.5,0.01081,2.554377,0.175091
6,4.6,0.01079,2.557928,0.17154
6,4.7,0.010773,2.560991,0.168477
6,4.8,0.010758,2.563632,0.165836
6,4.9,0.010745,2.565909,0.163559
6,5.0,0.010734,2.567871,0.161597
6,5.1,0.010724,2.569562,0.159906
6,5.2,0.010716,2.571018,0.15845
6,5.3,0.010709,2.572272,0.157196
6,5.4,0.010703,2.573353,0.156116
6,5.5,0.010698,2.574283,0.155186
6,5.6,0.010694,2.575083,0.154385
6,5.7,0.01069,2.575773,0.153696
6,5.8,0.010686,2.576366,0.153102
6,5.9,0.010684,2.576877,0.152592
6,6.0,0.010681,2.577316,0.152152
6,6.1,0.010679,2.577694,0.151774
6,6.2,0.010677,2.57802,0.151449
6,6.3,0.010676,2.5783,0.151168
6,6.4,0.010674,2.578541,0.150927
6,6.5,0.010673,2.578748,0.15072
6,6.6,0.010672,2.578927,0.150542
6,6.7,0.010671,2.57908,0.150388
6,6.8,0.010671,2.579212,0.150256
6,6.9,0.01067,2.579326,0.150142
6,7.0,0.01067,2.579424,0.150044
6,7.1,0.010669,2.579508,0.14996
6,7.2,0.010669,2.57958,0.149888
6,7.3,0.010668,2.579643,0.149826
6,7.4,0.010668,2.579696,0.149772
6,7.5,0.010668,2.579742,0.149726
6,7.6,0.010668,2.579782,0.149686
6,7.7,0.010667,2.579816,0.149652
6,7.8,0.010667,2.579846,0.149623
6,7.9,0.010667,2.579871,0.149597
6,8.0,0.010667,2.579893,0.149576
6,8.1,0.010667,2.579911,0.149557
6,8.2,0.010667,2.579927,0.149541
6,8.3,0.010667,2.579941,0.149527
6,8.4,0.010667,2.579953,0.149515
6,8.5,0.010667,2.579963,0.149505
6,8.6,0.010666,2.579972,0.149496
6,8.7,0.010666,2.57998,0.149489
6,8.8,0.010666,2.579986,0.149482
6,8.9,0.010666,2.579992,0.149476
6,9.0,0.010666,2.579997,0.149472
6,9.1,0.010666,2.580001,0.149467
6,9.2,0.010666,2.580005,0.149464
6,9.3,0.010666,2.580008,0.149461
6,9.4,0.010666,2.58001,0.149458
6,9.5,0.010666,2.580013,0.149456
6,9.6,0.010666,2.580014,0.149454
6,9.7,0.010666,2.580016,0.149452
6,9.8,0.010666,2.580018,0.149451
6,9.9,0.010666,2.580019,0.149449
6,10.0,0.010666,2.58002,0.149448
7,0.0,0.018372,0.486814,2.732803
7,0.1,0.02452,0.567635,2.651982
7,0.2,0.029182,0.656721,2.562896
7,0.3,0.032369,0.754189,2.465428
7,0.4,0.034129,0.859959,2.359658
7,0.5,0.034565,0.973704,2.245913
7,0.6,0.033838,1.0948,2.124817
7,0.7,0.032165,1.222288,1.997329
7,0.8,0.029813,1.354854,1.864763
7,0.9,0.027072,1.490846,1.728771
7,1.0,0.024221,1.628328,1.591289
7,1.1,0.021497,1.765188,1.454429
7,1.2,0.019061,1.899274,1.320343
7,1.3,0.016995,2.028549,1.191068
7,1.4,0.015311,2.151238,1.068379
7,1.5,0.013974,2.265929,0.953688
7,1.6,0.012926,2.371633,0.847984
7,1.7,0.012108,2.467788,0.751829
7,1.8,0.011467,2.554225,0.665392
7,1.9,0.01096,2.631103,0.588514
7,2.0,0.010557,2.698837,0.52078
7,2.1,0.010232,2.758022,0.461595
7,2.2,0.009969,2.809364,0.410253
7,2.3,0.009755,2.853624,0.365992
7,2.4,0.009579,2.891575,0.328042
7,2.5,0.009435,2.923965,0.295652
7,2.6,0.009316,2.951501,0.268116
7,2.7,0.009218,2.974832,0.244785
7,2.8,0.009137,2.994543,0.225074
7,2.9,0.00907,3.011157,0.20846
7,3.0,0.009014,3.025132,0.194485
7,3.1,0.008968,3.036868,0.182749
7,3.2,0.00893,3.046708,0.172909
7,3.3,0.008898,3.05495,0.164667
7,3.4,0.008871,3.061846,0.157771
7,3.5,0.008849,3.06761,0.152007
7,3.6,0.008831,3.072426,0.147191
7,3.7,0.008816,3.076447,0.14317
7,3.8,0.008803,3.079803,0.139814
7,3.9,0.008793,3.082602,0.137015
7,4.0,0.008784,3.084936,0.134681
7,4.1,0.008777,3.086882,0.132735
7,4.2,0.008771,3.088504,0.131113
7,4.3,0.008766,3.089855,0.129762
7,4.4,0.008762,3.090981,0.128636
7,4.5,0.008758,3.091919,0.127698
7,4.6,0.008755,3.0927,0.126917
7,4.7,0.008753,3.093351,0.126266
7,4.8,0.008751,3.093893,0.125724
7,4.9,0.008749,3.094344,0.125273
7,5.0,0.008748,3.09472,0.124897
7,5.1,0.008746,3.095033,0.124584
7,5.2,0.008746,3.095293,0.124324
7,5.3,0.008745,3.09551,0.124107
7,5.4,0.008744,3.095691,0.123926
7,5.5,0.008743,3.095841,0.123776
7,5.6,0.008743,3.095966,0.123651
7,5.7,0.008743,3.09607,0.123547
7,5.8,0.008742,3.096157,0.12346
7,5.9,0.008742,3.096229,0.123388
7,6.0,0.008742,3.096289,0.123328
7,6.1,0.008742,3.096339,0.123277
7,6.2,0.008741,3.096381,0.123236
7,6.3,0.008741,3.096416,0.123201
7,6.4,0.008741,3.096445,0.123172
7,6.5,0.008741,3.096469,0.123148
7,6.6,0.008741,3.096489,0.123128
7,6.7,0.008741,3.096505,0.123112
7,6.8,0.008741,3.096519,0.123098
7,6.9,0.008741,3.096531,0.123086
7,7.0,0.008741,3.09654,0.123076
7,7.1,0.008741,3.096548,0.123068
7,7.2,0.008741,3.096555,0.123062
7,7.3,0.008741,3.096561,0.123056
7,7.4,0.008741,3.096565,0.123052
7,7.5,0.008741,3.096569,0.123048
7,7.6,0.008741,3.096572,0.123045
7,7.7,0.008741,3.096575,0.123042
7,7.8,0.008741,3.096577,0.12304
7,7.9,0.008741,3.096579,0.123038
7,8.0,0.008741,3.096581,0.123036
7,8.1,0.008741,3.096582,0.123035
7,8.2,0.008741,3.096583,0.123034
7,8.3,0.008741,3.096584,0.123033
7,8.4,0.008741,3.096585,0.123032
7,8.5,0.008741,3.096585,0.123032
7,8.6,0.008741,3.096586,0.123031
7,8.7,0.008741,3.096586,0.123031
7,8.8,0.008741,3.096586,0.12303
7,8.9,0.008741,3.096587,0.12303
7,9.0,0.008741,3.096587,0.12303
7,9.1,0.008741,3.096587,0.12303
7,9.2,0.008741,3.096587,0.12303
7,9.3,0.008741,3.096588,0.123029
7,9.4,0.008741,3.096588,0.123029
7,9.5,0.008741,3.096588,0.123029
7,9.6,0.008741,3.096588,0.123029
7,9.7,0.008741,3.096588,0.123029
7,9.8,0.008741,3.096588,0.123029
7,9.9,0.008741,3.096588,0.123029
7,10.0,0.008741,3.096588,0.123029
8,0.0,0.039141,0.137587,1.666803
8,0.1,0.047203,0.147735,1.656655
8,0.2,0.054881,0.157814,1.646576
8,0.3,0.062183,0.167803,1.636587
8,0.4,0.069115,0.177685,1.626705
8,0.5,0.075685,0.187441,1.616949
8,0.6,0.081901,0.197057,1.607333
8,0.7,0.087771,0.206519,1.597871
8,0.8,0.093303,0.215815,1.588575
8,0.9,0.098507,0.224936,1.579453
8,1.0,0.103391,0.233876,1.570514
8,1.1,0.107965,0.242627,1.561762
8,1.2,0.112238,0.25119,1.5532
8,1.3,0.116219,0.259561,1.544829
8,1.4,0.119918,0.267743,1.536647
8,1.5,0.123343,0.275739,1.528651
8,1.6,0.126505,0.283553,1.520837
8,1.7,0.129412,0.291192,1.513197
8,1.8,0.132073,0.298664,1.505726
8,1.9,0.134496,0.305978,1.498412
8,2.0,0.136691,0.313144,1.491246
8,2.1,0.138665,0.320173,1.484217
8,2.2,0.140425,0.327079,1.477311
8,2.3,0.14198,0.333873,1.470517
8,2.4,0.143336,0.34057,1.463819
8,2.5,0.1445,0.347185,1.457205
8,2.6,0.145478,0.353733,1.450657
8,2.7,0.146276,0.360229,1.444161
8,2.8,0.1469,0.36669,1.4377
8,2.9,0.147355,0.373132,1.431258
8,3.0,0.147645,0.379572,1.424818
8,3.1,0.147776,0.386028,1.418362
8,3.2,0.14775,0.392518,1.411872
8,3.3,0.147573,0.399059,1.405331
8,3.4,0.147246,0.40567,1.39872
8,3.5,0.146774,0.41237,1.392019
8,3.6,0.146158,0.419179,1.385211
8,3.7,0.145402,0.426115,1.378275
8,3.8,0.144507,0.433199,1.371191
8,3.9,0.143475,0.440451,1.363939
8,4.0,0.142309,0.447892,1.356498
8,4.1,0.141009,0.455544,1.348846
8,4.2,0.139577,0.463428,1.340962
8,4.3,0.138014,0.471565,1.332824
8,4.4,0.136322,0.47998,1.32441
8,4.5,0.134501,0.488695,1.315695
8,4.6,0.132553,0.497734,1.306656
8,4.7,0.13048,0.50712,1.29727
8,4.8,0.128282,0.516879,1.287511
8,4.9,0.125961,0.527034,1.277356
8,5.0,0.123519,0.53761,1.26678
8,5.1,0.120959,0.548633,1.255757
8,5.2,0.118284,0.560127,1.244263
8,5.3,0.115496,0.572117,1.232273
8,5.4,0.1126,0.584627,1.219763
8,5.5,0.109601,0.597681,1.206709
8,5.6,0.106504,0.6113,1.19309
8,5.7,0.103316,0.625506,1.178884
8,5.8,0.100045,0.640317,1.164073
8,5.9,0.0967,0.655751,1.148639
8,6.0,0.093292,0.67182,1.13257
8,6.1,0.089831,0.688535,1.115855
8,6.2,0.086332,0.705901,1.098488
8,6.3,0.082808,0.723921,1.080469
8,6.4,0.079276,0.742588,1.061801
8,6.5,0.075751,0.761894,1.042496
8,6.6,0.072253,0.781819,1.022571
8,6.7,0.0688,0.80234,1.00205
8,6.8,0.06541,0.823422,0.980967
8,6.9,0.062103,0.845027,0.959363
8,7.0,0.058896,0.867104,0.937286
8,7.1,0.055807,0.889596,0.914794
8,7.2,0.052852,0.912438,0.891952
8,7.3,0.050043,0.93556,0.86883
8,7.4,0.047392,0.958883,0.845507
8,7.5,0.044906,0.982325,0.822065
8,7.6,0.04259,1.005801,0.798589
8,7.7,0.040446,1.029223,0.775167
8,7.8,0.038473,1.052504,0.751886
8,7.9,0.036666,1.075559,0.72883
8,8.0,0.035019,1.098306,0.706084
8,8.1,0.033524,1.120667,0.683723
8,8.2,0.032171,1.14257,0.661819
8,8.3,0.03095,1.163951,0.640439
8,8.4,0.02985,1.184752,0.619638
8,8.5,0.02886,1.204923,0.599467
8,8.6,0.027969,1.224424,0.579966
8,8.7,0.027168,1.243221,0.561169
8,8.8,0.026447,1.261289,0.543101
8,8.9,0.025797,1.27861,0.52578
8,9.0,0.02521,1.295173,0.509216
8,9.1,0.02468,1.310975,0.493415
8,9.2,0.024201,1.326016,0.478374
8,9.3,0.023766,1.340302,0.464088
8,9.4,0.023372,1.353846,0.450544
8,9.5,0.023013,1.366661,0.437729
8,9.6,0.022687,1.378766,0.425624
8,9.7,0.022389,1.390181,0.414209
8,9.8,0.022117,1.40093,0.40346
8,9.9,0.021869,1.411036,0.393353
8,10.0,0.021641,1.420527,0.383863
9,0.0,0.003146,0.11943,2.207622
9,0.1,0.012724,0.137949,2.189104
9,0.2,0.021766,0.157458,2.169595
9,0.3,0.030248,0.178003,2.14905
9,0.4,0.038149,0.199621,2.127431
9,0.5,0.04545,0.222351,2.104702
9,0.6,0.05213,0.246226,2.080827
9,0.7,0.058173,0.271282,2.055771
9,0.8,0.063562,0.297557,2.029496
9,0.9,0.068282,0.32509,2.001963
9,1.0,0.072323,0.353924,1.973129
9,1.1,0.075673,0.384106,1.942946
9,1.2,0.078328,0.41569,1.911362
9,1.3,0.080283,0.448732,1.87832
9,1.4,0.08154,0.483292,1.84376
9,1.5,0.082104,0.519434,1.807619
9,1.6,0.081988,0.55722,1.769832
9,1.7,0.081209,0.596715,1.730338
9,1.8,0.079792,0.637974,1.689079
9,1.9,0.077773,0.681046,1.646007
9,2.0,0.075195,0.725964,1.601089
9,2.1,0.072114,0.772741,1.554311
9,2.2,0.068597,0.821363,1.505689
9,2.3,0.064721,0.871782,1.455271
9,2.4,0.060578,0.923907,1.403145
9,2.5,0.056266,0.977602,1.349451
9,2.6,0.051891,1.032675,1.294378
9,2.7,0.047559,1.08888,1.238173
9,2.8,0.043372,1.145918,1.181135
9,2.9,0.03942,1.203439,1.123614
9,3.0,0.035777,1.261053,1.066
9,3.1,0.032492,1.318345,1.008708
9,3.2,0.029592,1.37489,0.952163
9,3.3,0.027077,1.430274,0.896779
9,3.4,0.024932,1.484107,0.842945
9,3.5,0.023122,1.536044,0.791009
9,3.6,0.021609,1.585789,0.741264
9,3.7,0.020349,1.633107,0.693945
9,3.8,0.019301,1.677827,0.649226
9,3.9,0.018428,1.719834,0.607218
9,4.0,0.017698,1.759072,0.567981
9,4.1,0.017083,1.795533,0.53152
9,4.2,0.016562,1.829252,0.4978
9,4.3,0.016119,1.860301,0.466752
9,4.4,0.015739,1.888776,0.438277
9,4.5,0.015411,1.914796,0.412256
9,4.6,0.015127,1.938496,0.388557
9,4.7,0.014881,1.960017,0.367035
9,4.8,0.014666,1.979508,0.347544
9,4.9,0.014478,1.997118,0.329935
9,5.0,0.014314,2.012992,0.314061
9,5.1,0.01417,2.027274,0.299779
9,5.2,0.014043,2.040101,0.286952
9,5.3,0.013931,2.051603,0.27545
9,5.4,0.013833,2.061902,0.265151
9,5.5,0.013747,2.071112,0.25594
9,5.6,0.013671,2.079339,0.247713
9,5.7,0.013604,2.086681,0.240372
9,5.8,0.013545,2.093227,0.233826
9,5.9,0.013492,2.099058,0.227995
9,6.0,0.013446,2.104249,0.222804
9,6.1,0.013405,2.108866,0.218186
9,6.2,0.013369,2.112972,0.21408
9,6.3,0.013337,2.116621,0.210431
9,6.4,0.013309,2.119863,0.20719
9,6.5,0.013284,2.122741,0.204312
9,6.6,0.013262,2.125295,0.201757
9,6.7,0.013243,2.127562,0.199491
9,6.8,0.013226,2.129573,0.19748
9,6.9,0.01321,2.131356,0.195697
9,7.0,0.013197,2.132937,0.194115
9,7.1,0.013185,2.134339,0.192713
9,7.2,0.013175,2.135582,0.191471
9,7.3,0.013165,2.136683,0.19037
9,7.4,0.013157,2.137659,0.189394
9,7.5,0.01315,2.138523,0.18853
9,7.6,0.013143,2.139289,0.187764
9,7.7,0.013137,2.139967,0.187085
9,7.8,0.013132,2.140568,0.186485
9,7.9,0.013128,2.1411,0.185952
9,8.0,0.013124,2.141572,0.185481
9,8.1,0.01312,2.141989,0.185064
9,8.2,0.013117,2.142359,0.184694
9,8.3,0.013115,2.142686,0.184367
9,8.4,0.013112,2.142976,0.184077
9,8.5,0.01311,2.143232,0.18382
9,8.6,0.013108,2.143459,0.183593
9,8.7,0.013106,2.143661,0.183392
9,8.8,0.013105,2.143839,0.183214
9,8.9,0.013104,2.143996,0.183056
9,9.0,0.013102,2.144136,0.182917
9,9.1,0.013101,2.144259,0.182793
9,9.2,0.013101,2.144369,0.182684
9,9.3,0.0131,2.144466,0.182587
9,9.4,0.013099,2.144551,0.182501
9,9.5,0.013098,2.144627,0.182425
9,9.6,0.013098,2.144694,0.182358
9,9.7,0.013097,2.144754,0.182299
9,9.8,0.013097,2.144807,0.182246
9,9.9,0.013096,2.144853,0.1822
9,10.0,0.013096,2.144894,0.182158
10,0.0,0.037493,0.485379,1.314563
10,0.1,0.041649,0.509132,1.29081
10,0.2,0.04512,0.532866,1.267077
10,0.3,0.047961,0.556592,1.243351
10,0.4,0.050223,0.580326,1.219617
10,0.5,0.051953,0.604086,1.195857
10,0.6,0.053195,0.627889,1.172054
10,0.7,0.053993,0.651753,1.14819
10,0.8,0.054388,0.675693,1.12425
10,0.9,0.05442,0.699724,1.100219
10,1.0,0.054129,0.723856,1.076087
10,1.1,0.053554,0.748094,1.051849
10,1.2,0.052733,0.772439,1.027503
10,1.3,0.051703,0.796888,1.003055
10,1.4,0.050501,0.821427,0.978516
10,1.5,0.049159,0.84604,0.953903
10,1.6,0.047713,0.870702,0.929241
10,1.7,0.046193,0.895381,0.904562
10,1.8,0.044627,0.92004,0.879903
10,1.9,0.043043,0.944634,0.855308
10,2.0,0.041464,0.969115,0.830828
10,2.1,0.03991,0.993429,0.806514
10,2.2,0.0384,1.017518,0.782425
10,2.3,0.036945,1.041325,0.758618
10,2.4,0.035559,1.064789,0.735153
10,2.5,0.034247,1.087852,0.71209
10,2.6,0.033016,1.110457,0.689486
10,2.7,0.031867,1.132549,0.667393
10,2.8,0.030802,1.154079,0.645864
10,2.9,0.029817,1.175001,0.624942
10,3.0,0.028912,1.195275,0.604668
10,3.1,0.028081,1.214868,0.585075
10,3.2,0.027321,1.233752,0.566191
10,3.3,0.026627,1.251906,0.548037
10,3.4,0.025993,1.269316,0.530627
10,3.5,0.025416,1.285971,0.513972
10,3.6,0.024889,1.301868,0.498074
10,3.7,0.024409,1.31701,0.482932
10,3.8,0.023972,1.331403,0.46854
10,3.9,0.023573,1.345056,0.454886
10,4.0,0.023208,1.357985,0.441957
10,4.1,0.022876,1.370207,0.429736
10,4.2,0.022571,1.381742,0.418201
10,4.3,0.022293,1.392611,0.407332
10,4.4,0.022039,1.402838,0.397105
10,4.5,0.021805,1.412449,0.387494
10,4.6,0.021592,1.421469,0.378474
10,4.7,0.021396,1.429924,0.370019
10,4.8,0.021216,1.437842,0.362101
10,4.9,0.02105,1.445248,0.354695
10,5.0,0.020899,1.45217,0.347773
10,5.1,0.020759,1.458632,0.341311
10,5.2,0.020631,1.464661,0.335281
10,5.3,0.020513,1.470282,0.329661
10,5.4,0.020405,1.475517,0.324426
10,5.5,0.020305,1.480391,0.319552
10,5.6,0.020213,1.484925,0.315018
10,5.7,0.020128,1.489141,0.310802
10,5.8,0.02005,1.493059,0.306884
10,5.9,0.019978,1.496698,0.303245
10,6.0,0.019912,1.500076,0.299867
10,6.1,0.019851,1.503211,0.296732
10,6.2,0.019795,1.506119,0.293823
10,6.3,0.019743,1.508816,0.291127
10,6.4,0.019696,1.511316,0.288627
10,6.5,0.019652,1.513632,0.28631
10,6.6,0.019611,1.515779,0.284164
10,6.7,0.019574,1.517766,0.282177
10,6.8,0.019539,1.519606,0.280336
10,6.9,0.019507,1.52131,0.278633
10,7.0,0.019478,1.522887,0.277056
10,7.1,0.019451,1.524345,0.275597
10,7.2,0.019426,1.525695,0.274248
10,7.3,0.019403,1.526944,0.272999
10,7.4,0.019382,1.528098,0.271844
10,7.5,0.019362,1.529166,0.270777
10,7.6,0.019344,1.530153,0.26979
10,7.7,0.019327,1.531066,0.268877
10,7.8,0.019312,1.531909,0.268033
10,7.9,0.019298,1.532689,0.267254
10,8.0,0.019285,1.53341,0.266533
10,8.1,0.019272,1.534076,0.265867
10,8.2,0.019261,1.534691,0.265252
10,8.3,0.019251,1.535259,0.264683
10,8.4,0.019241,1.535785,0.264158
10,8.5,0.019233,1.53627,0.263673
10,8.6,0.019225,1.536718,0.263225
10,8.7,0.019217,1.537132,0.262811
10,8.8,0.01921,1.537514,0.262428
10,8.9,0.019204,1.537868,0.262075
10,9.0,0.019198,1.538194,0.261749
10,9.1,0.019193,1.538495,0.261448
10,9.2,0.019188,1.538773,0.261169
10,9.3,0.019183,1.53903,0.260913
10,9.4,0.019179,1.539267,0.260675
10,9.5,0.019175,1.539487,0.260456
10,9.6,0.019171,1.539689,0.260254
10,9.7,0.019168,1.539876,0.260067
10,9.8,0.019165,1.540048,0.259895
10,9.9,0.019162,1.540207,0.259735
10,10.0,0.019159,1.540354,0.259588
11,0.0,0.019153,0.2613,0.973678
11,0.1,0.027056,0.265848,0.969131
11,0.2,0.034383,0.269741,0.965237
11,0.3,0.041215,0.273004,0.961975
11,0.4,0.047616,0.27566,0.959318
11,0.5,0.053642,0.277734,0.957245
11,0.6,0.059337,0.279248,0.955731
11,0.7,0.064741,0.280225,0.954754
11,0.8,0.06989,0.280687,0.954291
11,0.9,0.074815,0.280657,0.954321
11,1.0,0.079542,0.280156,0.954823
11,1.1,0.084098,0.279204,0.955774
11,1.2,0.088505,0.277823,0.957156
11,1.3,0.092784,0.27603,0.958948
11,1.4,0.096955,0.273846,0.961133
11,1.5,0.101036,0.271288,0.963691
11,1.6,0.105043,0.268374,0.966605
11,1.7,0.108992,0.265121,0.969858
11,1.8,0.112897,0.261545,0.973434
11,1.9,0.116772,0.257663,0.977316
11,2.0,0.120629,0.25349,0.981489
11,2.1,0.124481,0.249042,0.985937
11,2.2,0.12834,0.244334,0.990644
11,2.3,0.132215,0.239382,0.995597
11,2.4,0.136117,0.2342,1.000779
11,2.5,0.140056,0.228804,1.006175
11,2.6,0.14404,0.22321,1.011769
11,2.7,0.148079,0.217433,1.017546
11,2.8,0.152179,0.21149,1.023489
11,2.9,0.15635,0.205397,1.029581
11,3.0,0.160596,0.199172,1.035806
11,3.1,0.164926,0.192833,1.042145
11,3.2,0.169345,0.186399,1.048579
11,3.3,0.173859,0.179889,1.05509
11,3.4,0.178472,0.173322,1.061656
11,3.5,0.183189,0.166721,1.068258
11,3.6,0.188013,0.160106,1.074873
11,3.7,0.192948,0.153499,1.08148
11,3.8,0.197997,0.146923,1.088055
11,3.9,0.203159,0.140402,1.094577
11,4.0,0.208438,0.133957,1.101021
11,4.1,0.213833,0.127613,1.107365
11,4.2,0.219343,0.121392,1.113587
11,4.3,0.224969,0.115316,1.119663
11,4.4,0.230707,0.109406,1.125573
11,4.5,0.236555,0.103682,1.131296
11,4.6,0.24251,0.098164,1.136815
11,4.7,0.248568,0.092866,1.142113
11,4.8,0.254725,0.087804,1.147175
11,4.9,0.260975,0.082989,1.15199
11,5.0,0.267313,0.07843,1.156549
11,5.1,0.273734,0.074133,1.160846
11,5.2,0.28023,0.070102,1.164877
11,5.3,0.286796,0.066337,1.168642
11,5.4,0.293425,0.062835,1.172143
11,5.5,0.30011,0.059592,1.175386
11,5.6,0.306846,0.0566,1.178379
11,5.7,0.313625,0.053848,1.18113
11,5.8,0.320441,0.051327,1.183651
11,5.9,0.327289,0.049023,1.185956
11,6.0,0.334162,0.046922,1.188057
11,6.1,0.341056,0.04501,1.189969
11,6.2,0.347966,0.043273,1.191706
11,6.3,0.354886,0.041695,1.193283
11,6.4,0.361813,0.040264,1.194715
11,6.5,0.368743,0.038965,1.196014
11,6.6,0.375673,0.037784,1.197194
11,6.7,0.382598,0.036711,1.198268
11,6.8,0.389517,0.035733,1.199246
11,6.9,0.396428,0.034839,1.200139
11,7.0,0.403327,0.034022,1.200957
11,7.1,0.410213,0.033271,1.201708
11,7.2,0.417084,0.032579,1.2024
11,7.3,0.423939,0.031939,1.203039
11,7.4,0.430777,0.031346,1.203633
11,7.5,0.437596,0.030793,1.204185
11,7.6,0.444395,0.030277,1.204702
11,7.7,0.451174,0.029792,1.205186
11,7.8,0.457932,0.029336,1.205643
11,7.9,0.464669,0.028905,1.206074
11,8.0,0.471383,0.028496,1.206482
11,8.1,0.478074,0.028108,1.206871
11,8.2,0.484742,0.027738,1.207241
11,8.3,0.491387,0.027384,1.207595
11,8.4,0.498008,0.027045,1.207934
11,8.5,0.504605,0.026719,1.208259
11,8.6,0.511178,0.026406,1.208573
11,8.7,0.517726,0.026104,1.208874
11,8.8,0.52425,0.025813,1.209166
11,8.9,0.53075,0.025531,1.209447
11,9.0,0.537224,0.025259,1.20972
11,9.1,0.543674,0.024995,1.209983
11,9.2,0.550098,0.024739,1.210239
11,9.3,0.556498,0.024491,1.210488
11,9.4,0.562873,0.024249,1.210729
11,9.5,0.569222,0.024015,1.210964
11,9.6,0.575546,0.023786,1.211192
11,9.7,0.581845,0.023564,1.211415
11,9.8,0.588119,0.023348,1.211631
11,9.9,0.594368,0.023137,1.211842
11,10.0,0.600591,0.022931,1.212048
12,0.0,0.007366,0.264067,1.067273
12,0.1,0.016175,0.271867,1.059474
12,0.2,0.02422,0.27903,1.052311
12,0.3,0.031613,0.285574,1.045767
12,0.4,0.038441,0.291516,1.039825
12,0.5,0.044774,0.296874,1.034467
12,0.6,0.050666,0.301666,1.029675
12,0.7,0.056166,0.305911,1.02543
12,0.8,0.061315,0.309627,1.021713
12,0.9,0.066149,0.312835,1.018506
12,1.0,0.0707,0.315553,1.015787
12,1.1,0.074996,0.317802,1.013539
12,1.2,0.079062,0.319599,1.011742
12,1.3,0.082923,0.320963,1.010377
12,1.4,0.0866,0.321914,1.009427
12,1.5,0.090112,0.322467,1.008874
12,1.6,0.093477,0.32264,1.008701
12,1.7,0.096712,0.322448,1.008892
12,1.8,0.099832,0.321908,1.009433
12,1.9,0.102853,0.321033,1.010307
12,2.0,0.105786,0.319838,1.011502
12,2.1,0.108645,0.318335,1.013005
12,2.2,0.111442,0.316537,1.014804
12,2.3,0.114188,0.314454,1.016886
12,2.4,0.116893,0.312098,1.019242
12,2.5,0.119566,0.309479,1.021861
12,2.6,0.122218,0.306606,1.024734
12,2.7,0.124856,0.303488,1.027852
12,2.8,0.12749,0.300134,1.031206
12,2.9,0.130128,0.296551,1.034789
12,3.0,0.132777,0.292748,1.038593
12,3.1,0.135444,0.288731,1.042609
12,3.2,0.138137,0.284508,1.046833
12,3.3,0.140862,0.280085,1.051256
12,3.4,0.143626,0.27547,1.055871
12,3.5,0.146436,0.270668,1.060672
12,3.6,0.149297,0.265688,1.065653
12,3.7,0.152216,0.260536,1.070805
12,3.8,0.155198,0.255219,1.076122
12,3.9,0.158249,0.249744,1.081597
12,4.0,0.161374,0.24412,1.08722
12,4.1,0.164579,0.238355,1.092986
12,4.2,0.167869,0.232458,1.098883
12,4.3,0.171248,0.226437,1.104903
12,4.4,0.174721,0.220304,1.111036
12,4.5,0.178293,0.214069,1.117272
12,4.6,0.181968,0.207743,1.123597
12,4.7,0.185749,0.201339,1.130001
12,4.8,0.189641,0.194871,1.13647
12,4.9,0.193647,0.188352,1.142989
12,5.0,0.197769,0.181797,1.149543
12,5.1,0.20201,0.175223,1.156118
12,5.2,0.206373,0.168646,1.162695
12,5.3,0.210859,0.162083,1.169257
12,5.4,0.215469,0.155554,1.175787
12,5.5,0.220205,0.149076,1.182265
12,5.6,0.225066,0.142669,1.188672
12,5.7,0.230052,0.136353,1.194988
12,5.8,0.235162,0.130146,1.201195
12,5.9,0.240394,0.124069,1.207272
12,6.0,0.245747,0.118139,1.213201
12,6.1,0.251218,0.112376,1.218965
12,6.2,0.256803,0.106795,1.224546
12,6.3,0.2625,0.101413,1.229928
12,6.4,0.268302,0.096244,1.235097
12,6.5,0.274206,0.091299,1.240042
12,6.6,0.280206,0.086589,1.244752
12,6.7,0.286297,0.082121,1.24922
12,6.8,0.292472,0.077901,1.25344
12,6.9,0.298726,0.07393,1.25741
12,7.0,0.305052,0.070211,1.26113
12,7.1,0.311443,0.066739,1.264602
12,7.2,0.317893,0.063511,1.26783
12,7.3,0.324397,0.060519,1.270821
12,7.4,0.330947,0.057756,1.273584
12,7.5,0.337537,0.055212,1.276129
12,7.6,0.344162,0.052874,1.278466
12,7.7,0.350816,0.050732,1.280609
12,7.8,0.357494,0.048772,1.282569
12,7.9,0.364191,0.04698,1.28436
12,8.0,0.370902,0.045345,1.285996
12,8.1,0.377623,0.043852,1.287489
12,8.2,0.384351,0.04249,1.288851
12,8.3,0.391081,0.041245,1.290095
12,8.4,0.397811,0.040107,1.291233
12,8.5,0.404538,0.039066,1.292275
12,8.6,0.411259,0.03811,1.293231
12,8.7,0.417972,0.037231,1.29411
12,8.8,0.424675,0.036421,1.29492
12,8.9,0.431367,0.035672,1.295669
12,9.0,0.438044,0.034977,1.296363
12,9.1,0.444708,0.034331,1.29701
12,9.2,0.451355,0.033728,1.297613
12,9.3,0.457985,0.033162,1.298178
12,9.4,0.464597,0.032631,1.298709
12,9.5,0.471191,0.032131,1.29921
12,9.6,0.477765,0.031658,1.299683
12,9.7,0.484318,0.031209,1.300132
12,9.8,0.490852,0.030782,1.300559
12,9.9,0.497364,0.030374,1.300966
12,10.0,0.503855,0.029985,1.301356
13,0.0,0.033821,0.246718,2.581695
13,0.1,0.040743,0.28491,2.543504
13,0.2,0.046797,0.326591,2.501823
13,0.3,0.051929,0.371987,2.456427
13,0.4,0.056091,0.421317,2.407096
13,0.5,0.059244,0.474793,2.353621
13,0.6,0.06136,0.532607,2.295807
13,0.7,0.062427,0.594931,2.233483
13,0.8,0.06245,0.661897,2.166517
13,0.9,0.061461,0.733586,2.094828
13,1.0,0.059521,0.810005,2.018409
13,1.1,0.056725,0.891065,1.937349
13,1.2,0.053203,0.976554,1.85186
13,1.3,0.049124,1.066116,1.762298
13,1.4,0.044687,1.159227,1.669187
13,1.5,0.040109,1.255184,1.57323
13,1.6,0.035611,1.35311,1.475304
13,1.7,0.031387,1.451977,1.376437
13,1.8,0.027589,1.550649,1.277765
13,1.9,0.024306,1.647946,1.180468
13,2.0,0.021566,1.742714,1.0857
13,2.1,0.019342,1.833897,0.994517
13,2.2,0.017571,1.920598,0.907816
13,2.3,0.016177,2.002111,0.826303
13,2.4,0.015082,2.077941,0.750472
13,2.5,0.014219,2.147803,0.680611
13,2.6,0.013533,2.211595,0.616819
13,2.7,0.012982,2.269378,0.559036
13,2.8,0.012534,2.32134,0.507073
13,2.9,0.012166,2.367768,0.460646
13,3.0,0.011862,2.409013,0.419401
13,3.1,0.011608,2.445467,0.382947
13,3.2,0.011395,2.477543,0.350871
13,3.3,0.011216,2.505657,0.322757
13,3.4,0.011065,2.530212,0.298202
13,3.5,0.010938,2.551596,0.276818
13,3.6,0.010829,2.570169,0.258245
13,3.7,0.010737,2.586263,0.24215
13,3.8,0.010659,2.600184,0.22823
13,3.9,0.010593,2.612203,0.216211
13,4.0,0.010536,2.622565,0.205849
13,4.1,0.010488,2.631488,0.196926
13,4.2,0.010447,2.639162,0.189251
13,4.3,0.010412,2.645757,0.182656
13,4.4,0.010382,2.65142,0.176994
13,4.5,0.010357,2.656279,0.172135
13,4.6,0.010335,2.660446,0.167968
13,4.7,0.010317,2.664017,0.164397
13,4.8,0.010301,2.667077,0.161337
13,4.9,0.010287,2.669697,0.158717
13,5.0,0.010276,2.671941,0.156473
13,5.1,0.010266,2.673861,0.154553
13,5.2,0.010258,2.675504,0.15291
13,5.3,0.01025,2.676909,0.151505
13,5.4,0.010244,2.678112,0.150302
13,5.5,0.010239,2.67914,0.149274
13,5.6,0.010235,2.68002,0.148394
13,5.7,0.010231,2.680771,0.147642
13,5.8,0.010228,2.681414,0.146999
13,5.9,0.010225,2.681964,0.14645
13,6.0,0.010222,2.682434,0.14598
13,6.1,0.01022,2.682836,0.145578
13,6.2,0.010219,2.683179,0.145235
13,6.3,0.010217,2.683472,0.144942
13,6.4,0.010216,2.683723,0.144691
13,6.5,0.010215,2.683937,0.144476
13,6.6,0.010214,2.684121,0.144293
13,6.7,0.010213,2.684277,0.144137
13,6.8,0.010212,2.684411,0.144003
13,6.9,0.010212,2.684525,0.143889
13,7.0,0.010211,2.684623,0.143791
13,7.1,0.010211,2.684707,0.143707
13,7.2,0.01021,2.684778,0.143636
13,7.3,0.01021,2.684839,0.143575
13,7.4,0.01021,2.684891,0.143523
13,7.5,0.01021,2.684936,0.143478
13,7.6,0.010209,2.684974,0.14344
13,7.7,0.010209,2.685006,0.143408
13,7.8,0.010209,2.685034,0.14338
13,7.9,0.010209,2.685058,0.143356
13,8.0,0.010209,2.685078,0.143336
13,8.1,0.010209,2.685095,0.143318
13,8.2,0.010209,2.68511,0.143304
13,8.3,0.010209,2.685123,0.143291
13,8.4,0.010209,2.685134,0.14328
13,8.5,0.010209,2.685143,0.143271
13,8.6,0.010209,2.685151,0.143263
13,8.7,0.010209,2.685158,0.143256
13,8.8,0.010209,2.685163,0.14325
13,8.9,0.010209,2.685168,0.143246
13,9.0,0.010208,2.685173,0.143241
13,9.1,0.010208,2.685176,0.143238
13,9.2,0.010208,2.685179,0.143235
13,9.3,0.010208,2.685182,0.143232
13,9.4,0.010208,2.685184,0.14323
13,9.5,0.010208,2.685186,0.143228
13,9.6,0.010208,2.685188,0.143226
13,9.7,0.010208,2.685189,0.143225
13,9.8,0.010208,2.68519,0.143224
13,9.9,0.010208,2.685191,0.143223
13,10.0,0.010208,2.685192,0.143222
14,0.0,0.035313,0.190565,2.58065
14,0.1,0.042801,0.221259,2.549956
14,0.2,0.049561,0.254604,2.51661
14,0.3,0.055539,0.290792,2.480423
14,0.4,0.060683,0.330014,2.441201
14,0.5,0.064946,0.372463,2.398752
14,0.6,0.068288,0.418331,2.352884
14,0.7,0.070674,0.467809,2.303406
14,0.8,0.072078,0.521081,2.250134
14,0.9,0.07249,0.578317,2.192897
14,1.0,0.071915,0.639667,2.131547
14,1.1,0.070377,0.705243,2.065972
14,1.2,0.067927,0.775106,1.996108
14,1.3,0.064647,0.849247,1.921968
14,1.4,0.060649,0.927561,1.843654
14,1.5,0.056082,1.009826,1.761388
14,1.6,0.051126,1.095682,1.675533
14,1.7,0.045988,1.184608,1.586607
14,1.8,0.040885,1.275921,1.495294
14,1.9,0.036023,1.36878,1.402434
14,2.0,0.031576,1.462215,1.308999
14,2.1,0.027665,1.55517,1.216045
14,2.2,0.024347,1.646564,1.12465
14,2.3,0.021619,1.73536,1.035854
14,2.4,0.01943,1.820625,0.950589
14,2.5,0.017701,1.901577,0.869637
14,2.6,0.016346,1.977616,0.793599
14,2.7,0.015284,2.04833,0.722884
14,2.8,0.014447,2.113494,0.657721
14,2.9,0.01378,2.173042,0.598173
14,3.0,0.013243,2.227049,0.544165
14,3.1,0.012805,2.2757,0.495515
14,3.2,0.012443,2.31926,0.451955
14,3.3,0.012143,2.358052,0.413163
14,3.4,0.011892,2.392432,0.378782
14,3.5,0.01168,2.422774,0.34844
14,3.6,0.011502,2.449453,0.321762
14,3.7,0.01135,2.472833,0.298381
14,3.8,0.011222,2.493265,0.277949
14,3.9,0.011112,2.511076,0.260139
14,4.0,0.011019,2.526568,0.244647
14,4.1,0.01094,2.540017,0.231198
14,4.2,0.010872,2.551674,0.21954
14,4.3,0.010814,2.561763,0.209451
14,4.4,0.010764,2.570485,0.200729
14,4.5,0.010722,2.578017,0.193198
14,4.6,0.010685,2.584514,0.1867
14,4.7,0.010654,2.590116,0.181099
14,4.8,0.010628,2.594941,0.176274
14,4.9,0.010605,2.599095,0.172119
14,5.0,0.010585,2.60267,0.168544
14,5.1,0.010569,2.605745,0.165469
14,5.2,0.010554,2.608389,0.162826
14,5.3,0.010542,2.610662,0.160553
14,5.4,0.010531,2.612614,0.1586
14,5.5,0.010522,2.614292,0.156922
14,5.6,0.010515,2.615733,0.155481
14,5.7,0.010508,2.616971,0.154244
14,5.8,0.010502,2.618033,0.153181
14,5.9,0.010497,2.618945,0.152269
14,6.0,0.010493,2.619729,0.151486
14,6.1,0.010489,2.620401,0.150814
14,6.2,0.010486,2.620978,0.150237
14,6.3,0.010484,2.621473,0.149742
14,6.4,0.010482,2.621898,0.149317
14,6.5,0.01048,2.622262,0.148952
14,6.6,0.010478,2.622575,0.148639
14,6.7,0.010476,2.622844,0.148371
14,6.8,0.010475,2.623074,0.14814
14,6.9,0.010474,2.623272,0.147943
14,7.0,0.010473,2.623442,0.147773
14,7.1,0.010472,2.623587,0.147627
14,7.2,0.010472,2.623712,0.147503
14,7.3,0.010471,2.623819,0.147396
14,7.4,0.010471,2.623911,0.147304
14,7.5,0.01047,2.62399,0.147225
14,7.6,0.01047,2.624057,0.147157
14,7.7,0.01047,2.624115,0.147099
14,7.8,0.010469,2.624165,0.147049
14,7.9,0.010469,2.624208,0.147007
14,8.0,0.010469,2.624244,0.14697
14,8.1,0.010469,2.624276,0.146939
14,8.2,0.010469,2.624303,0.146912
14,8.3,0.010469,2.624326,0.146889
14,8.4,0.010468,2.624346,0.146869
14,8.5,0.010468,2.624363,0.146852
14,8.6,0.010468,2.624377,0.146837
14,8.7,0.010468,2.62439,0.146825
14,8.8,0.010468,2.624401,0.146814
14,8.9,0.010468,2.62441,0.146805
14,9.0,0.010468,2.624418,0.146797
14,9.1,0.010468,2.624425,0.14679
14,9.2,0.010468,2.62443,0.146784
14,9.3,0.010468,2.624435,0.146779
14,9.4,0.010468,2.62444,0.146775
14,9.5,0.010468,2.624443,0.146771
14,9.6,0.010468,2.624447,0.146768
14,9.7,0.010468,2.624449,0.146765
14,9.8,0.010468,2.624452,0.146763
14,9.9,0.010468,2.624454,0.146761
14,10.0,0.010468,2.624455,0.146759
15,0.0,0.040433,0.224365,1.22082
15,0.1,0.047433,0.230831,1.214354
15,0.2,0.05403,0.236861,1.208325
15,0.3,0.060257,0.242453,1.202732
15,0.4,0.066144,0.247609,1.197577
15,0.5,0.071718,0.25233,1.192855
15,0.6,0.077004,0.256622,1.188564
15,0.7,0.082024,0.26049,1.184696
15,0.8,0.0868,0.26394,1.181245
15,0.9,0.091351,0.266982,1.178204
15,1.0,0.095695,0.269623,1.175563
15,1.1,0.099852,0.271873,1.173313
15,1.2,0.103835,0.273742,1.171444
15,1.3,0.107663,0.27524,1.169945
15,1.4,0.111348,0.276378,1.168807
15,1.5,0.114905,0.277166,1.16802
15,1.6,0.118347,0.277614,1.167571
15,1.7,0.121688,0.277733,1.167452
15,1.8,0.124938,0.277533,1.167652
15,1.9,0.12811,0.277024,1.168162
15,2.0,0.131214,0.276215,1.168971
15,2.1,0.134261,0.275116,1.170069
15,2.2,0.137261,0.273736,1.171449
15,2.3,0.140223,0.272085,1.173101
15,2.4,0.143156,0.27017,1.175016
15,2.5,0.146069,0.268,1.177186
15,2.6,0.148971,0.265582,1.179603
15,2.7,0.151869,0.262926,1.182259
15,2.8,0.154772,0.260039,1.185147
15,2.9,0.157686,0.256928,1.188258
15,3.0,0.16062,0.253601,1.191585
15,3.1,0.163579,0.250065,1.19512
15,3.2,0.166571,0.246329,1.198857
15,3.3,0.169601,0.242399,1.202787
15,3.4,0.172678,0.238283,1.206902
15,3.5,0.175805,0.23399,1.211196
15,3.6,0.178989,0.229527,1.215658
15,3.7,0.182236,0.224904,1.220282
15,3.8,0.185551,0.220129,1.225057
15,3.9,0.188939,0.215211,1.229975
15,4.0,0.192405,0.210161,1.235025
15,4.1,0.195954,0.204988,1.240198
15,4.2,0.199589,0.199704,1.245481
15,4.3,0.203316,0.194321,1.250865
15,4.4,0.207137,0.18885,1.256336
15,4.5,0.211056,0.183305,1.261881
15,4.6,0.215077,0.177699,1.267487
15,4.7,0.219202,0.172046,1.273139
15,4.8,0.223434,0.166363,1.278823
15,4.9,0.227775,0.160663,1.284523
15,5.0,0.232225,0.154963,1.290222
15,5.1,0.236787,0.14928,1.295905
15,5.2,0.241461,0.143631,1.301555
15,5.3,0.246247,0.138032,1.307154
15,5.4,0.251145,0.132501,1.312685
15,5.5,0.256154,0.127054,1.318131
15,5.6,0.261272,0.12171,1.323476
15,5.7,0.266499,0.116482,1.328703
15,5.8,0.271831,0.111388,1.333797
15,5.9,0.277265,0.106442,1.338744
15,6.0,0.282799,0.101656,1.343529
15,6.1,0.288428,0.097044,1.348142
15,6.2,0.294148,0.092614,1.352571
15,6.3,0.299955,0.088377,1.356809
15,6.4,0.305844,0.084338,1.360847
15,6.5,0.311811,0.080503,1.364682
15,6.6,0.317848,0.076875,1.368311
15,6.7,0.323952,0.073454,1.371731
15,6.8,0.330117,0.07024,1.374946
15,6.9,0.336336,0.067229,1.377956
15,7.0,0.342606,0.064418,1.380768
15,7.1,0.348919,0.0618,1.383386
15,7.2,0.355272,0.059368,1.385818
15,7.3,0.361659,0.057114,1.388071
15,7.4,0.368075,0.055029,1.390157
15,7.5,0.374515,0.053103,1.392083
15,7.6,0.380975,0.051326,1.39386
15,7.7,0.387451,0.049687,1.395498
15,7.8,0.39394,0.048177,1.397008
15,7.9,0.400437,0.046786,1.3984
15,8.0,0.406939,0.045503,1.399683
15,8.1,0.413444,0.044319,1.400866
15,8.2,0.419949,0.043226,1.40196
15,8.3,0.426451,0.042214,1.402972
15,8.4,0.432948,0.041276,1.403909
15,8.5,0.439438,0.040406,1.40478
15,8.6,0.44592,0.039596,1.40559
15,8.7,0.452391,0.038839,1.406346
15,8.8,0.458851,0.038132,1.407053
15,8.9,0.465298,0.037469,1.407717
15,9.0,0.47173,0.036845,1.40834
15,9.1,0.478148,0.036257,1.408929
15,9.2,0.48455,0.035701,1.409485
15,9.3,0.490935,0.035173,1.410012
15,9.4,0.497303,0.034672,1.410513
15,9.5,0.503652,0.034195,1.410991
15,9.6,0.509983,0.033739,1.411446
15,9.7,0.516296,0.033303,1.411883
15,9.8,0.522588,0.032885,1.412301
15,9.9,0.528861,0.032483,1.412702
15,10.0,0.535114,0.032097,1.413089
16,0.0,0.034442,0.112889,0.999771
16,0.1,0.042986,0.113405,0.999254
16,0.2,0.051296,0.113558,0.999101
16,0.3,0.059402,0.113362,0.999297
16,0.4,0.06733,0.11283,0.999829
16,0.5,0.075104,0.11198,1.000679
16,0.6,0.082743,0.11083,1.00183
16,0.7,0.090268,0.109398,1.003261
16,0.8,0.097694,0.107705,1.004954
16,0.9,0.105038,0.105774,1.006886
16,1.0,0.112313,0.103626,1.009034
16,1.1,0.119533,0.101284,1.011375
16,1.2,0.12671,0.098774,1.013885
16,1.3,0.133853,0.096118,1.016541
16,1.4,0.140973,0.093342,1.019317
16,1.5,0.148077,0.09047,1.02219
16,1.6,0.155174,0.087525,1.025134
16,1.7,0.16227,0.084532,1.028127
16,1.8,0.169369,0.081513,1.031146
16,1.9,0.176477,0.07849,1.034169
16,2.0,0.183597,0.075484,1.037175
16,2.1,0.190733,0.072514,1.040145
16,2.2,0.197885,0.069598,1.043061
16,2.3,0.205055,0.066752,1.045907
16,2.4,0.212245,0.063989,1.04867
16,2.5,0.219453,0.061321,1.051338
16,2.6,0.22668,0.058759,1.0539
16,2.7,0.233924,0.05631,1.056349
16,2.8,0.241184,0.05398,1.058679
16,2.9,0.248459,0.051772,1.060887
16,3.0,0.255746,0.049689,1.06297
16,3.1,0.263043,0.04773,1.064929
16,3.2,0.270348,0.045895,1.066765
16,3.3,0.277659,0.04418,1.06848
16,3.4,0.284972,0.042581,1.070078
16,3.5,0.292287,0.041095,1.071564
16,3.6,0.299599,0.039715,1.072944
16,3.7,0.306908,0.038436,1.074223
16,3.8,0.31421,0.037251,1.075408
16,3.9,0.321504,0.036155,1.076505
16,4.0,0.328788,0.035139,1.07752
16,4.1,0.33606,0.034199,1.07846
16,4.2,0.343319,0.033328,1.079331
16,4.3,0.350562,0.03252,1.080139
16,4.4,0.357788,0.031769,1.08089
16,4.5,0.364997,0.03107,1.081589
16,4.6,0.372187,0.030419,1.08224
16,4.7,0.379357,0.029811,1.082848
16,4.8,0.386506,0.029241,1.083418
16,4.9,0.393633,0.028707,1.083952
16,5.0,0.400738,0.028204,1.084455
16,5.1,0.40782,0.027729,1.08493
16,5.2,0.414878,0.027281,1.085378
16,5.3,0.421912,0.026856,1.085803
16,5.4,0.428922,0.026452,1.086207
16,5.5,0.435907,0.026068,1.086591
16,5.6,0.442866,0.025701,1.086958
16,5.7,0.449801,0.025351,1.087308
16,5.8,0.456709,0.025015,1.087644
16,5.9,0.463592,0.024693,1.087966
16,6.0,0.470448,0.024383,1.088276
16,6.1,0.477279,0.024085,1.088574
16,6.2,0.484082,0.023798,1.088861
16,6.3,0.49086,0.023521,1.089138
16,6.4,0.497611,0.023253,1.089406
16,6.5,0.504335,0.022994,1.089665
16,6.6,0.511032,0.022743,1.089916
16,6.7,0.517703,0.0225,1.090159
16,6.8,0.524347,0.022264,1.090395
16,6.9,0.530963,0.022035,1.090624
16,7.0,0.537553,0.021813,1.090847
16,7.1,0.544117,0.021596,1.091063
16,7.2,0.550653,0.021386,1.091273
16,7.3,0.557162,0.021182,1.091477
16,7.4,0.563645,0.020983,1.091677
16,7.5,0.5701,0.020789,1.091871
16,7.6,0.576529,0.020599,1.09206
16,7.7,0.58293,0.020415,1.092244
16,7.8,0.589305,0.020235,1.092424
16,7.9,0.595653,0.02006,1.092599
16,8.0,0.601975,0.019888,1.092771
16,8.1,0.608269,0.019721,1.092938
16,8.2,0.614537,0.019558,1.093102
16,8.3,0.620778,0.019398,1.093261
16,8.4,0.626993,0.019242,1.093417
16,8.5,0.633181,0.019089,1.09357
16,8.6,0.639342,0.01894,1.093719
16,8.7,0.645477,0.018794,1.093866
16,8.8,0.651586,0.018651,1.094009
16,8.9,0.657668,0.018511,1.094149
16,9.0,0.663724,0.018374,1.094286
16,9.1,0.669753,0.018239,1.09442
16,9.2,0.675756,0.018108,1.094551
16,9.3,0.681734,0.017979,1.09468
16,9.4,0.687685,0.017853,1.094806
16,9.5,0.69361,0.017729,1.09493
16,9.6,0.699509,0.017607,1.095052
16,9.7,0.705382,0.017488,1.095171
16,9.8,0.71123,0.017372,1.095288
16,9.9,0.717052,0.017257,1.095402
16,10.0,0.722848,0.017145,1.095515
17,0.0,0.001361,0.404116,2.162127
17,0.1,0.010357,0.454893,2.11135
17,0.2,0.017881,0.508861,2.057382
17,0.3,0.024032,0.566005,2.000238
17,0.4,0.028893,0.626278,1.939965
17,0.5,0.032538,0.689599,1.876644
17,0.6,0.035052,0.755847,1.810396
17,0.7,0.036527,0.824853,1.741391
17,0.8,0.037071,0.896392,1.669851
17,0.9,0.036806,0.970177,1.596066
17,1.0,0.035869,1.045852,1.520391
17,1.1,0.034409,1.122987,1.443256
17,1.2,0.032577,1.201082,1.365162
17,1.3,0.030521,1.279571,1.286672
17,1.4,0.028377,1.357843,1.2084
17,1.5,0.02626,1.435252,1.130991
17,1.6,0.024258,1.511153,1.05509
17,1.7,0.022431,1.584924,0.98132
17,1.8,0.02081,1.655994,0.910249
17,1.9,0.019403,1.723871,0.842372
17,2.0,0.018201,1.788155,0.778088
17,2.1,0.017186,1.848546,0.717697
17,2.2,0.016333,1.904851,0.661392
17,2.3,0.015619,1.956976,0.609267
17,2.4,0.01502,2.004915,0.561328
17,2.5,0.014517,2.048741,0.517502
17,2.6,0.014093,2.088588,0.477655
17,2.7,0.013733,2.124637,0.441607
17,2.8,0.013428,2.157104,0.409139
17,2.9,0.013167,2.186228,0.380015
17,3.0,0.012944,2.21226,0.353983
17,3.1,0.012753,2.235454,0.330789
17,3.2,0.012588,2.256059,0.310184
17,3.3,0.012446,2.274318,0.291925
17,3.4,0.012324,2.290463,0.27578
17,3.5,0.012218,2.30471,0.261533
17,3.6,0.012126,2.317259,0.248984
17,3.7,0.012047,2.328297,0.237946
17,3.8,0.011979,2.337993,0.22825
17,3.9,0.011919,2.346498,0.219745
17,4.0,0.011867,2.353953,0.21229
17,4.1,0.011823,2.36048,0.205763
17,4.2,0.011784,2.366191,0.200053
17,4.3,0.01175,2.371183,0.19506
17,4.4,0.011721,2.375546,0.190697
17,4.5,0.011695,2.379355,0.186888
17,4.6,0.011673,2.382681,0.183562
17,4.7,0.011654,2.385582,0.180661
17,4.8,0.011637,2.388113,0.17813
17,4.9,0.011622,2.39032,0.175923
17,5.0,0.01161,2.392243,0.174
17,5.1,0.011599,2.39392,0.172323
17,5.2,0.011589,2.395381,0.170862
17,5.3,0.011581,2.396653,0.16959
17,5.4,0.011574,2.397762,0.168481
17,5.5,0.011567,2.398727,0.167516
17,5.6,0.011562,2.399568,0.166675
17,5.7,0.011557,2.4003,0.165943
17,5.8,0.011553,2.400937,0.165306
17,5.9,0.011549,2.401492,0.164751
17,6.0,0.011546,2.401975,0.164268
17,6.1,0.011543,2.402396,0.163848
17,6.2,0.011541,2.402762,0.163482
17,6.3,0.011539,2.40308,0.163163
17,6.4,0.011537,2.403357,0.162886
17,6.5,0.011536,2.403599,0.162644
17,6.6,0.011534,2.403809,0.162434
17,6.7,0.011533,2.403991,0.162252
17,6.8,0.011532,2.404151,0.162093
17,6.9,0.011531,2.404289,0.161954
17,7.0,0.01153,2.404409,0.161834
17,7.1,0.01153,2.404514,0.161729
17,7.2,0.011529,2.404605,0.161638
17,7.3,0.011529,2.404685,0.161558
17,7.4,0.011528,2.404754,0.161489
17,7.5,0.011528,2.404814,0.161429
17,7.6,0.011527,2.404866,0.161377
17,7.7,0.011527,2.404912,0.161331
17,7.8,0.011527,2.404951,0.161292
17,7.9,0.011527,2.404986,0.161257
17,8.0,0.011527,2.405016,0.161227
17,8.1,0.011526,2.405042,0.161201
17,8.2,0.011526,2.405065,0.161178
17,8.3,0.011526,2.405084,0.161159
17,8.4,0.011526,2.405102,0.161142
17,8.5,0.011526,2.405117,0.161127
17,8.6,0.011526,2.40513,0.161114
17,8.7,0.011526,2.405141,0.161102
17,8.8,0.011526,2.405151,0.161092
17,8.9,0.011526,2.405159,0.161084
17,9.0,0.011526,2.405167,0.161076
17,9.1,0.011525,2.405173,0.16107
17,9.2,0.011525,2.405179,0.161064
17,9.3,0.011525,2.405184,0.161059
17,9.4,0.011525,2.405188,0.161055
17,9.5,0.011525,2.405192,0.161051
17,9.6,0.011525,2.405195,0.161048
17,9.7,0.011525,2.405198,0.161045
17,9.8,0.011525,2.4052,0.161043
17,9.9,0.011525,2.405203,0.161041
17,10.0,0.011525,2.405204,0.161039
18,0.0,0.035553,0.401328,1.647289
18,0.1,0.040761,0.430504,1.618113
18,0.2,0.045184,0.460397,1.588221
18,0.3,0.048857,0.491002,1.557616
18,0.4,0.051814,0.522319,1.526298
18,0.5,0.054089,0.554352,1.494266
18,0.6,0.055718,0.587102,1.461515
18,0.7,0.05674,0.620575,1.428043
18,0.8,0.057193,0.654771,1.393847
18,0.9,0.057124,0.689688,1.358929
18,1.0,0.056579,0.725318,1.3233
18,1.1,0.055609,0.761642,1.286975
18,1.2,0.054267,0.798633,1.249985
18,1.3,0.05261,0.836248,1.21237
18,1.4,0.050698,0.874429,1.174189
18,1.5,0.048589,0.913102,1.135515
18,1.6,0.046345,0.952175,1.096443
18,1.7,0.044022,0.991535,1.057083
18,1.8,0.041676,1.031055,1.017563
18,1.9,0.039357,1.07059,0.978027
18,2.0,0.037107,1.109984,0.938633
18,2.1,0.034963,1.14907,0.899548
18,2.2,0.032951,1.187676,0.860942
18,2.3,0.03109,1.225633,0.822985
18,2.4,0.029388,1.262774,0.785844
18,2.5,0.02785,1.298945,0.749673
18,2.6,0.026472,1.334003,0.714614
18,2.7,0.025245,1.367826,0.680791
18,2.8,0.024159,1.400309,0.648309
18,2.9,0.023201,1.431369,0.617249
18,3.0,0.022358,1.460944,0.587674
18,3.1,0.021617,1.488994,0.559624
18,3.2,0.020965,1.515498,0.53312
18,3.3,0.020391,1.540452,0.508165
18,3.4,0.019885,1.563871,0.484747
18,3.5,0.019438,1.58578,0.462837
18,3.6,0.019042,1.606219,0.442398
18,3.7,0.018691,1.625236,0.423382
18,3.8,0.018379,1.642886,0.405732
18,3.9,0.018101,1.659231,0.389387
18,4.0,0.017852,1.674335,0.374283
18,4.1,0.017631,1.688265,0.360352
18,4.2,0.017432,1.701091,0.347526
18,4.3,0.017254,1.712881,0.335737
18,4.4,0.017095,1.723702,0.324916
18,4.5,0.016951,1.73362,0.314997
18,4.6,0.016822,1.7427,0.305918
18,4.7,0.016707,1.751002,0.297615
18,4.8,0.016602,1.758586,0.290031
18,4.9,0.016509,1.765507,0.28311
18,5.0,0.016424,1.771818,0.2768
18,5.1,0.016348,1.777567,0.27105
18,5.2,0.016279,1.782801,0.265816
18,5.3,0.016217,1.787564,0.261054
18,5.4,0.016161,1.791894,0.256723
18,5.5,0.016111,1.79583,0.252788
18,5.6,0.016066,1.799405,0.249213
18,5.7,0.016025,1.802651,0.245967
18,5.8,0.015988,1.805597,0.243021
18,5.9,0.015954,1.80827,0.240348
18,6.0,0.015924,1.810694,0.237924
18,6.1,0.015897,1.812892,0.235726
18,6.2,0.015872,1.814884,0.233734
18,6.3,0.01585,1.816689,0.231928
18,6.4,0.01583,1.818325,0.230293
18,6.5,0.015812,1.819807,0.228811
18,6.6,0.015795,1.821149,0.227469
18,6.7,0.01578,1.822364,0.226254
18,6.8,0.015767,1.823464,0.225154
18,6.9,0.015755,1.82446,0.224158
18,7.0,0.015744,1.825361,0.223256
18,7.1,0.015734,1.826177,0.222441
18,7.2,0.015725,1.826915,0.221702
18,7.3,0.015717,1.827583,0.221034
18,7.4,0.01571,1.828188,0.22043
18,7.5,0.015703,1.828735,0.219883
18,7.6,0.015697,1.829229,0.219388
18,7.7,0.015692,1.829677,0.218941
18,7.8,0.015687,1.830082,0.218536
18,7.9,0.015682,1.830448,0.21817
18,8.0,0.015678,1.830779,0.217838
18,8.1,0.015675,1.831079,0.217539
18,8.2,0.015672,1.831349,0.217268
18,8.3,0.015669,1.831594,0.217023
18,8.4,0.015666,1.831816,0.216801
18,8.5,0.015664,1.832016,0.216601
18,8.6,0.015661,1.832198,0.21642
18,8.7,0.01566,1.832361,0.216256
18,8.8,0.015658,1.83251,0.216108
18,8.9,0.015656,1.832644,0.215974
18,9.0,0.015655,1.832765,0.215853
18,9.1,0.015653,1.832874,0.215743
18,9.2,0.015652,1.832973,0.215644
18,9.3,0.015651,1.833063,0.215555
18,9.4,0.01565,1.833144,0.215474
18,9.5,0.015649,1.833217,0.215401
18,9.6,0.015648,1.833283,0.215334
18,9.7,0.015648,1.833343,0.215275
18,9.8,0.015647,1.833397,0.21522
18,9.9,0.015647,1.833446,0.215172
18,10.0,0.015646,1.83349,0.215127
19,0.0,0.028868,0.112909,0.786325
19,0.1,0.037586,0.110956,0.788278
19,0.2,0.046082,0.108694,0.79054
19,0.3,0.054394,0.106154,0.79308
19,0.4,0.062556,0.103368,0.795866
19,0.5,0.070595,0.100368,0.798866
19,0.6,0.078535,0.097187,0.802047
19,0.7,0.086396,0.093856,0.805378
19,0.8,0.094196,0.090409,0.808825
19,0.9,0.10195,0.086877,0.812356
19,1.0,0.109672,0.083293,0.815941
19,1.1,0.117371,0.079685,0.819549
19,1.2,0.125059,0.076084,0.82315
19,1.3,0.132741,0.072517,0.826717
19,1.4,0.140424,0.069008,0.830226
19,1.5,0.148114,0.065582,0.833652
19,1.6,0.155812,0.062259,0.836975
19,1.7,0.163522,0.059057,0.840177
19,1.8,0.171245,0.055991,0.843243
19,1.9,0.178982,0.053073,0.846161
19,2.0,0.186731,0.050311,0.848923
19,2.1,0.194493,0.047712,0.851521
19,2.2,0.202265,0.04528,0.853954
19,2.3,0.210046,0.043013,0.856221
19,2.4,0.217833,0.040911,0.858323
19,2.5,0.225623,0.038969,0.860265
19,2.6,0.233415,0.037182,0.862052
19,2.7,0.241206,0.035542,0.863692
19,2.8,0.248992,0.034042,0.865192
19,2.9,0.256772,0.032671,0.866563
19,3.0,0.264543,0.031422,0.867812
19,3.1,0.272302,0.030284,0.86895
19,3.2,0.280047,0.029248,0.869986
19,3.3,0.287777,0.028305,0.870929
19,3.4,0.295488,0.027445,0.871789
19,3.5,0.303181,0.026661,0.872573
19,3.6,0.310852,0.025944,0.87329
19,3.7,0.318501,0.025288,0.873946
19,3.8,0.326127,0.024685,0.874549
19,3.9,0.333728,0.02413,0.875104
19,4.0,0.341304,0.023617,0.875617
19,4.1,0.348854,0.023142,0.876092
19,4.2,0.356377,0.0227,0.876534
19,4.3,0.363872,0.022287,0.876946
19,4.4,0.371339,0.021901,0.877333
19,4.5,0.378778,0.021538,0.877696
19,4.6,0.386188,0.021196,0.878038
19,4.7,0.393569,0.020872,0.878362
19,4.8,0.400921,0.020565,0.878669
19,4.9,0.408243,0.020273,0.878961
19,5.0,0.415536,0.019995,0.879239
19,5.1,0.422798,0.019728,0.879506
19,5.2,0.430031,0.019473,0.879761
19,5.3,0.437234,0.019228,0.880006
19,5.4,0.444407,0.018992,0.880241
19,5.5,0.45155,0.018765,0.880468
19,5.6,0.458662,0.018547,0.880687
19,5.7,0.465745,0.018335,0.880899
19,5.8,0.472797,0.01813,0.881103
19,5.9,0.47982,0.017932,0.881301
19,6.0,0.486812,0.01774,0.881493
19,6.1,0.493774,0.017554,0.881679
19,6.2,0.500706,0.017374,0.88186
19,6.3,0.507609,0.017198,0.882036
19,6.4,0.514481,0.017027,0.882206
19,6.5,0.521323,0.016861,0.882372
19,6.6,0.528136,0.0167,0.882534
19,6.7,0.534919,0.016543,0.882691
19,6.8,0.541672,0.016389,0.882844
19,6.9,0.548395,0.01624,0.882994
19,7.0,0.555089,0.016094,0.883139
19,7.1,0.561753,0.015952,0.883282
19,7.2,0.568388,0.015814,0.88342
19,7.3,0.574994,0.015678,0.883556
19,7.4,0.58157,0.015546,0.883688
19,7.5,0.588117,0.015417,0.883817
19,7.6,0.594635,0.015291,0.883943
19,7.7,0.601123,0.015167,0.884066
19,7.8,0.607583,0.015047,0.884187
19,7.9,0.614014,0.014929,0.884305
19,8.0,0.620416,0.014813,0.88442
19,8.1,0.626789,0.0147,0.884533
19,8.2,0.633134,0.01459,0.884644
19,8.3,0.63945,0.014482,0.884752
19,8.4,0.645738,0.014376,0.884858
19,8.5,0.651997,0.014272,0.884962
19,8.6,0.658228,0.01417,0.885064
19,8.7,0.66443,0.01407,0.885164
19,8.8,0.670605,0.013972,0.885262
19,8.9,0.676752,0.013876,0.885357
19,9.0,0.68287,0.013782,0.885452
19,9.1,0.688961,0.01369,0.885544
19,9.2,0.695024,0.0136,0.885634
19,9.3,0.70106,0.013511,0.885723
19,9.4,0.707068,0.013424,0.88581
19,9.5,0.713048,0.013338,0.885896
19,9.6,0.719002,0.013254,0.88598
19,9.7,0.724928,0.013172,0.886062
19,9.8,0.730826,0.013091,0.886143
19,9.9,0.736698,0.013011,0.886223
19,10.0,0.742543,0.012933,0.886301
20,0.0,0.033752,0.261993,1.91309
20,0.1,0.040589,0.286439,1.888645
20,0.2,0.046731,0.311843,1.86324
20,0.3,0.052178,0.338216,1.836868
20,0.4,0.056933,0.365569,1.809515
20,0.5,0.061,0.393919,1.781165
20,0.6,0.064385,0.423285,1.751798
20,0.7,0.067096,0.453692,1.721391
20,0.8,0.069144,0.485168,1.689916
20,0.9,0.070544,0.517742,1.657342
20,1.0,0.071313,0.551446,1.623638
20,1.1,0.071475,0.586311,1.588773
20,1.2,0.071057,0.622367,1.552717
20,1.3,0.070094,0.659637,1.515447
20,1.4,0.068624,0.698137,1.476946
20,1.5,0.066695,0.737872,1.437212
20,1.6,0.064358,0.778829,1.396255
20,1.7,0.061675,0.820977,1.354106
20,1.8,0.05871,0.864263,1.310821
20,1.9,0.055535,0.908603,1.26648
20,2.0,0.052226,0.953887,1.221196
20,2.1,0.048858,0.99997,1.175113
20,2.2,0.045505,1.046676,1.128407
20,2.3,0.042238,1.093798,1.081285
20,2.4,0.039117,1.141102,1.033982
20,2.5,0.036193,1.188332,0.986752
20,2.6,0.033501,1.235219,0.939864
20,2.7,0.031065,1.28149,0.893593
20,2.8,0.028892,1.326877,0.848207
20,2.9,0.026979,1.371125,0.803959
20,3.0,0.025311,1.414003,0.761081
20,3.1,0.023869,1.45531,0.719774
20,3.2,0.022629,1.494876,0.680207
20,3.3,0.021566,1.532571,0.642512
20,3.4,0.020655,1.568298,0.606786
20,3.5,0.019874,1.601996,0.573088
20,3.6,0.019203,1.633637,0.541447
20,3.7,0.018623,1.663222,0.511862
20,3.8,0.018122,1.690776,0.484307
20,3.9,0.017687,1.716348,0.458735
20,4.0,0.017307,1.740002,0.435082
20,4.1,0.016974,1.761814,0.41327
20,4.2,0.016682,1.781872,0.393211
20,4.3,0.016425,1.800271,0.374813
20,4.4,0.016198,1.817108,0.357976
20,4.5,0.015997,1.832483,0.3426
20,4.6,0.01582,1.846497,0.328586
20,4.7,0.015662,1.859247,0.315836
20,4.8,0.015521,1.870829,0.304254
20,4.9,0.015397,1.881335,0.293748
20,5.0,0.015286,1.890852,0.284231
20,5.1,0.015187,1.899463,0.27562
20,5.2,0.015099,1.907247,0.267837
20,5.3,0.01502,1.914275,0.260809
20,5.4,0.01495,1.920616,0.254468
20,5.5,0.014887,1.926332,0.248752
20,5.6,0.014831,1.931481,0.243602
20,5.7,0.014781,1.936117,0.238966
20,5.8,0.014737,1.940288,0.234795
20,5.9,0.014697,1.94404,0.231044
20,6.0,0.014661,1.947412,0.227672
20,6.1,0.01463,1.950441,0.224642
20,6.2,0.014601,1.953162,0.221921
20,6.3,0.014576,1.955606,0.219478
20,6.4,0.014553,1.957799,0.217285
20,6.5,0.014532,1.959767,0.215317
20,6.6,0.014514,1.961532,0.213551
20,6.7,0.014498,1.963116,0.211968
20,6.8,0.014483,1.964536,0.210548
20,6.9,0.01447,1.965809,0.209274
20,7.0,0.014459,1.966951,0.208133
20,7.1,0.014448,1.967974,0.20711
20,7.2,0.014439,1.968891,0.206193
20,7.3,0.01443,1.969713,0.205371
20,7.4,0.014423,1.970449,0.204634
20,7.5,0.014416,1.971109,0.203975
20,7.6,0.01441,1.9717,0.203384
20,7.7,0.014405,1.972229,0.202854
20,7.8,0.0144,1.972704,0.20238
20,7.9,0.014396,1.973128,0.201955
20,8.0,0.014392,1.973509,0.201575
20,8.1,0.014388,1.97385,0.201234
20,8.2,0.014385,1.974155,0.200929
20,8.3,0.014383,1.974428,0.200655
20,8.4,0.01438,1.974673,0.200411
20,8.5,0.014378,1.974892,0.200191
20,8.6,0.014376,1.975088,0.199995
20,8.7,0.014374,1.975264,0.199819
20,8.8,0.014373,1.975422,0.199662
20,8.9,0.014371,1.975562,0.199521
20,9.0,0.01437,1.975689,0.199395
20,9.1,0.014369,1.975802,0.199282
20,9.2,0.014368,1.975903,0.199181
20,9.3,0.014367,1.975993,0.19909
20,9.4,0.014366,1.976074,0.199009
20,9.5,0.014365,1.976147,0.198937
20,9.6,0.014365,1.976212,0.198872
20,9.7,0.014364,1.97627,0.198813
20,9.8,0.014364,1.976322,0.198761
20,9.9,0.014363,1.976369,0.198715
20,10.0,0.014363,1.976411,0.198673
21,0.0,0.038485,0.335623,1.883949
21,0.1,0.044172,0.365673,1.853899
21,0.2,0.049083,0.396958,1.822613
21,0.3,0.053229,0.429494,1.790077
21,0.4,0.056619,0.463297,1.756274
21,0.5,0.059269,0.498387,1.721185
21,0.6,0.061196,0.534782,1.68479
21,0.7,0.062424,0.572503,1.647069
21,0.8,0.06298,0.611565,1.608007
21,0.9,0.0629,0.651981,1.567591
21,1.0,0.062226,0.693752,1.52582
21,1.1,0.061007,0.736868,1.482704
21,1.2,0.0593,0.781302,1.43827
21,1.3,0.05717,0.827006,1.392566
21,1.4,0.054688,0.873906,1.345666
21,1.5,0.051933,0.921898,1.297674
21,1.6,0.048987,0.970847,1.248725
21,1.7,0.045934,1.02058,1.198991
21,1.8,0.042856,1.070893,1.148678
21,1.9,0.039829,1.121548,1.098024
21,2.0,0.036921,1.172277,1.047295
21,2.1,0.034187,1.222794,0.996778
21,2.2,0.031667,1.272799,0.946772
21,2.3,0.029386,1.321994,0.897578
21,2.4,0.027354,1.370086,0.849486
21,2.5,0.025568,1.416805,0.802767
21,2.6,0.024014,1.461908,0.757664
21,2.7,0.022674,1.505188,0.714384
21,2.8,0.021523,1.546476,0.673096
21,2.9,0.020538,1.585647,0.633925
21,3.0,0.019696,1.622615,0.596957
21,3.1,0.018975,1.657332,0.56224
21,3.2,0.018355,1.689786,0.529786
21,3.3,0.017821,1.719997,0.499575
21,3.4,0.01736,1.748008,0.471564
21,3.5,0.016959,1.773888,0.445684
21,3.6,0.01661,1.797718,0.421854
21,3.7,0.016305,1.819594,0.399977
21,3.8,0.016038,1.839622,0.379949
21,3.9,0.015803,1.857912,0.36166
21,4.0,0.015596,1.874575,0.344997
21,4.1,0.015413,1.889724,0.329847
21,4.2,0.015251,1.903472,0.316099
21,4.3,0.015108,1.915927,0.303645
21,4.4,0.014982,1.927192,0.292379
21,4.5,0.014869,1.937368,0.282204
21,4.6,0.01477,1.946547,0.273025
21,4.7,0.014681,1.954819,0.264753
21,4.8,0.014602,1.962264,0.257307
21,4.9,0.014532,1.968961,0.250611
21,5.0,0.01447,1.974978,0.244594
21,5.1,0.014415,1.980381,0.239191
21,5.2,0.014366,1.985229,0.234343
21,5.3,0.014322,1.989577,0.229995
21,5.4,0.014283,1.993474,0.226098
21,5.5,0.014248,1.996966,0.222606
21,5.6,0.014217,2.000092,0.21948
21,5.7,0.014189,2.002891,0.216681
21,5.8,0.014164,2.005395,0.214177
21,5.9,0.014142,2.007635,0.211936
21,6.0,0.014123,2.009639,0.209933
21,6.1,0.014105,2.01143,0.208141
21,6.2,0.01409,2.013032,0.20654
21,6.3,0.014076,2.014463,0.205109
21,6.4,0.014064,2.015742,0.20383
21,6.5,0.014053,2.016884,0.202687
21,6.6,0.014043,2.017905,0.201667
21,6.7,0.014034,2.018817,0.200755
21,6.8,0.014026,2.019631,0.199941
21,6.9,0.014019,2.020358,0.199214
21,7.0,0.014013,2.021007,0.198565
21,7.1,0.014007,2.021587,0.197985
21,7.2,0.014002,2.022104,0.197468
21,7.3,0.013998,2.022566,0.197006
21,7.4,0.013994,2.022979,0.196593
21,7.5,0.013991,2.023347,0.196225
21,7.6,0.013987,2.023675,0.195896
21,7.7,0.013985,2.023969,0.195603
21,7.8,0.013982,2.02423,0.195341
21,7.9,0.01398,2.024464,0.195108
21,8.0,0.013978,2.024673,0.194899
21,8.1,0.013976,2.024859,0.194713
21,8.2,0.013975,2.025025,0.194547
21,8.3,0.013973,2.025173,0.194399
21,8.4,0.013972,2.025305,0.194267
21,8.5,0.013971,2.025423,0.194149
21,8.6,0.01397,2.025528,0.194043
21,8.7,0.013969,2.025622,0.193949
21,8.8,0.013968,2.025706,0.193865
21,8.9,0.013967,2.025781,0.193791
21,9.0,0.013967,2.025848,0.193724
21,9.1,0.013966,2.025907,0.193664
21,9.2,0.013966,2.025961,0.193611
21,9.3,0.013965,2.026008,0.193564
21,9.4,0.013965,2.02605,0.193521
21,9.5,0.013964,2.026088,0.193484
21,9.6,0.013964,2.026122,0.19345
21,9.7,0.013964,2.026152,0.19342
21,9.8,0.013964,2.026179,0.193393
21,9.9,0.013963,2.026203,0.193369
21,10.0,0.013963,2.026224,0.193348
22,0.0,0.028401,0.186778,0.577045
22,0.1,0.036437,0.181525,0.582297
22,0.2,0.044182,0.175856,0.587966
22,0.3,0.051703,0.169829,0.593993
22,0.4,0.059051,0.163497,0.600325
22,0.5,0.06627,0.156913,0.606909
22,0.6,0.073396,0.150129,0.613693
22,0.7,0.080461,0.143194,0.620628
22,0.8,0.087492,0.136157,0.627665
22,0.9,0.09451,0.129068,0.634754
22,1.0,0.101536,0.121973,0.641849
22,1.1,0.108584,0.11492,0.648902
22,1.2,0.115668,0.107954,0.655868
22,1.3,0.122798,0.101118,0.662704
22,1.4,0.129984,0.094454,0.669369
22,1.5,0.137229,0.088,0.675822
22,1.6,0.14454,0.081792,0.68203
22,1.7,0.151917,0.075862,0.68796
22,1.8,0.159361,0.070236,0.693586
22,1.9,0.16687,0.064937,0.698885
22,2.0,0.174443,0.059981,0.703841
22,2.1,0.182074,0.055379,0.708443
22,2.2,0.18976,0.051135,0.712687
22,2.3,0.197496,0.047248,0.716575
22,2.4,0.205274,0.043711,0.720111
22,2.5,0.213089,0.040514,0.723308
22,2.6,0.220935,0.037641,0.726181
22,2.7,0.228805,0.035074,0.728748
22,2.8,0.236693,0.03279,0.731032
22,2.9,0.244592,0.030767,0.733055
22,3.0,0.252498,0.028982,0.73484
22,3.1,0.260405,0.02741,0.736412
22,3.2,0.268308,0.02603,0.737792
22,3.3,0.276203,0.024819,0.739003
22,3.4,0.284087,0.023756,0.740066
22,3.5,0.291956,0.022823,0.740999
22,3.6,0.299806,0.022002,0.74182
22,3.7,0.307637,0.021278,0.742544
22,3.8,0.315445,0.020637,0.743185
22,3.9,0.323228,0.020068,0.743755
22,4.0,0.330986,0.019559,0.744263
22,4.1,0.338716,0.019102,0.74472
22,4.2,0.346419,0.01869,0.745132
22,4.3,0.354092,0.018315,0.745507
22,4.4,0.361735,0.017972,0.74585
22,4.5,0.369348,0.017656,0.746166
22,4.6,0.37693,0.017364,0.746458
22,4.7,0.384481,0.017092,0.746731
22,4.8,0.392,0.016837,0.746986
22,4.9,0.399487,0.016597,0.747226
22,5.0,0.406943,0.01637,0.747452
22,5.1,0.414367,0.016154,0.747668
22,5.2,0.421758,0.015949,0.747873
22,5.3,0.429118,0.015752,0.74807
22,5.4,0.436445,0.015564,0.748258
22,5.5,0.44374,0.015383,0.748439
22,5.6,0.451003,0.015209,0.748614
22,5.7,0.458234,0.01504,0.748782
22,5.8,0.465433,0.014877,0.748945
22,5.9,0.4726,0.01472,0.749102
22,6.0,0.479735,0.014567,0.749255
22,6.1,0.486839,0.014419,0.749403
22,6.2,0.49391,0.014275,0.749547
22,6.3,0.50095,0.014135,0.749687
22,6.4,0.507958,0.013999,0.749823
22,6.5,0.514935,0.013867,0.749955
22,6.6,0.52188,0.013738,0.750084
22,6.7,0.528793,0.013612,0.75021
22,6.8,0.535676,0.013489,0.750333
22,6.9,0.542527,0.01337,0.750452
22,7.0,0.549348,0.013253,0.750569
22,7.1,0.556137,0.013139,0.750683
22,7.2,0.562895,0.013028,0.750794
22,7.3,0.569623,0.01292,0.750902
22,7.4,0.57632,0.012814,0.751009
22,7.5,0.582986,0.01271,0.751112
22,7.6,0.589622,0.012608,0.751214
22,7.7,0.596228,0.012509,0.751313
22,7.8,0.602803,0.012412,0.75141
22,7.9,0.609348,0.012317,0.751505
22,8.0,0.615863,0.012224,0.751598
22,8.1,0.622348,0.012133,0.751689
22,8.2,0.628803,0.012044,0.751778
22,8.3,0.635229,0.011957,0.751866
22,8.4,0.641625,0.011871,0.751951
22,8.5,0.647991,0.011787,0.752035
22,8.6,0.654328,0.011705,0.752117
22,8.7,0.660635,0.011624,0.752198
22,8.8,0.666914,0.011545,0.752277
22,8.9,0.673163,0.011468,0.752355
22,9.0,0.679384,0.011392,0.752431
22,9.1,0.685575,0.011317,0.752505
22,9.2,0.691738,0.011244,0.752579
22,9.3,0.697872,0.011172,0.75265
22,9.4,0.703977,0.011101,0.752721
22,9.5,0.710054,0.011032,0.75279
22,9.6,0.716103,0.010964,0.752858
22,9.7,0.722124,0.010897,0.752925
22,9.8,0.728116,0.010831,0.752991
22,9.9,0.734081,0.010766,0.753056
22,10.0,0.740017,0.010703,0.753119
23,0.0,0.022399,0.146563,1.521322
23,0.1,0.03099,0.15589,1.511994
23,0.2,0.039146,0.165053,1.502832
23,0.3,0.04689,0.174029,1.493856
23,0.4,0.054239,0.182799,1.485086
23,0.5,0.06121,0.191343,1.476542
23,0.6,0.06782,0.199647,1.468238
23,0.7,0.074083,0.207695,1.46019
23,0.8,0.080013,0.215477,1.452408
23,0.9,0.085625,0.222982,1.444903
23,1.0,0.090933,0.230204,1.437681
23,1.1,0.095949,0.237138,1.430747
23,1.2,0.100688,0.24378,1.424105
23,1.3,0.105162,0.250129,1.417756
23,1.4,0.109384,0.256185,1.4117
23,1.5,0.113366,0.261951,1.405934
23,1.6,0.11712,0.267429,1.400456
23,1.7,0.120658,0.272623,1.395261
23,1.8,0.123991,0.27754,1.390344
23,1.9,0.127131,0.282186,1.385699
23,2.0,0.130087,0.286566,1.381318
23,2.1,0.132872,0.29069,1.377195
23,2.2,0.135493,0.294564,1.37332
23,2.3,0.137961,0.298198,1.369687
23,2.4,0.140286,0.301599,1.366286
23,2.5,0.142475,0.304776,1.363109
23,2.6,0.144537,0.307738,1.360147
23,2.7,0.146481,0.310493,1.357391
23,2.8,0.148313,0.313051,1.354834
23,2.9,0.150041,0.315418,1.352467
23,3.0,0.151673,0.317604,1.350281
23,3.1,0.153214,0.319616,1.348268
23,3.2,0.154672,0.321463,1.346422
23,3.3,0.156051,0.323151,1.344734
23,3.4,0.157357,0.324688,1.343197
23,3.5,0.158597,0.32608,1.341805
23,3.6,0.159774,0.327333,1.340551
23,3.7,0.160894,0.328455,1.339429
23,3.8,0.161962,0.329451,1.338434
23,3.9,0.162981,0.330326,1.337559
23,4.0,0.163956,0.331085,1.3368
23,4.1,0.164891,0.331733,1.336152
23,4.2,0.165788,0.332275,1.33561
23,4.3,0.166653,0.332715,1.33517
23,4.4,0.167488,0.333056,1.334829
23,4.5,0.168296,0.333303,1.334582
23,4.6,0.16908,0.333458,1.334427
23,4.7,0.169843,0.333524,1.33436
23,4.8,0.170588,0.333505,1.33438
23,4.9,0.171318,0.333402,1.334482
23,5.0,0.172034,0.333219,1.334666
23,5.1,0.17274,0.332956,1.334929
23,5.2,0.173438,0.332615,1.33527
23,5.3,0.174129,0.332199,1.335686
23,5.4,0.174816,0.331708,1.336177
23,5.5,0.175501,0.331143,1.336742
23,5.6,0.176186,0.330506,1.337379
23,5.7,0.176873,0.329797,1.338088
23,5.8,0.177563,0.329016,1.338869
23,5.9,0.178259,0.328164,1.33972
23,6.0,0.178963,0.327242,1.340643
23,6.1,0.179675,0.326248,1.341636
23,6.2,0.180399,0.325184,1.342701
23,6.3,0.181135,0.324049,1.343836
23,6.4,0.181885,0.322842,1.345043
23,6.5,0.182652,0.321563,1.346322
23,6.6,0.183436,0.320211,1.347674
23,6.7,0.184239,0.318786,1.349098
23,6.8,0.185063,0.317287,1.350598
23,6.9,0.18591,0.315713,1.352172
23,7.0,0.186782,0.314062,1.353822
23,7.1,0.187679,0.312335,1.35555
23,7.2,0.188604,0.310528,1.357356
23,7.3,0.189559,0.308643,1.359242
23,7.4,0.190545,0.306676,1.361209
23,7.5,0.191564,0.304627,1.363258
23,7.6,0.192618,0.302494,1.365391
23,7.7,0.193709,0.300276,1.367609
23,7.8,0.194839,0.297971,1.369914
23,7.9,0.196009,0.295578,1.372306
23,8.0,0.197221,0.293096,1.374788
23,8.1,0.198479,0.290523,1.377361
23,8.2,0.199782,0.287858,1.380026
23,8.3,0.201135,0.285099,1.382785
23,8.4,0.202538,0.282246,1.385639
23,8.5,0.203994,0.279296,1.388589
23,8.6,0.205505,0.276249,1.391636
23,8.7,0.207073,0.273104,1.394781
23,8.8,0.208702,0.26986,1.398025
23,8.9,0.210392,0.266516,1.401369
23,9.0,0.212146,0.263072,1.404813
23,9.1,0.213968,0.259528,1.408357
23,9.2,0.215858,0.255883,1.412002
23,9.3,0.21782,0.252138,1.415747
23,9.4,0.219856,0.248293,1.419592
23,9.5,0.221969,0.24435,1.423535
23,9.6,0.224161,0.240308,1.427576
23,9.7,0.226434,0.236171,1.431714
23,9.8,0.228792,0.23194,1.435945
23,9.9,0.231235,0.227617,1.440268
23,10.0,0.233768,0.223205,1.44468
24,0.0,0.042817,0.155273,0.645757
24,0.1,0.050637,0.150379,0.650651
24,0.2,0.058281,0.145183,0.655846
24,0.3,0.06579,0.139734,0.661296
24,0.4,0.073198,0.134077,0.666953
24,0.5,0.080534,0.12826,0.67277
24,0.6,0.087823,0.122327,0.678702
24,0.7,0.095086,0.116325,0.684705
24,0.8,0.102342,0.110297,0.690733
24,0.9,0.109604,0.104286,0.696744
24,1.0,0.116887,0.098334,0.702695
24,1.1,0.124199,0.092482,0.708548
24,1.2,0.131549,0.086766,0.714264
24,1.3,0.138942,0.081221,0.719809
24,1.4,0.146382,0.07588,0.72515
24,1.5,0.153872,0.07077,0.73026
24,1.6,0.161412,0.065914,0.735116
24,1.7,0.169001,0.061332,0.739698
24,1.8,0.176638,0.057037,0.743993
24,1.9,0.18432,0.053038,0.747992
24,2.0,0.192043,0.04934,0.75169
24,2.1,0.199803,0.045941,0.755089
24,2.2,0.207594,0.042836,0.758194
24,2.3,0.215412,0.040016,0.761014
24,2.4,0.223252,0.037468,0.763562
24,2.5,0.231108,0.035176,0.765853
24,2.6,0.238975,0.033124,0.767905
24,2.7,0.246848,0.031294,0.769736
24,2.8,0.254723,0.029665,0.771365
24,2.9,0.262595,0.028219,0.772811
24,3.0,0.270461,0.026937,0.774093
24,3.1,0.278316,0.025801,0.775228
24,3.2,0.286158,0.024795,0.776235
24,3.3,0.293984,0.023902,0.777128
24,3.4,0.301791,0.023108,0.777922
24,3.5,0.309577,0.022401,0.778629
24,3.6,0.31734,0.021768,0.779261
24,3.7,0.325079,0.021201,0.779829
24,3.8,0.332792,0.020689,0.780341
24,3.9,0.340478,0.020225,0.780804
24,4.0,0.348136,0.019803,0.781227
24,4.1,0.355766,0.019416,0.781614
24,4.2,0.363366,0.019059,0.78197
24,4.3,0.370936,0.018729,0.7823
24,4.4,0.378476,0.018422,0.782607
24,4.5,0.385985,0.018135,0.782895
24,4.6,0.393464,0.017865,0.783165
24,4.7,0.400911,0.01761,0.78342
24,4.8,0.408327,0.017368,0.783662
24,4.9,0.415712,0.017138,0.783892
24,5.0,0.423065,0.016918,0.784111
24,5.1,0.430386,0.016708,0.784321
24,5.2,0.437676,0.016507,0.784523
24,5.3,0.444935,0.016313,0.784717
24,5.4,0.452161,0.016126,0.784904
24,5.5,0.459357,0.015945,0.785084
24,5.6,0.46652,0.015771,0.785259
24,5.7,0.473653,0.015602,0.785428
24,5.8,0.480753,0.015438,0.785591
24,5.9,0.487823,0.01528,0.78575
24,6.0,0.494861,0.015125,0.785904
24,6.1,0.501867,0.014976,0.786054
24,6.2,0.508843,0.01483,0.7862
24,6.3,0.515787,0.014688,0.786341
24,6.4,0.522701,0.01455,0.786479
24,6.5,0.529583,0.014416,0.786614
24,6.6,0.536435,0.014285,0.786745
24,6.7,0.543256,0.014157,0.786873
24,6.8,0.550046,0.014032,0.786997
24,6.9,0.556806,0.01391,0.787119
24,7.0,0.563535,0.013792,0.787238
24,7.1,0.570233,0.013676,0.787354
24,7.2,0.576901,0.013562,0.787467
24,7.3,0.58354,0.013451,0.787578
24,7.4,0.590147,0.013343,0.787686
24,7.5,0.596725,0.013237,0.787792
24,7.6,0.603273,0.013134,0.787896
24,7.7,0.609791,0.013032,0.787997
24,7.8,0.61628,0.012933,0.788097
24,7.9,0.622738,0.012836,0.788194
24,8.0,0.629168,0.012741,0.788289
24,8.1,0.635567,0.012648,0.788382
24,8.2,0.641938,0.012556,0.788473
24,8.3,0.648279,0.012467,0.788563
24,8.4,0.654591,0.012379,0.78865
24,8.5,0.660874,0.012294,0.788736
24,8.6,0.667128,0.012209,0.78882
24,8.7,0.673353,0.012127,0.788903
24,8.8,0.67955,0.012046,0.788984
24,8.9,0.685718,0.011966,0.789064
24,9.0,0.691857,0.011888,0.789142
24,9.1,0.697968,0.011811,0.789218
24,9.2,0.704051,0.011736,0.789293
24,9.3,0.710106,0.011662,0.789367
24,9.4,0.716132,0.01159,0.78944
24,9.5,0.722131,0.011519,0.789511
24,9.6,0.728101,0.011449,0.789581
24,9.7,0.734044,0.01138,0.78965
24,9.8,0.73996,0.011313,0.789717
24,9.9,0.745848,0.011246,0.789783
24,10.0,0.751708,0.011181,0.789849
25,0.0,0.014788,0.182117,2.154791
25,0.1,0.023444,0.205338,2.131571
25,0.2,0.031429,0.229862,2.107046
25,0.3,0.038728,0.25573,2.081179
25,0.4,0.045326,0.282979,2.05393
25,0.5,0.051209,0.311647,2.025261
25,0.6,0.056366,0.341775,1.995133
25,0.7,0.060787,0.373404,1.963504
25,0.8,0.064463,0.406578,1.930331
25,0.9,0.067392,0.441344,1.895565
25,1.0,0.069575,0.477751,1.859158
25,1.1,0.071018,0.515849,1.821059
25,1.2,0.071733,0.555689,1.78122
25,1.3,0.07174,0.597316,1.739593
25,1.4,0.071066,0.64077,1.696139
25,1.5,0.069748,0.686079,1.65083
25,1.6,0.067834,0.733255,1.603654
25,1.7,0.065382,0.782287,1.554621
25,1.8,0.062464,0.833135,1.503774
25,1.9,0.059161,0.885722,1.451186
25,2.0,0.055566,0.939929,1.396979
25,2.1,0.051782,0.995588,1.34132
25,2.2,0.047912,1.052479,1.28443
25,2.3,0.044063,1.110326,1.226583
25,2.4,0.040334,1.168805,1.168104
25,2.5,0.036811,1.227546,1.109363
25,2.6,0.033562,1.286146,1.050762
25,2.7,0.030632,1.344185,0.992723
25,2.8,0.028043,1.401241,0.935667
25,2.9,0.025797,1.456909,0.88
25,3.0,0.023876,1.510816,0.826092
25,3.1,0.022251,1.562638,0.774271
25,3.2,0.020887,1.612104,0.724805
25,3.3,0.019746,1.659005,0.677903
25,3.4,0.018793,1.703196,0.633713
25,3.5,0.017993,1.744586,0.592322
25,3.6,0.017321,1.783143,0.553766
25,3.7,0.016752,1.818879,0.518029
25,3.8,0.016269,1.851849,0.48506
25,3.9,0.015856,1.882137,0.454771
25,4.0,0.0155,1.909855,0.427053
25,4.1,0.015193,1.935132,0.401776
25,4.2,0.014927,1.95811,0.378799
25,4.3,0.014696,1.978938,0.357971
25,4.4,0.014494,1.997767,0.339141
25,4.5,0.014318,2.014751,0.322158
25,4.6,0.014163,2.030037,0.306871
25,4.7,0.014027,2.04377,0.293139
25,4.8,0.013908,2.056086,0.280823
25,4.9,0.013804,2.067114,0.269794
25,5.0,0.013712,2.076976,0.259932
25,5.1,0.01363,2.085785,0.251123
25,5.2,0.013559,2.093644,0.243264
25,5.3,0.013496,2.100649,0.236259
25,5.4,0.01344,2.106888,0.230021
25,5.5,0.013391,2.112439,0.224469
25,5.6,0.013348,2.117376,0.219532
25,5.7,0.01331,2.121764,0.215144
25,5.8,0.013276,2.125661,0.211247
25,5.9,0.013246,2.129122,0.207787
25,6.0,0.01322,2.132193,0.204716
25,6.1,0.013197,2.134917,0.201992
25,6.2,0.013176,2.137333,0.199576
25,6.3,0.013158,2.139475,0.197434
25,6.4,0.013142,2.141373,0.195535
25,6.5,0.013128,2.143055,0.193853
25,6.6,0.013115,2.144546,0.192363
25,6.7,0.013104,2.145866,0.191043
25,6.8,0.013095,2.147035,0.189874
25,6.9,0.013086,2.14807,0.188838
25,7.0,0.013078,2.148987,0.187922
25,7.1,0.013072,2.149798,0.18711
25,7.2,0.013066,2.150517,0.186392
25,7.3,0.01306,2.151153,0.185756
25,7.4,0.013056,2.151715,0.185193
25,7.5,0.013051,2.152214,0.184695
25,7.6,0.013048,2.152654,0.184254
25,7.7,0.013045,2.153044,0.183864
25,7.8,0.013042,2.153389,0.183519
25,7.9,0.013039,2.153695,0.183214
25,8.0,0.013037,2.153965,0.182943
25,8.1,0.013035,2.154204,0.182704
25,8.2,0.013033,2.154416,0.182493
25,8.3,0.013032,2.154603,0.182306
25,8.4,0.01303,2.154768,0.18214
25,8.5,0.013029,2.154915,0.181994
25,8.6,0.013028,2.155044,0.181864
25,8.7,0.013027,2.155159,0.18175
25,8.8,0.013026,2.15526,0.181648
25,8.9,0.013025,2.15535,0.181559
25,9.0,0.013025,2.155429,0.181479
25,9.1,0.013024,2.155499,0.181409
25,9.2,0.013024,2.155562,0.181347
25,9.3,0.013023,2.155616,0.181292
25,9.4,0.013023,2.155665,0.181243
25,9.5,0.013022,2.155708,0.1812
25,9.6,0.013022,2.155746,0.181162
25,9.7,0.013022,2.15578,0.181129
25,9.8,0.013022,2.155809,0.181099
25,9.9,0.013021,2.155836,0.181073
25,10.0,0.013021,2.155859,0.18105
26,0.0,0.028295,0.402754,2.160784
26,0.1,0.034076,0.449633,2.113905
26,0.2,0.038814,0.499527,2.064011
26,0.3,0.042519,0.552472,2.011066
26,0.4,0.045212,0.608485,1.955053
26,0.5,0.046924,0.667555,1.895983
26,0.6,0.047705,0.729637,1.833901
26,0.7,0.04762,0.79464,1.768898
26,0.8,0.046753,0.862424,1.701114
26,0.9,0.04521,0.932782,1.630756
26,1.0,0.043112,1.005434,1.558104
26,1.1,0.040596,1.080021,1.483517
26,1.2,0.037807,1.156098,1.40744
26,1.3,0.034891,1.233144,1.330394
26,1.4,0.031983,1.310565,1.252973
26,1.5,0.029199,1.387715,1.175823
26,1.6,0.026626,1.463925,1.099613
26,1.7,0.02432,1.538528,1.02501
26,1.8,0.022308,1.610893,0.952645
26,1.9,0.020588,1.680452,0.883086
26,2.0,0.019141,1.746724,0.816814
26,2.1,0.017935,1.809333,0.754205
26,2.2,0.016937,1.868006,0.695532
26,2.3,0.01611,1.92258,0.640958
26,2.4,0.015425,1.972989,0.590549
26,2.5,0.014855,2.019254,0.544284
26,2.6,0.014377,2.061469,0.502069
26,2.7,0.013976,2.099785,0.463753
26,2.8,0.013636,2.134396,0.429142
26,2.9,0.013347,2.165525,0.398013
26,3.0,0.0131,2.193417,0.370121
26,3.1,0.012889,2.21832,0.345218
26,3.2,0.012708,2.240488,0.323051
26,3.3,0.012552,2.260166,0.303372
26,3.4,0.012417,2.277593,0.285945
26,3.5,0.012301,2.292992,0.270546
26,3.6,0.0122,2.306575,0.256963
26,3.7,0.012113,2.318535,0.245003
26,3.8,0.012038,2.329051,0.234487
26,3.9,0.011973,2.338285,0.225253
26,4.0,0.011916,2.346385,0.217153
26,4.1,0.011867,2.353483,0.210055
26,4.2,0.011824,2.359697,0.203841
26,4.3,0.011787,2.365133,0.198405
26,4.4,0.011755,2.369885,0.193653
26,4.5,0.011727,2.374038,0.1895
26,4.6,0.011703,2.377665,0.185873
26,4.7,0.011682,2.38083,0.182708
26,4.8,0.011663,2.383593,0.179945
26,4.9,0.011647,2.386002,0.177536
26,5.0,0.011634,2.388103,0.175435
26,5.1,0.011621,2.389935,0.173603
26,5.2,0.011611,2.391532,0.172006
26,5.3,0.011602,2.392923,0.170615
26,5.4,0.011594,2.394136,0.169402
26,5.5,0.011587,2.395192,0.168346
26,5.6,0.011581,2.396112,0.167426
26,5.7,0.011576,2.396913,0.166625
26,5.8,0.011571,2.397611,0.165927
26,5.9,0.011567,2.398218,0.16532
26,6.0,0.011564,2.398748,0.164791
26,6.1,0.011561,2.399208,0.16433
26,6.2,0.011558,2.399609,0.163929
26,6.3,0.011556,2.399958,0.16358
26,6.4,0.011554,2.400262,0.163276
26,6.5,0.011552,2.400527,0.163011
26,6.6,0.011551,2.400757,0.162781
26,6.7,0.011549,2.400958,0.16258
26,6.8,0.011548,2.401132,0.162406
26,6.9,0.011547,2.401284,0.162254
26,7.0,0.011546,2.401416,0.162122
26,7.1,0.011546,2.401532,0.162006
26,7.2,0.011545,2.401632,0.161906
26,7.3,0.011544,2.401719,0.161819
26,7.4,0.011544,2.401795,0.161743
26,7.5,0.011544,2.401861,0.161677
26,7.6,0.011543,2.401918,0.16162
26,7.7,0.011543,2.401968,0.16157
26,7.8,0.011543,2.402012,0.161526
26,7.9,0.011542,2.40205,0.161488
26,8.0,0.011542,2.402083,0.161455
26,8.1,0.011542,2.402111,0.161427
26,8.2,0.011542,2.402136,0.161402
26,8.3,0.011542,2.402158,0.16138
26,8.4,0.011542,2.402177,0.161361
26,8.5,0.011541,2.402194,0.161344
26,8.6,0.011541,2.402208,0.16133
26,8.7,0.011541,2.40222,0.161318
26,8.8,0.011541,2.402231,0.161307
26,8.9,0.011541,2.402241,0.161297
26,9.0,0.011541,2.402249,0.161289
26,9.1,0.011541,2.402256,0.161282
26,9.2,0.011541,2.402262,0.161276
26,9.3,0.011541,2.402268,0.16127
26,9.4,0.011541,2.402272,0.161266
26,9.5,0.011541,2.402277,0.161262
26,9.6,0.011541,2.40228,0.161258
26,9.7,0.011541,2.402283,0.161255
26,9.8,0.011541,2.402286,0.161252
26,9.9,0.011541,2.402288,0.16125
26,10.0,0.011541,2.40229,0.161248
27,0.0,0.020913,0.416309,0.917432
27,0.1,0.027505,0.425321,0.90842
27,0.2,0.03334,0.433541,0.900201
27,0.3,0.038532,0.441029,0.892713
27,0.4,0.043168,0.447841,0.8859
27,0.5,0.047319,0.45403,0.879712
27,0.6,0.051046,0.459643,0.874099
27,0.7,0.054397,0.464726,0.869015
27,0.8,0.057416,0.469322,0.864419
27,0.9,0.06014,0.47347,0.860272
27,1.0,0.0626,0.477206,0.856536
27,1.1,0.064825,0.480564,0.853177
27,1.2,0.066839,0.483576,0.850165
27,1.3,0.068665,0.486271,0.84747
27,1.4,0.070322,0.488676,0.845065
27,1.5,0.071826,0.490815,0.842926
27,1.6,0.073195,0.492712,0.84103
27,1.7,0.074441,0.494386,0.839356
27,1.8,0.075576,0.495856,0.837885
27,1.9,0.076613,0.497142,0.8366
27,2.0,0.077561,0.498257,0.835485
27,2.1,0.078429,0.499217,0.834525
27,2.2,0.079225,0.500035,0.833707
27,2.3,0.079956,0.500723,0.833019
27,2.4,0.080629,0.501291,0.83245
27,2.5,0.08125,0.50175,0.831991
27,2.6,0.081824,0.50211,0.831632
27,2.7,0.082357,0.502376,0.831365
27,2.8,0.082851,0.502559,0.831183
27,2.9,0.083312,0.502663,0.831079
27,3.0,0.083743,0.502695,0.831047
27,3.1,0.084147,0.50266,0.831081
27,3.2,0.084527,0.502564,0.831177
27,3.3,0.084886,0.502411,0.831331
27,3.4,0.085226,0.502204,0.831537
27,3.5,0.085548,0.501948,0.831794
27,3.6,0.085857,0.501645,0.832097
27,3.7,0.086152,0.501298,0.832444
27,3.8,0.086435,0.50091,0.832831
27,3.9,0.086709,0.500484,0.833258
27,4.0,0.086974,0.50002,0.833721
27,4.1,0.087232,0.499522,0.83422
27,4.2,0.087484,0.49899,0.834752
27,4.3,0.087731,0.498426,0.835315
27,4.4,0.087973,0.497831,0.83591
27,4.5,0.088212,0.497207,0.836535
27,4.6,0.088449,0.496554,0.837188
27,4.7,0.088683,0.495872,0.837869
27,4.8,0.088917,0.495164,0.838578
27,4.9,0.08915,0.494428,0.839314
27,5.0,0.089383,0.493666,0.840076
27,5.1,0.089616,0.492878,0.840864
27,5.2,0.089851,0.492064,0.841678
27,5.3,0.090088,0.491224,0.842517
27,5.4,0.090326,0.490359,0.843382
27,5.5,0.090567,0.489469,0.844273
27,5.6,0.090811,0.488553,0.845189
27,5.7,0.091058,0.487611,0.84613
27,5.8,0.091309,0.486644,0.847098
27,5.9,0.091564,0.48565,0.848091
27,6.0,0.091823,0.484631,0.84911
27,6.1,0.092087,0.483585,0.850156
27,6.2,0.092356,0.482512,0.851229
27,6.3,0.09263,0.481412,0.852329
27,6.4,0.09291,0.480285,0.853457
27,6.5,0.093196,0.479129,0.854612
27,6.6,0.093488,0.477945,0.855796
27,6.7,0.093786,0.476732,0.85701
27,6.8,0.094092,0.475489,0.858253
27,6.9,0.094405,0.474216,0.859526
27,7.0,0.094725,0.472912,0.86083
27,7.1,0.095054,0.471576,0.862165
27,7.2,0.09539,0.470208,0.863533
27,7.3,0.095735,0.468807,0.864934
27,7.4,0.096089,0.467373,0.866369
27,7.5,0.096453,0.465903,0.867838
27,7.6,0.096825,0.464399,0.869343
27,7.7,0.097208,0.462858,0.870884
27,7.8,0.097601,0.46128,0.872462
27,7.9,0.098005,0.459663,0.874078
27,8.0,0.09842,0.458008,0.875733
27,8.1,0.098847,0.456313,0.877429
27,8.2,0.099285,0.454576,0.879166
27,8.3,0.099736,0.452797,0.880944
27,8.4,0.1002,0.450975,0.882767
27,8.5,0.100677,0.449108,0.884633
27,8.6,0.101168,0.447196,0.886546
27,8.7,0.101674,0.445237,0.888505
27,8.8,0.102194,0.443229,0.890512
27,8.9,0.102731,0.441172,0.892569
27,9.0,0.103283,0.439065,0.894677
27,9.1,0.103852,0.436905,0.896836
27,9.2,0.104438,0.434692,0.89905
27,9.3,0.105042,0.432423,0.901318
27,9.4,0.105666,0.430099,0.903643
27,9.5,0.106308,0.427716,0.906026
27,9.6,0.106971,0.425273,0.908468
27,9.7,0.107655,0.422769,0.910972
27,9.8,0.108361,0.420202,0.913539
27,9.9,0.109089,0.417571,0.916171
27,10.0,0.109841,0.414873,0.918868
28,0.0,0.002113,0.090522,2.305898
28,0.1,0.011816,0.107745,2.288675
28,0.2,0.021071,0.125894,2.270526
28,0.3,0.029842,0.145036,2.251384
28,0.4,0.038096,0.165229,2.231191
28,0.5,0.045805,0.186526,2.209894
28,0.6,0.052941,0.208976,2.187444
28,0.7,0.05948,0.232628,2.163792
28,0.8,0.065398,0.257532,2.138888
28,0.9,0.070673,0.283738,2.112682
28,1.0,0.075286,0.311299,2.085121
28,1.1,0.079219,0.340274,2.056146
28,1.2,0.082456,0.370724,2.025696
28,1.3,0.084987,0.402718,1.993702
28,1.4,0.086803,0.43633,1.96009
28,1.5,0.087898,0.471636,1.924784
28,1.6,0.088275,0.508719,1.887701
28,1.7,0.087937,0.547663,1.848757
28,1.8,0.0869,0.58855,1.80787
28,1.9,0.085185,0.631459,1.764961
28,2.0,0.082823,0.676457,1.719963
28,2.1,0.079857,0.723598,1.672821
28,2.2,0.076343,0.772914,1.623506
28,2.3,0.072351,0.824402,1.572018
28,2.4,0.067964,0.878023,1.518397
28,2.5,0.063284,0.933688,1.462732
28,2.6,0.058421,0.99125,1.40517
28,2.7,0.053498,1.050497,1.345923
28,2.8,0.048638,1.111147,1.285273
28,2.9,0.043962,1.17285,1.22357
28,3.0,0.039578,1.235194,1.161226
28,3.1,0.035571,1.297713,1.098707
28,3.2,0.031997,1.359911,1.036509
28,3.3,0.028882,1.421278,0.975142
28,3.4,0.026222,1.481318,0.915102
28,3.5,0.023988,1.539569,0.856851
28,3.6,0.022136,1.595626,0.800794
28,3.7,0.020613,1.64915,0.74727
28,3.8,0.019365,1.699877,0.696543
28,3.9,0.018342,1.747619,0.648801
28,4.0,0.017499,1.792264,0.604156
28,4.1,0.016802,1.833765,0.562655
28,4.2,0.01622,1.872132,0.524288
28,4.3,0.015731,1.907427,0.488993
28,4.4,0.015316,1.939748,0.456672
28,4.5,0.014963,1.969224,0.427195
28,4.6,0.014659,1.996007,0.400413
28,4.7,0.014398,2.020259,0.376161
28,4.8,0.014172,2.042154,0.354266
28,4.9,0.013976,2.061868,0.334552
28,5.0,0.013805,2.079573,0.316847
28,5.1,0.013656,2.09544,0.30098
28,5.2,0.013526,2.109633,0.286787
28,5.3,0.013412,2.122304,0.274116
28,5.4,0.013312,2.133601,0.262819
28,5.5,0.013225,2.143657,0.252763
28,5.6,0.013149,2.152598,0.243821
28,5.7,0.013082,2.16054,0.23588
28,5.8,0.013023,2.167586,0.228834
28,5.9,0.012971,2.173833,0.222587
28,6.0,0.012925,2.179366,0.217053
28,6.1,0.012885,2.184265,0.212155
28,6.2,0.01285,2.188599,0.207821
28,6.3,0.012819,2.192431,0.203989
28,6.4,0.012792,2.195818,0.200602
28,6.5,0.012768,2.19881,0.19761
28,6.6,0.012747,2.201453,0.194967
28,6.7,0.012729,2.203786,0.192634
28,6.8,0.012713,2.205845,0.190575
28,6.9,0.012698,2.207662,0.188758
28,7.0,0.012686,2.209264,0.187155
28,7.1,0.012675,2.210678,0.185742
28,7.2,0.012665,2.211925,0.184495
28,7.3,0.012656,2.213024,0.183396
28,7.4,0.012649,2.213993,0.182427
28,7.5,0.012642,2.214847,0.181573
28,7.6,0.012636,2.2156,0.18082
28,7.7,0.012631,2.216264,0.180156
28,7.8,0.012626,2.216848,0.179572
28,7.9,0.012622,2.217364,0.179056
28,8.0,0.012619,2.217818,0.178602
28,8.1,0.012616,2.218218,0.178202
28,8.2,0.012613,2.21857,0.17785
28,8.3,0.012611,2.218881,0.177539
28,8.4,0.012609,2.219154,0.177266
28,8.5,0.012607,2.219395,0.177025
28,8.6,0.012605,2.219607,0.176813
28,8.7,0.012604,2.219794,0.176626
28,8.8,0.012602,2.219959,0.176461
28,8.9,0.012601,2.220104,0.176316
28,9.0,0.0126,2.220232,0.176188
28,9.1,0.012599,2.220345,0.176075
28,9.2,0.012599,2.220444,0.175976
28,9.3,0.012598,2.220531,0.175889
28,9.4,0.012597,2.220608,0.175812
28,9.5,0.012597,2.220676,0.175744
28,9.6,0.012596,2.220735,0.175685
28,9.7,0.012596,2.220788,0.175632
28,9.8,0.012596,2.220834,0.175586
28,9.9,0.012595,2.220875,0.175545
28,10.0,0.012595,2.220911,0.175509
29,0.0,0.023632,0.122572,1.752612
29,0.1,0.032368,0.133914,1.741271
29,0.2,0.04069,0.145314,1.729871
29,0.3,0.0486,0.156754,1.71843
29,0.4,0.056104,0.168216,1.706968
29,0.5,0.063204,0.179681,1.695503
29,0.6,0.069907,0.191132,1.684052
29,0.7,0.076216,0.202554,1.672631
29,0.8,0.082138,0.213932,1.661253
29,0.9,0.087679,0.225254,1.64993
29,1.0,0.092845,0.236513,1.638672
29,1.1,0.097643,0.2477,1.627484
29,1.2,0.102081,0.258812,1.616372
29,1.3,0.106166,0.269848,1.605337
29,1.4,0.109905,0.280808,1.594376
29,1.5,0.113307,0.291697,1.583487
29,1.6,0.116379,0.302521,1.572663
29,1.7,0.119129,0.313289,1.561895
29,1.8,0.121565,0.324013,1.551172
29,1.9,0.123694,0.334706,1.540479
29,2.0,0.125524,0.345383,1.529801
29,2.1,0.127062,0.356064,1.51912
29,2.2,0.128315,0.366767,1.508417
29,2.3,0.129291,0.377514,1.49767
29,2.4,0.129995,0.388329,1.486855
29,2.5,0.130434,0.399236,1.475948
29,2.6,0.130614,0.410262,1.464923
29,2.7,0.130541,0.421434,1.45375
29,2.8,0.13022,0.432783,1.442402
29,2.9,0.129657,0.444337,1.430847
29,3.0,0.128856,0.45613,1.419054
29,3.1,0.127824,0.468194,1.406991
29,3.2,0.126565,0.480562,1.394623
29,3.3,0.125084,0.493269,1.381915
29,3.4,0.123386,0.50635,1.368834
29,3.5,0.121478,0.519842,1.355342
29,3.6,0.119363,0.533781,1.341403
29,3.7,0.11705,0.548203,1.326982
29,3.8,0.114545,0.563144,1.31204
29,3.9,0.111855,0.57864,1.296544
29,4.0,0.108988,0.594727,1.280457
29,4.1,0.105956,0.611438,1.263747
29,4.2,0.102768,0.628804,1.246381
29,4.3,0.099437,0.646854,1.22833
29,4.4,0.095977,0.665615,1.209569
29,4.5,0.092405,0.685107,1.190077
29,4.6,0.088737,0.705347,1.169837
29,4.7,0.084994,0.726345,1.148839
29,4.8,0.081198,0.748104,1.12708
29,4.9,0.077371,0.770618,1.104566
29,5.0,0.07354,0.793874,1.081311
29,5.1,0.069732,0.817844,1.05734
29,5.2,0.065972,0.842495,1.032689
29,5.3,0.06229,0.867777,1.007408
29,5.4,0.058713,0.89363,0.981554
29,5.5,0.055265,0.919983,0.955202
29,5.6,0.051971,0.946751,0.928433
29,5.7,0.04885,0.973843,0.901342
29,5.8,0.045919,1.001154,0.874031
29,5.9,0.04319,1.028575,0.846609
29,6.0,0.040669,1.055992,0.819192
29,6.1,0.038359,1.083289,0.791895
29,6.2,0.036257,1.110351,0.764834
29,6.3,0.034357,1.137064,0.738121
29,6.4,0.032649,1.163322,0.711863
29,6.5,0.03112,1.189025,0.686159
29,6.6,0.029757,1.214085,0.661099
29,6.7,0.028544,1.238422,0.636763
29,6.8,0.027466,1.261968,0.613216
29,6.9,0.02651,1.284668,0.590516
29,7.0,0.025661,1.306479,0.568706
29,7.1,0.024906,1.327367,0.547818
29,7.2,0.024234,1.34731,0.527874
29,7.3,0.023635,1.366298,0.508886
29,7.4,0.0231,1.384328,0.490857
29,7.5,0.02262,1.401404,0.473781
29,7.6,0.02219,1.417539,0.457645
29,7.7,0.021802,1.432752,0.442433
29,7.8,0.021453,1.447065,0.428119
29,7.9,0.021138,1.460507,0.414677
29,8.0,0.020853,1.473107,0.402077
29,8.1,0.020594,1.484899,0.390285
29,8.2,0.020359,1.495918,0.379266
29,8.3,0.020146,1.506199,0.368985
29,8.4,0.019952,1.515779,0.359405
29,8.5,0.019776,1.524696,0.350489
29,8.6,0.019615,1.532984,0.3422
29,8.7,0.019468,1.540681,0.334503
29,8.8,0.019335,1.547822,0.327362
29,8.9,0.019212,1.55444,0.320744
29,9.0,0.019101,1.560569,0.314615
29,9.1,0.018999,1.566241,0.308943
29,9.2,0.018906,1.571486,0.303699
29,9.3,0.018821,1.576332,0.298852
29,9.4,0.018743,1.580808,0.294376
29,9.5,0.018671,1.584939,0.290245
29,9.6,0.018606,1.58875,0.286434
29,9.7,0.018547,1.592264,0.28292
29,9.8,0.018492,1.595503,0.279681
29,9.9,0.018442,1.598487,0.276697
29,10.0,0.018396,1.601235,0.273949
30,0.0,0.008463,0.363344,1.615391
30,0.1,0.016701,0.391801,1.586934
30,0.2,0.023849,0.420775,1.55796
30,0.3,0.030009,0.450246,1.528489
30,0.4,0.035258,0.480197,1.498537
30,0.5,0.039663,0.510616,1.468118
30,0.6,0.043279,0.541495,1.43724
30,0.7,0.046162,0.572827,1.405908
30,0.8,0.048361,0.604609,1.374126
30,0.9,0.049928,0.63684,1.341895
30,1.0,0.050913,0.669515,1.30922
30,1.1,0.051367,0.702628,1.276107
30,1.2,0.051342,0.736169,1.242566
30,1.3,0.050892,0.770121,1.208614
30,1.4,0.050072,0.804457,1.174278
30,1.5,0.048937,0.839142,1.139593
30,1.6,0.047543,0.87413,1.104605
30,1.7,0.045946,0.909359,1.069376
30,1.8,0.044199,0.944758,1.033977
30,1.9,0.042354,0.980241,0.998494
30,2.0,0.040459,1.01571,0.963025
30,2.1,0.038557,1.051056,0.927678
30,2.2,0.036686,1.086163,0.892572
30,2.3,0.034878,1.120906,0.857829
30,2.4,0.033156,1.155159,0.823576
30,2.5,0.03154,1.188796,0.789939
30,2.6,0.03004,1.221695,0.75704
30,2.7,0.028663,1.253742,0.724993
30,2.8,0.027409,1.284831,0.693904
30,2.9,0.026275,1.314868,0.663866
30,3.0,0.025256,1.343776,0.634958
30,3.1,0.024344,1.371491,0.607244
30,3.2,0.023529,1.397962,0.580773
30,3.3,0.022803,1.423158,0.555577
30,3.4,0.022157,1.447058,0.531676
30,3.5,0.021581,1.469659,0.509076
30,3.6,0.021069,1.490965,0.48777
30,3.7,0.020611,1.510996,0.467739
30,3.8,0.020203,1.529778,0.448957
30,3.9,0.019838,1.547345,0.43139
30,4.0,0.019511,1.563739,0.414996
30,4.1,0.019218,1.579006,0.399729
30,4.2,0.018955,1.593195,0.38554
30,4.3,0.018718,1.606358,0.372376
30,4.4,0.018505,1.61855,0.360185
30,4.5,0.018313,1.629823,0.348912
30,4.6,0.01814,1.640233,0.338502
30,4.7,0.017983,1.649832,0.328903
30,4.8,0.017842,1.658674,0.320061
30,4.9,0.017714,1.666808,0.311927
30,5.0,0.017598,1.674285,0.30445
30,5.1,0.017493,1.681149,0.297585
30,5.2,0.017399,1.687447,0.291287
30,5.3,0.017313,1.693221,0.285514
30,5.4,0.017235,1.698509,0.280225
30,5.5,0.017164,1.703351,0.275384
30,5.6,0.0171,1.70778,0.270955
30,5.7,0.017042,1.71183,0.266905
30,5.8,0.016989,1.715531,0.263203
30,5.9,0.016941,1.718913,0.259822
30,6.0,0.016898,1.722,0.256735
30,6.1,0.016859,1.724818,0.253917
30,6.2,0.016823,1.727389,0.251346
30,6.3,0.01679,1.729734,0.249001
30,6.4,0.016761,1.731873,0.246862
30,6.5,0.016734,1.733822,0.244913
30,6.6,0.01671,1.735599,0.243136
30,6.7,0.016688,1.737218,0.241517
30,6.8,0.016667,1.738693,0.240042
30,6.9,0.016649,1.740037,0.238698
30,7.0,0.016633,1.74126,0.237475
30,7.1,0.016618,1.742374,0.236361
30,7.2,0.016604,1.743389,0.235346
30,7.3,0.016591,1.744312,0.234423
30,7.4,0.01658,1.745152,0.233582
30,7.5,0.01657,1.745917,0.232818
30,7.6,0.01656,1.746613,0.232121
30,7.7,0.016552,1.747247,0.231488
30,7.8,0.016544,1.747823,0.230912
30,7.9,0.016537,1.748348,0.230387
30,8.0,0.016531,1.748825,0.22991
30,8.1,0.016525,1.749259,0.229476
30,8.2,0.01652,1.749653,0.229082
30,8.3,0.016515,1.750012,0.228722
30,8.4,0.016511,1.750339,0.228396
30,8.5,0.016507,1.750636,0.228099
30,8.6,0.016503,1.750906,0.227829
30,8.7,0.0165,1.751152,0.227583
30,8.8,0.016497,1.751375,0.227359
30,8.9,0.016494,1.751579,0.227156
30,9.0,0.016492,1.751763,0.226971
30,9.1,0.016489,1.751932,0.226803
30,9.2,0.016487,1.752084,0.22665
30,9.3,0.016486,1.752223,0.226512
30,9.4,0.016484,1.75235,0.226385
30,9.5,0.016482,1.752465,0.22627
30,9.6,0.016481,1.752569,0.226166
30,9.7,0.01648,1.752664,0.226071
30,9.8,0.016479,1.75275,0.225984
30,9.9,0.016478,1.752829,0.225906
30,10.0,0.016477,1.7529,0.225834
31,0.0,0.01967,0.18568,2.075706
31,0.1,0.028033,0.207454,2.053933
31,0.2,0.035753,0.230288,2.031099
31,0.3,0.04282,0.254204,2.007183
31,0.4,0.049224,0.279225,1.982162
31,0.5,0.054956,0.305374,1.956013
31,0.6,0.060008,0.332677,1.92871
31,0.7,0.064373,0.361163,1.900224
31,0.8,0.068048,0.390864,1.870523
31,0.9,0.071031,0.421817,1.83957
31,1.0,0.073324,0.454063,1.807324
31,1.1,0.074933,0.487645,1.773742
31,1.2,0.075868,0.52261,1.738777
31,1.3,0.076144,0.559004,1.702383
31,1.4,0.075783,0.596872,1.664515
31,1.5,0.074811,0.636256,1.625131
31,1.6,0.073265,0.677187,1.584199
31,1.7,0.071187,0.719687,1.5417
31,1.8,0.06863,0.763759,1.497628
31,1.9,0.065656,0.809383,1.452004
31,2.0,0.062335,0.856512,1.404875
31,2.1,0.058749,0.905067,1.35632
31,2.2,0.054982,0.954927,1.30646
31,2.3,0.051128,1.005932,1.255455
31,2.4,0.047276,1.057877,1.20351
31,2.5,0.043516,1.110514,1.150873
31,2.6,0.039928,1.163555,1.097832
31,2.7,0.036575,1.21668,1.044707
31,2.8,0.033508,1.269545,0.991842
31,2.9,0.030756,1.321799,0.939587
31,3.0,0.028328,1.373094,0.888293
31,3.1,0.026219,1.423098,0.838289
31,3.2,0.024409,1.47151,0.789877
31,3.3,0.022868,1.518068,0.743318
31,3.4,0.021565,1.562557,0.69883
31,3.5,0.020466,1.604809,0.656578
31,3.6,0.019539,1.644706,0.616681
31,3.7,0.018755,1.682177,0.579209
31,3.8,0.01809,1.717195,0.544192
31,3.9,0.017524,1.749768,0.511619
31,4.0,0.017038,1.77994,0.481447
31,4.1,0.01662,1.807777,0.45361
31,4.2,0.016258,1.83337,0.428017
31,4.3,0.015944,1.856822,0.404565
31,4.4,0.01567,1.878248,0.383139
31,4.5,0.01543,1.897772,0.363615
31,4.6,0.015219,1.915518,0.345869
31,4.7,0.015035,1.931613,0.329774
31,4.8,0.014872,1.94618,0.315207
31,4.9,0.014728,1.959342,0.302045
31,5.0,0.014601,1.971214,0.290173
31,5.1,0.014489,1.981906,0.279481
31,5.2,0.01439,1.991524,0.269863
31,5.3,0.014302,2.000165,0.261222
31,5.4,0.014225,2.00792,0.253467
31,5.5,0.014156,2.014873,0.246514
31,5.6,0.014095,2.021102,0.240285
31,5.7,0.01404,2.026678,0.234709
31,5.8,0.013992,2.031666,0.229721
31,5.9,0.01395,2.036125,0.225262
31,6.0,0.013912,2.040109,0.221278
31,6.1,0.013878,2.043667,0.21772
31,6.2,0.013848,2.046843,0.214544
31,6.3,0.013822,2.049677,0.21171
31,6.4,0.013798,2.052205,0.209182
31,6.5,0.013777,2.054459,0.206928
31,6.6,0.013758,2.056469,0.204918
31,6.7,0.013742,2.05826,0.203127
31,6.8,0.013727,2.059856,0.201531
31,6.9,0.013714,2.061278,0.200109
31,7.0,0.013703,2.062544,0.198843
31,7.1,0.013692,2.063672,0.197715
31,7.2,0.013683,2.064677,0.19671
31,7.3,0.013675,2.065571,0.195816
31,7.4,0.013668,2.066367,0.19502
31,7.5,0.013661,2.067076,0.194311
31,7.6,0.013655,2.067707,0.19368
31,7.7,0.01365,2.068268,0.193119
31,7.8,0.013646,2.068768,0.192619
31,7.9,0.013642,2.069213,0.192174
31,8.0,0.013638,2.069608,0.191779
31,8.1,0.013635,2.06996,0.191427
31,8.2,0.013632,2.070274,0.191113
31,8.3,0.013629,2.070552,0.190835
31,8.4,0.013627,2.0708,0.190587
31,8.5,0.013625,2.071021,0.190366
31,8.6,0.013623,2.071217,0.19017
31,8.7,0.013622,2.071392,0.189995
31,8.8,0.01362,2.071547,0.18984
31,8.9,0.013619,2.071686,0.189701
31,9.0,0.013618,2.071809,0.189578
31,9.1,0.013617,2.071918,0.189469
31,9.2,0.013616,2.072015,0.189372
31,9.3,0.013615,2.072102,0.189285
31,9.4,0.013615,2.072179,0.189208
31,9.5,0.013614,2.072247,0.18914
31,9.6,0.013614,2.072308,0.189079
31,9.7,0.013613,2.072362,0.189025
31,9.8,0.013613,2.072411,0.188976
31,9.9,0.013612,2.072454,0.188933
31,10.0,0.013612,2.072492,0.188895
32,0.0,0.018729,0.089442,0.795015
32,0.1,0.027941,0.088258,0.796199
32,0.2,0.036922,0.086808,0.79765
32,0.3,0.04571,0.085118,0.79934
32,0.4,0.054338,0.083214,0.801243
32,0.5,0.062831,0.081124,0.803333
32,0.6,0.071212,0.078874,0.805584
32,0.7,0.0795,0.076491,0.807966
32,0.8,0.087712,0.074002,0.810455
32,0.9,0.095861,0.071434,0.813023
32,1.0,0.10396,0.068812,0.815645
32,1.1,0.112019,0.066162,0.818295
32,1.2,0.120046,0.063506,0.820951
32,1.3,0.128049,0.060866,0.823591
32,1.4,0.136033,0.058263,0.826194
32,1.5,0.144004,0.055714,0.828743
32,1.6,0.151964,0.053236,0.831221
32,1.7,0.159916,0.050842,0.833615
32,1.8,0.167863,0.048543,0.835914
32,1.9,0.175804,0.046349,0.838109
32,2.0,0.183741,0.044265,0.840193
32,2.1,0.191673,0.042296,0.842161
32,2.2,0.1996,0.040444,0.844013
32,2.3,0.207521,0.03871,0.845747
32,2.4,0.215435,0.037093,0.847364
32,2.5,0.22334,0.035589,0.848868
32,2.6,0.231235,0.034196,0.850262
32,2.7,0.239117,0.032907,0.851551
32,2.8,0.246987,0.031717,0.85274
32,2.9,0.254841,0.030621,0.853837
32,3.0,0.262678,0.029611,0.854846
32,3.1,0.270498,0.028682,0.855775
32,3.2,0.278298,0.027827,0.85663
32,3.3,0.286077,0.02704,0.857417
32,3.4,0.293834,0.026315,0.858142
32,3.5,0.301567,0.025646,0.858812
32,3.6,0.309277,0.025027,0.85943
32,3.7,0.316961,0.024454,0.860003
32,3.8,0.32462,0.023922,0.860535
32,3.9,0.332252,0.023427,0.86103
32,4.0,0.339857,0.022965,0.861492
32,4.1,0.347434,0.022533,0.861924
32,4.2,0.354982,0.022128,0.86233
32,4.3,0.362503,0.021746,0.862711
32,4.4,0.369994,0.021386,0.863071
32,4.5,0.377456,0.021046,0.863411
32,4.6,0.384888,0.020723,0.863734
32,4.7,0.392291,0.020416,0.864041
32,4.8,0.399664,0.020123,0.864334
32,4.9,0.407006,0.019844,0.864614
32,5.0,0.414319,0.019576,0.864881
32,5.1,0.421602,0.01932,0.865138
32,5.2,0.428854,0.019073,0.865384
32,5.3,0.436076,0.018836,0.865621
32,5.4,0.443267,0.018608,0.86585
32,5.5,0.450428,0.018387,0.86607
32,5.6,0.457559,0.018174,0.866283
32,5.7,0.46466,0.017969,0.866489
32,5.8,0.47173,0.017769,0.866688
32,5.9,0.478769,0.017576,0.866881
32,6.0,0.485779,0.017389,0.867068
32,6.1,0.492758,0.017207,0.86725
32,6.2,0.499707,0.017031,0.867426
32,6.3,0.506626,0.016859,0.867598
32,6.4,0.513514,0.016693,0.867764
32,6.5,0.520373,0.016531,0.867927
32,6.6,0.527201,0.016373,0.868085
32,6.7,0.534,0.016219,0.868238
32,6.8,0.540768,0.016069,0.868388
32,6.9,0.547507,0.015923,0.868534
32,7.0,0.554216,0.015781,0.868677
32,7.1,0.560896,0.015642,0.868816
32,7.2,0.567545,0.015506,0.868951
32,7.3,0.574166,0.015374,0.869084
32,7.4,0.580756,0.015244,0.869213
32,7.5,0.587318,0.015118,0.869339
32,7.6,0.59385,0.014995,0.869463
32,7.7,0.600353,0.014874,0.869583
32,7.8,0.606826,0.014756,0.869701
32,7.9,0.613271,0.01464,0.869817
32,8.0,0.619686,0.014527,0.86993
32,8.1,0.626073,0.014417,0.87004
32,8.2,0.632431,0.014309,0.870149
32,8.3,0.638761,0.014203,0.870255
32,8.4,0.645061,0.014099,0.870358
32,8.5,0.651333,0.013997,0.87046
32,8.6,0.657577,0.013898,0.87056
32,8.7,0.663793,0.0138,0.870657
32,8.8,0.66998,0.013704,0.870753
32,8.9,0.676139,0.01361,0.870847
32,9.0,0.68227,0.013518,0.870939
32,9.1,0.688373,0.013428,0.871029
32,9.2,0.694448,0.013339,0.871118
32,9.3,0.700496,0.013252,0.871205
32,9.4,0.706516,0.013167,0.87129
32,9.5,0.712508,0.013083,0.871374
32,9.6,0.718473,0.013001,0.871456
32,9.7,0.72441,0.01292,0.871537
32,9.8,0.73032,0.012841,0.871616
32,9.9,0.736204,0.012763,0.871694
32,10.0,0.74206,0.012686,0.871771
33,0.0,0.048133,0.458861,2.249268
33,0.1,0.051421,0.512594,2.195535
33,0.2,0.053693,0.570139,2.13799
33,0.3,0.054956,0.631575,2.076555
33,0.4,0.055237,0.696939,2.01119
33,0.5,0.054585,0.766219,1.941911
33,0.6,0.053076,0.839331,1.868798
33,0.7,0.050812,0.916109,1.79202
33,0.8,0.047923,0.996285,1.711844
33,0.9,0.044566,1.079473,1.628656
33,1.0,0.040916,1.165159,1.54297
33,1.1,0.037153,1.252704,1.455426
33,1.2,0.033452,1.341346,1.366784
33,1.3,0.029964,1.43023,1.277899
33,1.4,0.026803,1.518442,1.189687
33,1.5,0.024034,1.605057,1.103072
33,1.6,0.021682,1.689186,1.018943
33,1.7,0.019729,1.770029,0.9381
33,1.8,0.018135,1.846908,0.861221
33,1.9,0.016847,1.919296,0.788833
33,2.0,0.01581,1.986821,0.721308
33,2.1,0.014974,2.049266,0.658863
33,2.2,0.014296,2.106558,0.601571
33,2.3,0.013742,2.158741,0.549389
33,2.4,0.013286,2.20596,0.502169
33,2.5,0.012907,2.248438,0.459692
33,2.6,0.01259,2.286448,0.421681
33,2.7,0.012324,2.320302,0.387827
33,2.8,0.012098,2.350328,0.357801
33,2.9,0.011907,2.37686,0.331269
33,3.0,0.011745,2.40023,0.307899
33,3.1,0.011606,2.420755,0.287374
33,3.2,0.011488,2.438737,0.269392
33,3.3,0.011387,2.454455,0.253674
33,3.4,0.0113,2.468169,0.23996
33,3.5,0.011226,2.480113,0.228016
33,3.6,0.011162,2.490502,0.217627
33,3.7,0.011107,2.499526,0.208603
33,3.8,0.01106,2.507356,0.200773
33,3.9,0.01102,2.514143,0.193986
33,4.0,0.010985,2.520022,0.188107
33,4.1,0.010955,2.52511,0.183019
33,4.2,0.01093,2.529511,0.178618
33,4.3,0.010908,2.533316,0.174813
33,4.4,0.010889,2.536604,0.171525
33,4.5,0.010872,2.539444,0.168686
33,4.6,0.010858,2.541896,0.166234
33,4.7,0.010846,2.544012,0.164117
33,4.8,0.010836,2.545839,0.16229
33,4.9,0.010827,2.547415,0.160714
33,5.0,0.010819,2.548774,0.159355
33,5.1,0.010812,2.549947,0.158182
33,5.2,0.010806,2.550958,0.157171
33,5.3,0.010801,2.55183,0.156299
33,5.4,0.010797,2.552582,0.155547
33,5.5,0.010794,2.55323,0.154899
33,5.6,0.01079,2.553788,0.154341
33,5.7,0.010788,2.55427,0.153859
33,5.8,0.010785,2.554685,0.153444
33,5.9,0.010783,2.555042,0.153087
33,6.0,0.010782,2.555351,0.152778
33,6.1,0.01078,2.555616,0.152513
33,6.2,0.010779,2.555845,0.152284
33,6.3,0.010778,2.556043,0.152087
33,6.4,0.010777,2.556213,0.151917
33,6.5,0.010776,2.556359,0.15177
33,6.6,0.010775,2.556485,0.151644
33,6.7,0.010774,2.556594,0.151535
33,6.8,0.010774,2.556688,0.151441
33,6.9,0.010774,2.556768,0.151361
33,7.0,0.010773,2.556838,0.151291
33,7.1,0.010773,2.556898,0.151231
33,7.2,0.010772,2.55695,0.151179
33,7.3,0.010772,2.556994,0.151135
33,7.4,0.010772,2.557033,0.151097
33,7.5,0.010772,2.557066,0.151064
33,7.6,0.010772,2.557094,0.151035
33,7.7,0.010772,2.557119,0.151011
33,7.8,0.010771,2.55714,0.150989
33,7.9,0.010771,2.557158,0.150971
33,8.0,0.010771,2.557174,0.150956
33,8.1,0.010771,2.557187,0.150942
33,8.2,0.010771,2.557199,0.15093
33,8.3,0.010771,2.557209,0.15092
33,8.4,0.010771,2.557217,0.150912
33,8.5,0.010771,2.557225,0.150904
33,8.6,0.010771,2.557231,0.150898
33,8.7,0.010771,2.557237,0.150892
33,8.8,0.010771,2.557242,0.150888
33,8.9,0.010771,2.557246,0.150883
33,9.0,0.010771,2.557249,0.15088
33,9.1,0.010771,2.557252,0.150877
33,9.2,0.010771,2.557255,0.150874
33,9.3,0.010771,2.557257,0.150872
33,9.4,0.010771,2.557259,0.15087
33,9.5,0.010771,2.557261,0.150868
33,9.6,0.010771,2.557262,0.150867
33,9.7,0.010771,2.557263,0.150866
33,9.8,0.010771,2.557265,0.150865
33,9.9,0.010771,2.557265,0.150864
33,10.0,0.010771,2.557266,0.150863
34,0.0,0.014028,0.486129,2.446877
34,0.1,0.020824,0.556281,2.376726
34,0.2,0.026163,0.632206,2.3008
34,0.3,0.030092,0.71389,2.219117
34,0.4,0.032678,0.801207,2.1318
34,0.5,0.034016,0.8939,2.039106
34,0.6,0.034236,0.99156,1.941446
34,0.7,0.033503,1.093602,1.839405
34,0.8,0.032016,1.199254,1.733753
34,0.9,0.029991,1.30756,1.625447
34,1.0,0.027655,1.417393,1.515614
34,1.1,0.025215,1.527496,1.405511
34,1.2,0.022846,1.636536,1.296471
34,1.3,0.020672,1.743179,1.189827
34,1.4,0.018765,1.846169,1.086838
34,1.5,0.017149,1.944395,0.988611
34,1.6,0.015814,2.036954,0.896053
34,1.7,0.014727,2.123177,0.80983
34,1.8,0.013849,2.202642,0.730365
34,1.9,0.013141,2.275158,0.657848
34,2.0,0.012567,2.340741,0.592265
34,2.1,0.012101,2.399575,0.533432
34,2.2,0.011718,2.451972,0.481034
34,2.3,0.011403,2.498337,0.434669
34,2.4,0.011142,2.539132,0.393874
34,2.5,0.010925,2.574847,0.358159
34,2.6,0.010743,2.605978,0.327028
34,2.7,0.010591,2.633011,0.299995
34,2.8,0.010463,2.656408,0.276599
34,2.9,0.010356,2.6766,0.256407
34,3.0,0.010265,2.693983,0.239023
34,3.1,0.010189,2.708917,0.22409
34,3.2,0.010124,2.721723,0.211284
34,3.3,0.010069,2.732687,0.200319
34,3.4,0.010023,2.742062,0.190944
34,3.5,0.009984,2.750069,0.182937
34,3.6,0.009951,2.756901,0.176106
34,3.7,0.009923,2.762725,0.170281
34,3.8,0.0099,2.767687,0.16532
34,3.9,0.009879,2.771912,0.161095
34,4.0,0.009862,2.775506,0.1575
34,4.1,0.009848,2.778564,0.154442
34,4.2,0.009836,2.781164,0.151842
34,4.3,0.009825,2.783374,0.149632
34,4.4,0.009817,2.785253,0.147754
34,4.5,0.009809,2.786848,0.146158
34,4.6,0.009803,2.788204,0.144803
34,4.7,0.009797,2.789355,0.143652
34,4.8,0.009793,2.790332,0.142675
34,4.9,0.009789,2.791162,0.141845
34,5.0,0.009786,2.791867,0.14114
34,5.1,0.009783,2.792465,0.140542
34,5.2,0.009781,2.792972,0.140034
34,5.3,0.009779,2.793403,0.139603
34,5.4,0.009777,2.793769,0.139237
34,5.5,0.009775,2.79408,0.138927
34,5.6,0.009774,2.794343,0.138664
34,5.7,0.009773,2.794567,0.13844
34,5.8,0.009772,2.794756,0.13825
34,5.9,0.009772,2.794917,0.138089
34,6.0,0.009771,2.795054,0.137953
34,6.1,0.00977,2.79517,0.137837
34,6.2,0.00977,2.795268,0.137738
34,6.3,0.00977,2.795352,0.137655
34,6.4,0.009769,2.795423,0.137584
34,6.5,0.009769,2.795483,0.137524
34,6.6,0.009769,2.795534,0.137473
34,6.7,0.009769,2.795577,0.13743
34,6.8,0.009768,2.795614,0.137393
34,6.9,0.009768,2.795645,0.137362
34,7.0,0.009768,2.795671,0.137335
34,7.1,0.009768,2.795694,0.137313
34,7.2,0.009768,2.795713,0.137294
34,7.3,0.009768,2.795729,0.137278
34,7.4,0.009768,2.795743,0.137264
34,7.5,0.009768,2.795754,0.137252
34,7.6,0.009768,2.795764,0.137242
34,7.7,0.009768,2.795773,0.137234
34,7.8,0.009768,2.79578,0.137227
34,7.9,0.009768,2.795786,0.137221
34,8.0,0.009768,2.795791,0.137216
34,8.1,0.009767,2.795795,0.137211
34,8.2,0.009767,2.795799,0.137208
34,8.3,0.009767,2.795802,0.137205
34,8.4,0.009767,2.795805,0.137202
34,8.5,0.009767,2.795807,0.1372
34,8.6,0.009767,2.795809,0.137198
34,8.7,0.009767,2.79581,0.137196
34,8.8,0.009767,2.795812,0.137195
34,8.9,0.009767,2.795813,0.137194
34,9.0,0.009767,2.795814,0.137193
34,9.1,0.009767,2.795815,0.137192
34,9.2,0.009767,2.795816,0.137191
34,9.3,0.009767,2.795816,0.137191
34,9.4,0.009767,2.795817,0.13719
34,9.5,0.009767,2.795817,0.13719
34,9.6,0.009767,2.795817,0.137189
34,9.7,0.009767,2.795818,0.137189
34,9.8,0.009767,2.795818,0.137189
34,9.9,0.009767,2.795818,0.137188
34,10.0,0.009767,2.795818,0.137188
35,0.0,0.036128,0.252213,1.180604
35,0.1,0.043026,0.259389,1.173428
35,0.2,0.04947,0.266095,1.166721
35,0.3,0.055499,0.272336,1.160481
35,0.4,0.06115,0.278115,1.154701
35,0.5,0.066455,0.283441,1.149376
35,0.6,0.071442,0.28832,1.144496
35,0.7,0.076137,0.292764,1.140052
35,0.8,0.080564,0.296783,1.136033
35,0.9,0.084745,0.300388,1.132428
35,1.0,0.0887,0.303592,1.129225
35,1.1,0.092447,0.306406,1.12641
35,1.2,0.096006,0.308844,1.123972
35,1.3,0.099391,0.310918,1.121898
35,1.4,0.102618,0.312642,1.120175
35,1.5,0.105702,0.314026,1.11879
35,1.6,0.108656,0.315084,1.117732
35,1.7,0.111493,0.315828,1.116989
35,1.8,0.114225,0.316268,1.116548
35,1.9,0.116864,0.316416,1.1164
35,2.0,0.119419,0.316282,1.116534
35,2.1,0.121902,0.315876,1.11694
35,2.2,0.124321,0.315208,1.117609
35,2.3,0.126686,0.314286,1.118531
35,2.4,0.129006,0.313118,1.119699
35,2.5,0.131288,0.311712,1.121104
35,2.6,0.13354,0.310077,1.12274
35,2.7,0.135771,0.308218,1.124599
35,2.8,0.137986,0.306141,1.126675
35,2.9,0.140193,0.303854,1.128963
35,3.0,0.142398,0.301361,1.131456
35,3.1,0.144608,0.298668,1.134149
35,3.2,0.146828,0.295779,1.137037
35,3.3,0.149066,0.2927,1.140116
35,3.4,0.151325,0.289435,1.143382
35,3.5,0.153613,0.285988,1.146829
35,3.6,0.155933,0.282363,1.150454
35,3.7,0.158292,0.278564,1.154253
35,3.8,0.160695,0.274596,1.158221
35,3.9,0.163146,0.270462,1.162355
35,4.0,0.16565,0.266167,1.16665
35,4.1,0.168213,0.261715,1.171102
35,4.2,0.170839,0.25711,1.175706
35,4.3,0.173532,0.252358,1.180458
35,4.4,0.176297,0.247464,1.185353
35,4.5,0.179138,0.242432,1.190385
35,4.6,0.18206,0.237269,1.195548
35,4.7,0.185067,0.231981,1.200836
35,4.8,0.188163,0.226575,1.206242
35,4.9,0.191351,0.221059,1.211758
35,5.0,0.194636,0.215441,1.217376
35,5.1,0.19802,0.209729,1.223087
35,5.2,0.201508,0.203934,1.228882
35,5.3,0.205102,0.198066,1.23475
35,5.4,0.208806,0.192137,1.24068
35,5.5,0.212622,0.186157,1.246659
35,5.6,0.216552,0.180141,1.252676
35,5.7,0.220598,0.174101,1.258715
35,5.8,0.224763,0.168053,1.264764
35,5.9,0.229046,0.162011,1.270806
35,6.0,0.233451,0.15599,1.276826
35,6.1,0.237975,0.150008,1.282808
35,6.2,0.242621,0.144081,1.288736
35,6.3,0.247387,0.138225,1.294591
35,6.4,0.252272,0.132458,1.300358
35,6.5,0.257275,0.126796,1.30602
35,6.6,0.262394,0.121257,1.31156
35,6.7,0.267626,0.115855,1.316962
35,6.8,0.272969,0.110605,1.322211
35,6.9,0.278419,0.105523,1.327294
35,7.0,0.283973,0.10062,1.332196
35,7.1,0.289625,0.095909,1.336908
35,7.2,0.295371,0.091398,1.341419
35,7.3,0.301207,0.087095,1.345721
35,7.4,0.307126,0.083007,1.34981
35,7.5,0.313124,0.079136,1.35368
35,7.6,0.319195,0.075486,1.357331
35,7.7,0.325332,0.072054,1.360762
35,7.8,0.33153,0.06884,1.363977
35,7.9,0.337784,0.065839,1.366978
35,8.0,0.344087,0.063045,1.369772
35,8.1,0.350433,0.060451,1.372366
35,8.2,0.356818,0.058048,1.374769
35,8.3,0.363236,0.055828,1.376989
35,8.4,0.369682,0.053779,1.379038
35,8.5,0.376152,0.051892,1.380925
35,8.6,0.38264,0.050155,1.382662
35,8.7,0.389143,0.048557,1.38426
35,8.8,0.395657,0.047088,1.385729
35,8.9,0.402178,0.045736,1.38708
35,9.0,0.408704,0.044493,1.388324
35,9.1,0.41523,0.043347,1.38947
35,9.2,0.421756,0.04229,1.390527
35,9.3,0.428277,0.041313,1.391504
35,9.4,0.434793,0.040408,1.392409
35,9.5,0.441301,0.039569,1.393248
35,9.6,0.447799,0.038787,1.394029
35,9.7,0.454286,0.038059,1.394758
35,9.8,0.46076,0.037377,1.395439
35,9.9,0.467221,0.036738,1.396078
35,10.0,0.473667,0.036137,1.39668
36,0.0,0.005723,0.456171,1.639441
36,0.1,0.013952,0.49403,1.601582
36,0.2,0.020807,0.532665,1.562946
36,0.3,0.026451,0.572041,1.523571
36,0.4,0.031007,0.612119,1.483492
36,0.5,0.034583,0.652862,1.442749
36,0.6,0.037271,0.694229,1.401382
36,0.7,0.03916,0.736175,1.359436
36,0.8,0.040335,0.77865,1.316962
36,0.9,0.04088,0.821593,1.274019
36,1.0,0.040881,0.864933,1.230679
36,1.1,0.04042,0.908586,1.187026
36,1.2,0.039581,0.952453,1.143159
36,1.3,0.038444,0.996418,1.099194
36,1.4,0.037086,1.040349,1.055263
36,1.5,0.03558,1.084101,1.011511
36,1.6,0.033991,1.127514,0.968098
36,1.7,0.032375,1.17042,0.925191
36,1.8,0.030781,1.212647,0.882965
36,1.9,0.029245,1.254019,0.841592
36,2.0,0.027796,1.29437,0.801242
36,2.1,0.02645,1.33354,0.762071
36,2.2,0.025218,1.371387,0.724225
36,2.3,0.024103,1.407784,0.687828
36,2.4,0.023102,1.442628,0.652983
36,2.5,0.022211,1.475838,0.619773
36,2.6,0.02142,1.507356,0.588256
36,2.7,0.02072,1.537147,0.558465
36,2.8,0.020103,1.565196,0.530416
36,2.9,0.019558,1.591511,0.504101
36,3.0,0.019077,1.616114,0.479497
36,3.1,0.018652,1.639045,0.456566
36,3.2,0.018276,1.660355,0.435257
36,3.3,0.017943,1.680103,0.415509
36,3.4,0.017647,1.698359,0.397253
36,3.5,0.017384,1.715196,0.380416
36,3.6,0.017151,1.730691,0.364921
36,3.7,0.016942,1.744924,0.350688
36,3.8,0.016756,1.757973,0.337639
36,3.9,0.01659,1.769918,0.325694
36,4.0,0.016442,1.780836,0.314776
36,4.1,0.016309,1.790801,0.304811
36,4.2,0.01619,1.799885,0.295727
36,4.3,0.016083,1.808157,0.287455
36,4.4,0.015987,1.815682,0.27993
36,4.5,0.015901,1.82252,0.273092
36,4.6,0.015824,1.828729,0.266883
36,4.7,0.015755,1.834363,0.261249
36,4.8,0.015693,1.839471,0.256141
36,4.9,0.015637,1.844099,0.251513
36,5.0,0.015587,1.84829,0.247321
36,5.1,0.015542,1.852084,0.243528
36,5.2,0.015501,1.855516,0.240096
36,5.3,0.015465,1.85862,0.236992
36,5.4,0.015432,1.861426,0.234186
36,5.5,0.015402,1.863961,0.231651
36,5.6,0.015376,1.866251,0.229361
36,5.7,0.015352,1.868319,0.227292
36,5.8,0.01533,1.870187,0.225425
36,5.9,0.015311,1.871872,0.223739
36,6.0,0.015293,1.873394,0.222218
36,6.1,0.015278,1.874766,0.220845
36,6.2,0.015264,1.876005,0.219607
36,6.3,0.015251,1.877122,0.21849
36,6.4,0.015239,1.878129,0.217483
36,6.5,0.015229,1.879038,0.216574
36,6.6,0.01522,1.879857,0.215755
36,6.7,0.015211,1.880595,0.215016
36,6.8,0.015204,1.881261,0.214351
36,6.9,0.015197,1.881861,0.21375
36,7.0,0.015191,1.882402,0.213209
36,7.1,0.015186,1.88289,0.212722
36,7.2,0.015181,1.883329,0.212282
36,7.3,0.015176,1.883725,0.211886
36,7.4,0.015172,1.884082,0.21153
36,7.5,0.015169,1.884404,0.211208
36,7.6,0.015165,1.884694,0.210918
36,7.7,0.015162,1.884955,0.210657
36,7.8,0.01516,1.88519,0.210422
36,7.9,0.015157,1.885402,0.21021
36,8.0,0.015155,1.885593,0.210019
36,8.1,0.015153,1.885765,0.209847
36,8.2,0.015152,1.88592,0.209692
36,8.3,0.01515,1.886059,0.209552
36,8.4,0.015149,1.886185,0.209426
36,8.5,0.015147,1.886299,0.209313
36,8.6,0.015146,1.886401,0.209211
36,8.7,0.015145,1.886493,0.209119
36,8.8,0.015144,1.886576,0.209036
36,8.9,0.015143,1.88665,0.208962
36,9.0,0.015143,1.886717,0.208894
36,9.1,0.015142,1.886778,0.208834
36,9.2,0.015141,1.886833,0.208779
36,9.3,0.015141,1.886882,0.20873
36,9.4,0.01514,1.886926,0.208686
36,9.5,0.01514,1.886966,0.208646
36,9.6,0.015139,1.887002,0.20861
36,9.7,0.015139,1.887034,0.208578
36,9.8,0.015139,1.887063,0.208548
36,9.9,0.015138,1.88709,0.208522
36,10.0,0.015138,1.887113,0.208499
37,0.0,0.010916,0.18768,1.948049
37,0.1,0.019782,0.207912,1.927818
37,0.2,0.027974,0.228941,1.906788
37,0.3,0.0355,0.25077,1.884959
37,0.4,0.042364,0.273399,1.86233
37,0.5,0.048569,0.29683,1.838899
37,0.6,0.054116,0.321069,1.814661
37,0.7,0.05901,0.346122,1.789607
37,0.8,0.063252,0.372004,1.763726
37,0.9,0.066848,0.398729,1.737001
37,1.0,0.069806,0.426319,1.709411
37,1.1,0.072133,0.454799,1.68093
37,1.2,0.073842,0.4842,1.65153
37,1.3,0.074946,0.514552,1.621177
37,1.4,0.075464,0.545891,1.589838
37,1.5,0.075417,0.578252,1.557477
37,1.6,0.074831,0.611669,1.524061
37,1.7,0.073735,0.646171,1.489558
37,1.8,0.072167,0.681783,1.453946
37,1.9,0.070166,0.71852,1.41721
37,2.0,0.06778,0.756383,1.379346
37,2.1,0.065062,0.79536,1.34037
37,2.2,0.062069,0.835416,1.300314
37,2.3,0.058867,0.876495,1.259234
37,2.4,0.055521,0.918516,1.217213
37,2.5,0.052102,0.961368,1.174362
37,2.6,0.048678,1.004911,1.130818
37,2.7,0.045315,1.048978,1.086751
37,2.8,0.042074,1.093373,1.042356
37,2.9,0.039006,1.137879,0.997851
37,3.0,0.036152,1.18226,0.953469
37,3.1,0.033538,1.226272,0.909457
37,3.2,0.031181,1.269668,0.866061
37,3.3,0.029082,1.312208,0.823521
37,3.4,0.027235,1.353667,0.782062
37,3.5,0.025623,1.39384,0.741889
37,3.6,0.024227,1.43255,0.703179
37,3.7,0.023023,1.469649,0.666081
37,3.8,0.021986,1.505021,0.630708
37,3.9,0.021095,1.538584,0.597146
37,4.0,0.020327,1.570283,0.565447
37,4.1,0.019664,1.600094,0.535635
37,4.2,0.01909,1.628019,0.50771
37,4.3,0.018591,1.65408,0.48165
37,4.4,0.018156,1.678317,0.457412
37,4.5,0.017775,1.700789,0.434941
37,4.6,0.017441,1.721563,0.414167
37,4.7,0.017146,1.740715,0.395014
37,4.8,0.016885,1.758331,0.377398
37,4.9,0.016655,1.774496,0.361233
37,5.0,0.01645,1.789301,0.346429
37,5.1,0.016268,1.802834,0.332896
37,5.2,0.016106,1.815183,0.320547
37,5.3,0.015962,1.826435,0.309295
37,5.4,0.015833,1.836672,0.299057
37,5.5,0.015719,1.845975,0.289754
37,5.6,0.015616,1.854419,0.28131
37,5.7,0.015524,1.862075,0.273654
37,5.8,0.015442,1.86901,0.266719
37,5.9,0.015369,1.875286,0.260443
37,6.0,0.015303,1.880963,0.254767
37,6.1,0.015244,1.886092,0.249637
37,6.2,0.015191,1.890725,0.245005
37,6.3,0.015144,1.894906,0.240823
37,6.4,0.015102,1.898679,0.23705
37,6.5,0.015064,1.902081,0.233649
37,6.6,0.01503,1.905147,0.230583
37,6.7,0.014999,1.907909,0.22782
37,6.8,0.014972,1.910398,0.225332
37,6.9,0.014947,1.912638,0.223091
37,7.0,0.014925,1.914655,0.221074
37,7.1,0.014906,1.91647,0.219259
37,7.2,0.014888,1.918104,0.217626
37,7.3,0.014872,1.919573,0.216157
37,7.4,0.014858,1.920894,0.214835
37,7.5,0.014845,1.922082,0.213647
37,7.6,0.014833,1.923151,0.212579
37,7.7,0.014823,1.924111,0.211618
37,7.8,0.014814,1.924975,0.210755
37,7.9,0.014805,1.925751,0.209979
37,8.0,0.014798,1.926448,0.209281
37,8.1,0.014791,1.927075,0.208655
37,8.2,0.014785,1.927638,0.208091
37,8.3,0.01478,1.928144,0.207585
37,8.4,0.014775,1.928599,0.207131
37,8.5,0.014771,1.929007,0.206722
37,8.6,0.014767,1.929374,0.206355
37,8.7,0.014763,1.929704,0.206026
37,8.8,0.01476,1.93,0.20573
37,8.9,0.014757,1.930266,0.205464
37,9.0,0.014755,1.930505,0.205225
37,9.1,0.014752,1.930719,0.20501
37,9.2,0.01475,1.930912,0.204818
37,9.3,0.014748,1.931085,0.204644
37,9.4,0.014747,1.93124,0.204489
37,9.5,0.014745,1.93138,0.204349
37,9.6,0.014744,1.931505,0.204224
37,9.7,0.014743,1.931618,0.204111
37,9.8,0.014742,1.931719,0.20401
37,9.9,0.014741,1.93181,0.203919
37,10.0,0.01474,1.931892,0.203838
38,0.0,0.009662,0.435476,2.396299
38,0.1,0.017352,0.497276,2.3345
38,0.2,0.02362,0.56402,2.267755
38,0.3,0.02851,0.635736,2.196039
38,0.4,0.032072,0.712379,2.119396
38,0.5,0.034377,0.793817,2.037958
38,0.6,0.035518,0.879814,1.951962
38,0.7,0.03562,0.970012,1.861763
38,0.8,0.034836,1.063919,1.767856
38,0.9,0.033346,1.160894,1.670881
38,1.0,0.031346,1.260149,1.571626
38,1.1,0.02904,1.360759,1.471017
38,1.2,0.026617,1.461688,1.370087
38,1.3,0.02424,1.561834,1.269942
38,1.4,0.02203,1.660078,1.171697
38,1.5,0.020062,1.755349,1.076426
38,1.6,0.018368,1.846682,0.985093
38,1.7,0.016948,1.933261,0.898514
38,1.8,0.015776,2.014457,0.817319
38,1.9,0.014818,2.089837,0.741939
38,2.0,0.014039,2.159162,0.672613
38,2.1,0.013403,2.222371,0.609404
38,2.2,0.012883,2.279551,0.552224
38,2.3,0.012455,2.330913,0.500862
38,2.4,0.0121,2.376757,0.455018
38,2.5,0.011805,2.417445,0.41433
38,2.6,0.011559,2.453377,0.378398
38,2.7,0.011352,2.48497,0.346805
38,2.8,0.011177,2.51264,0.319135
38,2.9,0.01103,2.536792,0.294983
38,3.0,0.010905,2.557812,0.273963
38,3.1,0.010799,2.576059,0.255716
38,3.2,0.01071,2.591863,0.239912
38,3.3,0.010633,2.605526,0.226249
38,3.4,0.010569,2.617317,0.214458
38,3.5,0.010513,2.627479,0.204297
38,3.6,0.010466,2.636225,0.19555
38,3.7,0.010426,2.643745,0.18803
38,3.8,0.010392,2.650205,0.18157
38,3.9,0.010363,2.65575,0.176025
38,4.0,0.010338,2.660507,0.171269
38,4.1,0.010317,2.664584,0.167191
38,4.2,0.010299,2.668078,0.163697
38,4.3,0.010284,2.67107,0.160705
38,4.4,0.010271,2.673632,0.158143
38,4.5,0.010259,2.675825,0.15595
38,4.6,0.01025,2.677701,0.154074
38,4.7,0.010241,2.679307,0.152469
38,4.8,0.010234,2.68068,0.151096
38,4.9,0.010229,2.681854,0.149922
38,5.0,0.010223,2.682858,0.148918
38,5.1,0.010219,2.683716,0.148059
38,5.2,0.010215,2.684449,0.147326
38,5.3,0.010212,2.685077,0.146699
38,5.4,0.010209,2.685613,0.146163
38,5.5,0.010207,2.686071,0.145704
38,5.6,0.010205,2.686462,0.145313
38,5.7,0.010203,2.686797,0.144978
38,5.8,0.010202,2.687083,0.144692
38,5.9,0.010201,2.687327,0.144448
38,6.0,0.0102,2.687536,0.144239
38,6.1,0.010199,2.687714,0.144061
38,6.2,0.010198,2.687867,0.143909
38,6.3,0.010197,2.687997,0.143778
38,6.4,0.010197,2.688108,0.143667
38,6.5,0.010196,2.688203,0.143572
38,6.6,0.010196,2.688284,0.143491
38,6.7,0.010196,2.688354,0.143421
38,6.8,0.010195,2.688413,0.143362
38,6.9,0.010195,2.688464,0.143312
38,7.0,0.010195,2.688507,0.143268
38,7.1,0.010195,2.688544,0.143231
38,7.2,0.010194,2.688576,0.1432
38,7.3,0.010194,2.688603,0.143173
38,7.4,0.010194,2.688626,0.14315
38,7.5,0.010194,2.688645,0.14313
38,7.6,0.010194,2.688662,0.143113
38,7.7,0.010194,2.688677,0.143099
38,7.8,0.010194,2.688689,0.143086
38,7.9,0.010194,2.688699,0.143076
38,8.0,0.010194,2.688708,0.143067
38,8.1,0.010194,2.688716,0.143059
38,8.2,0.010194,2.688722,0.143053
38,8.3,0.010194,2.688728,0.143047
38,8.4,0.010194,2.688733,0.143042
38,8.5,0.010194,2.688737,0.143038
38,8.6,0.010194,2.68874,0.143035
38,8.7,0.010194,2.688743,0.143032
38,8.8,0.010194,2.688746,0.143029
38,8.9,0.010194,2.688748,0.143027
38,9.0,0.010194,2.68875,0.143025
38,9.1,0.010194,2.688752,0.143024
38,9.2,0.010194,2.688753,0.143022
38,9.3,0.010194,2.688754,0.143021
38,9.4,0.010194,2.688755,0.14302
38,9.5,0.010194,2.688756,0.143019
38,9.6,0.010194,2.688757,0.143019
38,9.7,0.010194,2.688757,0.143018
38,9.8,0.010194,2.688758,0.143017
38,9.9,0.010194,2.688758,0.143017
38,10.0,0.010194,2.688759,0.143017
39,0.0,0.036254,0.244442,2.068272
39,0.1,0.043125,0.270501,2.042213
39,0.2,0.049298,0.297877,2.014837
39,0.3,0.05476,0.326604,1.98611
39,0.4,0.059502,0.356717,1.955997
39,0.5,0.063517,0.388256,1.924458
39,0.6,0.066801,0.421261,1.891453
39,0.7,0.069353,0.455778,1.856936
39,0.8,0.071178,0.491853,1.82086
39,0.9,0.072284,0.529536,1.783178
39,1.0,0.072687,0.568872,1.743842
39,1.1,0.07241,0.609905,1.702809
39,1.2,0.071483,0.652672,1.660042
39,1.3,0.069945,0.697197,1.615517
39,1.4,0.067846,0.743488,1.569226
39,1.5,0.065246,0.79153,1.521184
39,1.6,0.062216,0.841281,1.471433
39,1.7,0.058839,0.89266,1.420054
39,1.8,0.055206,0.945548,1.367166
39,1.9,0.051415,0.999777,1.312937
39,2.0,0.047567,1.055131,1.257583
39,2.1,0.043763,1.111343,1.201371
39,2.2,0.040094,1.1681,1.144614
39,2.3,0.036641,1.225047,1.087667
39,2.4,0.033465,1.281802,1.030912
39,2.5,0.030604,1.337968,0.974746
39,2.6,0.028079,1.393147,0.919567
39,2.7,0.025886,1.44696,0.865754
39,2.8,0.024009,1.49906,0.813654
39,2.9,0.022417,1.549145,0.763569
39,3.0,0.021078,1.596962,0.715752
39,3.1,0.019954,1.64232,0.670394
39,3.2,0.019012,1.685081,0.627633
39,3.3,0.01822,1.725165,0.587549
39,3.4,0.017551,1.762539,0.550175
39,3.5,0.016985,1.797217,0.515497
39,3.6,0.016501,1.829249,0.483465
39,3.7,0.016087,1.858715,0.453999
39,3.8,0.015731,1.885719,0.426995
39,3.9,0.015422,1.910381,0.402333
39,4.0,0.015154,1.932836,0.379878
39,4.1,0.01492,1.953222,0.359492
39,4.2,0.014716,1.971684,0.34103
39,4.3,0.014537,1.988365,0.324349
39,4.4,0.01438,2.003406,0.309308
39,4.5,0.014242,2.016941,0.295772
39,4.6,0.014121,2.029103,0.283611
39,4.7,0.014014,2.040013,0.272701
39,4.8,0.01392,2.049788,0.262926
39,4.9,0.013837,2.058534,0.25418
39,5.0,0.013764,2.066352,0.246362
39,5.1,0.013699,2.073334,0.23938
39,5.2,0.013642,2.079563,0.233151
39,5.3,0.013591,2.085117,0.227597
39,5.4,0.013547,2.090065,0.222649
39,5.5,0.013507,2.09447,0.218244
39,5.6,0.013472,2.098391,0.214323
39,5.7,0.013441,2.101878,0.210836
39,5.8,0.013414,2.104979,0.207735
39,5.9,0.01339,2.107735,0.204979
39,6.0,0.013368,2.110183,0.202531
39,6.1,0.013349,2.112358,0.200356
39,6.2,0.013333,2.114289,0.198425
39,6.3,0.013318,2.116004,0.19671
39,6.4,0.013305,2.117525,0.195189
39,6.5,0.013293,2.118875,0.193839
39,6.6,0.013283,2.120073,0.192641
39,6.7,0.013273,2.121136,0.191578
39,6.8,0.013265,2.122079,0.190635
39,6.9,0.013258,2.122915,0.189799
39,7.0,0.013252,2.123656,0.189058
39,7.1,0.013246,2.124314,0.1884
39,7.2,0.013241,2.124897,0.187817
39,7.3,0.013237,2.125414,0.1873
39,7.4,0.013233,2.125872,0.186842
39,7.5,0.013229,2.126278,0.186436
39,7.6,0.013226,2.126638,0.186076
39,7.7,0.013224,2.126957,0.185757
39,7.8,0.013221,2.12724,0.185474
39,7.9,0.013219,2.127491,0.185223
39,8.0,0.013217,2.127713,0.185001
39,8.1,0.013215,2.12791,0.184804
39,8.2,0.013214,2.128085,0.184629
39,8.3,0.013213,2.12824,0.184474
39,8.4,0.013211,2.128377,0.184337
39,8.5,0.01321,2.128498,0.184216
39,8.6,0.01321,2.128606,0.184108
39,8.7,0.013209,2.128701,0.184013
39,8.8,0.013208,2.128786,0.183928
39,8.9,0.013207,2.128861,0.183853
39,9.0,0.013207,2.128927,0.183787
39,9.1,0.013206,2.128986,0.183728
39,9.2,0.013206,2.129038,0.183676
39,9.3,0.013205,2.129085,0.183629
39,9.4,0.013205,2.129126,0.183588
39,9.5,0.013205,2.129162,0.183552
39,9.6,0.013205,2.129194,0.18352
39,9.7,0.013204,2.129223,0.183491
39,9.8,0.013204,2.129248,0.183466
39,9.9,0.013204,2.12927,0.183444
39,10.0,0.013204,2.12929,0.183424
40,0.0,0.029621,0.342431,0.711111
40,0.1,0.03607,0.342007,0.711535
40,0.2,0.042037,0.340867,0.712675
40,0.3,0.047603,0.339069,0.714473
40,0.4,0.052833,0.336666,0.716876
40,0.5,0.057781,0.333705,0.719837
40,0.6,0.062492,0.330229,0.723313
40,0.7,0.067008,0.326276,0.727266
40,0.8,0.07136,0.321882,0.731659
40,0.9,0.07558,0.317079,0.736462
40,1.0,0.079694,0.311897,0.741645
40,1.1,0.083725,0.306362,0.747179
40,1.2,0.087694,0.300501,0.753041
40,1.3,0.091622,0.294335,0.759207
40,1.4,0.095525,0.287888,0.765653
40,1.5,0.09942,0.281181,0.772361
40,1.6,0.103321,0.274233,0.779309
40,1.7,0.107242,0.267064,0.786478
40,1.8,0.111197,0.259692,0.79385
40,1.9,0.115196,0.252137,0.801405
40,2.0,0.119251,0.244416,0.809126
40,2.1,0.123372,0.23655,0.816992
40,2.2,0.127568,0.228556,0.824986
40,2.3,0.131849,0.220455,0.833087
40,2.4,0.136223,0.212267,0.841274
40,2.5,0.140696,0.204014,0.849528
40,2.6,0.145277,0.195717,0.857825
40,2.7,0.149972,0.187399,0.866142
40,2.8,0.154785,0.179086,0.874456
40,2.9,0.159722,0.1708,0.882742
40,3.0,0.164786,0.162569,0.890972
40,3.1,0.169981,0.15442,0.899122
40,3.2,0.175309,0.146379,0.907162
40,3.3,0.180771,0.138476,0.915066
40,3.4,0.186369,0.130736,0.922805
40,3.5,0.192101,0.12319,0.930352
40,3.6,0.197966,0.115863,0.937679
40,3.7,0.203962,0.108781,0.94476
40,3.8,0.210086,0.10197,0.951572
40,3.9,0.216333,0.095451,0.95809
40,4.0,0.222698,0.089244,0.964297
40,4.1,0.229177,0.083366,0.970176
40,4.2,0.235761,0.077829,0.975713
40,4.3,0.242445,0.072642,0.9809
40,4.4,0.24922,0.06781,0.985732
40,4.5,0.256078,0.063333,0.990209
40,4.6,0.263012,0.059208,0.994334
40,4.7,0.270014,0.055427,0.998115
40,4.8,0.277074,0.051978,1.001563
40,4.9,0.284185,0.048848,1.004694
40,5.0,0.291339,0.046018,1.007524
40,5.1,0.298528,0.04347,1.010072
40,5.2,0.305746,0.041184,1.012358
40,5.3,0.312986,0.039138,1.014404
40,5.4,0.320241,0.037311,1.016231
40,5.5,0.327507,0.035682,1.01786
40,5.6,0.334778,0.03423,1.019312
40,5.7,0.342049,0.032937,1.020605
40,5.8,0.349317,0.031784,1.021758
40,5.9,0.356578,0.030754,1.022788
40,6.0,0.363829,0.029832,1.023709
40,6.1,0.371067,0.029006,1.024536
40,6.2,0.37829,0.028261,1.025281
40,6.3,0.385495,0.027588,1.025954
40,6.4,0.392682,0.026977,1.026565
40,6.5,0.399848,0.02642,1.027122
40,6.6,0.406992,0.025909,1.027633
40,6.7,0.414114,0.025438,1.028104
40,6.8,0.421212,0.025001,1.02854
40,6.9,0.428285,0.024595,1.028946
40,7.0,0.435333,0.024216,1.029326
40,7.1,0.442356,0.023859,1.029683
40,7.2,0.449353,0.023522,1.03002
40,7.3,0.456323,0.023203,1.030338
40,7.4,0.463267,0.0229,1.030642
40,7.5,0.470184,0.022611,1.030931
40,7.6,0.477074,0.022334,1.031208
40,7.7,0.483936,0.022069,1.031473
40,7.8,0.490771,0.021814,1.031728
40,7.9,0.497578,0.021568,1.031974
40,8.0,0.504358,0.021331,1.032211
40,8.1,0.511111,0.021102,1.03244
40,8.2,0.517835,0.02088,1.032662
40,8.3,0.524532,0.020665,1.032877
40,8.4,0.531202,0.020456,1.033086
40,8.5,0.537843,0.020253,1.033288
40,8.6,0.544457,0.020056,1.033485
40,8.7,0.551043,0.019865,1.033677
40,8.8,0.557601,0.019679,1.033863
40,8.9,0.564132,0.019497,1.034045
40,9.0,0.570635,0.01932,1.034222
40,9.1,0.577111,0.019148,1.034394
40,9.2,0.583559,0.01898,1.034562
40,9.3,0.589979,0.018816,1.034726
40,9.4,0.596372,0.018655,1.034886
40,9.5,0.602737,0.018499,1.035043
40,9.6,0.609075,0.018346,1.035196
40,9.7,0.615386,0.018197,1.035345
40,9.8,0.621669,0.018051,1.035491
40,9.9,0.627925,0.017908,1.035634
40,10.0,0.634154,0.017768,1.035774
41,0.0,0.021375,0.068726,1.734977
41,0.1,0.03064,0.077525,1.726178
41,0.2,0.039611,0.086211,1.717492
41,0.3,0.048285,0.094778,1.708926
41,0.4,0.056659,0.103213,1.70049
41,0.5,0.064733,0.111503,1.6922
41,0.6,0.072507,0.119634,1.68407
41,0.7,0.079986,0.127589,1.676115
41,0.8,0.087173,0.135353,1.66835
41,0.9,0.094073,0.142912,1.660791
41,1.0,0.100693,0.150251,1.653452
41,1.1,0.107038,0.157358,1.646345
41,1.2,0.113116,0.164221,1.639483
41,1.3,0.118936,0.170829,1.632875
41,1.4,0.124506,0.177173,1.62653
41,1.5,0.129834,0.183248,1.620456
41,1.6,0.134929,0.189046,1.614658
41,1.7,0.139801,0.194563,1.60914
41,1.8,0.14446,0.199797,1.603907
41,1.9,0.148915,0.204745,1.598959
41,2.0,0.153175,0.209407,1.594296
41,2.1,0.157251,0.213784,1.589919
41,2.2,0.161151,0.217877,1.585826
41,2.3,0.164886,0.221689,1.582015
41,2.4,0.168466,0.225222,1.578481
41,2.5,0.171898,0.228481,1.575222
41,2.6,0.175194,0.23147,1.572233
41,2.7,0.178361,0.234193,1.56951
41,2.8,0.181408,0.236656,1.567047
41,2.9,0.184345,0.238864,1.564839
41,3.0,0.187179,0.240823,1.562881
41,3.1,0.189919,0.242538,1.561166
41,3.2,0.192572,0.244014,1.559689
41,3.3,0.195147,0.245258,1.558445
41,3.4,0.19765,0.246276,1.557427
41,3.5,0.20009,0.247073,1.556631
41,3.6,0.202472,0.247654,1.55605
41,3.7,0.204805,0.248025,1.555679
41,3.8,0.207094,0.248191,1.555513
41,3.9,0.209346,0.248157,1.555546
41,4.0,0.211568,0.247929,1.555775
41,4.1,0.213764,0.24751,1.556194
41,4.2,0.215942,0.246905,1.556798
41,4.3,0.218106,0.24612,1.557584
41,4.4,0.220263,0.245157,1.558546
41,4.5,0.222417,0.244022,1.559682
41,4.6,0.224573,0.242717,1.560986
41,4.7,0.226738,0.241248,1.562456
41,4.8,0.228915,0.239617,1.564087
41,4.9,0.231109,0.237828,1.565875
41,5.0,0.233325,0.235885,1.567818
41,5.1,0.235568,0.233792,1.569912
41,5.2,0.237841,0.231552,1.572152
41,5.3,0.24015,0.229168,1.574536
41,5.4,0.242497,0.226644,1.577059
41,5.5,0.244888,0.223985,1.579718
41,5.6,0.247326,0.221194,1.58251
41,5.7,0.249816,0.218274,1.585429
41,5.8,0.252359,0.215231,1.588473
41,5.9,0.254961,0.212068,1.591636
41,6.0,0.257625,0.20879,1.594914
41,6.1,0.260354,0.205402,1.598302
41,6.2,0.26315,0.201909,1.601794
41,6.3,0.266018,0.198317,1.605386
41,6.4,0.26896,0.194632,1.609071
41,6.5,0.271979,0.19086,1.612844
41,6.6,0.275077,0.187007,1.616697
41,6.7,0.278257,0.18308,1.620623
41,6.8,0.281521,0.179088,1.624615
41,6.9,0.284871,0.175037,1.628666
41,7.0,0.288308,0.170937,1.632767
41,7.1,0.291835,0.166794,1.636909
41,7.2,0.295452,0.16262,1.641084
41,7.3,0.299161,0.158422,1.645282
41,7.4,0.302962,0.15421,1.649493
41,7.5,0.306856,0.149995,1.653708
41,7.6,0.310843,0.145786,1.657918
41,7.7,0.314924,0.141593,1.662111
41,7.8,0.319096,0.137426,1.666277
41,7.9,0.323361,0.133297,1.670407
41,8.0,0.327718,0.129214,1.67449
41,8.1,0.332164,0.125187,1.678516
41,8.2,0.336698,0.121226,1.682477
41,8.3,0.341319,0.117341,1.686362
41,8.4,0.346024,0.11354,1.690164
41,8.5,0.350811,0.10983,1.693873
41,8.6,0.355677,0.10622,1.697484
41,8.7,0.36062,0.102715,1.700988
41,8.8,0.365637,0.099322,1.704381
41,8.9,0.370723,0.096046,1.707657
41,9.0,0.375877,0.09289,1.710813
41,9.1,0.381094,0.089858,1.713845
41,9.2,0.38637,0.086952,1.716751
41,9.3,0.391703,0.084173,1.719531
41,9.4,0.397088,0.08152,1.722183
41,9.5,0.402521,0.078995,1.724709
41,9.6,0.407999,0.076594,1.727109
41,9.7,0.413519,0.074317,1.729387
41,9.8,0.419075,0.072159,1.731544
41,9.9,0.424666,0.070118,1.733585
41,10.0,0.430287,0.06819,1.735514
42,0.0,0.017163,0.115036,0.758507
42,0.1,0.026242,0.1132,0.760343
42,0.2,0.035037,0.111026,0.762517
42,0.3,0.043602,0.108546,0.764997
42,0.4,0.051977,0.105793,0.76775
42,0.5,0.060198,0.102802,0.770741
42,0.6,0.068294,0.099606,0.773937
42,0.7,0.076289,0.096239,0.777304
42,0.8,0.084206,0.092736,0.780807
42,0.9,0.092062,0.08913,0.784413
42,1.0,0.099872,0.085454,0.788089
42,1.1,0.107651,0.081741,0.791802
42,1.2,0.115409,0.078021,0.795522
42,1.3,0.123156,0.074324,0.799219
42,1.4,0.130898,0.070678,0.802865
42,1.5,0.138643,0.067108,0.806435
42,1.6,0.146394,0.063637,0.809906
42,1.7,0.154155,0.060284,0.813259
42,1.8,0.161928,0.057068,0.816475
42,1.9,0.169713,0.054002,0.819542
42,2.0,0.177512,0.051096,0.822448
42,2.1,0.185323,0.048358,0.825185
42,2.2,0.193146,0.045793,0.827751
42,2.3,0.200978,0.043402,0.830142
42,2.4,0.208817,0.041184,0.83236
42,2.5,0.216661,0.039135,0.834408
42,2.6,0.224507,0.037251,0.836293
42,2.7,0.232353,0.035523,0.83802
42,2.8,0.240196,0.033944,0.839599
42,2.9,0.248033,0.032504,0.841039
42,3.0,0.255861,0.031194,0.842349
42,3.1,0.263679,0.030004,0.84354
42,3.2,0.271484,0.028922,0.844621
42,3.3,0.279273,0.02794,0.845603
42,3.4,0.287044,0.027048,0.846495
42,3.5,0.294797,0.026237,0.847306
42,3.6,0.302529,0.025498,0.848045
42,3.7,0.310238,0.024824,0.84872
42,3.8,0.317924,0.024206,0.849337
42,3.9,0.325585,0.02364,0.849903
42,4.0,0.333221,0.023119,0.850424
42,4.1,0.34083,0.022637,0.850906
42,4.2,0.348412,0.022191,0.851352
42,4.3,0.355967,0.021776,0.851767
42,4.4,0.363492,0.021388,0.852155
42,4.5,0.37099,0.021025,0.852519
42,4.6,0.378458,0.020683,0.85286
42,4.7,0.385896,0.02036,0.853183
42,4.8,0.393305,0.020055,0.853488
42,4.9,0.400684,0.019765,0.853778
42,5.0,0.408033,0.019489,0.854054
42,5.1,0.415351,0.019226,0.854318
42,5.2,0.42264,0.018974,0.85457
42,5.3,0.429897,0.018732,0.854812
42,5.4,0.437125,0.018499,0.855044
42,5.5,0.444322,0.018276,0.855268
42,5.6,0.451488,0.01806,0.855483
42,5.7,0.458624,0.017852,0.855691
42,5.8,0.465729,0.017651,0.855892
42,5.9,0.472804,0.017456,0.856087
42,6.0,0.479849,0.017268,0.856276
42,6.1,0.486863,0.017085,0.856458
42,6.2,0.493846,0.016907,0.856636
42,6.3,0.500799,0.016735,0.856808
42,6.4,0.507722,0.016568,0.856976
42,6.5,0.514615,0.016405,0.857138
42,6.6,0.521477,0.016247,0.857297
42,6.7,0.528309,0.016092,0.857451
42,6.8,0.535112,0.015942,0.857601
42,6.9,0.541884,0.015796,0.857748
42,7.0,0.548626,0.015653,0.85789
42,7.1,0.555338,0.015514,0.858029
42,7.2,0.562021,0.015378,0.858165
42,7.3,0.568674,0.015245,0.858298
42,7.4,0.575297,0.015116,0.858427
42,7.5,0.581891,0.01499,0.858554
42,7.6,0.588455,0.014866,0.858677
42,7.7,0.59499,0.014745,0.858798
42,7.8,0.601495,0.014627,0.858916
42,7.9,0.607971,0.014512,0.859031
42,8.0,0.614418,0.014399,0.859144
42,8.1,0.620836,0.014288,0.859255
42,8.2,0.627226,0.01418,0.859363
42,8.3,0.633586,0.014074,0.859469
42,8.4,0.639917,0.013971,0.859573
42,8.5,0.64622,0.013869,0.859674
42,8.6,0.652494,0.013769,0.859774
42,8.7,0.65874,0.013672,0.859871
42,8.8,0.664957,0.013576,0.859967
42,8.9,0.671146,0.013483,0.860061
42,9.0,0.677307,0.013391,0.860153
42,9.1,0.68344,0.0133,0.860243
42,9.2,0.689545,0.013212,0.860331
42,9.3,0.695621,0.013125,0.860418
42,9.4,0.70167,0.01304,0.860503
42,9.5,0.707692,0.012956,0.860587
42,9.6,0.713685,0.012874,0.860669
42,9.7,0.719651,0.012794,0.860749
42,9.8,0.72559,0.012715,0.860829
42,9.9,0.731502,0.012637,0.860906
42,10.0,0.737386,0.012561,0.860983
43,0.0,0.029795,0.126767,2.8128
43,0.1,0.038199,0.153642,2.785925
43,0.2,0.045992,0.183087,2.75648
43,0.3,0.053102,0.215367,2.7242
43,0.4,0.059462,0.250747,2.68882
43,0.5,0.065005,0.289501,2.650066
43,0.6,0.069667,0.331905,2.607662
43,0.7,0.073387,0.378243,2.561324
43,0.8,0.076109,0.428799,2.510768
43,0.9,0.077786,0.48386,2.455707
43,1.0,0.078385,0.543702,2.395865
43,1.1,0.077887,0.608583,2.330985
43,1.2,0.076295,0.678725,2.260842
43,1.3,0.073642,0.754295,2.185272
43,1.4,0.069996,0.835375,2.104192
43,1.5,0.065469,0.921932,2.017635
43,1.6,0.060221,1.013779,1.925788
43,1.7,0.054461,1.110542,1.829025
43,1.8,0.048442,1.211623,1.727944
43,1.9,0.04244,1.316184,1.623383
43,2.0,0.036733,1.42315,1.516417
43,2.1,0.031556,1.531241,1.408327
43,2.2,0.027073,1.639035,1.300532
43,2.3,0.023357,1.745066,1.194501
43,2.4,0.020387,1.84792,1.091647
43,2.5,0.018082,1.946339,0.993228
43,2.6,0.016322,2.039292,0.900275
43,2.7,0.014988,2.126012,0.813555
43,2.8,0.013972,2.206009,0.733558
43,2.9,0.013189,2.279048,0.660519
43,3.0,0.012577,2.345119,0.594448
43,3.1,0.012091,2.404393,0.535174
43,3.2,0.011699,2.457177,0.48239
43,3.3,0.011379,2.503876,0.435691
43,3.4,0.011116,2.544955,0.394612
43,3.5,0.010897,2.580907,0.35866
43,3.6,0.010715,2.612235,0.327332
43,3.7,0.010563,2.639429,0.300138
43,3.8,0.010435,2.662956,0.276611
43,3.9,0.010327,2.683253,0.256314
43,4.0,0.010237,2.700719,0.238848
43,4.1,0.010161,2.715718,0.22385
43,4.2,0.010096,2.728574,0.210993
43,4.3,0.010042,2.739576,0.199991
43,4.4,0.009996,2.74898,0.190587
43,4.5,0.009957,2.757007,0.18256
43,4.6,0.009924,2.763854,0.175713
43,4.7,0.009896,2.769688,0.169879
43,4.8,0.009872,2.774656,0.164911
43,4.9,0.009852,2.778884,0.160683
43,5.0,0.009835,2.78248,0.157087
43,5.1,0.009821,2.785538,0.154029
43,5.2,0.009809,2.788137,0.15143
43,5.3,0.009798,2.790345,0.149222
43,5.4,0.00979,2.79222,0.147347
43,5.5,0.009782,2.793813,0.145754
43,5.6,0.009776,2.795165,0.144402
43,5.7,0.009771,2.796313,0.143254
43,5.8,0.009766,2.797287,0.14228
43,5.9,0.009762,2.798114,0.141453
43,6.0,0.009759,2.798816,0.140751
43,6.1,0.009756,2.799411,0.140156
43,6.2,0.009754,2.799916,0.139651
43,6.3,0.009752,2.800345,0.139222
43,6.4,0.00975,2.800709,0.138859
43,6.5,0.009749,2.801017,0.13855
43,6.6,0.009748,2.801279,0.138288
43,6.7,0.009747,2.801501,0.138066
43,6.8,0.009746,2.801689,0.137878
43,6.9,0.009745,2.801849,0.137718
43,7.0,0.009745,2.801984,0.137583
43,7.1,0.009744,2.802099,0.137468
43,7.2,0.009744,2.802197,0.137371
43,7.3,0.009743,2.802279,0.137288
43,7.4,0.009743,2.802349,0.137218
43,7.5,0.009743,2.802409,0.137158
43,7.6,0.009742,2.802459,0.137108
43,7.7,0.009742,2.802502,0.137065
43,7.8,0.009742,2.802538,0.137029
43,7.9,0.009742,2.802569,0.136998
43,8.0,0.009742,2.802595,0.136972
43,8.1,0.009742,2.802617,0.13695
43,8.2,0.009742,2.802636,0.136931
43,8.3,0.009741,2.802652,0.136915
43,8.4,0.009741,2.802666,0.136902
43,8.5,0.009741,2.802677,0.13689
43,8.6,0.009741,2.802687,0.13688
43,8.7,0.009741,2.802695,0.136872
43,8.8,0.009741,2.802702,0.136865
43,8.9,0.009741,2.802708,0.136859
43,9.0,0.009741,2.802713,0.136854
43,9.1,0.009741,2.802717,0.13685
43,9.2,0.009741,2.802721,0.136846
43,9.3,0.009741,2.802724,0.136843
43,9.4,0.009741,2.802726,0.136841
43,9.5,0.009741,2.802729,0.136838
43,9.6,0.009741,2.802731,0.136837
43,9.7,0.009741,2.802732,0.136835
43,9.8,0.009741,2.802733,0.136834
43,9.9,0.009741,2.802735,0.136833
43,10.0,0.009741,2.802736,0.136832
44,0.0,0.029472,0.206091,1.977289
44,0.1,0.037137,0.227171,1.956209
44,0.2,0.044177,0.249099,1.934281
44,0.3,0.050588,0.271884,1.911496
44,0.4,0.056363,0.295536,1.887844
44,0.5,0.061501,0.320069,1.863311
44,0.6,0.065997,0.345501,1.837879
44,0.7,0.069851,0.371852,1.811529
44,0.8,0.073065,0.399148,1.784232
44,0.9,0.075641,0.42742,1.75596
44,1.0,0.077585,0.456703,1.726678
44,1.1,0.078906,0.487035,1.696345
44,1.2,0.079617,0.51846,1.664921
44,1.3,0.079731,0.55102,1.632361
44,1.4,0.079272,0.584759,1.598621
44,1.5,0.078262,0.61972,1.56366
44,1.6,0.076734,0.655939,1.527441
44,1.7,0.074725,0.693445,1.489935
44,1.8,0.072277,0.732257,1.451123
44,1.9,0.069443,0.772375,1.411005
44,2.0,0.06628,0.813782,1.369598
44,2.1,0.062853,0.856437,1.326943
44,2.2,0.059233,0.900269,1.283111
44,2.3,0.055495,0.945177,1.238203
44,2.4,0.051718,0.991024,1.192356
44,2.5,0.047977,1.037641,1.145739
44,2.6,0.044347,1.084821,1.098559
44,2.7,0.040891,1.132329,1.051052
44,2.8,0.037663,1.179902,1.003478
44,2.9,0.0347,1.227261,0.956119
44,3.0,0.032028,1.27412,0.90926
44,3.1,0.029654,1.320193,0.863187
44,3.2,0.027572,1.365208,0.818172
44,3.3,0.025766,1.408915,0.774466
44,3.4,0.024213,1.451091,0.732289
44,3.5,0.022885,1.491551,0.691829
44,3.6,0.021753,1.530146,0.653234
44,3.7,0.020788,1.566767,0.616613
44,3.8,0.019965,1.601339,0.582041
44,3.9,0.019261,1.633825,0.549555
44,4.0,0.018657,1.664219,0.519161
44,4.1,0.018136,1.69254,0.49084
44,4.2,0.017685,1.718833,0.464547
44,4.3,0.017292,1.743158,0.440222
44,4.4,0.01695,1.765594,0.417786
44,4.5,0.016649,1.786227,0.397153
44,4.6,0.016385,1.805153,0.378227
44,4.7,0.016153,1.822471,0.360909
44,4.8,0.015947,1.838283,0.345097
44,4.9,0.015765,1.852692,0.330688
44,5.0,0.015604,1.865798,0.317582
44,5.1,0.015461,1.877701,0.30568
44,5.2,0.015334,1.888493,0.294887
44,5.3,0.015221,1.898266,0.285114
44,5.4,0.01512,1.907106,0.276274
44,5.5,0.01503,1.915092,0.268288
44,5.6,0.014951,1.9223,0.26108
44,5.7,0.014879,1.9288,0.25458
44,5.8,0.014816,1.934657,0.248723
44,5.9,0.014759,1.93993,0.24345
44,6.0,0.014709,1.944675,0.238705
44,6.1,0.014663,1.948942,0.234438
44,6.2,0.014623,1.952777,0.230603
44,6.3,0.014587,1.956223,0.227157
44,6.4,0.014555,1.959317,0.224063
44,6.5,0.014526,1.962094,0.221286
44,6.6,0.0145,1.964586,0.218794
44,6.7,0.014477,1.966822,0.216558
44,6.8,0.014457,1.968827,0.214553
44,6.9,0.014438,1.970625,0.212755
44,7.0,0.014422,1.972236,0.211144
44,7.1,0.014407,1.973681,0.2097
44,7.2,0.014394,1.974975,0.208405
44,7.3,0.014382,1.976134,0.207246
44,7.4,0.014372,1.977173,0.206207
44,7.5,0.014363,1.978103,0.205277
44,7.6,0.014354,1.978936,0.204444
44,7.7,0.014347,1.979682,0.203698
44,7.8,0.01434,1.98035,0.20303
44,7.9,0.014334,1.980948,0.202432
44,8.0,0.014329,1.981484,0.201896
44,8.1,0.014324,1.981963,0.201417
44,8.2,0.014319,1.982392,0.200988
44,8.3,0.014316,1.982776,0.200604
44,8.4,0.014312,1.98312,0.20026
44,8.5,0.014309,1.983428,0.199952
44,8.6,0.014306,1.983703,0.199677
44,8.7,0.014304,1.98395,0.199431
44,8.8,0.014302,1.98417,0.19921
44,8.9,0.0143,1.984367,0.199013
44,9.0,0.014298,1.984544,0.198836
44,9.1,0.014296,1.984702,0.198678
44,9.2,0.014295,1.984844,0.198537
44,9.3,0.014294,1.98497,0.19841
44,9.4,0.014293,1.985083,0.198297
44,9.5,0.014292,1.985185,0.198195
44,9.6,0.014291,1.985275,0.198105
44,9.7,0.01429,1.985356,0.198024
44,9.8,0.014289,1.985429,0.197951
44,9.9,0.014289,1.985494,0.197886
44,10.0,0.014288,1.985552,0.197828
45,0.0,0.002117,0.481352,1.705759
45,0.1,0.010835,0.524517,1.662593
45,0.2,0.017987,0.568759,1.618352
45,0.3,0.023777,0.614022,1.573089
45,0.4,0.028359,0.660246,1.526865
45,0.5,0.031863,0.707363,1.479747
45,0.6,0.034403,0.7553,1.43181
45,0.7,0.036088,0.80397,1.38314
45,0.8,0.037022,0.853276,1.333835
45,0.9,0.037309,0.903103,1.284007
45,1.0,0.037052,0.953322,1.233789
45,1.1,0.036353,1.00378,1.183331
45,1.2,0.035311,1.054306,1.132804
45,1.3,0.034019,1.10471,1.0824
45,1.4,0.032565,1.154786,1.032325
45,1.5,0.031024,1.204312,0.982798
45,1.6,0.029462,1.253062,0.934048
45,1.7,0.027932,1.300808,0.886303
45,1.8,0.026473,1.347328,0.839782
45,1.9,0.025112,1.392416,0.794695
45,2.0,0.023867,1.435883,0.751227
45,2.1,0.022741,1.477568,0.709542
45,2.2,0.021737,1.517338,0.669772
45,2.3,0.020847,1.555093,0.632017
45,2.4,0.020064,1.590764,0.596347
45,2.5,0.019376,1.624312,0.562798
45,2.6,0.018775,1.65573,0.53138
45,2.7,0.018248,1.685035,0.502075
45,2.8,0.017787,1.712267,0.474843
45,2.9,0.017382,1.737486,0.449625
45,3.0,0.017027,1.760764,0.426346
45,3.1,0.016715,1.78219,0.404921
45,3.2,0.01644,1.801856,0.385255
45,3.3,0.016197,1.819862,0.367248
45,3.4,0.015982,1.836312,0.350798
45,3.5,0.015793,1.851309,0.335801
45,3.6,0.015624,1.864956,0.322154
45,3.7,0.015475,1.877353,0.309757
45,3.8,0.015342,1.888597,0.298513
45,3.9,0.015224,1.898782,0.288329
45,4.0,0.015119,1.907995,0.279116
45,4.1,0.015026,1.916319,0.270791
45,4.2,0.014942,1.923834,0.263277
45,4.3,0.014868,1.93061,0.2565
45,4.4,0.014802,1.936716,0.250394
45,4.5,0.014743,1.942213,0.244897
45,4.6,0.01469,1.94716,0.239951
45,4.7,0.014643,1.951607,0.235503
45,4.8,0.014601,1.955605,0.231505
45,4.9,0.014564,1.959195,0.227915
45,5.0,0.014531,1.962419,0.224691
45,5.1,0.014501,1.965313,0.221797
45,5.2,0.014474,1.967909,0.219201
45,5.3,0.01445,1.970238,0.216873
45,5.4,0.014429,1.972325,0.214785
45,5.5,0.01441,1.974197,0.212913
45,5.6,0.014393,1.975874,0.211236
45,5.7,0.014378,1.977377,0.209733
45,5.8,0.014364,1.978724,0.208387
45,5.9,0.014352,1.97993,0.207181
45,6.0,0.014341,1.98101,0.206101
45,6.1,0.014331,1.981977,0.205133
45,6.2,0.014323,1.982843,0.204267
45,6.3,0.014315,1.983618,0.203492
45,6.4,0.014308,1.984312,0.202798
45,6.5,0.014302,1.984933,0.202177
45,6.6,0.014296,1.985489,0.201621
45,6.7,0.014291,1.985987,0.201123
45,6.8,0.014287,1.986432,0.200678
45,6.9,0.014283,1.986831,0.20028
45,7.0,0.014279,1.987187,0.199923
45,7.1,0.014276,1.987506,0.199604
45,7.2,0.014273,1.987792,0.199319
45,7.3,0.014271,1.988047,0.199063
45,7.4,0.014268,1.988276,0.198835
45,7.5,0.014266,1.98848,0.19863
45,7.6,0.014265,1.988663,0.198447
45,7.7,0.014263,1.988826,0.198284
45,7.8,0.014261,1.988973,0.198137
45,7.9,0.01426,1.989104,0.198006
45,8.0,0.014259,1.989221,0.197889
45,8.1,0.014258,1.989326,0.197784
45,8.2,0.014257,1.989419,0.197691
45,8.3,0.014256,1.989503,0.197607
45,8.4,0.014255,1.989578,0.197532
45,8.5,0.014255,1.989645,0.197465
45,8.6,0.014254,1.989705,0.197405
45,8.7,0.014254,1.989759,0.197351
45,8.8,0.014253,1.989807,0.197303
45,8.9,0.014253,1.98985,0.19726
45,9.0,0.014252,1.989889,0.197222
45,9.1,0.014252,1.989923,0.197187
45,9.2,0.014252,1.989954,0.197157
45,9.3,0.014251,1.989981,0.197129
45,9.4,0.014251,1.990006,0.197104
45,9.5,0.014251,1.990028,0.197082
45,9.6,0.014251,1.990047,0.197063
45,9.7,0.014251,1.990065,0.197045
45,9.8,0.01425,1.990081,0.197029
45,9.9,0.01425,1.990095,0.197015
45,10.0,0.01425,1.990107,0.197003
46,0.0,0.039354,0.087228,1.716646
46,0.1,0.048021,0.095827,1.708047
46,0.2,0.056386,0.104297,1.699577
46,0.3,0.064449,0.112624,1.69125
46,0.4,0.072212,0.120794,1.683081
46,0.5,0.079676,0.12879,1.675085
46,0.6,0.086848,0.136596,1.667278
46,0.7,0.09373,0.1442,1.659675
46,0.8,0.100331,0.151585,1.65229
46,0.9,0.106656,0.158738,1.645136
46,1.0,0.112713,0.16565,1.638225
46,1.1,0.11851,0.172308,1.631566
46,1.2,0.124055,0.178705,1.62517
46,1.3,0.129357,0.184832,1.619042
46,1.4,0.134425,0.190685,1.613189
46,1.5,0.139268,0.196259,1.607615
46,1.6,0.143896,0.201551,1.602324
46,1.7,0.148319,0.206559,1.597315
46,1.8,0.152546,0.211283,1.592591
46,1.9,0.156587,0.215724,1.58815
46,2.0,0.160452,0.219883,1.583991
46,2.1,0.164149,0.223763,1.580111
46,2.2,0.167689,0.227366,1.576508
46,2.3,0.171081,0.230698,1.573177
46,2.4,0.174334,0.233761,1.570113
46,2.5,0.177456,0.236561,1.567313
46,2.6,0.180458,0.239104,1.564771
46,2.7,0.183347,0.241394,1.562481
46,2.8,0.186131,0.243437,1.560438
46,2.9,0.18882,0.245238,1.558636
46,3.0,0.191419,0.246805,1.55707
46,3.1,0.193939,0.248141,1.555733
46,3.2,0.196385,0.249254,1.55462
46,3.3,0.198765,0.250148,1.553726
46,3.4,0.201086,0.25083,1.553044
46,3.5,0.203354,0.251304,1.55257
46,3.6,0.205577,0.251576,1.552298
46,3.7,0.207761,0.251651,1.552223
46,3.8,0.209911,0.251534,1.55234
46,3.9,0.212034,0.251229,1.552645
46,4.0,0.214135,0.250741,1.553133
46,4.1,0.216221,0.250075,1.5538
46,4.2,0.218296,0.249233,1.554641
46,4.3,0.220365,0.248221,1.555653
46,4.4,0.222434,0.247042,1.556832
46,4.5,0.224508,0.2457,1.558175
46,4.6,0.226592,0.244198,1.559677
46,4.7,0.22869,0.242539,1.561335
46,4.8,0.230807,0.240728,1.563147
46,4.9,0.232947,0.238767,1.565108
46,5.0,0.235114,0.236659,1.567215
46,5.1,0.237314,0.234408,1.569466
46,5.2,0.239549,0.232018,1.571857
46,5.3,0.241825,0.22949,1.574384
46,5.4,0.244144,0.22683,1.577044
46,5.5,0.246511,0.22404,1.579835
46,5.6,0.248929,0.221123,1.582751
46,5.7,0.251403,0.218085,1.58579
46,5.8,0.253935,0.214928,1.588946
46,5.9,0.256528,0.211657,1.592217
46,6.0,0.259187,0.208277,1.595598
46,6.1,0.261914,0.204792,1.599083
46,6.2,0.264713,0.201207,1.602667
46,6.3,0.267585,0.197529,1.606345
46,6.4,0.270534,0.193762,1.610112
46,6.5,0.273563,0.189914,1.613961
46,6.6,0.276673,0.18599,1.617885
46,6.7,0.279868,0.181998,1.621877
46,6.8,0.283148,0.177945,1.62593
46,6.9,0.286517,0.173839,1.630036
46,7.0,0.289975,0.169688,1.634186
46,7.1,0.293523,0.165501,1.638373
46,7.2,0.297164,0.161287,1.642587
46,7.3,0.300898,0.157056,1.646819
46,7.4,0.304725,0.152816,1.651058
46,7.5,0.308646,0.148578,1.655297
46,7.6,0.312661,0.144351,1.659523
46,7.7,0.31677,0.140146,1.663728
46,7.8,0.320971,0.135974,1.667901
46,7.9,0.325266,0.131843,1.672032
46,8.0,0.329651,0.127763,1.676111
46,8.1,0.334127,0.123746,1.680128
46,8.2,0.33869,0.119799,1.684075
46,8.3,0.34334,0.115932,1.687942
46,8.4,0.348073,0.112153,1.691721
46,8.5,0.352888,0.108471,1.695404
46,8.6,0.357782,0.104891,1.698984
46,8.7,0.362751,0.10142,1.702455
46,8.8,0.367793,0.098064,1.705811
46,8.9,0.372904,0.094827,1.709048
46,9.0,0.378081,0.091712,1.712162
46,9.1,0.38332,0.088723,1.715151
46,9.2,0.388617,0.085861,1.718013
46,9.3,0.393969,0.083127,1.720747
46,9.4,0.399372,0.080521,1.723353
46,9.5,0.404822,0.078041,1.725833
46,9.6,0.410316,0.075686,1.728188
46,9.7,0.41585,0.073454,1.730421
46,9.8,0.421419,0.07134,1.732534
46,9.9,0.427022,0.069342,1.734532
46,10.0,0.432653,0.067455,1.736419
47,0.0,0.025045,0.472022,1.92932
47,0.1,0.030579,0.519047,1.882295
47,0.2,0.035032,0.568283,1.833059
47,0.3,0.038452,0.619694,1.781648
47,0.4,0.040898,0.673227,1.728115
47,0.5,0.042433,0.728809,1.672533
47,0.6,0.04313,0.786341,1.615001
47,0.7,0.043076,0.845692,1.55565
47,0.8,0.042365,0.906693,1.494649
47,0.9,0.041104,0.969133,1.432209
47,1.0,0.039408,1.032755,1.368587
47,1.1,0.037394,1.09725,1.304092
47,1.2,0.035181,1.162266,1.239076
47,1.3,0.032879,1.227407,1.173935
47,1.4,0.030586,1.292246,1.109096
47,1.5,0.028383,1.356337,1.045005
47,1.6,0.02633,1.419233,0.982109
47,1.7,0.024465,1.480499,0.920843
47,1.8,0.022808,1.539737,0.861605
47,1.9,0.021359,1.596593,0.804749
47,2.0,0.020109,1.650771,0.750571
47,2.1,0.019041,1.702044,0.699298
47,2.2,0.018132,1.750249,0.651093
47,2.3,0.017361,1.795292,0.60605
47,2.4,0.016706,1.837138,0.564204
47,2.5,0.016149,1.875807,0.525535
47,2.6,0.015675,1.911366,0.489976
47,2.7,0.015268,1.943919,0.457423
47,2.8,0.014919,1.973598,0.427744
47,2.9,0.014619,2.000556,0.400786
47,3.0,0.014359,2.024961,0.376381
47,3.1,0.014133,2.046987,0.354355
47,3.2,0.013937,2.066812,0.33453
47,3.3,0.013767,2.084613,0.316729
47,3.4,0.013618,2.10056,0.300782
47,3.5,0.013488,2.114819,0.286523
47,3.6,0.013375,2.127546,0.273796
47,3.7,0.013275,2.138888,0.262454
47,3.8,0.013188,2.148981,0.252361
47,3.9,0.013112,2.157952,0.24339
47,4.0,0.013045,2.165917,0.235425
47,4.1,0.012986,2.172982,0.22836
47,4.2,0.012934,2.179243,0.222099
47,4.3,0.012889,2.184787,0.216555
47,4.4,0.012849,2.189693,0.211649
47,4.5,0.012814,2.194032,0.20731
47,4.6,0.012784,2.197867,0.203475
47,4.7,0.012757,2.201255,0.200087
47,4.8,0.012733,2.204248,0.197094
47,4.9,0.012712,2.20689,0.194453
47,5.0,0.012694,2.209221,0.192121
47,5.1,0.012678,2.211278,0.190064
47,5.2,0.012663,2.213092,0.18825
47,5.3,0.012651,2.214692,0.18665
47,5.4,0.01264,2.216103,0.185239
47,5.5,0.01263,2.217346,0.183996
47,5.6,0.012622,2.218443,0.182899
47,5.7,0.012614,2.219409,0.181934
47,5.8,0.012607,2.22026,0.181082
47,5.9,0.012602,2.22101,0.180332
47,6.0,0.012597,2.22167,0.179672
47,6.1,0.012592,2.222252,0.17909
47,6.2,0.012588,2.222765,0.178577
47,6.3,0.012585,2.223217,0.178125
47,6.4,0.012582,2.223614,0.177728
47,6.5,0.012579,2.223965,0.177377
47,6.6,0.012576,2.224273,0.177069
47,6.7,0.012574,2.224545,0.176797
47,6.8,0.012572,2.224784,0.176558
47,6.9,0.012571,2.224995,0.176347
47,7.0,0.012569,2.22518,0.176162
47,7.1,0.012568,2.225344,0.175998
47,7.2,0.012567,2.225488,0.175854
47,7.3,0.012566,2.225614,0.175728
47,7.4,0.012565,2.225726,0.175616
47,7.5,0.012564,2.225824,0.175518
47,7.6,0.012564,2.22591,0.175432
47,7.7,0.012563,2.225987,0.175355
47,7.8,0.012563,2.226054,0.175288
47,7.9,0.012562,2.226113,0.175229
47,8.0,0.012562,2.226165,0.175177
47,8.1,0.012562,2.22621,0.175132
47,8.2,0.012561,2.226251,0.175091
47,8.3,0.012561,2.226286,0.175056
47,8.4,0.012561,2.226317,0.175025
47,8.5,0.01256,2.226345,0.174997
47,8.6,0.01256,2.226369,0.174973
47,8.7,0.01256,2.22639,0.174952
47,8.8,0.01256,2.226409,0.174933
47,8.9,0.01256,2.226426,0.174916
47,9.0,0.01256,2.22644,0.174902
47,9.1,0.01256,2.226453,0.174889
47,9.2,0.01256,2.226464,0.174878
47,9.3,0.012559,2.226474,0.174868
47,9.4,0.012559,2.226483,0.174859
47,9.5,0.012559,2.226491,0.174852
47,9.6,0.012559,2.226497,0.174845
47,9.7,0.012559,2.226503,0.174839
47,9.8,0.012559,2.226509,0.174834
47,9.9,0.012559,2.226513,0.174829
47,10.0,0.012559,2.226517,0.174825
48,0.0,0.024201,0.170139,1.328922
48,0.1,0.032522,0.177408,1.321653
48,0.2,0.040405,0.184337,1.314725
48,0.3,0.047885,0.190909,1.308152
48,0.4,0.05499,0.197115,1.301946
48,0.5,0.061748,0.202945,1.296117
48,0.6,0.068182,0.20839,1.290671
48,0.7,0.074315,0.213448,1.285614
48,0.8,0.080166,0.218113,1.280948
48,0.9,0.085755,0.222386,1.276675
48,1.0,0.091101,0.226267,1.272795
48,1.1,0.096221,0.229757,1.269304
48,1.2,0.101131,0.232861,1.2662
48,1.3,0.105848,0.235583,1.263478
48,1.4,0.110387,0.237928,1.261133
48,1.5,0.114762,0.239903,1.259159
48,1.6,0.118988,0.241514,1.257547
48,1.7,0.123078,0.24277,1.256292
48,1.8,0.127046,0.243678,1.255384
48,1.9,0.130904,0.244246,1.254815
48,2.0,0.134663,0.244484,1.254577
48,2.1,0.138337,0.2444,1.254662
48,2.2,0.141935,0.244002,1.255059
48,2.3,0.145469,0.243301,1.255761
48,2.4,0.148949,0.242304,1.256758
48,2.5,0.152385,0.241021,1.258041
48,2.6,0.155787,0.23946,1.259601
48,2.7,0.159163,0.237631,1.26143
48,2.8,0.162523,0.235543,1.263519
48,2.9,0.165875,0.233204,1.265858
48,3.0,0.169227,0.230624,1.268438
48,3.1,0.172588,0.227811,1.27125
48,3.2,0.175965,0.224776,1.274286
48,3.3,0.179365,0.221526,1.277536
48,3.4,0.182795,0.218072,1.280989
48,3.5,0.186262,0.214424,1.284638
48,3.6,0.189773,0.210591,1.288471
48,3.7,0.193333,0.206583,1.292478
48,3.8,0.196949,0.202412,1.296649
48,3.9,0.200626,0.198089,1.300973
48,4.0,0.204369,0.193624,1.305437
48,4.1,0.208183,0.189031,1.310031
48,4.2,0.212073,0.184321,1.314741
48,4.3,0.216043,0.179507,1.319555
48,4.4,0.220097,0.174603,1.324458
48,4.5,0.224239,0.169624,1.329438
48,4.6,0.228471,0.164583,1.334479
48,4.7,0.232797,0.159496,1.339566
48,4.8,0.237218,0.154378,1.344684
48,4.9,0.241737,0.149245,1.349817
48,5.0,0.246355,0.144113,1.354948
48,5.1,0.251073,0.139,1.360062
48,5.2,0.255892,0.13392,1.365141
48,5.3,0.260811,0.128891,1.370171
48,5.4,0.26583,0.123928,1.375133
48,5.5,0.270948,0.119048,1.380013
48,5.6,0.276164,0.114266,1.384795
48,5.7,0.281475,0.109596,1.389466
48,5.8,0.286879,0.105052,1.39401
48,5.9,0.292373,0.100645,1.398416
48,6.0,0.297954,0.096388,1.402673
48,6.1,0.303619,0.09229,1.406771
48,6.2,0.309363,0.088359,1.410702
48,6.3,0.315182,0.084602,1.414459
48,6.4,0.321071,0.081024,1.418038
48,6.5,0.327027,0.077627,1.421434
48,6.6,0.333044,0.074413,1.424648
48,6.7,0.339117,0.071383,1.427679
48,6.8,0.345241,0.068532,1.430529
48,6.9,0.351411,0.06586,1.433202
48,7.0,0.357623,0.06336,1.435702
48,7.1,0.363872,0.061027,1.438035
48,7.2,0.370154,0.058854,1.440207
48,7.3,0.376463,0.056835,1.442227
48,7.4,0.382795,0.054959,1.444102
48,7.5,0.389147,0.05322,1.445841
48,7.6,0.395515,0.051608,1.447453
48,7.7,0.401895,0.050115,1.448946
48,7.8,0.408285,0.048732,1.45033
48,7.9,0.41468,0.04745,1.451611
48,8.0,0.421079,0.046262,1.4528
48,8.1,0.427478,0.045158,1.453903
48,8.2,0.433875,0.044133,1.454929
48,8.3,0.440269,0.043178,1.455883
48,8.4,0.446657,0.042288,1.456773
48,8.5,0.453038,0.041457,1.457605
48,8.6,0.459409,0.040678,1.458383
48,8.7,0.465771,0.039948,1.459114
48,8.8,0.47212,0.03926,1.459801
48,8.9,0.478457,0.038613,1.460449
48,9.0,0.48478,0.038,1.461061
48,9.1,0.491089,0.03742,1.461642
48,9.2,0.497382,0.036869,1.462192
48,9.3,0.503659,0.036345,1.462717
48,9.4,0.509919,0.035845,1.463217
48,9.5,0.516162,0.035367,1.463695
48,9.6,0.522388,0.034909,1.464152
48,9.7,0.528594,0.03447,1.464591
48,9.8,0.534783,0.034048,1.465013
48,9.9,0.540952,0.033642,1.465419
48,10.0,0.547101,0.033251,1.465811
49,0.0,0.026513,0.24751,0.55403
49,0.1,0.034084,0.242198,0.559342
49,0.2,0.041277,0.236336,0.565204
49,0.3,0.048171,0.229987,0.571553
49,0.4,0.054833,0.22321,0.57833
49,0.5,0.061316,0.216058,0.585482
49,0.6,0.067664,0.208583,0.592958
49,0.7,0.073917,0.200833,0.600707
49,0.8,0.080106,0.192855,0.608685
49,0.9,0.086262,0.184696,0.616845
49,1.0,0.092409,0.176399,0.625142
49,1.1,0.098567,0.168008,0.633532
49,1.2,0.104757,0.159568,0.641972
49,1.3,0.110994,0.151122,0.650419
49,1.4,0.117291,0.142713,0.658828
49,1.5,0.123661,0.134384,0.667156
49,1.6,0.130113,0.126178,0.675363
49,1.7,0.136655,0.118136,0.683405
49,1.8,0.143291,0.110299,0.691242
49,1.9,0.150026,0.102705,0.698835
49,2.0,0.156861,0.095391,0.706149
49,2.1,0.163797,0.08839,0.71315
49,2.2,0.170832,0.081732,0.719809
49,2.3,0.177963,0.075441,0.726099
49,2.4,0.185186,0.069538,0.732002
49,2.5,0.192497,0.064037,0.737503
49,2.6,0.199888,0.058946,0.742594
49,2.7,0.207352,0.054267,0.747273
49,2.8,0.214883,0.049997,0.751543
49,2.9,0.222471,0.046125,0.755415
49,3.0,0.23011,0.042637,0.758903
49,3.1,0.23779,0.039514,0.762026
49,3.2,0.245504,0.036733,0.764808
49,3.3,0.253244,0.034268,0.767272
49,3.4,0.261004,0.032094,0.769446
49,3.5,0.268776,0.030183,0.771357
49,3.6,0.276554,0.028508,0.773033
49,3.7,0.284333,0.027042,0.774498
49,3.8,0.292109,0.025761,0.775779
49,3.9,0.299876,0.024642,0.776898
49,4.0,0.30763,0.023663,0.777877
49,4.1,0.31537,0.022806,0.778734
49,4.2,0.323091,0.022052,0.779488
49,4.3,0.330791,0.021388,0.780152
49,4.4,0.338468,0.0208,0.780741
49,4.5,0.346121,0.020276,0.781265
49,4.6,0.353748,0.019806,0.781734
49,4.7,0.361348,0.019384,0.782157
49,4.8,0.36892,0.019,0.78254
49,4.9,0.376463,0.01865,0.782891
49,5.0,0.383976,0.018328,0.783213
49,5.1,0.391459,0.01803,0.78351
49,5.2,0.398912,0.017753,0.783788
49,5.3,0.406335,0.017493,0.784047
49,5.4,0.413726,0.017249,0.784291
49,5.5,0.421086,0.017018,0.784522
49,5.6,0.428415,0.016799,0.784742
49,5.7,0.435712,0.01659,0.784951
49,5.8,0.442978,0.01639,0.785151
49,5.9,0.450213,0.016198,0.785343
49,6.0,0.457416,0.016013,0.785527
49,6.1,0.464587,0.015835,0.785705
49,6.2,0.471728,0.015663,0.785877
49,6.3,0.478836,0.015497,0.786043
49,6.4,0.485914,0.015336,0.786204
49,6.5,0.49296,0.01518,0.78636
49,6.6,0.499974,0.015029,0.786512
49,6.7,0.506958,0.014882,0.786659
49,6.8,0.513911,0.014738,0.786802
49,6.9,0.520832,0.014599,0.786941
49,7.0,0.527722,0.014463,0.787077
49,7.1,0.534582,0.014331,0.787209
49,7.2,0.541411,0.014202,0.787338
49,7.3,0.548209,0.014077,0.787464
49,7.4,0.554976,0.013954,0.787586
49,7.5,0.561713,0.013834,0.787706
49,7.6,0.56842,0.013718,0.787823
49,7.7,0.575096,0.013603,0.787937
49,7.8,0.581742,0.013492,0.788049
49,7.9,0.588357,0.013383,0.788158
49,8.0,0.594943,0.013276,0.788264
49,8.1,0.601499,0.013172,0.788369
49,8.2,0.608025,0.01307,0.788471
49,8.3,0.614521,0.01297,0.788571
49,8.4,0.620987,0.012872,0.788668
49,8.5,0.627424,0.012776,0.788764
49,8.6,0.633831,0.012683,0.788858
49,8.7,0.640209,0.012591,0.78895
49,8.8,0.646558,0.012501,0.78904
49,8.9,0.652878,0.012412,0.789128
49,9.0,0.659168,0.012326,0.789214
49,9.1,0.66543,0.012241,0.789299
49,9.2,0.671663,0.012158,0.789382
49,9.3,0.677867,0.012077,0.789464
49,9.4,0.684042,0.011997,0.789544
49,9.5,0.690189,0.011918,0.789622
49,9.6,0.696307,0.011841,0.789699
49,9.7,0.702398,0.011765,0.789775
49,9.8,0.70846,0.011691,0.789849
49,9.9,0.714493,0.011618,0.789922
49,10.0,0.720499,0.011547,0.789994
50,0.0,0.041488,0.453272,0.850623
50,0.1,0.045728,0.458712,0.845183
50,0.2,0.049535,0.46355,0.840345
50,0.3,0.052964,0.467835,0.83606
50,0.4,0.056061,0.471613,0.832282
50,0.5,0.058863,0.474927,0.828968
50,0.6,0.061405,0.477815,0.82608
50,0.7,0.063715,0.480312,0.823583
50,0.8,0.065821,0.482452,0.821443
50,0.9,0.067744,0.484264,0.819631
50,1.0,0.069504,0.485776,0.818119
50,1.1,0.071119,0.487013,0.816883
50,1.2,0.072605,0.487996,0.815899
50,1.3,0.073976,0.488748,0.815147
50,1.4,0.075244,0.489288,0.814608
50,1.5,0.07642,0.489631,0.814264
50,1.6,0.077515,0.489793,0.814102
50,1.7,0.078538,0.48979,0.814105
50,1.8,0.079496,0.489632,0.814263
50,1.9,0.080397,0.489332,0.814563
50,2.0,0.081248,0.488901,0.814994
50,2.1,0.082054,0.488346,0.815549
50,2.2,0.082821,0.487677,0.816218
50,2.3,0.083553,0.4869,0.816995
50,2.4,0.084256,0.486024,0.817872
50,2.5,0.084932,0.485052,0.818843
50,2.6,0.085586,0.483991,0.819904
50,2.7,0.086221,0.482846,0.821049
50,2.8,0.08684,0.48162,0.822275
50,2.9,0.087446,0.480318,0.823577
50,3.0,0.088041,0.478942,0.824954
50,3.1,0.088627,0.477494,0.826401
50,3.2,0.089207,0.475978,0.827917
50,3.3,0.089782,0.474396,0.829499
50,3.4,0.090355,0.472749,0.831146
50,3.5,0.090927,0.471039,0.832856
50,3.6,0.0915,0.469266,0.834629
50,3.7,0.092075,0.467432,0.836463
50,3.8,0.092654,0.465538,0.838357
50,3.9,0.093238,0.463583,0.840312
50,4.0,0.093828,0.461569,0.842326
50,4.1,0.094425,0.459495,0.8444
50,4.2,0.095031,0.457362,0.846533
50,4.3,0.095647,0.455168,0.848727
50,4.4,0.096273,0.452915,0.85098
50,4.5,0.096912,0.450601,0.853294
50,4.6,0.097563,0.448225,0.85567
50,4.7,0.098229,0.445788,0.858107
50,4.8,0.098909,0.443288,0.860607
50,4.9,0.099606,0.440724,0.863171
50,5.0,0.100319,0.438096,0.865799
50,5.1,0.101051,0.435402,0.868493
50,5.2,0.101802,0.432641,0.871254
50,5.3,0.102573,0.429812,0.874083
50,5.4,0.103366,0.426913,0.876982
50,5.5,0.104181,0.423943,0.879952
50,5.6,0.105019,0.420901,0.882994
50,5.7,0.105883,0.417784,0.886111
50,5.8,0.106772,0.414592,0.889303
50,5.9,0.107689,0.411323,0.892572
50,6.0,0.108634,0.407974,0.895921
50,6.1,0.109608,0.404544,0.899351
50,6.2,0.110614,0.401032,0.902863
50,6.3,0.111653,0.397435,0.90646
50,6.4,0.112726,0.393752,0.910144
50,6.5,0.113834,0.389979,0.913916
50,6.6,0.11498,0.386117,0.917778
50,6.7,0.116164,0.382162,0.921733
50,6.8,0.117389,0.378112,0.925783
50,6.9,0.118656,0.373966,0.929929
50,7.0,0.119968,0.369722,0.934173
50,7.1,0.121326,0.365377,0.938518
50,7.2,0.122732,0.36093,0.942965
50,7.3,0.124189,0.356378,0.947517
50,7.4,0.125698,0.351721,0.952174
50,7.5,0.127262,0.346956,0.956939
50,7.6,0.128883,0.342082,0.961813
50,7.7,0.130564,0.337097,0.966798
50,7.8,0.132307,0.332,0.971895
50,7.9,0.134115,0.326789,0.977106
50,8.0,0.13599,0.321465,0.98243
50,8.1,0.137936,0.316025,0.98787
50,8.2,0.139956,0.31047,0.993425
50,8.3,0.142051,0.3048,0.999095
50,8.4,0.144226,0.299015,1.00488
50,8.5,0.146483,0.293115,1.01078
50,8.6,0.148827,0.287101,1.016794
50,8.7,0.151259,0.280976,1.022919
50,8.8,0.153783,0.274741,1.029154
50,8.9,0.156403,0.268399,1.035496
50,9.0,0.159123,0.261953,1.041942
50,9.1,0.161944,0.255407,1.048488
50,9.2,0.164872,0.248767,1.055128
50,9.3,0.167909,0.242038,1.061857
50,9.4,0.171058,0.235227,1.068669
50,9.5,0.174324,0.22834,1.075555
50,9.6,0.177708,0.221387,1.082508
50,9.7,0.181214,0.214378,1.089517
50,9.8,0.184845,0.207323,1.096572
50,9.9,0.188604,0.200233,1.103662
50,10.0,0.192492,0.193122,1.110773
51,0.0,0.028148,0.098859,2.1806
51,0.1,0.036937,0.114155,2.165304
51,0.2,0.045307,0.130021,2.149438
51,0.3,0.053234,0.146485,2.132974
51,0.4,0.060697,0.16357,2.11589
51,0.5,0.067678,0.181294,2.098165
51,0.6,0.074161,0.199676,2.079783
51,0.7,0.08013,0.218736,2.060724
51,0.8,0.085571,0.238492,2.040968
51,0.9,0.090472,0.258967,2.020492
51,1.0,0.094822,0.280188,1.999271
51,1.1,0.098611,0.302185,1.977275
51,1.2,0.101831,0.324993,1.954466
51,1.3,0.104473,0.348655,1.930804
51,1.4,0.106533,0.373219,1.906241
51,1.5,0.108006,0.398737,1.880722
51,1.6,0.108889,0.425273,1.854187
51,1.7,0.109182,0.452891,1.826568
51,1.8,0.108887,0.481667,1.797792
51,1.9,0.108009,0.511678,1.767781
51,2.0,0.106555,0.543006,1.736453
51,2.1,0.104539,0.575736,1.703723
51,2.2,0.101976,0.609952,1.669507
51,2.3,0.098891,0.645736,1.633723
51,2.4,0.095313,0.683163,1.596296
51,2.5,0.091281,0.722296,1.557163
51,2.6,0.086843,0.763185,1.516274
51,2.7,0.082056,0.805857,1.473603
51,2.8,0.07699,0.850308,1.429151
51,2.9,0.071724,0.896504,1.382955
51,3.0,0.066349,0.944366,1.335093
51,3.1,0.060961,0.993767,1.285692
51,3.2,0.055664,1.044529,1.23493
51,3.3,0.050556,1.09642,1.183039
51,3.4,0.045733,1.149155,1.130304
51,3.5,0.041273,1.202401,1.077058
51,3.6,0.037234,1.25579,1.023669
51,3.7,0.03365,1.30893,0.97053
51,3.8,0.030531,1.361421,0.918038
51,3.9,0.027862,1.412877,0.866583
51,4.0,0.025609,1.462935,0.816524
51,4.1,0.023728,1.511276,0.768183
51,4.2,0.022168,1.557629,0.721831
51,4.3,0.020879,1.601778,0.677682
51,4.4,0.019812,1.643564,0.635895
51,4.5,0.018926,1.682883,0.596576
51,4.6,0.018187,1.719682,0.559777
51,4.7,0.017565,1.75395,0.525509
51,4.8,0.01704,1.785718,0.493742
51,4.9,0.016591,1.815043,0.464416
51,5.0,0.016207,1.842013,0.437447
51,5.1,0.015875,1.866729,0.41273
51,5.2,0.015586,1.889309,0.39015
51,5.3,0.015335,1.90988,0.36958
51,5.4,0.015116,1.92857,0.350889
51,5.5,0.014924,1.945513,0.333946
51,5.6,0.014755,1.960839,0.31862
51,5.7,0.014606,1.974677,0.304782
51,5.8,0.014475,1.987149,0.29231
51,5.9,0.014359,1.998373,0.281087
51,6.0,0.014257,2.008459,0.271
51,6.1,0.014167,2.017512,0.261947
51,6.2,0.014087,2.025629,0.253831
51,6.3,0.014016,2.032898,0.246561
51,6.4,0.013954,2.039403,0.240056
51,6.5,0.013898,2.04522,0.23424
51,6.6,0.013849,2.050417,0.229043
51,6.7,0.013806,2.055057,0.224402
51,6.8,0.013767,2.059198,0.220261
51,6.9,0.013733,2.062892,0.216567
51,7.0,0.013703,2.066185,0.213274
51,7.1,0.013676,2.06912,0.210339
51,7.2,0.013652,2.071735,0.207725
51,7.3,0.013631,2.074063,0.205396
51,7.4,0.013612,2.076136,0.203323
51,7.5,0.013595,2.077981,0.201478
51,7.6,0.01358,2.079624,0.199836
51,7.7,0.013567,2.081085,0.198375
51,7.8,0.013555,2.082384,0.197075
51,7.9,0.013545,2.08354,0.195919
51,8.0,0.013536,2.084568,0.194891
51,8.1,0.013528,2.085482,0.193977
51,8.2,0.01352,2.086295,0.193165
51,8.3,0.013514,2.087017,0.192442
51,8.4,0.013508,2.087659,0.1918
51,8.5,0.013503,2.08823,0.191229
51,8.6,0.013499,2.088738,0.190722
51,8.7,0.013495,2.089188,0.190271
51,8.8,0.013491,2.089589,0.18987
51,8.9,0.013488,2.089945,0.189514
51,9.0,0.013485,2.090261,0.189198
51,9.1,0.013483,2.090543,0.188917
51,9.2,0.01348,2.090792,0.188667
51,9.3,0.013478,2.091014,0.188445
51,9.4,0.013477,2.091212,0.188248
51,9.5,0.013475,2.091387,0.188073
51,9.6,0.013474,2.091542,0.187917
51,9.7,0.013473,2.091681,0.187779
51,9.8,0.013471,2.091803,0.187656
51,9.9,0.013471,2.091913,0.187547
51,10.0,0.01347,2.09201,0.18745
52,0.0,0.01478,0.34674,2.317487
52,0.1,0.022357,0.393337,2.27089
52,0.2,0.028808,0.443475,2.220751
52,0.3,0.034135,0.497239,2.166988
52,0.4,0.038347,0.554686,2.109541
52,0.5,0.04146,0.615844,2.048383
52,0.6,0.043506,0.680701,1.983526
52,0.7,0.044536,0.749197,1.915029
52,0.8,0.044621,0.821211,1.843016
52,0.9,0.043856,0.896546,1.767681
52,1.0,0.04236,0.974921,1.689306
52,1.1,0.040275,1.055955,1.608271
52,1.2,0.037758,1.139165,1.525061
52,1.3,0.034974,1.22396,1.440266
52,1.4,0.032088,1.309654,1.354573
52,1.5,0.029246,1.395481,1.268746
52,1.6,0.026568,1.480627,1.183599
52,1.7,0.024138,1.564268,1.099959
52,1.8,0.022003,1.645606,1.018621
52,1.9,0.020175,1.723913,0.940313
52,2.0,0.018641,1.798566,0.865661
52,2.1,0.01737,1.869064,0.795162
52,2.2,0.016325,1.935045,0.729182
52,2.3,0.015469,1.996283,0.667944
52,2.4,0.014765,2.052678,0.611548
52,2.5,0.014185,2.104248,0.559979
52,2.6,0.013704,2.1511,0.513127
52,2.7,0.013302,2.193417,0.470809
52,2.8,0.012965,2.231439,0.432788
52,2.9,0.012681,2.265441,0.398786
52,3.0,0.01244,2.29572,0.368507
52,3.1,0.012235,2.322583,0.341643
52,3.2,0.01206,2.346338,0.317888
52,3.3,0.011911,2.367283,0.296943
52,3.4,0.011783,2.385703,0.278523
52,3.5,0.011674,2.401866,0.26236
52,3.6,0.01158,2.416021,0.248206
52,3.7,0.011499,2.428395,0.235832
52,3.8,0.011429,2.439196,0.225031
52,3.9,0.011369,2.448612,0.215615
52,4.0,0.011318,2.456811,0.207416
52,4.1,0.011273,2.463943,0.200284
52,4.2,0.011235,2.470141,0.194086
52,4.3,0.011202,2.475524,0.188703
52,4.4,0.011173,2.480196,0.184031
52,4.5,0.011149,2.484249,0.179978
52,4.6,0.011127,2.487762,0.176465
52,4.7,0.011109,2.490806,0.17342
52,4.8,0.011093,2.493444,0.170783
52,4.9,0.011079,2.495728,0.168499
52,5.0,0.011068,2.497705,0.166521
52,5.1,0.011057,2.499417,0.16481
52,5.2,0.011049,2.500898,0.163329
52,5.3,0.011041,2.502179,0.162047
52,5.4,0.011034,2.503288,0.160939
52,5.5,0.011029,2.504247,0.15998
52,5.6,0.011024,2.505076,0.159151
52,5.7,0.01102,2.505793,0.158434
52,5.8,0.011016,2.506413,0.157814
52,5.9,0.011013,2.506949,0.157278
52,6.0,0.01101,2.507413,0.156814
52,6.1,0.011008,2.507813,0.156413
52,6.2,0.011006,2.50816,0.156067
52,6.3,0.011004,2.508459,0.155767
52,6.4,0.011002,2.508718,0.155509
52,6.5,0.011001,2.508942,0.155285
52,6.6,0.011,2.509135,0.155091
52,6.7,0.010999,2.509302,0.154924
52,6.8,0.010998,2.509447,0.15478
52,6.9,0.010997,2.509572,0.154655
52,7.0,0.010997,2.50968,0.154547
52,7.1,0.010996,2.509773,0.154454
52,7.2,0.010996,2.509854,0.154373
52,7.3,0.010995,2.509923,0.154303
52,7.4,0.010995,2.509983,0.154243
52,7.5,0.010995,2.510036,0.154191
52,7.6,0.010994,2.510081,0.154146
52,7.7,0.010994,2.510119,0.154107
52,7.8,0.010994,2.510153,0.154074
52,7.9,0.010994,2.510182,0.154045
52,8.0,0.010994,2.510207,0.15402
52,8.1,0.010993,2.510229,0.153998
52,8.2,0.010993,2.510248,0.153979
52,8.3,0.010993,2.510264,0.153963
52,8.4,0.010993,2.510278,0.153949
52,8.5,0.010993,2.51029,0.153937
52,8.6,0.010993,2.5103,0.153926
52,8.7,0.010993,2.510309,0.153917
52,8.8,0.010993,2.510317,0.15391
52,8.9,0.010993,2.510324,0.153903
52,9.0,0.010993,2.51033,0.153897
52,9.1,0.010993,2.510335,0.153892
52,9.2,0.010993,2.510339,0.153888
52,9.3,0.010993,2.510343,0.153884
52,9.4,0.010993,2.510346,0.153881
52,9.5,0.010993,2.510349,0.153878
52,9.6,0.010993,2.510351,0.153875
52,9.7,0.010993,2.510353,0.153873
52,9.8,0.010993,2.510355,0.153871
52,9.9,0.010993,2.510357,0.15387
52,10.0,0.010993,2.510358,0.153869
53,0.0,0.038664,0.098483,2.79003
53,0.1,0.047129,0.12121,2.767303
53,0.2,0.055066,0.145814,2.742699
53,0.3,0.062416,0.172506,2.716007
53,0.4,0.069119,0.201498,2.687015
53,0.5,0.075117,0.233002,2.655511
53,0.6,0.080353,0.267236,2.621277
53,0.7,0.08477,0.304427,2.584086
53,0.8,0.088314,0.34481,2.543703
53,0.9,0.090934,0.38863,2.499883
53,1.0,0.092583,0.43614,2.452373
53,1.1,0.093223,0.487601,2.400912
53,1.2,0.092823,0.543274,2.34524
53,1.3,0.09137,0.60341,2.285103
53,1.4,0.088867,0.668244,2.220269
53,1.5,0.085342,0.737972,2.150541
53,1.6,0.080855,0.812728,2.075785
53,1.7,0.075505,0.892561,1.995952
53,1.8,0.069436,0.977397,1.911116
53,1.9,0.06284,1.067009,1.821504
53,2.0,0.055954,1.160975,1.727538
53,2.1,0.049052,1.258661,1.629853
53,2.2,0.04242,1.359198,1.529315
53,2.3,0.036321,1.461506,1.427007
53,2.4,0.030959,1.564329,1.324184
53,2.5,0.026448,1.666312,1.222202
53,2.6,0.022802,1.766092,1.122422
53,2.7,0.019951,1.8624,1.026113
53,2.8,0.017775,1.954142,0.934371
53,2.9,0.016133,2.040453,0.84806
53,3.0,0.014896,2.120723,0.76779
53,3.1,0.013957,2.19459,0.693923
53,3.2,0.013232,2.261917,0.626596
53,3.3,0.012663,2.32276,0.565753
53,3.4,0.012208,2.377321,0.511192
53,3.5,0.01184,2.425919,0.462595
53,3.6,0.011538,2.468943,0.41957
53,3.7,0.011288,2.506833,0.38168
53,3.8,0.01108,2.540045,0.348468
53,3.9,0.010906,2.56904,0.319474
53,4.0,0.010759,2.594262,0.294251
53,4.1,0.010636,2.616135,0.272378
53,4.2,0.010532,2.635054,0.253459
53,4.3,0.010444,2.65138,0.237133
53,4.4,0.010369,2.665439,0.223074
53,4.5,0.010306,2.677527,0.210986
53,4.6,0.010252,2.687904,0.200609
53,4.7,0.010207,2.696801,0.191712
53,4.8,0.010168,2.70442,0.184093
53,4.9,0.010136,2.71094,0.177573
53,5.0,0.010108,2.716515,0.171998
53,5.1,0.010084,2.721278,0.167235
53,5.2,0.010064,2.725345,0.163168
53,5.3,0.010047,2.728816,0.159697
53,5.4,0.010033,2.731777,0.156736
53,5.5,0.01002,2.734303,0.15421
53,5.6,0.01001,2.736456,0.152057
53,5.7,0.010001,2.738291,0.150222
53,5.8,0.009993,2.739855,0.148658
53,5.9,0.009987,2.741187,0.147326
53,6.0,0.009981,2.742322,0.146191
53,6.1,0.009977,2.743289,0.145224
53,6.2,0.009973,2.744112,0.144401
53,6.3,0.009969,2.744813,0.1437
53,6.4,0.009966,2.74541,0.143103
53,6.5,0.009964,2.745918,0.142595
53,6.6,0.009962,2.746351,0.142162
53,6.7,0.00996,2.746719,0.141794
53,6.8,0.009959,2.747033,0.14148
53,6.9,0.009957,2.747299,0.141214
53,7.0,0.009956,2.747527,0.140986
53,7.1,0.009955,2.74772,0.140793
53,7.2,0.009954,2.747885,0.140628
53,7.3,0.009954,2.748025,0.140488
53,7.4,0.009953,2.748144,0.140369
53,7.5,0.009953,2.748245,0.140268
53,7.6,0.009952,2.748332,0.140181
53,7.7,0.009952,2.748405,0.140108
53,7.8,0.009952,2.748468,0.140045
53,7.9,0.009951,2.748521,0.139992
53,8.0,0.009951,2.748566,0.139947
53,8.1,0.009951,2.748605,0.139908
53,8.2,0.009951,2.748638,0.139875
53,8.3,0.009951,2.748666,0.139847
53,8.4,0.009951,2.74869,0.139823
53,8.5,0.009951,2.74871,0.139803
53,8.6,0.00995,2.748727,0.139786
53,8.7,0.00995,2.748742,0.139771
53,8.8,0.00995,2.748754,0.139759
53,8.9,0.00995,2.748765,0.139748
53,9.0,0.00995,2.748774,0.139739
53,9.1,0.00995,2.748781,0.139732
53,9.2,0.00995,2.748788,0.139725
53,9.3,0.00995,2.748794,0.139719
53,9.4,0.00995,2.748798,0.139715
53,9.5,0.00995,2.748802,0.139711
53,9.6,0.00995,2.748806,0.139707
53,9.7,0.00995,2.748809,0.139704
53,9.8,0.00995,2.748811,0.139702
53,9.9,0.00995,2.748813,0.1397
53,10.0,0.00995,2.748815,0.139698
54,0.0,0.01228,0.066836,1.887131
54,0.1,0.021774,0.077418,1.876549
54,0.2,0.03095,0.088045,1.865922
54,0.3,0.039796,0.098719,1.855248
54,0.4,0.048301,0.109436,1.844531
54,0.5,0.056459,0.120188,1.833779
54,0.6,0.064266,0.130963,1.823004
54,0.7,0.071717,0.141748,1.812219
54,0.8,0.078812,0.152529,1.801438
54,0.9,0.085551,0.163293,1.790674
54,1.0,0.091934,0.174026,1.779941
54,1.1,0.097964,0.184715,1.769251
54,1.2,0.103643,0.19535,1.758617
54,1.3,0.108975,0.205921,1.748046
54,1.4,0.113964,0.21642,1.737546
54,1.5,0.118615,0.226843,1.727124
54,1.6,0.122933,0.237186,1.716781
54,1.7,0.126924,0.247448,1.706519
54,1.8,0.130594,0.257631,1.696336
54,1.9,0.133948,0.267738,1.686229
54,2.0,0.136993,0.277776,1.67619
54,2.1,0.139735,0.287753,1.666213
54,2.2,0.14218,0.29768,1.656287
54,2.3,0.144334,0.307569,1.646398
54,2.4,0.146203,0.317434,1.636533
54,2.5,0.147794,0.327292,1.626675
54,2.6,0.14911,0.337162,1.616805
54,2.7,0.150159,0.347064,1.606903
54,2.8,0.150944,0.357019,1.596948
54,2.9,0.151471,0.367051,1.586916
54,3.0,0.151744,0.377186,1.576781
54,3.1,0.151766,0.38745,1.566516
54,3.2,0.151543,0.397873,1.556094
54,3.3,0.151076,0.408483,1.545484
54,3.4,0.15037,0.419312,1.534655
54,3.5,0.149427,0.430394,1.523573
54,3.6,0.148249,0.441763,1.512204
54,3.7,0.14684,0.453454,1.500512
54,3.8,0.145201,0.465507,1.48846
54,3.9,0.143336,0.477959,1.476008
54,4.0,0.141246,0.490851,1.463116
54,4.1,0.138933,0.504225,1.449742
54,4.2,0.136402,0.518123,1.435844
54,4.3,0.133654,0.532589,1.421377
54,4.4,0.130695,0.547669,1.406298
54,4.5,0.127528,0.563407,1.39056
54,4.6,0.124159,0.579848,1.374119
54,4.7,0.120595,0.597038,1.356929
54,4.8,0.116845,0.61502,1.338947
54,4.9,0.112918,0.633837,1.32013
54,5.0,0.108828,0.653528,1.300439
54,5.1,0.104589,0.67413,1.279837
54,5.2,0.100219,0.695674,1.258293
54,5.3,0.095737,0.718184,1.235783
54,5.4,0.091168,0.741679,1.212287
54,5.5,0.086538,0.766167,1.1878
54,5.6,0.081878,0.791643,1.162324
54,5.7,0.07722,0.818093,1.135874
54,5.8,0.072601,0.845485,1.108482
54,5.9,0.068056,0.873772,1.080195
54,6.0,0.063625,0.90289,1.051076
54,6.1,0.059345,0.932758,1.021208
54,6.2,0.055252,0.963276,0.990691
54,6.3,0.051377,0.994326,0.95964
54,6.4,0.047748,1.025777,0.92819
54,6.5,0.044385,1.057484,0.896483
54,6.6,0.041301,1.089291,0.864675
54,6.7,0.038501,1.12104,0.832926
54,6.8,0.035984,1.15257,0.801397
54,6.9,0.033738,1.183722,0.770245
54,7.0,0.031751,1.214346,0.739621
54,7.1,0.030002,1.244303,0.709664
54,7.2,0.02847,1.273467,0.6805
54,7.3,0.027133,1.301728,0.652239
54,7.4,0.025966,1.328995,0.624972
54,7.5,0.02495,1.355193,0.598774
54,7.6,0.024062,1.380264,0.573702
54,7.7,0.023287,1.40417,0.549797
54,7.8,0.022607,1.426884,0.527083
54,7.9,0.022009,1.448397,0.50557
54,8.0,0.021481,1.46871,0.485256
54,8.1,0.021014,1.487838,0.466129
54,8.2,0.020599,1.505802,0.448165
54,8.3,0.02023,1.522632,0.431335
54,8.4,0.0199,1.538364,0.415602
54,8.5,0.019604,1.55304,0.400926
54,8.6,0.019338,1.566705,0.387262
54,8.7,0.019099,1.579405,0.374562
54,8.8,0.018884,1.591188,0.362778
54,8.9,0.01869,1.602106,0.351861
54,9.0,0.018514,1.612206,0.34176
54,9.1,0.018355,1.621539,0.332427
54,9.2,0.018212,1.630153,0.323814
54,9.3,0.018081,1.638093,0.315874
54,9.4,0.017963,1.645406,0.308561
54,9.5,0.017856,1.652135,0.301832
54,9.6,0.017759,1.658321,0.295646
54,9.7,0.017671,1.664003,0.289963
54,9.8,0.017591,1.66922,0.284747
54,9.9,0.017518,1.674005,0.279962
54,10.0,0.017452,1.678392,0.275575
55,0.0,0.019175,0.423405,2.520629
55,0.1,0.025712,0.486493,2.457541
55,0.2,0.030955,0.555238,2.388796
55,0.3,0.034905,0.629758,2.314276
55,0.4,0.037582,0.710088,2.233946
55,0.5,0.039033,0.796159,2.147875
55,0.6,0.039344,0.887769,2.056265
55,0.7,0.038634,0.984563,1.959471
55,0.8,0.037067,1.086002,1.858032
55,0.9,0.034839,1.191352,1.752682
55,1.0,0.03217,1.299675,1.644359
55,1.1,0.029285,1.409848,1.534186
55,1.2,0.026393,1.520594,1.42344
55,1.3,0.023667,1.630544,1.31349
55,1.4,0.021222,1.738315,1.205719
55,1.5,0.019119,1.842589,1.101445
55,1.6,0.017368,1.942197,1.001837
55,1.7,0.015941,2.036175,0.907859
55,1.8,0.014795,2.123807,0.820227
55,1.9,0.013879,2.20463,0.739404
55,2.0,0.013146,2.278423,0.665611
55,2.1,0.012557,2.345183,0.598851
55,2.2,0.01208,2.405082,0.538952
55,2.3,0.011691,2.458429,0.485605
55,2.4,0.011371,2.505629,0.438405
55,2.5,0.011107,2.54715,0.396884
55,2.6,0.010887,2.58349,0.360544
55,2.7,0.010704,2.615154,0.32888
55,2.8,0.01055,2.642637,0.301397
55,2.9,0.010421,2.666411,0.277623
55,3.0,0.010313,2.686918,0.257116
55,3.1,0.010222,2.704562,0.239472
55,3.2,0.010145,2.719711,0.224323
55,3.3,0.01008,2.732693,0.211341
55,3.4,0.010025,2.7438,0.200234
55,3.5,0.009979,2.753291,0.190743
55,3.6,0.00994,2.761391,0.182643
55,3.7,0.009906,2.768298,0.175736
55,3.8,0.009878,2.774182,0.169852
55,3.9,0.009855,2.779191,0.164843
55,4.0,0.009835,2.783452,0.160582
55,4.1,0.009818,2.787076,0.156958
55,4.2,0.009803,2.790156,0.153878
55,4.3,0.009791,2.792774,0.15126
55,4.4,0.009781,2.794996,0.149038
55,4.5,0.009772,2.796884,0.14715
55,4.6,0.009765,2.798487,0.145547
55,4.7,0.009758,2.799847,0.144187
55,4.8,0.009753,2.801001,0.143033
55,4.9,0.009748,2.801981,0.142053
55,5.0,0.009745,2.802812,0.141222
55,5.1,0.009741,2.803517,0.140517
55,5.2,0.009739,2.804115,0.139919
55,5.3,0.009736,2.804622,0.139412
55,5.4,0.009734,2.805052,0.138982
55,5.5,0.009733,2.805417,0.138617
55,5.6,0.009731,2.805727,0.138307
55,5.7,0.00973,2.805989,0.138045
55,5.8,0.009729,2.806212,0.137822
55,5.9,0.009728,2.8064,0.137634
55,6.0,0.009727,2.80656,0.137474
55,6.1,0.009727,2.806696,0.137338
55,6.2,0.009726,2.806811,0.137223
55,6.3,0.009726,2.806909,0.137125
55,6.4,0.009725,2.806991,0.137043
55,6.5,0.009725,2.807062,0.136972
55,6.6,0.009725,2.807121,0.136913
55,6.7,0.009724,2.807172,0.136863
55,6.8,0.009724,2.807214,0.13682
55,6.9,0.009724,2.807251,0.136784
55,7.0,0.009724,2.807281,0.136753
55,7.1,0.009724,2.807307,0.136727
55,7.2,0.009724,2.807329,0.136705
55,7.3,0.009724,2.807348,0.136686
55,7.4,0.009724,2.807364,0.13667
55,7.5,0.009724,2.807378,0.136657
55,7.6,0.009723,2.807389,0.136645
55,7.7,0.009723,2.807399,0.136635
55,7.8,0.009723,2.807407,0.136627
55,7.9,0.009723,2.807414,0.13662
55,8.0,0.009723,2.80742,0.136614
55,8.1,0.009723,2.807425,0.136609
55,8.2,0.009723,2.807429,0.136605
55,8.3,0.009723,2.807433,0.136601
55,8.4,0.009723,2.807436,0.136598
55,8.5,0.009723,2.807438,0.136596
55,8.6,0.009723,2.80744,0.136594
55,8.7,0.009723,2.807442,0.136592
55,8.8,0.009723,2.807444,0.13659
55,8.9,0.009723,2.807445,0.136589
55,9.0,0.009723,2.807446,0.136588
55,9.1,0.009723,2.807447,0.136587
55,9.2,0.009723,2.807448,0.136586
55,9.3,0.009723,2.807449,0.136585
55,9.4,0.009723,2.807449,0.136585
55,9.5,0.009723,2.80745,0.136584
55,9.6,0.009723,2.80745,0.136584
55,9.7,0.009723,2.807451,0.136583
55,9.8,0.009723,2.807451,0.136583
55,9.9,0.009723,2.807451,0.136583
55,10.0,0.009723,2.807451,0.136583
56,0.0,0.01654,0.478805,1.227295
56,0.1,0.023177,0.502131,1.203968
56,0.2,0.028799,0.525055,1.181044
56,0.3,0.033536,0.547605,1.158494
56,0.4,0.037493,0.56981,1.136289
56,0.5,0.040757,0.5917,1.114399
56,0.6,0.043402,0.613308,1.092792
56,0.7,0.045494,0.634662,1.071437
56,0.8,0.04709,0.655795,1.050305
56,0.9,0.048244,0.676733,1.029366
56,1.0,0.049004,0.697505,1.008595
56,1.1,0.049417,0.718132,0.987967
56,1.2,0.049523,0.738636,0.967464
56,1.3,0.049363,0.759031,0.947068
56,1.4,0.048973,0.77933,0.926769
56,1.5,0.048389,0.79954,0.90656
56,1.6,0.047642,0.819662,0.886438
56,1.7,0.046763,0.839694,0.866406
56,1.8,0.045779,0.859628,0.846471
56,1.9,0.044717,0.879452,0.826647
56,2.0,0.0436,0.899149,0.80695
56,2.1,0.042448,0.918699,0.7874
56,2.2,0.04128,0.938078,0.768021
56,2.3,0.040112,0.957259,0.74884
56,2.4,0.038959,0.976213,0.729887
56,2.5,0.037831,0.994909,0.71119
56,2.6,0.036737,1.013316,0.692783
56,2.7,0.035686,1.031403,0.674696
56,2.8,0.034681,1.049139,0.656961
56,2.9,0.033727,1.066493,0.639606
56,3.0,0.032826,1.08344,0.62266
56,3.1,0.031978,1.099952,0.606148
56,3.2,0.031184,1.116006,0.590093
56,3.3,0.030443,1.131583,0.574516
56,3.4,0.029752,1.146666,0.559433
56,3.5,0.02911,1.16124,0.544859
56,3.6,0.028514,1.175296,0.530803
56,3.7,0.027962,1.188825,0.517274
56,3.8,0.027451,1.201825,0.504275
56,3.9,0.026978,1.214292,0.491807
56,4.0,0.026541,1.226229,0.47987
56,4.1,0.026137,1.23764,0.468459
56,4.2,0.025763,1.248532,0.457568
56,4.3,0.025417,1.258911,0.447188
56,4.4,0.025097,1.26879,0.437309
56,4.5,0.024802,1.278179,0.427921
56,4.6,0.024528,1.287091,0.419008
56,4.7,0.024275,1.295541,0.410558
56,4.8,0.02404,1.303544,0.402556
56,4.9,0.023823,1.311114,0.394985
56,5.0,0.023621,1.318269,0.38783
56,5.1,0.023435,1.325025,0.381074
56,5.2,0.023262,1.331398,0.374701
56,5.3,0.023101,1.337405,0.368694
56,5.4,0.022952,1.343063,0.363037
56,5.5,0.022814,1.348387,0.357712
56,5.6,0.022686,1.353395,0.352704
56,5.7,0.022566,1.358101,0.347998
56,5.8,0.022456,1.362522,0.343577
56,5.9,0.022353,1.366672,0.339427
56,6.0,0.022258,1.370566,0.335534
56,6.1,0.022169,1.374217,0.331882
56,6.2,0.022086,1.37764,0.32846
56,6.3,0.02201,1.380846,0.325253
56,6.4,0.021939,1.38385,0.32225
56,6.5,0.021872,1.386661,0.319438
56,6.6,0.021811,1.389292,0.316807
56,6.7,0.021753,1.391753,0.314346
56,6.8,0.0217,1.394055,0.312044
56,6.9,0.021651,1.396208,0.309892
56,7.0,0.021605,1.398219,0.30788
56,7.1,0.021562,1.400099,0.306
56,7.2,0.021522,1.401855,0.304244
56,7.3,0.021485,1.403495,0.302604
56,7.4,0.02145,1.405027,0.301073
56,7.5,0.021418,1.406457,0.299643
56,7.6,0.021388,1.407791,0.298308
56,7.7,0.02136,1.409037,0.297062
56,7.8,0.021334,1.4102,0.2959
56,7.9,0.02131,1.411284,0.294815
56,8.0,0.021288,1.412296,0.293803
56,8.1,0.021267,1.41324,0.29286
56,8.2,0.021248,1.41412,0.291979
56,8.3,0.02123,1.414941,0.291158
56,8.4,0.021213,1.415706,0.290393
56,8.5,0.021197,1.41642,0.289679
56,8.6,0.021182,1.417085,0.289014
56,8.7,0.021169,1.417705,0.288394
56,8.8,0.021156,1.418283,0.287816
56,8.9,0.021144,1.418822,0.287277
56,9.0,0.021134,1.419324,0.286775
56,9.1,0.021123,1.419792,0.286307
56,9.2,0.021114,1.420228,0.285871
56,9.3,0.021105,1.420635,0.285465
56,9.4,0.021097,1.421013,0.285086
56,9.5,0.021089,1.421366,0.284733
56,9.6,0.021082,1.421695,0.284405
56,9.7,0.021075,1.422001,0.284098
56,9.8,0.021069,1.422286,0.283813
56,9.9,0.021063,1.422552,0.283547
56,10.0,0.021058,1.422799,0.2833
57,0.0,0.026238,0.165184,2.840109
57,0.1,0.034393,0.197945,2.807348
57,0.2,0.041815,0.234167,2.771127
57,0.3,0.048426,0.274179,2.731114
57,0.4,0.05415,0.318316,2.686977
57,0.5,0.058916,0.366912,2.638381
57,0.6,0.062658,0.420299,2.584994
57,0.7,0.06532,0.478802,2.526492
57,0.8,0.066859,0.542727,2.462566
57,0.9,0.06725,0.612351,2.392943
57,1.0,0.066494,0.687895,2.317398
57,1.1,0.064624,0.769506,2.235787
57,1.2,0.061714,0.857219,2.148074
57,1.3,0.057885,0.950921,2.054372
57,1.4,0.053311,1.050309,1.954984
57,1.5,0.048216,1.154854,1.850439
57,1.6,0.042867,1.26377,1.741523
57,1.7,0.037547,1.376005,1.629288
57,1.8,0.032526,1.490257,1.515036
57,1.9,0.028022,1.605031,1.400262
57,2.0,0.02417,1.718724,1.286569
57,2.1,0.021015,1.829737,1.175556
57,2.2,0.018517,1.936591,1.068702
57,2.3,0.016588,2.03802,0.967273
57,2.4,0.015117,2.133038,0.872255
57,2.5,0.013996,2.220965,0.784328
57,2.6,0.013136,2.301421,0.703872
57,2.7,0.012468,2.374295,0.630998
57,2.8,0.011941,2.439701,0.565592
57,2.9,0.011519,2.49793,0.507363
57,3.0,0.011177,2.549396,0.455897
57,3.1,0.010898,2.594599,0.410695
57,3.2,0.010667,2.63408,0.371213
57,3.3,0.010476,2.668398,0.336895
57,3.4,0.010317,2.698103,0.30719
57,3.5,0.010185,2.723723,0.28157
57,3.6,0.010073,2.74575,0.259543
57,3.7,0.00998,2.764637,0.240656
57,3.8,0.009902,2.780795,0.224498
57,3.9,0.009837,2.794591,0.210702
57,4.0,0.009781,2.80635,0.198943
57,4.1,0.009735,2.816359,0.188934
57,4.2,0.009696,2.824868,0.180425
57,4.3,0.009663,2.832095,0.173199
57,4.4,0.009635,2.838226,0.167067
57,4.5,0.009612,2.843425,0.161868
57,4.6,0.009592,2.84783,0.157463
57,4.7,0.009575,2.85156,0.153733
57,4.8,0.009561,2.854718,0.150575
57,4.9,0.009549,2.85739,0.147903
57,5.0,0.009539,2.85965,0.145643
57,5.1,0.009531,2.861562,0.143731
57,5.2,0.009524,2.863178,0.142115
57,5.3,0.009518,2.864544,0.140749
57,5.4,0.009513,2.865698,0.139595
57,5.5,0.009508,2.866674,0.138619
57,5.6,0.009505,2.867498,0.137795
57,5.7,0.009502,2.868195,0.137099
57,5.8,0.009499,2.868783,0.13651
57,5.9,0.009497,2.86928,0.136013
57,6.0,0.009495,2.8697,0.135593
57,6.1,0.009494,2.870054,0.135239
57,6.2,0.009492,2.870354,0.134939
57,6.3,0.009491,2.870607,0.134686
57,6.4,0.00949,2.87082,0.134473
57,6.5,0.00949,2.871001,0.134293
57,6.6,0.009489,2.871153,0.13414
57,6.7,0.009488,2.871282,0.134012
57,6.8,0.009488,2.87139,0.133903
57,6.9,0.009487,2.871482,0.133811
57,7.0,0.009487,2.87156,0.133734
57,7.1,0.009487,2.871625,0.133668
57,7.2,0.009487,2.87168,0.133613
57,7.3,0.009486,2.871727,0.133566
57,7.4,0.009486,2.871766,0.133527
57,7.5,0.009486,2.871799,0.133494
57,7.6,0.009486,2.871828,0.133466
57,7.7,0.009486,2.871851,0.133442
57,7.8,0.009486,2.871871,0.133422
57,7.9,0.009486,2.871888,0.133405
57,8.0,0.009486,2.871902,0.133391
57,8.1,0.009486,2.871915,0.133379
57,8.2,0.009486,2.871925,0.133369
57,8.3,0.009485,2.871933,0.13336
57,8.4,0.009485,2.871941,0.133353
57,8.5,0.009485,2.871947,0.133347
57,8.6,0.009485,2.871952,0.133341
57,8.7,0.009485,2.871956,0.133337
57,8.8,0.009485,2.87196,0.133333
57,8.9,0.009485,2.871963,0.13333
57,9.0,0.009485,2.871966,0.133328
57,9.1,0.009485,2.871968,0.133325
57,9.2,0.009485,2.87197,0.133323
57,9.3,0.009485,2.871971,0.133322
57,9.4,0.009485,2.871973,0.133321
57,9.5,0.009485,2.871974,0.133319
57,9.6,0.009485,2.871975,0.133318
57,9.7,0.009485,2.871976,0.133318
57,9.8,0.009485,2.871976,0.133317
57,9.9,0.009485,2.871977,0.133316
57,10.0,0.009485,2.871977,0.133316
58,0.0,0.009066,0.07021,1.587743
58,0.1,0.018635,0.077847,1.580106
58,0.2,0.027902,0.085309,1.572643
58,0.3,0.036869,0.092584,1.565369
58,0.4,0.04554,0.099656,1.558296
58,0.5,0.053921,0.106511,1.551441
58,0.6,0.062018,0.113132,1.54482
58,0.7,0.069838,0.119505,1.538448
58,0.8,0.077391,0.125613,1.532339
58,0.9,0.084683,0.131444,1.526509
58,1.0,0.091725,0.136984,1.520968
58,1.1,0.098527,0.142224,1.515729
58,1.2,0.105097,0.147152,1.5108
58,1.3,0.111447,0.151761,1.506191
58,1.4,0.117587,0.156044,1.501908
58,1.5,0.123528,0.159997,1.497955
58,1.6,0.129282,0.163615,1.494337
58,1.7,0.134859,0.166897,1.491055
58,1.8,0.14027,0.169842,1.48811
58,1.9,0.145527,0.17245,1.485502
58,2.0,0.150642,0.174724,1.483229
58,2.1,0.155624,0.176665,1.481287
58,2.2,0.160485,0.178278,1.479674
58,2.3,0.165235,0.179568,1.478384
58,2.4,0.169886,0.18054,1.477412
58,2.5,0.174448,0.181201,1.476752
58,2.6,0.178931,0.181557,1.476396
58,2.7,0.183345,0.181616,1.476337
58,2.8,0.187699,0.181386,1.476567
58,2.9,0.192004,0.180876,1.477076
58,3.0,0.196268,0.180096,1.477857
58,3.1,0.2005,0.179054,1.478899
58,3.2,0.204708,0.177761,1.480192
58,3.3,0.208901,0.176227,1.481726
58,3.4,0.213087,0.174463,1.483489
58,3.5,0.217274,0.172481,1.485472
58,3.6,0.221468,0.170291,1.487662
58,3.7,0.225676,0.167906,1.490047
58,3.8,0.229905,0.165337,1.492615
58,3.9,0.234161,0.162599,1.495354
58,4.0,0.23845,0.159702,1.49825
58,4.1,0.242777,0.156661,1.501291
58,4.2,0.247147,0.15349,1.504463
58,4.3,0.251565,0.150201,1.507751
58,4.4,0.256035,0.14681,1.511143
58,4.5,0.26056,0.143329,1.514623
58,4.6,0.265144,0.139775,1.518178
58,4.7,0.26979,0.136161,1.521792
58,4.8,0.2745,0.132501,1.525451
58,4.9,0.279276,0.128811,1.529141
58,5.0,0.284119,0.125105,1.532847
58,5.1,0.289032,0.121397,1.536555
58,5.2,0.294014,0.117701,1.540251
58,5.3,0.299066,0.114031,1.543922
58,5.4,0.304187,0.110399,1.547554
58,5.5,0.309377,0.106818,1.551135
58,5.6,0.314634,0.103299,1.554653
58,5.7,0.319959,0.099854,1.558098
58,5.8,0.325348,0.096492,1.56146
58,5.9,0.3308,0.093222,1.56473
58,6.0,0.336313,0.090053,1.5679
58,6.1,0.341883,0.086989,1.570963
58,6.2,0.347509,0.084038,1.573914
58,6.3,0.353186,0.081204,1.576749
58,6.4,0.358913,0.078488,1.579464
58,6.5,0.364685,0.075895,1.582058
58,6.6,0.3705,0.073423,1.584529
58,6.7,0.376354,0.071074,1.586879
58,6.8,0.382243,0.068845,1.589107
58,6.9,0.388165,0.066736,1.591216
58,7.0,0.394115,0.064743,1.59321
58,7.1,0.400091,0.062862,1.59509
58,7.2,0.40609,0.06109,1.596862
58,7.3,0.412108,0.059422,1.59853
58,7.4,0.418142,0.057854,1.600099
58,7.5,0.42419,0.056379,1.601573
58,7.6,0.430249,0.054993,1.602959
58,7.7,0.436317,0.053692,1.604261
58,7.8,0.442391,0.052468,1.605484
58,7.9,0.448469,0.051318,1.606635
58,8.0,0.454549,0.050236,1.607717
58,8.1,0.460629,0.049217,1.608736
58,8.2,0.466707,0.048256,1.609696
58,8.3,0.472782,0.04735,1.610602
58,8.4,0.478852,0.046494,1.611458
58,8.5,0.484916,0.045685,1.612268
58,8.6,0.490973,0.044917,1.613035
58,8.7,0.497021,0.044189,1.613763
58,8.8,0.503059,0.043497,1.614455
58,8.9,0.509087,0.042838,1.615114
58,9.0,0.515103,0.04221,1.615743
58,9.1,0.521108,0.04161,1.616343
58,9.2,0.527099,0.041036,1.616917
58,9.3,0.533077,0.040486,1.617467
58,9.4,0.539041,0.039958,1.617994
58,9.5,0.54499,0.039451,1.618501
58,9.6,0.550924,0.038964,1.618989
58,9.7,0.556843,0.038494,1.619459
58,9.8,0.562745,0.038041,1.619912
58,9.9,0.568631,0.037603,1.620349
58,10.0,0.5745,0.03718,1.620772
59,0.0,0.049626,0.451255,2.37152
59,0.1,0.052863,0.508264,2.314511
59,0.2,0.055033,0.569788,2.252987
59,0.3,0.056135,0.635952,2.186823
59,0.4,0.056192,0.706832,2.115943
59,0.5,0.055251,0.782433,2.040342
59,0.6,0.053395,0.862671,1.960104
59,0.7,0.050739,0.947349,1.875426
59,0.8,0.047434,1.03613,1.786645
59,0.9,0.043662,1.128523,1.694252
59,1.0,0.039629,1.223866,1.598909
59,1.1,0.035547,1.321329,1.501446
59,1.2,0.031614,1.419931,1.402843
59,1.3,0.027992,1.518579,1.304196
59,1.4,0.024792,1.61612,1.206655
59,1.5,0.022066,1.711412,1.111363
59,1.6,0.019813,1.803391,1.019384
59,1.7,0.017992,1.89113,0.931645
59,1.8,0.016541,1.973884,0.848891
59,1.9,0.015392,2.051109,0.771666
59,2.0,0.01448,2.122465,0.70031
59,2.1,0.013754,2.187804,0.634971
59,2.2,0.013169,2.247142,0.575633
59,2.3,0.012694,2.300631,0.522144
59,2.4,0.012304,2.348528,0.474247
59,2.5,0.011981,2.391164,0.431611
59,2.6,0.011713,2.428918,0.393857
59,2.7,0.011488,2.462193,0.360582
59,2.8,0.011299,2.491402,0.331372
59,2.9,0.011139,2.516951,0.305824
59,3.0,0.011004,2.539227,0.283548
59,3.1,0.01089,2.558598,0.264177
59,3.2,0.010793,2.575402,0.247373
59,3.3,0.010711,2.58995,0.232824
59,3.4,0.01064,2.602523,0.220252
59,3.5,0.010581,2.613372,0.209403
59,3.6,0.01053,2.62272,0.200055
59,3.7,0.010486,2.630767,0.192008
59,3.8,0.010449,2.637687,0.185088
59,3.9,0.010418,2.643632,0.179143
59,4.0,0.010391,2.648736,0.174039
59,4.1,0.010368,2.653116,0.169659
59,4.2,0.010348,2.656872,0.165903
59,4.3,0.010332,2.660091,0.162684
59,4.4,0.010317,2.66285,0.159925
59,4.5,0.010305,2.665213,0.157562
59,4.6,0.010295,2.667236,0.155539
59,4.7,0.010286,2.668968,0.153807
59,4.8,0.010278,2.670451,0.152324
59,4.9,0.010272,2.67172,0.151055
59,5.0,0.010266,2.672805,0.149969
59,5.1,0.010261,2.673734,0.149041
59,5.2,0.010257,2.674529,0.148246
59,5.3,0.010254,2.675208,0.147567
59,5.4,0.010251,2.675789,0.146985
59,5.5,0.010248,2.676286,0.146488
59,5.6,0.010246,2.676711,0.146063
59,5.7,0.010244,2.677075,0.1457
59,5.8,0.010243,2.677386,0.145389
59,5.9,0.010241,2.677652,0.145123
59,6.0,0.01024,2.677879,0.144896
59,6.1,0.010239,2.678073,0.144702
59,6.2,0.010238,2.678239,0.144536
59,6.3,0.010238,2.678381,0.144394
59,6.4,0.010237,2.678503,0.144272
59,6.5,0.010236,2.678606,0.144169
59,6.6,0.010236,2.678695,0.14408
59,6.7,0.010236,2.678771,0.144004
59,6.8,0.010235,2.678836,0.143939
59,6.9,0.010235,2.678891,0.143884
59,7.0,0.010235,2.678939,0.143836
59,7.1,0.010235,2.678979,0.143796
59,7.2,0.010234,2.679014,0.143761
59,7.3,0.010234,2.679043,0.143731
59,7.4,0.010234,2.679069,0.143706
59,7.5,0.010234,2.67909,0.143685
59,7.6,0.010234,2.679109,0.143666
59,7.7,0.010234,2.679125,0.14365
59,7.8,0.010234,2.679138,0.143637
59,7.9,0.010234,2.67915,0.143625
59,8.0,0.010234,2.67916,0.143615
59,8.1,0.010234,2.679168,0.143607
59,8.2,0.010234,2.679175,0.1436
59,8.3,0.010234,2.679181,0.143593
59,8.4,0.010233,2.679187,0.143588
59,8.5,0.010233,2.679191,0.143584
59,8.6,0.010233,2.679195,0.14358
59,8.7,0.010233,2.679198,0.143576
59,8.8,0.010233,2.679201,0.143574
59,8.9,0.010233,2.679204,0.143571
59,9.0,0.010233,2.679206,0.143569
59,9.1,0.010233,2.679207,0.143567
59,9.2,0.010233,2.679209,0.143566
59,9.3,0.010233,2.67921,0.143565
59,9.4,0.010233,2.679211,0.143564
59,9.5,0.010233,2.679212,0.143563
59,9.6,0.010233,2.679213,0.143562
59,9.7,0.010233,2.679214,0.143561
59,9.8,0.010233,2.679214,0.143561
59,9.9,0.010233,2.679215,0.14356
59,10.0,0.010233,2.679215,0.14356
60,0.0,0.044649,0.452051,1.797146
60,0.1,0.04843,0.489382,1.759815
60,0.2,0.051399,0.528166,1.721031
60,0.3,0.053581,0.568409,1.680788
60,0.4,0.05501,0.61011,1.639087
60,0.5,0.055724,0.653265,1.595932
60,0.6,0.055768,0.697858,1.551339
60,0.7,0.055198,0.743859,1.505338
60,0.8,0.054074,0.791221,1.457976
60,0.9,0.052467,0.839873,1.409324
60,1.0,0.050455,0.889718,1.359479
60,1.1,0.048122,0.940626,1.308571
60,1.2,0.045556,0.992435,1.256762
60,1.3,0.042847,1.044944,1.204252
60,1.4,0.040081,1.097922,1.151275
60,1.5,0.03734,1.151101,1.098096
60,1.6,0.034693,1.204189,1.045007
60,1.7,0.032196,1.256878,0.992318
60,1.8,0.029893,1.30885,0.940347
60,1.9,0.027806,1.359791,0.889406
60,2.0,0.025948,1.409402,0.839795
60,2.1,0.024315,1.457411,0.791786
60,2.2,0.022895,1.503577,0.74562
60,2.3,0.02167,1.547702,0.701495
60,2.4,0.020619,1.589631,0.659566
60,2.5,0.019718,1.629253,0.619944
60,2.6,0.018947,1.666499,0.582698
60,2.7,0.018286,1.701342,0.547855
60,2.8,0.017718,1.733788,0.515409
60,2.9,0.017228,1.763877,0.48532
60,3.0,0.016804,1.791671,0.457526
60,3.1,0.016436,1.817256,0.431941
60,3.2,0.016115,1.840729,0.408468
60,3.3,0.015835,1.862201,0.386995
60,3.4,0.01559,1.881791,0.367406
60,3.5,0.015374,1.899619,0.349578
60,3.6,0.015184,1.915807,0.33339
60,3.7,0.015017,1.930477,0.31872
60,3.8,0.014869,1.943747,0.30545
60,3.9,0.014739,1.955731,0.293466
60,4.0,0.014623,1.966536,0.282661
60,4.1,0.014521,1.976267,0.27293
60,4.2,0.014431,1.98502,0.264177
60,4.3,0.01435,1.992883,0.256314
60,4.4,0.014279,1.999942,0.249255
60,4.5,0.014216,2.006271,0.242925
60,4.6,0.01416,2.011944,0.237253
60,4.7,0.01411,2.017023,0.232174
60,4.8,0.014066,2.021569,0.227628
60,4.9,0.014026,2.025635,0.223562
60,5.0,0.013991,2.02927,0.219927
60,5.1,0.01396,2.032518,0.216679
60,5.2,0.013933,2.035419,0.213778
60,5.3,0.013908,2.038009,0.211188
60,5.4,0.013886,2.040322,0.208875
60,5.5,0.013867,2.042385,0.206812
60,5.6,0.01385,2.044226,0.204971
60,5.7,0.013834,2.045868,0.203329
60,5.8,0.013821,2.047332,0.201865
60,5.9,0.013808,2.048637,0.20056
60,6.0,0.013798,2.049801,0.199396
60,6.1,0.013788,2.050838,0.198359
60,6.2,0.013779,2.051762,0.197434
60,6.3,0.013772,2.052586,0.196611
60,6.4,0.013765,2.05332,0.195877
60,6.5,0.013759,2.053974,0.195223
60,6.6,0.013753,2.054557,0.19464
60,6.7,0.013749,2.055076,0.194121
60,6.8,0.013744,2.055538,0.193659
60,6.9,0.013741,2.055949,0.193247
60,7.0,0.013737,2.056316,0.192881
60,7.1,0.013734,2.056643,0.192554
60,7.2,0.013732,2.056934,0.192263
60,7.3,0.013729,2.057193,0.192004
60,7.4,0.013727,2.057423,0.191774
60,7.5,0.013725,2.057629,0.191568
60,7.6,0.013723,2.057812,0.191385
60,7.7,0.013722,2.057974,0.191223
60,7.8,0.013721,2.058119,0.191078
60,7.9,0.013719,2.058248,0.190948
60,8.0,0.013718,2.058363,0.190833
60,8.1,0.013717,2.058466,0.190731
60,8.2,0.013717,2.058557,0.19064
60,8.3,0.013716,2.058638,0.190559
60,8.4,0.013715,2.05871,0.190487
60,8.5,0.013715,2.058775,0.190422
60,8.6,0.013714,2.058832,0.190365
60,8.7,0.013714,2.058883,0.190314
60,8.8,0.013713,2.058928,0.190269
60,8.9,0.013713,2.058969,0.190228
60,9.0,0.013712,2.059005,0.190192
60,9.1,0.013712,2.059037,0.19016
60,9.2,0.013712,2.059065,0.190132
60,9.3,0.013712,2.059091,0.190106
60,9.4,0.013712,2.059113,0.190084
60,9.5,0.013711,2.059133,0.190063
60,9.6,0.013711,2.059151,0.190045
60,9.7,0.013711,2.059167,0.19003
60,9.8,0.013711,2.059182,0.190015
60,9.9,0.013711,2.059194,0.190003
60,10.0,0.013711,2.059205,0.189991
61,0.0,0.016481,0.397406,2.154153
61,0.1,0.023556,0.445047,2.106512
61,0.2,0.029467,0.495713,2.055846
61,0.3,0.034246,0.54942,2.002139
61,0.4,0.037925,0.606158,1.9454
61,0.5,0.040549,0.665893,1.885666
61,0.6,0.042172,0.728553,1.823006
61,0.7,0.042865,0.794026,1.757533
61,0.8,0.042716,0.862148,1.689411
61,0.9,0.041832,0.932695,1.618864
61,1.0,0.040334,1.005374,1.546185
61,1.1,0.038359,1.079818,1.47174
61,1.2,0.036049,1.155586,1.395972
61,1.3,0.033549,1.232163,1.319396
61,1.4,0.030993,1.30897,1.242588
61,1.5,0.028498,1.385387,1.166171
61,1.6,0.026154,1.460771,1.090787
61,1.7,0.024024,1.534486,1.017073
61,1.8,0.022141,1.60593,0.945629
61,1.9,0.020513,1.674566,0.876993
61,2.0,0.019128,1.739938,0.81162
61,2.1,0.017963,1.801688,0.74987
61,2.2,0.01699,1.859561,0.691998
61,2.3,0.016179,1.913401,0.638158
61,2.4,0.015503,1.963149,0.58841
61,2.5,0.014937,2.008827,0.542732
61,2.6,0.014462,2.050528,0.50103
61,2.7,0.014061,2.088401,0.463158
61,2.8,0.013721,2.122634,0.428925
61,2.9,0.013432,2.153445,0.398113
61,3.0,0.013185,2.181072,0.370487
61,3.1,0.012973,2.205758,0.345801
61,3.2,0.01279,2.22775,0.323809
61,3.3,0.012633,2.247289,0.30427
61,3.4,0.012498,2.264607,0.286952
61,3.5,0.012381,2.279923,0.271636
61,3.6,0.012279,2.293444,0.258115
61,3.7,0.012192,2.30536,0.246199
61,3.8,0.012115,2.315846,0.235712
61,3.9,0.012049,2.325063,0.226496
61,4.0,0.011992,2.333154,0.218404
61,4.1,0.011942,2.340251,0.211308
61,4.2,0.011899,2.346469,0.20509
61,4.3,0.011862,2.351914,0.199645
61,4.4,0.011829,2.356679,0.19488
61,4.5,0.011801,2.360845,0.190713
61,4.6,0.011776,2.364487,0.187071
61,4.7,0.011754,2.367669,0.18389
61,4.8,0.011736,2.370448,0.181111
61,4.9,0.011719,2.372874,0.178684
61,5.0,0.011705,2.374992,0.176567
61,5.1,0.011693,2.37684,0.174719
61,5.2,0.011682,2.378451,0.173107
61,5.3,0.011673,2.379857,0.171701
61,5.4,0.011665,2.381083,0.170475
61,5.5,0.011658,2.382152,0.169407
61,5.6,0.011651,2.383084,0.168475
61,5.7,0.011646,2.383897,0.167662
61,5.8,0.011641,2.384605,0.166954
61,5.9,0.011637,2.385222,0.166337
61,6.0,0.011634,2.385759,0.165799
61,6.1,0.011631,2.386228,0.165331
61,6.2,0.011628,2.386637,0.164922
61,6.3,0.011626,2.386992,0.164566
61,6.4,0.011624,2.387302,0.164256
61,6.5,0.011622,2.387572,0.163986
61,6.6,0.01162,2.387808,0.163751
61,6.7,0.011619,2.388013,0.163546
61,6.8,0.011618,2.388191,0.163367
61,6.9,0.011617,2.388347,0.163212
61,7.0,0.011616,2.388483,0.163076
61,7.1,0.011615,2.388601,0.162958
61,7.2,0.011614,2.388703,0.162855
61,7.3,0.011614,2.388793,0.162766
61,7.4,0.011613,2.388871,0.162688
61,7.5,0.011613,2.388939,0.16262
61,7.6,0.011612,2.388998,0.16256
61,7.7,0.011612,2.38905,0.162509
61,7.8,0.011612,2.389095,0.162464
61,7.9,0.011612,2.389134,0.162425
61,8.0,0.011611,2.389168,0.162391
61,8.1,0.011611,2.389198,0.162361
61,8.2,0.011611,2.389224,0.162335
61,8.3,0.011611,2.389246,0.162313
61,8.4,0.011611,2.389266,0.162293
61,8.5,0.011611,2.389283,0.162276
61,8.6,0.01161,2.389298,0.162261
61,8.7,0.01161,2.389311,0.162248
61,8.8,0.01161,2.389322,0.162237
61,8.9,0.01161,2.389332,0.162227
61,9.0,0.01161,2.389341,0.162218
61,9.1,0.01161,2.389348,0.162211
61,9.2,0.01161,2.389354,0.162204
61,9.3,0.01161,2.38936,0.162199
61,9.4,0.01161,2.389365,0.162194
61,9.5,0.01161,2.389369,0.162189
61,9.6,0.01161,2.389373,0.162186
61,9.7,0.01161,2.389376,0.162182
61,9.8,0.01161,2.389379,0.16218
61,9.9,0.01161,2.389382,0.162177
61,10.0,0.01161,2.389384,0.162175
62,0.0,0.019309,0.09251,2.366974
62,0.1,0.028407,0.110003,2.349481
62,0.2,0.037065,0.128436,2.331048
62,0.3,0.045246,0.14788,2.311604
62,0.4,0.052917,0.168401,2.291083
62,0.5,0.060045,0.19006,2.269424
62,0.6,0.066602,0.212918,2.246566
62,0.7,0.072561,0.237033,2.222451
62,0.8,0.077895,0.262467,2.197017
62,0.9,0.08258,0.289284,2.1702
62,1.0,0.086595,0.317553,2.141931
62,1.1,0.089918,0.347348,2.112136
62,1.2,0.092534,0.37875,2.080734
62,1.3,0.094426,0.411845,2.047639
62,1.4,0.095585,0.446728,2.012756
62,1.5,0.096003,0.483498,1.975986
62,1.6,0.09568,0.522259,1.937225
62,1.7,0.09462,0.563116,1.896368
62,1.8,0.092838,0.606174,1.85331
62,1.9,0.090355,0.651529,1.807955
62,2.0,0.087207,0.699269,1.760215
62,2.1,0.083442,0.749457,1.710027
62,2.2,0.079124,0.802131,1.657353
62,2.3,0.074335,0.857287,1.602197
62,2.4,0.069174,0.914871,1.544613
62,2.5,0.063759,0.974767,1.484717
62,2.6,0.058221,1.036784,1.4227
62,2.7,0.052704,1.100652,1.358832
62,2.8,0.047351,1.166014,1.29347
62,2.9,0.042297,1.232431,1.227053
62,3.0,0.037655,1.29939,1.160094
62,3.1,0.033506,1.366326,1.093158
62,3.2,0.029895,1.432646,1.026838
62,3.3,0.026825,1.497757,0.961727
62,3.4,0.024269,1.5611,0.898384
62,3.5,0.022173,1.622171,0.837313
62,3.6,0.020472,1.680546,0.778938
62,3.7,0.019099,1.735891,0.723593
62,3.8,0.017991,1.787962,0.671522
62,3.9,0.017093,1.836608,0.622876
62,4.0,0.016359,1.881759,0.577725
62,4.1,0.015754,1.923418,0.536066
62,4.2,0.015251,1.961648,0.497836
62,4.3,0.014829,1.996558,0.462926
62,4.4,0.014472,2.028297,0.431187
62,4.5,0.014167,2.057036,0.402448
62,4.6,0.013906,2.082967,0.376518
62,4.7,0.013682,2.106287,0.353197
62,4.8,0.013488,2.127199,0.332285
62,4.9,0.01332,2.145903,0.313581
62,5.0,0.013175,2.162594,0.29689
62,5.1,0.013048,2.177457,0.282027
62,5.2,0.012938,2.19067,0.268814
62,5.3,0.012842,2.202395,0.257089
62,5.4,0.012758,2.212786,0.246699
62,5.5,0.012685,2.221982,0.237502
62,5.6,0.012621,2.230112,0.229372
62,5.7,0.012565,2.237292,0.222192
62,5.8,0.012516,2.243627,0.215857
62,5.9,0.012473,2.249213,0.210271
62,6.0,0.012436,2.254135,0.205349
62,6.1,0.012403,2.25847,0.201014
62,6.2,0.012375,2.262284,0.1972
62,6.3,0.01235,2.26564,0.193844
62,6.4,0.012328,2.268591,0.190894
62,6.5,0.012308,2.271184,0.1883
62,6.6,0.012292,2.273463,0.186021
62,6.7,0.012277,2.275466,0.184018
62,6.8,0.012264,2.277224,0.18226
62,6.9,0.012253,2.278768,0.180716
62,7.0,0.012243,2.280124,0.17936
62,7.1,0.012234,2.281314,0.17817
62,7.2,0.012226,2.282358,0.177126
62,7.3,0.01222,2.283275,0.176209
62,7.4,0.012214,2.284079,0.175405
62,7.5,0.012209,2.284785,0.174699
62,7.6,0.012204,2.285403,0.174081
62,7.7,0.0122,2.285946,0.173538
62,7.8,0.012197,2.286423,0.173061
62,7.9,0.012194,2.28684,0.172644
62,8.0,0.012191,2.287207,0.172277
62,8.1,0.012189,2.287528,0.171956
62,8.2,0.012187,2.28781,0.171674
62,8.3,0.012185,2.288057,0.171427
62,8.4,0.012183,2.288274,0.17121
62,8.5,0.012182,2.288464,0.17102
62,8.6,0.012181,2.28863,0.170854
62,8.7,0.01218,2.288776,0.170708
62,8.8,0.012179,2.288904,0.17058
62,8.9,0.012178,2.289017,0.170467
62,9.0,0.012177,2.289115,0.170369
62,9.1,0.012177,2.289202,0.170282
62,9.2,0.012176,2.289277,0.170207
62,9.3,0.012176,2.289344,0.17014
62,9.4,0.012175,2.289402,0.170082
62,9.5,0.012175,2.289453,0.170031
62,9.6,0.012175,2.289498,0.169986
62,9.7,0.012174,2.289537,0.169947
62,9.8,0.012174,2.289571,0.169913
62,9.9,0.012174,2.289602,0.169882
62,10.0,0.012174,2.289628,0.169856
63,0.0,0.013861,0.471566,1.102426
63,0.1,0.020912,0.490412,1.08358
63,0.2,0.026925,0.508583,1.06541
63,0.3,0.032056,0.52613,1.047863
63,0.4,0.036423,0.543104,1.030889
63,0.5,0.04012,0.559554,1.014438
63,0.6,0.043228,0.575528,0.998465
63,0.7,0.045813,0.59107,0.982922
63,0.8,0.047931,0.606226,0.967767
63,0.9,0.049635,0.621036,0.952957
63,1.0,0.050969,0.63554,0.938452
63,1.1,0.051973,0.649776,0.924217
63,1.2,0.052684,0.663776,0.910216
63,1.3,0.053134,0.677573,0.896419
63,1.4,0.053354,0.691194,0.882798
63,1.5,0.053371,0.704665,0.869328
63,1.6,0.053211,0.718005,0.855987
63,1.7,0.052897,0.731234,0.842758
63,1.8,0.05245,0.744367,0.829625
63,1.9,0.051891,0.757416,0.816576
63,2.0,0.051237,0.770389,0.803603
63,2.1,0.050504,0.783293,0.790699
63,2.2,0.049709,0.79613,0.777863
63,2.3,0.048864,0.8089,0.765092
63,2.4,0.047983,0.821603,0.75239
63,2.5,0.047076,0.834232,0.73976
63,2.6,0.046153,0.846783,0.727209
63,2.7,0.045225,0.859247,0.714745
63,2.8,0.044297,0.871615,0.702378
63,2.9,0.043378,0.883875,0.690117
63,3.0,0.042472,0.896016,0.677976
63,3.1,0.041586,0.908026,0.665967
63,3.2,0.040722,0.919891,0.654101
63,3.3,0.039884,0.931599,0.642394
63,3.4,0.039074,0.943135,0.630857
63,3.5,0.038295,0.954488,0.619504
63,3.6,0.037547,0.965645,0.608348
63,3.7,0.036832,0.976593,0.5974
63,3.8,0.036149,0.987321,0.586671
63,3.9,0.035499,0.99782,0.576172
63,4.0,0.034881,1.008079,0.565913
63,4.1,0.034294,1.01809,0.555902
63,4.2,0.033739,1.027846,0.546146
63,4.3,0.033213,1.037341,0.536651
63,4.4,0.032716,1.046569,0.527423
63,4.5,0.032246,1.055526,0.518466
63,4.6,0.031803,1.06421,0.509782
63,4.7,0.031385,1.072619,0.501373
63,4.8,0.030991,1.080752,0.493241
63,4.9,0.030619,1.088608,0.485384
63,5.0,0.030269,1.09619,0.477802
63,5.1,0.029939,1.103499,0.470494
63,5.2,0.029629,1.110537,0.463455
63,5.3,0.029336,1.117308,0.456684
63,5.4,0.029061,1.123817,0.450175
63,5.5,0.028801,1.130067,0.443925
63,5.6,0.028557,1.136064,0.437928
63,5.7,0.028327,1.141814,0.432179
63,5.8,0.02811,1.147321,0.426671
63,5.9,0.027906,1.152593,0.421399
63,6.0,0.027713,1.157636,0.416356
63,6.1,0.027532,1.162456,0.411536
63,6.2,0.027361,1.167061,0.406931
63,6.3,0.0272,1.171457,0.402535
63,6.4,0.027049,1.175651,0.398341
63,6.5,0.026906,1.17965,0.394342
63,6.6,0.026771,1.183462,0.39053
63,6.7,0.026644,1.187093,0.3869
63,6.8,0.026525,1.19055,0.383443
63,6.9,0.026412,1.193839,0.380153
63,7.0,0.026306,1.196969,0.377024
63,7.1,0.026205,1.199944,0.374048
63,7.2,0.026111,1.202772,0.37122
63,7.3,0.026022,1.205459,0.368533
63,7.4,0.025938,1.208012,0.365981
63,7.5,0.025858,1.210435,0.363558
63,7.6,0.025784,1.212734,0.361258
63,7.7,0.025713,1.214917,0.359076
63,7.8,0.025647,1.216987,0.357006
63,7.9,0.025584,1.21895,0.355042
63,8.0,0.025525,1.220811,0.353181
63,8.1,0.025469,1.222575,0.351417
63,8.2,0.025416,1.224247,0.349746
63,8.3,0.025367,1.225831,0.348162
63,8.4,0.02532,1.227331,0.346661
63,8.5,0.025276,1.228752,0.345241
63,8.6,0.025234,1.230097,0.343895
63,8.7,0.025195,1.23137,0.342622
63,8.8,0.025158,1.232576,0.341416
63,8.9,0.025123,1.233717,0.340276
63,9.0,0.025089,1.234796,0.339196
63,9.1,0.025058,1.235818,0.338175
63,9.2,0.025029,1.236784,0.337209
63,9.3,0.025001,1.237698,0.336295
63,9.4,0.024975,1.238562,0.33543
63,9.5,0.02495,1.239379,0.334613
63,9.6,0.024927,1.240152,0.33384
63,9.7,0.024905,1.240883,0.33311
63,9.8,0.024884,1.241573,0.332419
63,9.9,0.024865,1.242226,0.331766
63,10.0,0.024846,1.242844,0.331149
64,0.0,0.007015,0.424001,0.883211
64,0.1,0.015231,0.434079,0.873133
64,0.2,0.022354,0.443163,0.864049
64,0.3,0.028588,0.451343,0.855869
64,0.4,0.034083,0.458699,0.848513
64,0.5,0.038952,0.465302,0.841909
64,0.6,0.043285,0.471218,0.835994
64,0.7,0.047153,0.476504,0.830707
64,0.8,0.050617,0.481216,0.825995
64,0.9,0.053725,0.485403,0.821808
64,1.0,0.056521,0.489111,0.8181
64,1.1,0.059041,0.492382,0.81483
64,1.2,0.061317,0.495253,0.811958
64,1.3,0.063377,0.497761,0.809451
64,1.4,0.065244,0.499936,0.807275
64,1.5,0.06694,0.50181,0.805402
64,1.6,0.068483,0.503407,0.803805
64,1.7,0.069891,0.504753,0.802459
64,1.8,0.071177,0.505869,0.801343
64,1.9,0.072355,0.506776,0.800436
64,2.0,0.073437,0.507491,0.79972
64,2.1,0.074434,0.508032,0.799179
64,2.2,0.075353,0.508413,0.798799
64,2.3,0.076205,0.508647,0.798565
64,2.4,0.076995,0.508747,0.798465
64,2.5,0.077732,0.508723,0.798489
64,2.6,0.07842,0.508585,0.798626
64,2.7,0.079066,0.508343,0.798868
64,2.8,0.079675,0.508004,0.799208
64,2.9,0.08025,0.507575,0.799637
64,3.0,0.080795,0.507062,0.800149
64,3.1,0.081315,0.506472,0.800739
64,3.2,0.081812,0.505809,0.801402
64,3.3,0.082289,0.505079,0.802133
64,3.4,0.08275,0.504284,0.802928
64,3.5,0.083195,0.503428,0.803783
64,3.6,0.083628,0.502516,0.804696
64,3.7,0.084051,0.501548,0.805663
64,3.8,0.084465,0.500529,0.806683
64,3.9,0.084872,0.499459,0.807752
64,4.0,0.085273,0.498342,0.80887
64,4.1,0.08567,0.497178,0.810034
64,4.2,0.086065,0.495969,0.811243
64,4.3,0.086457,0.494715,0.812496
64,4.4,0.086849,0.493419,0.813793
64,4.5,0.087241,0.49208,0.815131
64,4.6,0.087635,0.4907,0.816512
64,4.7,0.088031,0.489278,0.817934
64,4.8,0.08843,0.487815,0.819396
64,4.9,0.088832,0.486311,0.8209
64,5.0,0.08924,0.484767,0.822444
64,5.1,0.089652,0.483182,0.824029
64,5.2,0.09007,0.481556,0.825655
64,5.3,0.090496,0.479889,0.827323
64,5.4,0.090928,0.47818,0.829031
64,5.5,0.091368,0.47643,0.830782
64,5.6,0.091817,0.474637,0.832574
64,5.7,0.092275,0.472801,0.83441
64,5.8,0.092742,0.470922,0.83629
64,5.9,0.09322,0.468998,0.838213
64,6.0,0.093708,0.467029,0.840182
64,6.1,0.094209,0.465015,0.842197
64,6.2,0.094721,0.462953,0.844258
64,6.3,0.095245,0.460844,0.846367
64,6.4,0.095784,0.458687,0.848525
64,6.5,0.096336,0.456479,0.850733
64,6.6,0.096902,0.45422,0.852991
64,6.7,0.097484,0.45191,0.855302
64,6.8,0.098081,0.449546,0.857666
64,6.9,0.098696,0.447127,0.860085
64,7.0,0.099327,0.444652,0.862559
64,7.1,0.099976,0.44212,0.865091
64,7.2,0.100645,0.43953,0.867682
64,7.3,0.101333,0.436879,0.870333
64,7.4,0.102041,0.434166,0.873045
64,7.5,0.10277,0.43139,0.875821
64,7.6,0.103522,0.428549,0.878662
64,7.7,0.104297,0.425642,0.88157
64,7.8,0.105096,0.422666,0.884546
64,7.9,0.10592,0.41962,0.887592
64,8.0,0.10677,0.416502,0.89071
64,8.1,0.107647,0.41331,0.893902
64,8.2,0.108552,0.410042,0.897169
64,8.3,0.109487,0.406697,0.900514
64,8.4,0.110453,0.403273,0.903939
64,8.5,0.111451,0.399766,0.907445
64,8.6,0.112483,0.396177,0.911035
64,8.7,0.113549,0.392502,0.91471
64,8.8,0.114651,0.388739,0.918473
64,8.9,0.115792,0.384886,0.922326
64,9.0,0.116972,0.380941,0.92627
64,9.1,0.118193,0.376903,0.930308
64,9.2,0.119457,0.372769,0.934443
64,9.3,0.120766,0.368537,0.938675
64,9.4,0.122122,0.364204,0.943007
64,9.5,0.123527,0.35977,0.947441
64,9.6,0.124982,0.355232,0.951979
64,9.7,0.126491,0.350588,0.956623
64,9.8,0.128054,0.345837,0.961374
64,9.9,0.129676,0.340977,0.966235
64,10.0,0.131357,0.336006,0.971206
65,0.0,0.009784,0.319722,2.686405
65,0.1,0.018008,0.373766,2.632362
65,0.2,0.025027,0.433412,2.572715
65,0.3,0.030805,0.49894,2.507187
65,0.4,0.035312,0.570574,2.435554
65,0.5,0.03854,0.648465,2.357662
65,0.6,0.040506,0.732669,2.273458
65,0.7,0.041261,0.823119,2.183008
65,0.8,0.040898,0.919593,2.086535
65,0.9,0.039552,1.02168,1.984447
65,1.0,0.037404,1.12876,1.877368
65,1.1,0.034673,1.239975,1.766152
65,1.2,0.031599,1.354237,1.65189
65,1.3,0.02842,1.470245,1.535883
65,1.4,0.025348,1.586538,1.41959
65,1.5,0.022543,1.701571,1.304556
65,1.6,0.020102,1.813812,1.192315
65,1.7,0.018057,1.921838,1.084289
65,1.8,0.016393,2.024423,0.981704
65,1.9,0.015064,2.1206,0.885527
65,2.0,0.014012,2.209688,0.796439
65,2.1,0.01318,2.291296,0.714832
65,2.2,0.012519,2.365294,0.640834
65,2.3,0.01199,2.431779,0.574349
65,2.4,0.011562,2.491024,0.515103
65,2.5,0.011214,2.543435,0.462693
65,2.6,0.010928,2.589502,0.416626
65,2.7,0.010692,2.629765,0.376363
65,2.8,0.010497,2.664783,0.341345
65,2.9,0.010334,2.695108,0.311019
65,3.0,0.010198,2.721274,0.284853
65,3.1,0.010084,2.743778,0.262349
65,3.2,0.009989,2.76308,0.243047
65,3.3,0.009909,2.779597,0.22653
65,3.4,0.009842,2.793702,0.212425
65,3.5,0.009785,2.805727,0.2004
65,3.6,0.009737,2.815964,0.190164
65,3.7,0.009697,2.824667,0.181461
65,3.8,0.009664,2.832058,0.174069
65,3.9,0.009635,2.83833,0.167797
65,4.0,0.009611,2.843649,0.162479
65,4.1,0.009591,2.848155,0.157973
65,4.2,0.009574,2.851971,0.154156
65,4.3,0.00956,2.855202,0.150926
65,4.4,0.009548,2.857935,0.148192
65,4.5,0.009537,2.860247,0.14588
65,4.6,0.009529,2.862203,0.143925
65,4.7,0.009522,2.863856,0.142271
65,4.8,0.009515,2.865253,0.140874
65,4.9,0.00951,2.866434,0.139693
65,5.0,0.009506,2.867432,0.138695
65,5.1,0.009502,2.868275,0.137852
65,5.2,0.009499,2.868987,0.13714
65,5.3,0.009496,2.869589,0.136538
65,5.4,0.009494,2.870097,0.13603
65,5.5,0.009492,2.870527,0.135601
65,5.6,0.009491,2.870889,0.135238
65,5.7,0.009489,2.871195,0.134932
65,5.8,0.009488,2.871454,0.134673
65,5.9,0.009487,2.871672,0.134455
65,6.0,0.009486,2.871857,0.134271
65,6.1,0.009486,2.872012,0.134115
65,6.2,0.009485,2.872144,0.133983
65,6.3,0.009485,2.872255,0.133872
65,6.4,0.009484,2.872349,0.133779
65,6.5,0.009484,2.872428,0.133699
65,6.6,0.009484,2.872495,0.133633
65,6.7,0.009483,2.872551,0.133576
65,6.8,0.009483,2.872599,0.133528
65,6.9,0.009483,2.872639,0.133488
65,7.0,0.009483,2.872673,0.133454
65,7.1,0.009483,2.872702,0.133426
65,7.2,0.009483,2.872726,0.133401
65,7.3,0.009483,2.872747,0.133381
65,7.4,0.009483,2.872764,0.133364
65,7.5,0.009482,2.872778,0.133349
65,7.6,0.009482,2.872791,0.133337
65,7.7,0.009482,2.872801,0.133326
65,7.8,0.009482,2.87281,0.133317
65,7.9,0.009482,2.872817,0.13331
65,8.0,0.009482,2.872824,0.133304
65,8.1,0.009482,2.872829,0.133299
65,8.2,0.009482,2.872833,0.133294
65,8.3,0.009482,2.872837,0.13329
65,8.4,0.009482,2.87284,0.133287
65,8.5,0.009482,2.872843,0.133284
65,8.6,0.009482,2.872845,0.133282
65,8.7,0.009482,2.872847,0.13328
65,8.8,0.009482,2.872849,0.133279
65,8.9,0.009482,2.87285,0.133277
65,9.0,0.009482,2.872851,0.133276
65,9.1,0.009482,2.872852,0.133275
65,9.2,0.009482,2.872853,0.133274
65,9.3,0.009482,2.872854,0.133274
65,9.4,0.009482,2.872854,0.133273
65,9.5,0.009482,2.872855,0.133273
65,9.6,0.009482,2.872855,0.133272
65,9.7,0.009482,2.872856,0.133272
65,9.8,0.009482,2.872856,0.133271
65,9.9,0.009482,2.872856,0.133271
65,10.0,0.009482,2.872856,0.133271
66,0.0,0.010625,0.189646,2.443512
66,0.1,0.019474,0.21945,2.413708
66,0.2,0.027556,0.25168,2.381478
66,0.3,0.034836,0.286474,2.346684
66,0.4,0.041275,0.323966,2.309192
66,0.5,0.04684,0.364284,2.268873
66,0.6,0.051501,0.407555,2.225603
66,0.7,0.055235,0.453896,2.179262
66,0.8,0.058025,0.503417,2.129741
66,0.9,0.059867,0.556216,2.076942
66,1.0,0.060768,0.612373,2.020785
66,1.1,0.060753,0.67194,1.961217
66,1.2,0.059863,0.734934,1.898224
66,1.3,0.058163,0.80132,1.831838
66,1.4,0.05574,0.871003,1.762155
66,1.5,0.052708,0.943806,1.689352
66,1.6,0.049201,1.019463,1.613695
66,1.7,0.045376,1.0976,1.535557
66,1.8,0.041397,1.177737,1.455421
66,1.9,0.037431,1.259279,1.373879
66,2.0,0.033631,1.341539,1.291619
66,2.1,0.03012,1.423753,1.209405
66,2.2,0.026986,1.505118,1.128039
66,2.3,0.02427,1.584834,1.048324
66,2.4,0.021977,1.662141,0.971017
66,2.5,0.020079,1.736364,0.896794
66,2.6,0.018531,1.806936,0.826222
66,2.7,0.017276,1.873419,0.759738
66,2.8,0.016262,1.935512,0.697646
66,2.9,0.01544,1.993038,0.640119
66,3.0,0.01477,2.045944,0.587214
66,3.1,0.014219,2.094272,0.538885
66,3.2,0.013763,2.138152,0.495006
66,3.3,0.013382,2.177773,0.455385
66,3.4,0.013062,2.213373,0.419785
66,3.5,0.012791,2.245219,0.387939
66,3.6,0.012562,2.273594,0.359563
66,3.7,0.012366,2.29879,0.334368
66,3.8,0.012198,2.321092,0.312066
66,3.9,0.012055,2.340779,0.292378
66,4.0,0.011931,2.358116,0.275041
66,4.1,0.011825,2.373352,0.259806
66,4.2,0.011734,2.386715,0.246443
66,4.3,0.011655,2.398416,0.234741
66,4.4,0.011588,2.408649,0.224509
66,4.5,0.011529,2.417585,0.215573
66,4.6,0.011479,2.425381,0.207777
66,4.7,0.011435,2.432176,0.200982
66,4.8,0.011397,2.438093,0.195065
66,4.9,0.011365,2.443242,0.189916
66,5.0,0.011337,2.44772,0.185438
66,5.1,0.011312,2.451612,0.181546
66,5.2,0.011291,2.454993,0.178165
66,5.3,0.011273,2.45793,0.175228
66,5.4,0.011257,2.460479,0.172679
66,5.5,0.011244,2.462691,0.170467
66,5.6,0.011232,2.46461,0.168548
66,5.7,0.011222,2.466275,0.166883
66,5.8,0.011213,2.467719,0.165439
66,5.9,0.011205,2.46897,0.164187
66,6.0,0.011199,2.470056,0.163102
66,6.1,0.011193,2.470996,0.162161
66,6.2,0.011188,2.471812,0.161346
66,6.3,0.011184,2.472518,0.160639
66,6.4,0.01118,2.473131,0.160027
66,6.5,0.011177,2.473661,0.159497
66,6.6,0.011174,2.474121,0.159037
66,6.7,0.011171,2.474519,0.158639
66,6.8,0.011169,2.474864,0.158294
66,6.9,0.011167,2.475163,0.157995
66,7.0,0.011166,2.475422,0.157736
66,7.1,0.011165,2.475646,0.157511
66,7.2,0.011163,2.475841,0.157317
66,7.3,0.011162,2.476009,0.157149
66,7.4,0.011161,2.476155,0.157003
66,7.5,0.011161,2.476281,0.156877
66,7.6,0.01116,2.47639,0.156767
66,7.7,0.011159,2.476485,0.156673
66,7.8,0.011159,2.476567,0.156591
66,7.9,0.011159,2.476638,0.15652
66,8.0,0.011158,2.4767,0.156458
66,8.1,0.011158,2.476753,0.156405
66,8.2,0.011158,2.476799,0.156359
66,8.3,0.011157,2.476839,0.156319
66,8.4,0.011157,2.476874,0.156284
66,8.5,0.011157,2.476904,0.156254
66,8.6,0.011157,2.47693,0.156228
66,8.7,0.011157,2.476952,0.156205
66,8.8,0.011157,2.476972,0.156186
66,8.9,0.011156,2.476989,0.156169
66,9.0,0.011156,2.477003,0.156154
66,9.1,0.011156,2.477016,0.156142
66,9.2,0.011156,2.477027,0.156131
66,9.3,0.011156,2.477036,0.156121
66,9.4,0.011156,2.477045,0.156113
66,9.5,0.011156,2.477052,0.156106
66,9.6,0.011156,2.477058,0.1561
66,9.7,0.011156,2.477063,0.156094
66,9.8,0.011156,2.477068,0.15609
66,9.9,0.011156,2.477072,0.156086
66,10.0,0.011156,2.477075,0.156082
67,0.0,0.048619,0.275334,0.859744
67,0.1,0.054613,0.275056,0.860022
67,0.2,0.060316,0.274217,0.86086
67,0.3,0.065769,0.272849,0.862228
67,0.4,0.071009,0.270979,0.864098
67,0.5,0.076067,0.268636,0.866442
67,0.6,0.080972,0.265845,0.869232
67,0.7,0.08575,0.262633,0.872445
67,0.8,0.090423,0.259023,0.876054
67,0.9,0.095013,0.255039,0.880038
67,1.0,0.099538,0.250705,0.884372
67,1.1,0.104018,0.246041,0.889036
67,1.2,0.108468,0.241071,0.894006
67,1.3,0.112904,0.235815,0.899263
67,1.4,0.117339,0.230294,0.904784
67,1.5,0.121788,0.224529,0.910548
67,1.6,0.126262,0.218541,0.916536
67,1.7,0.130773,0.212352,0.922725
67,1.8,0.135331,0.205982,0.929095
67,1.9,0.139946,0.199454,0.935623
67,2.0,0.144628,0.19279,0.942287
67,2.1,0.149384,0.186013,0.949064
67,2.2,0.154222,0.179146,0.955931
67,2.3,0.15915,0.172213,0.962864
67,2.4,0.164172,0.165239,0.969838
67,2.5,0.169294,0.15825,0.976827
67,2.6,0.174522,0.151272,0.983805
67,2.7,0.179857,0.14433,0.990747
67,2.8,0.185303,0.137452,0.997625
67,2.9,0.190862,0.130664,1.004413
67,3.0,0.196535,0.123993,1.011084
67,3.1,0.202323,0.117465,1.017612
67,3.2,0.208223,0.111105,1.023972
67,3.3,0.214235,0.104937,1.030141
67,3.4,0.220356,0.098983,1.036095
67,3.5,0.226583,0.093263,1.041815
67,3.6,0.232913,0.087795,1.047282
67,3.7,0.239339,0.082595,1.052482
67,3.8,0.245857,0.077674,1.057403
67,3.9,0.252461,0.073041,1.062036
67,4.0,0.259145,0.068701,1.066376
67,4.1,0.265901,0.064656,1.070422
67,4.2,0.272725,0.060903,1.074174
67,4.3,0.279607,0.057439,1.077638
67,4.4,0.286542,0.054255,1.080822
67,4.5,0.293522,0.05134,1.083737
67,4.6,0.300541,0.048682,1.086395
67,4.7,0.307592,0.046266,1.088811
67,4.8,0.314669,0.044077,1.091
67,4.9,0.321768,0.042097,1.09298
67,5.0,0.328881,0.040311,1.094766
67,5.1,0.336004,0.038701,1.096376
67,5.2,0.343133,0.037251,1.097826
67,5.3,0.350264,0.035945,1.099132
67,5.4,0.357393,0.034768,1.100309
67,5.5,0.364516,0.033706,1.101371
67,5.6,0.37163,0.032746,1.102332
67,5.7,0.378734,0.031876,1.103202
67,5.8,0.385825,0.031085,1.103992
67,5.9,0.392901,0.030364,1.104713
67,6.0,0.399959,0.029705,1.105372
67,6.1,0.406999,0.029099,1.105978
67,6.2,0.41402,0.02854,1.106537
67,6.3,0.42102,0.028022,1.107055
67,6.4,0.427998,0.027541,1.107537
67,6.5,0.434954,0.027091,1.107987
67,6.6,0.441886,0.026668,1.108409
67,6.7,0.448795,0.026271,1.108806
67,6.8,0.455679,0.025895,1.109182
67,6.9,0.462539,0.025538,1.109539
67,7.0,0.469374,0.025199,1.109878
67,7.1,0.476183,0.024876,1.110202
67,7.2,0.482967,0.024566,1.110511
67,7.3,0.489726,0.024269,1.110809
67,7.4,0.496458,0.023983,1.111094
67,7.5,0.503164,0.023708,1.111369
67,7.6,0.509844,0.023443,1.111635
67,7.7,0.516498,0.023186,1.111891
67,7.8,0.523125,0.022938,1.112139
67,7.9,0.529726,0.022698,1.112379
67,8.0,0.5363,0.022465,1.112612
67,8.1,0.542848,0.022239,1.112838
67,8.2,0.549369,0.02202,1.113058
67,8.3,0.555864,0.021806,1.113271
67,8.4,0.562332,0.021599,1.113479
67,8.5,0.568774,0.021396,1.113681
67,8.6,0.575189,0.021199,1.113878
67,8.7,0.581577,0.021008,1.11407
67,8.8,0.587939,0.020821,1.114257
67,8.9,0.594274,0.020638,1.114439
67,9.0,0.600583,0.02046,1.114617
67,9.1,0.606865,0.020286,1.114791
67,9.2,0.613121,0.020116,1.114961
67,9.3,0.61935,0.01995,1.115127
67,9.4,0.625553,0.019788,1.115289
67,9.5,0.63173,0.01963,1.115447
67,9.6,0.63788,0.019475,1.115602
67,9.7,0.644004,0.019323,1.115754
67,9.8,0.650102,0.019175,1.115902
67,9.9,0.656174,0.01903,1.116048
67,10.0,0.662219,0.018888,1.11619
68,0.0,0.001683,0.153345,0.829556
68,0.1,0.011278,0.15348,0.829421
68,0.2,0.020362,0.153086,0.829814
68,0.3,0.02903,0.152194,0.830706
68,0.4,0.037354,0.150833,0.832068
68,0.5,0.045392,0.149031,0.83387
68,0.6,0.053192,0.146819,0.836082
68,0.7,0.060794,0.144227,0.838674
68,0.8,0.068232,0.141285,0.841616
68,0.9,0.075537,0.138025,0.844875
68,1.0,0.082734,0.134479,0.848421
68,1.1,0.089846,0.13068,0.852221
68,1.2,0.096894,0.12666,0.856241
68,1.3,0.103896,0.122452,0.860449
68,1.4,0.110868,0.118091,0.86481
68,1.5,0.117825,0.113609,0.869292
68,1.6,0.124778,0.10904,0.87386
68,1.7,0.131738,0.104418,0.878483
68,1.8,0.138714,0.099775,0.883126
68,1.9,0.145715,0.095142,0.887759
68,2.0,0.152745,0.09055,0.89235
68,2.1,0.159811,0.086028,0.896872
68,2.2,0.166915,0.081603,0.901298
68,2.3,0.17406,0.0773,0.905601
68,2.4,0.181247,0.07314,0.909761
68,2.5,0.188476,0.069143,0.913758
68,2.6,0.195748,0.065326,0.917575
68,2.7,0.203059,0.061701,0.9212
68,2.8,0.210409,0.058278,0.924623
68,2.9,0.217794,0.055064,0.927837
68,3.0,0.225211,0.052061,0.93084
68,3.1,0.232656,0.049269,0.933632
68,3.2,0.240126,0.046686,0.936214
68,3.3,0.247617,0.044307,0.938594
68,3.4,0.255124,0.042123,0.940778
68,3.5,0.262644,0.040125,0.942775
68,3.6,0.270171,0.038304,0.944597
68,3.7,0.277704,0.036648,0.946253
68,3.8,0.285238,0.035144,0.947757
68,3.9,0.292769,0.03378,0.949121
68,4.0,0.300295,0.032545,0.950356
68,4.1,0.307812,0.031425,0.951475
68,4.2,0.315318,0.030411,0.95249
68,4.3,0.322811,0.029491,0.95341
68,4.4,0.330288,0.028655,0.954246
68,4.5,0.337748,0.027893,0.955008
68,4.6,0.345188,0.027198,0.955703
68,4.7,0.352608,0.026562,0.956339
68,4.8,0.360006,0.025977,0.956924
68,4.9,0.367382,0.025438,0.957463
68,5.0,0.374733,0.02494,0.957961
68,5.1,0.382059,0.024476,0.958424
68,5.2,0.38936,0.024044,0.958856
68,5.3,0.396635,0.02364,0.95926
68,5.4,0.403883,0.023261,0.95964
68,5.5,0.411104,0.022903,0.959998
68,5.6,0.418298,0.022564,0.960337
68,5.7,0.425464,0.022242,0.960658
68,5.8,0.432603,0.021937,0.960964
68,5.9,0.439713,0.021645,0.961256
68,6.0,0.446795,0.021365,0.961536
68,6.1,0.453848,0.021097,0.961803
68,6.2,0.460873,0.02084,0.962061
68,6.3,0.46787,0.020592,0.962308
68,6.4,0.474837,0.020354,0.962547
68,6.5,0.481776,0.020123,0.962778
68,6.6,0.488686,0.0199,0.963
68,6.7,0.495568,0.019685,0.963216
68,6.8,0.50242,0.019476,0.963425
68,6.9,0.509244,0.019273,0.963628
68,7.0,0.516039,0.019076,0.963825
68,7.1,0.522805,0.018885,0.964016
68,7.2,0.529543,0.018699,0.964202
68,7.3,0.536252,0.018518,0.964382
68,7.4,0.542932,0.018342,0.964558
68,7.5,0.549583,0.018171,0.96473
68,7.6,0.556206,0.018004,0.964897
68,7.7,0.5628,0.017841,0.965059
68,7.8,0.569366,0.017683,0.965218
68,7.9,0.575903,0.017528,0.965373
68,8.0,0.582412,0.017377,0.965524
68,8.1,0.588893,0.017229,0.965671
68,8.2,0.595345,0.017085,0.965816
68,8.3,0.601769,0.016944,0.965956
68,8.4,0.608165,0.016807,0.966094
68,8.5,0.614533,0.016672,0.966228
68,8.6,0.620873,0.016541,0.96636
68,8.7,0.627184,0.016412,0.966489
68,8.8,0.633468,0.016286,0.966615
68,8.9,0.639724,0.016163,0.966738
68,9.0,0.645953,0.016042,0.966859
68,9.1,0.652154,0.015924,0.966977
68,9.2,0.658327,0.015808,0.967093
68,9.3,0.664473,0.015695,0.967206
68,9.4,0.670591,0.015584,0.967317
68,9.5,0.676682,0.015475,0.967426
68,9.6,0.682745,0.015368,0.967533
68,9.7,0.688782,0.015263,0.967638
68,9.8,0.694791,0.015161,0.96774
68,9.9,0.700774,0.01506,0.967841
68,10.0,0.706729,0.014961,0.96794
69,0.0,0.034205,0.104825,1.765825
69,0.1,0.04279,0.114931,1.755719
69,0.2,0.051022,0.125016,1.745634
69,0.3,0.058901,0.135064,1.735585
69,0.4,0.066428,0.145059,1.72559
69,0.5,0.073606,0.154983,1.715666
69,0.6,0.080436,0.16482,1.705829
69,0.7,0.086925,0.174554,1.696095
69,0.8,0.093075,0.184171,1.686479
69,0.9,0.098893,0.193657,1.676992
69,1.0,0.104385,0.203003,1.667647
69,1.1,0.109557,0.212198,1.658451
69,1.2,0.114417,0.221236,1.649414
69,1.3,0.118971,0.230111,1.640538
69,1.4,0.123228,0.238821,1.631829
69,1.5,0.127195,0.247364,1.623286
69,1.6,0.13088,0.255741,1.614908
69,1.7,0.134291,0.263955,1.606694
69,1.8,0.137436,0.27201,1.598639
69,1.9,0.140323,0.279913,1.590737
69,2.0,0.14296,0.28767,1.582979
69,2.1,0.145355,0.295292,1.575358
69,2.2,0.147514,0.302787,1.567862
69,2.3,0.149445,0.310168,1.560481
69,2.4,0.151156,0.317448,1.553202
69,2.5,0.152652,0.324639,1.546011
69,2.6,0.15394,0.331756,1.538893
69,2.7,0.155025,0.338815,1.531834
69,2.8,0.155914,0.345832,1.524817
69,2.9,0.156612,0.352824,1.517826
69,3.0,0.157123,0.359807,1.510842
69,3.1,0.157453,0.366801,1.503849
69,3.2,0.157604,0.373824,1.496826
69,3.3,0.157581,0.380895,1.489755
69,3.4,0.157387,0.388034,1.482615
69,3.5,0.157026,0.395263,1.475386
69,3.6,0.1565,0.402602,1.468047
69,3.7,0.15581,0.410073,1.460576
69,3.8,0.154961,0.417699,1.45295
69,3.9,0.153952,0.425503,1.445146
69,4.0,0.152785,0.433509,1.437141
69,4.1,0.151463,0.44174,1.428909
69,4.2,0.149985,0.450224,1.420425
69,4.3,0.148354,0.458986,1.411664
69,4.4,0.146568,0.468052,1.402597
69,4.5,0.14463,0.477451,1.393198
69,4.6,0.14254,0.487211,1.383438
69,4.7,0.140298,0.497362,1.373287
69,4.8,0.137906,0.507933,1.362716
69,4.9,0.135365,0.518956,1.351694
69,5.0,0.132676,0.530461,1.340188
69,5.1,0.129841,0.542481,1.328169
69,5.2,0.126862,0.555048,1.315602
69,5.3,0.123743,0.568193,1.302456
69,5.4,0.120486,0.58195,1.2887
69,5.5,0.117099,0.596349,1.2743
69,5.6,0.113585,0.611422,1.259227
69,5.7,0.109953,0.627198,1.243452
69,5.8,0.106211,0.643703,1.226946
69,5.9,0.102371,0.660963,1.209686
69,6.0,0.098444,0.678999,1.191651
69,6.1,0.094445,0.697826,1.172823
69,6.2,0.09039,0.717458,1.153192
69,6.3,0.086298,0.737898,1.132752
69,6.4,0.082189,0.759144,1.111505
69,6.5,0.078086,0.781186,1.089463
69,6.6,0.074014,0.804004,1.066646
69,6.7,0.069997,0.827566,1.043084
69,6.8,0.066062,0.85183,1.01882
69,6.9,0.062236,0.876743,0.993907
69,7.0,0.058542,0.902238,0.968412
69,7.1,0.055005,0.928238,0.942411
69,7.2,0.051647,0.954656,0.915994
69,7.3,0.048484,0.981391,0.889258
69,7.4,0.04553,1.008339,0.862311
69,7.5,0.042793,1.035385,0.835264
69,7.6,0.040279,1.062415,0.808235
69,7.7,0.037985,1.08931,0.78134
69,7.8,0.035907,1.115954,0.754695
69,7.9,0.034035,1.142237,0.728412
69,8.0,0.032359,1.168052,0.702597
69,8.1,0.030862,1.193303,0.677347
69,8.2,0.029531,1.217902,0.652747
69,8.3,0.028349,1.241774,0.628875
69,8.4,0.0273,1.264855,0.605794
69,8.5,0.02637,1.287092,0.583558
69,8.6,0.025545,1.308443,0.562206
69,8.7,0.024812,1.32888,0.541769
69,8.8,0.02416,1.348384,0.522266
69,8.9,0.023577,1.366944,0.503705
69,9.0,0.023057,1.384561,0.486089
69,9.1,0.022591,1.40124,0.469409
69,9.2,0.022172,1.416996,0.453653
69,9.3,0.021795,1.431848,0.438801
69,9.4,0.021454,1.445819,0.42483
69,9.5,0.021147,1.458938,0.411712
69,9.6,0.020869,1.471234,0.399416
69,9.7,0.020616,1.48274,0.387909
69,9.8,0.020387,1.493492,0.377157
69,9.9,0.020178,1.503525,0.367125
69,10.0,0.019989,1.512873,0.357776
70,0.0,0.035019,0.311502,0.999439
70,0.1,0.041352,0.316976,0.993966
70,0.2,0.047207,0.321844,0.989098
70,0.3,0.05264,0.326132,0.98481
70,0.4,0.057698,0.329863,0.981078
70,0.5,0.062421,0.333064,0.977878
70,0.6,0.066844,0.335757,0.975184
70,0.7,0.071001,0.337966,0.972975
70,0.8,0.074917,0.339714,0.971227
70,0.9,0.078619,0.341023,0.969919
70,1.0,0.08213,0.341912,0.96903
70,1.1,0.08547,0.342402,0.968539
70,1.2,0.088658,0.342513,0.968429
70,1.3,0.091712,0.342261,0.968681
70,1.4,0.094648,0.341664,0.969278
70,1.5,0.09748,0.340737,0.970205
70,1.6,0.100222,0.339495,0.971447
70,1.7,0.102887,0.337952,0.97299
70,1.8,0.105486,0.33612,0.974822
70,1.9,0.108032,0.334012,0.97693
70,2.0,0.110533,0.331638,0.979303
70,2.1,0.113,0.329009,0.981932
70,2.2,0.115442,0.326135,0.984807
70,2.3,0.117868,0.323023,0.987918
70,2.4,0.120286,0.319683,0.991259
70,2.5,0.122703,0.316121,0.994821
70,2.6,0.125127,0.312345,0.998596
70,2.7,0.127566,0.308362,1.00258
70,2.8,0.130025,0.304177,1.006764
70,2.9,0.132512,0.299798,1.011144
70,3.0,0.135033,0.295229,1.015713
70,3.1,0.137595,0.290476,1.020465
70,3.2,0.140202,0.285546,1.025396
70,3.3,0.142861,0.280443,1.030499
70,3.4,0.145578,0.275173,1.035769
70,3.5,0.148357,0.269742,1.041199
70,3.6,0.151205,0.264157,1.046785
70,3.7,0.154127,0.258423,1.052519
70,3.8,0.157127,0.252547,1.058394
70,3.9,0.160211,0.246537,1.064404
70,4.0,0.163383,0.240401,1.070541
70,4.1,0.166649,0.234146,1.076796
70,4.2,0.170011,0.227782,1.08316
70,4.3,0.173476,0.221318,1.089623
70,4.4,0.177047,0.214766,1.096175
70,4.5,0.180727,0.208137,1.102804
70,4.6,0.184521,0.201444,1.109498
70,4.7,0.188432,0.194699,1.116243
70,4.8,0.192462,0.187917,1.123024
70,4.9,0.196615,0.181114,1.129827
70,5.0,0.200892,0.174306,1.136635
70,5.1,0.205296,0.16751,1.143431
70,5.2,0.209828,0.160744,1.150198
70,5.3,0.214489,0.154027,1.156915
70,5.4,0.219279,0.147377,1.163565
70,5.5,0.224199,0.140815,1.170127
70,5.6,0.229247,0.13436,1.176581
70,5.7,0.234422,0.128033,1.182909
70,5.8,0.239722,0.121852,1.18909
70,5.9,0.245145,0.115836,1.195105
70,6.0,0.250687,0.110004,1.200937
70,6.1,0.256346,0.104373,1.206569
70,6.2,0.262116,0.098956,1.211985
70,6.3,0.267993,0.093769,1.217173
70,6.4,0.273971,0.088822,1.22212
70,6.5,0.280045,0.084124,1.226818
70,6.6,0.286209,0.079681,1.23126
70,6.7,0.292457,0.075499,1.235443
70,6.8,0.298782,0.071577,1.239365
70,6.9,0.305177,0.067914,1.243027
70,7.0,0.311636,0.064507,1.246434
70,7.1,0.318151,0.06135,1.249591
70,7.2,0.324718,0.058434,1.252507
70,7.3,0.331328,0.05575,1.255192
70,7.4,0.337976,0.053285,1.257656
70,7.5,0.344657,0.051029,1.259913
70,7.6,0.351364,0.048966,1.261976
70,7.7,0.358092,0.047084,1.263858
70,7.8,0.364837,0.045368,1.265573
70,7.9,0.371594,0.043805,1.267136
70,8.0,0.378358,0.042382,1.268559
70,8.1,0.385127,0.041085,1.269856
70,8.2,0.391897,0.039903,1.271039
70,8.3,0.398664,0.038823,1.272119
70,8.4,0.405426,0.037835,1.273107
70,8.5,0.412181,0.036929,1.274013
70,8.6,0.418926,0.036096,1.274845
70,8.7,0.42566,0.035329,1.275613
70,8.8,0.43238,0.034619,1.276322
70,8.9,0.439086,0.033961,1.276981
70,9.0,0.445776,0.033348,1.277594
70,9.1,0.452449,0.032775,1.278166
70,9.2,0.459104,0.032239,1.278703
70,9.3,0.46574,0.031734,1.279208
70,9.4,0.472356,0.031257,1.279684
70,9.5,0.478953,0.030806,1.280135
70,9.6,0.485528,0.030378,1.280564
70,9.7,0.492082,0.02997,1.280971
70,9.8,0.498614,0.029581,1.281361
70,9.9,0.505125,0.029208,1.281733
70,10.0,0.511612,0.028851,1.282091
71,0.0,0.040402,0.371933,2.34746
71,0.1,0.045429,0.41939,2.300003
71,0.2,0.049459,0.470511,2.248882
71,0.3,0.052474,0.525425,2.193968
71,0.4,0.054469,0.584238,2.135155
71,0.5,0.055455,0.647025,2.072369
71,0.6,0.055464,0.713815,2.005578
71,0.7,0.05455,0.784584,1.934809
71,0.8,0.052796,0.859232,1.860162
71,0.9,0.050313,0.937566,1.781827
71,1.0,0.047238,1.019286,1.700107
71,1.1,0.043737,1.103969,1.615424
71,1.2,0.039989,1.191058,1.528335
71,1.3,0.036179,1.279866,1.439528
71,1.4,0.032479,1.369587,1.349807
71,1.5,0.029034,1.459327,1.260066
71,1.6,0.025946,1.548142,1.171251
71,1.7,0.02327,1.635092,1.084302
71,1.8,0.021017,1.719286,1.000107
71,1.9,0.01916,1.799939,0.919454
71,2.0,0.017654,1.876398,0.842995
71,2.1,0.016441,1.948169,0.771224
71,2.2,0.015466,2.01492,0.704473
71,2.3,0.01468,2.076474,0.64292
71,2.4,0.014042,2.132793,0.586601
71,2.5,0.013521,2.183958,0.535436
71,2.6,0.013091,2.230143,0.48925
71,2.7,0.012733,2.271595,0.447798
71,2.8,0.012433,2.308608,0.410786
71,2.9,0.012182,2.341505,0.377888
71,3.0,0.011969,2.370628,0.348765
71,3.1,0.011788,2.396316,0.323077
71,3.2,0.011634,2.418904,0.30049
71,3.3,0.011503,2.43871,0.280683
71,3.4,0.011391,2.456036,0.263357
71,3.5,0.011295,2.471159,0.248234
71,3.6,0.011213,2.484336,0.235057
71,3.7,0.011143,2.495799,0.223594
71,3.8,0.011083,2.505756,0.213637
71,3.9,0.011031,2.514395,0.204998
71,4.0,0.010987,2.521883,0.197511
71,4.1,0.010949,2.528366,0.191027
71,4.2,0.010916,2.533976,0.185417
71,4.3,0.010888,2.538826,0.180567
71,4.4,0.010864,2.543017,0.176376
71,4.5,0.010843,2.546637,0.172756
71,4.6,0.010825,2.549762,0.169631
71,4.7,0.01081,2.552459,0.166934
71,4.8,0.010797,2.554786,0.164608
71,4.9,0.010785,2.556792,0.162601
71,5.0,0.010776,2.558522,0.160871
71,5.1,0.010767,2.560014,0.15938
71,5.2,0.01076,2.561299,0.158094
71,5.3,0.010754,2.562407,0.156986
71,5.4,0.010748,2.563361,0.156032
71,5.5,0.010744,2.564184,0.15521
71,5.6,0.01074,2.564892,0.154501
71,5.7,0.010736,2.565502,0.153891
71,5.8,0.010733,2.566028,0.153365
71,5.9,0.010731,2.566481,0.152913
71,6.0,0.010729,2.56687,0.152523
71,6.1,0.010727,2.567206,0.152187
71,6.2,0.010725,2.567495,0.151898
71,6.3,0.010724,2.567744,0.151649
71,6.4,0.010723,2.567958,0.151435
71,6.5,0.010722,2.568143,0.15125
71,6.6,0.010721,2.568302,0.151091
71,6.7,0.01072,2.568439,0.150954
71,6.8,0.010719,2.568557,0.150837
71,6.9,0.010719,2.568658,0.150735
71,7.0,0.010718,2.568745,0.150648
71,7.1,0.010718,2.568821,0.150573
71,7.2,0.010717,2.568885,0.150508
71,7.3,0.010717,2.568941,0.150452
71,7.4,0.010717,2.568989,0.150404
71,7.5,0.010717,2.56903,0.150363
71,7.6,0.010716,2.569066,0.150327
71,7.7,0.010716,2.569097,0.150297
71,7.8,0.010716,2.569123,0.15027
71,7.9,0.010716,2.569146,0.150248
71,8.0,0.010716,2.569165,0.150228
71,8.1,0.010716,2.569182,0.150211
71,8.2,0.010716,2.569197,0.150197
71,8.3,0.010716,2.569209,0.150184
71,8.4,0.010716,2.56922,0.150173
71,8.5,0.010716,2.569229,0.150164
71,8.6,0.010716,2.569237,0.150156
71,8.7,0.010715,2.569244,0.150149
71,8.8,0.010715,2.56925,0.150143
71,8.9,0.010715,2.569255,0.150138
71,9.0,0.010715,2.569259,0.150134
71,9.1,0.010715,2.569263,0.15013
71,9.2,0.010715,2.569266,0.150127
71,9.3,0.010715,2.569269,0.150124
71,9.4,0.010715,2.569271,0.150122
71,9.5,0.010715,2.569273,0.15012
71,9.6,0.010715,2.569275,0.150118
71,9.7,0.010715,2.569277,0.150116
71,9.8,0.010715,2.569278,0.150115
71,9.9,0.010715,2.569279,0.150114
71,10.0,0.010715,2.56928,0.150113
72,0.0,0.007422,0.105689,2.818906
72,0.1,0.016844,0.131054,2.793542
72,0.2,0.025716,0.158902,2.765693
72,0.3,0.033962,0.189511,2.735084
72,0.4,0.041509,0.223157,2.701438
72,0.5,0.048287,0.260115,2.66448
72,0.6,0.054228,0.300664,2.623932
72,0.7,0.059266,0.345082,2.579514
72,0.8,0.063343,0.393649,2.530947
72,0.9,0.066405,0.44664,2.477955
72,1.0,0.068408,0.504324,2.420271
72,1.1,0.069325,0.56695,2.357646
72,1.2,0.069146,0.634734,2.289861
72,1.3,0.067885,0.707846,2.216749
72,1.4,0.065591,0.786382,2.138213
72,1.5,0.062346,0.870338,2.054258
72,1.6,0.058278,0.959574,1.965021
72,1.7,0.053563,1.053786,1.870809
72,1.8,0.048417,1.15247,1.772125
72,1.9,0.043089,1.254901,1.669694
72,2.0,0.03784,1.360127,1.564469
72,2.1,0.032914,1.466987,1.457608
72,2.2,0.028502,1.574162,1.350434
72,2.3,0.024722,1.680245,1.244351
72,2.4,0.021609,1.783837,1.140758
72,2.5,0.019126,1.883645,1.040951
72,2.6,0.017191,1.978556,0.94604
72,2.7,0.015701,2.067695,0.8569
72,2.8,0.014556,2.150451,0.774145
72,2.9,0.013671,2.226465,0.698131
72,3.0,0.012978,2.295615,0.62898
72,3.1,0.01243,2.357976,0.56662
72,3.2,0.011989,2.413776,0.510819
72,3.3,0.01163,2.463363,0.461233
72,3.4,0.011336,2.507158,0.417437
72,3.5,0.011092,2.545631,0.378965
72,3.6,0.010889,2.579269,0.345326
72,3.7,0.010719,2.608559,0.316036
72,3.8,0.010577,2.633973,0.290623
72,3.9,0.010457,2.655954,0.268642
72,4.0,0.010356,2.674915,0.24968
72,4.1,0.010271,2.691234,0.233361
72,4.2,0.010199,2.705251,0.219345
72,4.3,0.010138,2.71727,0.207326
72,4.4,0.010087,2.727561,0.197035
72,4.5,0.010043,2.736361,0.188235
72,4.6,0.010007,2.743878,0.180718
72,4.7,0.009976,2.750293,0.174302
72,4.8,0.009949,2.755764,0.168831
72,4.9,0.009927,2.760427,0.164169
72,5.0,0.009908,2.764398,0.160198
72,5.1,0.009892,2.767778,0.156817
72,5.2,0.009878,2.770655,0.15394
72,5.3,0.009866,2.773102,0.151493
72,5.4,0.009857,2.775183,0.149412
72,5.5,0.009848,2.776953,0.147643
72,5.6,0.009841,2.778457,0.146139
72,5.7,0.009835,2.779735,0.144861
72,5.8,0.00983,2.780821,0.143775
72,5.9,0.009826,2.781744,0.142852
72,6.0,0.009822,2.782528,0.142068
72,6.1,0.009819,2.783193,0.141402
72,6.2,0.009816,2.783759,0.140837
72,6.3,0.009814,2.784239,0.140356
72,6.4,0.009812,2.784647,0.139948
72,6.5,0.00981,2.784994,0.139602
72,6.6,0.009809,2.785288,0.139308
72,6.7,0.009808,2.785538,0.139058
72,6.8,0.009807,2.78575,0.138846
72,6.9,0.009806,2.78593,0.138666
72,7.0,0.009805,2.786083,0.138513
72,7.1,0.009805,2.786213,0.138383
72,7.2,0.009804,2.786323,0.138273
72,7.3,0.009804,2.786416,0.138179
72,7.4,0.009803,2.786496,0.1381
72,7.5,0.009803,2.786563,0.138032
72,7.6,0.009803,2.786621,0.137975
72,7.7,0.009803,2.786669,0.137926
72,7.8,0.009802,2.786711,0.137885
72,7.9,0.009802,2.786746,0.13785
72,8.0,0.009802,2.786775,0.13782
72,8.1,0.009802,2.786801,0.137795
72,8.2,0.009802,2.786822,0.137773
72,8.3,0.009802,2.78684,0.137755
72,8.4,0.009802,2.786856,0.13774
72,8.5,0.009802,2.786869,0.137727
72,8.6,0.009802,2.78688,0.137715
72,8.7,0.009802,2.78689,0.137706
72,8.8,0.009802,2.786898,0.137698
72,8.9,0.009802,2.786904,0.137691
72,9.0,0.009802,2.78691,0.137685
72,9.1,0.009801,2.786915,0.13768
72,9.2,0.009801,2.786919,0.137676
72,9.3,0.009801,2.786923,0.137673
72,9.4,0.009801,2.786926,0.13767
72,9.5,0.009801,2.786928,0.137667
72,9.6,0.009801,2.786931,0.137665
72,9.7,0.009801,2.786932,0.137663
72,9.8,0.009801,2.786934,0.137662
72,9.9,0.009801,2.786935,0.13766
72,10.0,0.009801,2.786936,0.137659
73,0.0,0.020481,0.185427,1.72146
73,0.1,0.028828,0.200653,1.706234
73,0.2,0.036607,0.216103,1.690784
73,0.3,0.043834,0.23176,1.675127
73,0.4,0.050522,0.247606,1.659281
73,0.5,0.056684,0.263627,1.64326
73,0.6,0.062329,0.279811,1.627076
73,0.7,0.067469,0.296151,1.610736
73,0.8,0.072113,0.312643,1.594244
73,0.9,0.076272,0.329287,1.5776
73,1.0,0.079955,0.346088,1.560799
73,1.1,0.083174,0.363054,1.543833
73,1.2,0.085939,0.380199,1.526688
73,1.3,0.08826,0.397538,1.509349
73,1.4,0.09015,0.415092,1.491795
73,1.5,0.091619,0.432885,1.474002
73,1.6,0.09268,0.450944,1.455943
73,1.7,0.093344,0.4693,1.437587
73,1.8,0.093625,0.487985,1.418902
73,1.9,0.093536,0.507032,1.399855
73,2.0,0.093091,0.526479,1.380408
73,2.1,0.092304,0.546361,1.360526
73,2.2,0.091193,0.566716,1.340171
73,2.3,0.089774,0.58758,1.319307
73,2.4,0.088065,0.608987,1.2979
73,2.5,0.086087,0.630971,1.275916
73,2.6,0.08386,0.653561,1.253326
73,2.7,0.081409,0.676781,1.230106
73,2.8,0.078758,0.700652,1.206235
73,2.9,0.075935,0.725185,1.181702
73,3.0,0.072969,0.750386,1.156501
73,3.1,0.069891,0.776249,1.130638
73,3.2,0.066734,0.802759,1.104128
73,3.3,0.063531,0.829889,1.076998
73,3.4,0.060317,0.8576,1.049287
73,3.5,0.057126,0.88584,1.021047
73,3.6,0.053992,0.914543,0.992344
73,3.7,0.050944,0.94363,0.963257
73,3.8,0.048013,0.973011,0.933876
73,3.9,0.045221,1.002585,0.904302
73,4.0,0.04259,1.032241,0.874646
73,4.1,0.040134,1.061862,0.845025
73,4.2,0.037862,1.091329,0.815558
73,4.3,0.035778,1.120519,0.786368
73,4.4,0.033882,1.149313,0.757574
73,4.5,0.032168,1.177597,0.72929
73,4.6,0.030628,1.205263,0.701624
73,4.7,0.02925,1.232215,0.674672
73,4.8,0.028022,1.258366,0.648521
73,4.9,0.02693,1.283642,0.623245
73,5.0,0.025961,1.307981,0.598906
73,5.1,0.0251,1.331337,0.57555
73,5.2,0.024336,1.353674,0.553213
73,5.3,0.023657,1.374967,0.53192
73,5.4,0.023053,1.395207,0.51168
73,5.5,0.022513,1.41439,0.492497
73,5.6,0.022032,1.432523,0.474364
73,5.7,0.021601,1.449623,0.457264
73,5.8,0.021214,1.465711,0.441176
73,5.9,0.020866,1.480813,0.426074
73,6.0,0.020552,1.494963,0.411924
73,6.1,0.02027,1.508196,0.398691
73,6.2,0.020014,1.520549,0.386338
73,6.3,0.019783,1.532063,0.374824
73,6.4,0.019573,1.542779,0.364108
73,6.5,0.019383,1.552737,0.35415
73,6.6,0.01921,1.561981,0.344906
73,6.7,0.019054,1.570551,0.336336
73,6.8,0.018911,1.578487,0.3284
73,6.9,0.018781,1.585829,0.321058
73,7.0,0.018663,1.592616,0.314271
73,7.1,0.018556,1.598883,0.308004
73,7.2,0.018458,1.604666,0.302221
73,7.3,0.018368,1.609998,0.296889
73,7.4,0.018287,1.614912,0.291975
73,7.5,0.018212,1.619436,0.287451
73,7.6,0.018145,1.623601,0.283286
73,7.7,0.018083,1.627432,0.279455
73,7.8,0.018026,1.630954,0.275933
73,7.9,0.017975,1.634191,0.272696
73,8.0,0.017927,1.637165,0.269722
73,8.1,0.017884,1.639896,0.266991
73,8.2,0.017845,1.642403,0.264484
73,8.3,0.017809,1.644704,0.262183
73,8.4,0.017777,1.646815,0.260072
73,8.5,0.017747,1.648751,0.258136
73,8.6,0.017719,1.650526,0.256361
73,8.7,0.017694,1.652154,0.254733
73,8.8,0.017671,1.653646,0.253241
73,8.9,0.01765,1.655013,0.251874
73,9.0,0.017631,1.656265,0.250622
73,9.1,0.017614,1.657413,0.249474
73,9.2,0.017598,1.658464,0.248423
73,9.3,0.017583,1.659427,0.24746
73,9.4,0.01757,1.660309,0.246578
73,9.5,0.017558,1.661116,0.245771
73,9.6,0.017547,1.661855,0.245032
73,9.7,0.017537,1.662532,0.244355
73,9.8,0.017527,1.663151,0.243736
73,9.9,0.017519,1.663719,0.243169
73,10.0,0.017511,1.664237,0.24265
74,0.0,0.03348,0.48003,1.216116
74,0.1,0.038124,0.50051,1.195636
74,0.2,0.042071,0.520725,1.175422
74,0.3,0.045388,0.540697,1.155449
74,0.4,0.048131,0.560454,1.135692
74,0.5,0.050354,0.58002,1.116126
74,0.6,0.052103,0.599424,1.096722
74,0.7,0.05342,0.618693,1.077453
74,0.8,0.054347,0.637854,1.058292
74,0.9,0.054922,0.656931,1.039215
74,1.0,0.055179,0.675948,1.020198
74,1.1,0.055152,0.694925,1.001221
74,1.2,0.054875,0.71388,0.982266
74,1.3,0.054378,0.732826,0.96332
74,1.4,0.053691,0.751774,0.944373
74,1.5,0.05284,0.770728,0.925418
74,1.6,0.051854,0.789691,0.906455
74,1.7,0.050757,0.808659,0.887487
74,1.8,0.049573,0.827624,0.868522
74,1.9,0.048325,0.846575,0.849571
74,2.0,0.047031,0.865495,0.830651
74,2.1,0.045712,0.884363,0.811783
74,2.2,0.044384,0.903155,0.792991
74,2.3,0.043062,0.921846,0.7743
74,2.4,0.041759,0.940403,0.755743
74,2.5,0.040486,0.958797,0.737349
74,2.6,0.039252,0.976994,0.719152
74,2.7,0.038064,0.994961,0.701185
74,2.8,0.036928,1.012662,0.683484
74,2.9,0.035848,1.030067,0.666079
74,3.0,0.034825,1.047141,0.649005
74,3.1,0.033862,1.063855,0.632291
74,3.2,0.032957,1.080181,0.615965
74,3.3,0.032111,1.096094,0.600052
74,3.4,0.031322,1.111569,0.584577
74,3.5,0.030587,1.126589,0.569557
74,3.6,0.029905,1.141135,0.555011
74,3.7,0.029272,1.155195,0.540951
74,3.8,0.028685,1.168759,0.527387
74,3.9,0.028142,1.181819,0.514327
74,4.0,0.027639,1.194371,0.501775
74,4.1,0.027174,1.206416,0.48973
74,4.2,0.026744,1.217953,0.478193
74,4.3,0.026346,1.228986,0.46716
74,4.4,0.025978,1.239523,0.456623
74,4.5,0.025637,1.24957,0.446576
74,4.6,0.025322,1.259138,0.437008
74,4.7,0.02503,1.268237,0.427909
74,4.8,0.02476,1.27688,0.419266
74,4.9,0.024509,1.28508,0.411066
74,5.0,0.024277,1.292851,0.403295
74,5.1,0.024062,1.300209,0.395937
74,5.2,0.023862,1.307167,0.388979
74,5.3,0.023677,1.313743,0.382403
74,5.4,0.023505,1.319952,0.376195
74,5.5,0.023345,1.325808,0.370338
74,5.6,0.023197,1.331329,0.364817
74,5.7,0.023059,1.336529,0.359617
74,5.8,0.022931,1.341424,0.354722
74,5.9,0.022812,1.346029,0.350117
74,6.0,0.022701,1.350358,0.345788
74,6.1,0.022598,1.354426,0.341721
74,6.2,0.022502,1.358246,0.3379
74,6.3,0.022413,1.361831,0.334315
74,6.4,0.02233,1.365195,0.330951
74,6.5,0.022253,1.36835,0.327796
74,6.6,0.022182,1.371308,0.324838
74,6.7,0.022115,1.374079,0.322067
74,6.8,0.022053,1.376675,0.319471
74,6.9,0.021995,1.379106,0.31704
74,7.0,0.021941,1.381382,0.314764
74,7.1,0.021891,1.383512,0.312634
74,7.2,0.021844,1.385504,0.310642
74,7.3,0.021801,1.387368,0.308778
74,7.4,0.021761,1.389111,0.307035
74,7.5,0.021723,1.39074,0.305406
74,7.6,0.021688,1.392264,0.303882
74,7.7,0.021655,1.393687,0.302459
74,7.8,0.021625,1.395017,0.301129
74,7.9,0.021596,1.39626,0.299886
74,8.0,0.02157,1.39742,0.298726
74,8.1,0.021545,1.398504,0.297642
74,8.2,0.021522,1.399516,0.29663
74,8.3,0.021501,1.400461,0.295685
74,8.4,0.021481,1.401344,0.294802
74,8.5,0.021463,1.402167,0.293979
74,8.6,0.021445,1.402936,0.29321
74,8.7,0.021429,1.403653,0.292493
74,8.8,0.021414,1.404323,0.291823
74,8.9,0.0214,1.404947,0.291199
74,9.0,0.021387,1.40553,0.290616
74,9.1,0.021375,1.406074,0.290072
74,9.2,0.021364,1.406581,0.289565
74,9.3,0.021353,1.407055,0.289091
74,9.4,0.021343,1.407496,0.28865
74,9.5,0.021334,1.407908,0.288238
74,9.6,0.021326,1.408292,0.287854
74,9.7,0.021318,1.40865,0.287496
74,9.8,0.02131,1.408984,0.287162
74,9.9,0.021304,1.409295,0.286851
74,10.0,0.021297,1.409586,0.28656
75,0.0,0.046316,0.061187,1.887995
75,0.1,0.055173,0.070702,1.87848
75,0.2,0.06375,0.080106,1.869076
75,0.3,0.072038,0.089404,1.859778
75,0.4,0.080033,0.098592,1.85059
75,0.5,0.087731,0.107666,1.841516
75,0.6,0.09513,0.116615,1.832567
75,0.7,0.102232,0.12543,1.823752
75,0.8,0.109036,0.134098,1.815084
75,0.9,0.115546,0.142608,1.806574
75,1.0,0.121766,0.150949,1.798233
75,1.1,0.1277,0.159109,1.790073
75,1.2,0.133352,0.167079,1.782102
75,1.3,0.13873,0.174851,1.77433
75,1.4,0.143839,0.182418,1.766764
75,1.5,0.148685,0.189773,1.759409
75,1.6,0.153277,0.196912,1.75227
75,1.7,0.157622,0.203832,1.74535
75,1.8,0.161727,0.210532,1.73865
75,1.9,0.1656,0.217012,1.73217
75,2.0,0.169249,0.223271,1.72591
75,2.1,0.172682,0.229314,1.719868
75,2.2,0.175907,0.235142,1.71404
75,2.3,0.178932,0.24076,1.708422
75,2.4,0.181765,0.246173,1.703009
75,2.5,0.184413,0.251387,1.697795
75,2.6,0.186883,0.256409,1.692773
75,2.7,0.189184,0.261245,1.687937
75,2.8,0.191321,0.265903,1.683279
75,2.9,0.193303,0.270391,1.67879
75,3.0,0.195134,0.274718,1.674463
75,3.1,0.196822,0.278893,1.670289
75,3.2,0.198373,0.282923,1.666259
75,3.3,0.199792,0.286818,1.662364
75,3.4,0.201085,0.290588,1.658594
75,3.5,0.202257,0.294241,1.654941
75,3.6,0.203313,0.297786,1.651396
75,3.7,0.204257,0.301233,1.647949
75,3.8,0.205094,0.304591,1.644591
75,3.9,0.205827,0.30787,1.641312
75,4.0,0.20646,0.311077,1.638105
75,4.1,0.206998,0.314223,1.634959
75,4.2,0.207442,0.317317,1.631865
75,4.3,0.207796,0.320367,1.628815
75,4.4,0.208062,0.323383,1.625799
75,4.5,0.208243,0.326373,1.622809
75,4.6,0.208341,0.329346,1.619836
75,4.7,0.208358,0.332311,1.616871
75,4.8,0.208295,0.335278,1.613904
75,4.9,0.208153,0.338254,1.610928
75,5.0,0.207934,0.34125,1.607932
75,5.1,0.20764,0.344273,1.604908
75,5.2,0.207269,0.347334,1.601848
75,5.3,0.206823,0.350441,1.598741
75,5.4,0.206303,0.353604,1.595578
75,5.5,0.205707,0.356832,1.59235
75,5.6,0.205037,0.360136,1.589046
75,5.7,0.204291,0.363524,1.585658
75,5.8,0.203469,0.367008,1.582174
75,5.9,0.20257,0.370598,1.578584
75,6.0,0.201594,0.374305,1.574877
75,6.1,0.200538,0.37814,1.571042
75,6.2,0.199403,0.382115,1.567066
75,6.3,0.198185,0.386244,1.562938
75,6.4,0.196883,0.390537,1.558645
75,6.5,0.195496,0.39501,1.554172
75,6.6,0.194021,0.399676,1.549506
75,6.7,0.192456,0.40455,1.544632
75,6.8,0.190798,0.409647,1.539535
75,6.9,0.189044,0.414985,1.534197
75,7.0,0.187193,0.42058,1.528602
75,7.1,0.185241,0.426451,1.522731
75,7.2,0.183184,0.432617,1.516565
75,7.3,0.18102,0.4391,1.510082
75,7.4,0.178745,0.445919,1.503262
75,7.5,0.176356,0.4531,1.496082
75,7.6,0.173849,0.460665,1.488517
75,7.7,0.17122,0.468641,1.480541
75,7.8,0.168467,0.477055,1.472127
75,7.9,0.165586,0.485935,1.463247
75,8.0,0.162573,0.495312,1.45387
75,8.1,0.159425,0.505216,1.443966
75,8.2,0.15614,0.515682,1.4335
75,8.3,0.152715,0.526744,1.422438
75,8.4,0.149147,0.538438,1.410744
75,8.5,0.145437,0.550801,1.398381
75,8.6,0.141582,0.563872,1.38531
75,8.7,0.137584,0.57769,1.371492
75,8.8,0.133444,0.592295,1.356887
75,8.9,0.129165,0.607726,1.341456
75,9.0,0.124752,0.624024,1.325158
75,9.1,0.12021,0.641226,1.307956
75,9.2,0.11555,0.659368,1.289814
75,9.3,0.110782,0.678484,1.270698
75,9.4,0.10592,0.698603,1.250579
75,9.5,0.100981,0.719748,1.229434
75,9.6,0.095987,0.741935,1.207247
75,9.7,0.09096,0.765174,1.184008
75,9.8,0.085929,0.78946,1.159722
75,9.9,0.080923,0.814779,1.134403
75,10.0,0.075976,0.841103,1.108079
76,0.0,0.032065,0.097654,0.850849
76,0.1,0.040845,0.096527,0.851976
76,0.2,0.049428,0.095117,0.853385
76,0.3,0.057844,0.093449,0.855054
76,0.4,0.066118,0.091547,0.856956
76,0.5,0.074274,0.089436,0.859066
76,0.6,0.082332,0.087144,0.861358
76,0.7,0.090308,0.084697,0.863806
76,0.8,0.098218,0.082122,0.866381
76,0.9,0.106075,0.079444,0.869058
76,1.0,0.11389,0.076692,0.871811
76,1.1,0.121672,0.073889,0.874614
76,1.2,0.129431,0.07106,0.877442
76,1.3,0.137173,0.06823,0.880273
76,1.4,0.144904,0.06542,0.883083
76,1.5,0.152629,0.062649,0.885853
76,1.6,0.160351,0.059937,0.888565
76,1.7,0.168073,0.0573,0.891203
76,1.8,0.175796,0.05475,0.893753
76,1.9,0.183523,0.0523,0.896202
76,2.0,0.191253,0.04996,0.898543
76,2.1,0.198986,0.047735,0.900768
76,2.2,0.206721,0.04563,0.902873
76,2.3,0.214458,0.043648,0.904854
76,2.4,0.222195,0.04179,0.906712
76,2.5,0.22993,0.040055,0.908448
76,2.6,0.237662,0.038439,0.910063
76,2.7,0.245388,0.03694,0.911563
76,2.8,0.253108,0.035551,0.912951
76,2.9,0.260818,0.034268,0.914234
76,3.0,0.268517,0.033085,0.915418
76,3.1,0.276204,0.031994,0.916509
76,3.2,0.283875,0.030989,0.917514
76,3.3,0.291531,0.030064,0.918439
76,3.4,0.299169,0.029211,0.919292
76,3.5,0.306787,0.028425,0.920078
76,3.6,0.314385,0.0277,0.920803
76,3.7,0.321962,0.027029,0.921474
76,3.8,0.329516,0.026407,0.922096
76,3.9,0.337046,0.02583,0.922672
76,4.0,0.344551,0.025294,0.923209
76,4.1,0.352032,0.024793,0.92371
76,4.2,0.359486,0.024325,0.924178
76,4.3,0.366914,0.023885,0.924618
76,4.4,0.374315,0.023472,0.925031
76,4.5,0.381689,0.023082,0.92542
76,4.6,0.389035,0.022714,0.925789
76,4.7,0.396353,0.022365,0.926138
76,4.8,0.403643,0.022033,0.92647
76,4.9,0.410904,0.021716,0.926787
76,5.0,0.418136,0.021414,0.927089
76,5.1,0.42534,0.021125,0.927378
76,5.2,0.432515,0.020848,0.927655
76,5.3,0.43966,0.020582,0.927921
76,5.4,0.446776,0.020326,0.928176
76,5.5,0.453864,0.02008,0.928423
76,5.6,0.460921,0.019842,0.928661
76,5.7,0.46795,0.019613,0.92889
76,5.8,0.474949,0.019391,0.929112
76,5.9,0.481919,0.019176,0.929327
76,6.0,0.48886,0.018968,0.929535
76,6.1,0.495771,0.018766,0.929737
76,6.2,0.502653,0.01857,0.929933
76,6.3,0.509505,0.01838,0.930123
76,6.4,0.516328,0.018195,0.930307
76,6.5,0.523122,0.018016,0.930487
76,6.6,0.529887,0.017841,0.930662
76,6.7,0.536623,0.017671,0.930832
76,6.8,0.543329,0.017505,0.930998
76,6.9,0.550007,0.017344,0.931159
76,7.0,0.556655,0.017186,0.931316
76,7.1,0.563275,0.017033,0.93147
76,7.2,0.569865,0.016883,0.93162
76,7.3,0.576427,0.016737,0.931766
76,7.4,0.58296,0.016595,0.931908
76,7.5,0.589464,0.016455,0.932048
76,7.6,0.59594,0.016319,0.932184
76,7.7,0.602387,0.016186,0.932317
76,7.8,0.608806,0.016056,0.932447
76,7.9,0.615196,0.015929,0.932574
76,8.0,0.621558,0.015804,0.932698
76,8.1,0.627891,0.015683,0.93282
76,8.2,0.634196,0.015564,0.932939
76,8.3,0.640474,0.015447,0.933056
76,8.4,0.646723,0.015333,0.93317
76,8.5,0.652944,0.015221,0.933282
76,8.6,0.659137,0.015111,0.933391
76,8.7,0.665303,0.015004,0.933499
76,8.8,0.671441,0.014899,0.933604
76,8.9,0.677551,0.014796,0.933707
76,9.0,0.683634,0.014694,0.933808
76,9.1,0.689689,0.014595,0.933908
76,9.2,0.695717,0.014498,0.934005
76,9.3,0.701718,0.014402,0.934101
76,9.4,0.707692,0.014309,0.934194
76,9.5,0.713638,0.014217,0.934286
76,9.6,0.719558,0.014126,0.934377
76,9.7,0.725451,0.014038,0.934465
76,9.8,0.731316,0.013951,0.934552
76,9.9,0.737156,0.013865,0.934638
76,10.0,0.742968,0.013781,0.934722
77,0.0,0.021537,0.484804,1.990106
77,0.1,0.027386,0.536028,1.938883
77,0.2,0.032064,0.589858,1.885052
77,0.3,0.035629,0.646244,1.828666
77,0.4,0.038149,0.705109,1.769801
77,0.5,0.039698,0.766346,1.708564
77,0.6,0.040361,0.829811,1.6451
77,0.7,0.04024,0.895315,1.579596
77,0.8,0.039447,0.96262,1.512291
77,0.9,0.038104,1.031431,1.443479
77,1.0,0.036343,1.101398,1.373513
77,1.1,0.034298,1.17211,1.302801
77,1.2,0.032094,1.243107,1.231803
77,1.3,0.02985,1.313889,1.161022
77,1.4,0.027662,1.383928,1.090983
77,1.5,0.025605,1.452694,1.022217
77,1.6,0.023728,1.519671,0.955239
77,1.7,0.022058,1.584385,0.890526
77,1.8,0.020601,1.646414,0.828497
77,1.9,0.019348,1.70541,0.7695
77,2.0,0.018282,1.761106,0.713804
77,2.1,0.017381,1.813316,0.661595
77,2.2,0.016621,1.861934,0.612977
77,2.3,0.015979,1.906929,0.567981
77,2.4,0.015437,1.948335,0.526575
77,2.5,0.014976,1.98624,0.48867
77,2.6,0.014585,2.020775,0.454135
77,2.7,0.01425,2.052105,0.422806
77,2.8,0.013963,2.080415,0.394495
77,2.9,0.013716,2.105908,0.369003
77,3.0,0.013503,2.128791,0.34612
77,3.1,0.013319,2.149274,0.325637
77,3.2,0.013159,2.167561,0.30735
77,3.3,0.013021,2.183852,0.291059
77,3.4,0.012901,2.198335,0.276575
77,3.5,0.012796,2.211189,0.263722
77,3.6,0.012705,2.222578,0.252333
77,3.7,0.012625,2.232655,0.242256
77,3.8,0.012556,2.24156,0.23335
77,3.9,0.012495,2.249422,0.225489
77,4.0,0.012442,2.256355,0.218556
77,4.1,0.012396,2.262464,0.212446
77,4.2,0.012356,2.267844,0.207067
77,4.3,0.012321,2.272577,0.202334
77,4.4,0.01229,2.27674,0.198171
77,4.5,0.012263,2.280399,0.194512
77,4.6,0.012239,2.283613,0.191298
77,4.7,0.012219,2.286436,0.188475
77,4.8,0.012201,2.288915,0.185996
77,4.9,0.012185,2.29109,0.183821
77,5.0,0.012171,2.292999,0.181912
77,5.1,0.012159,2.294673,0.180238
77,5.2,0.012148,2.296142,0.178769
77,5.3,0.012139,2.297429,0.177481
77,5.4,0.012131,2.298558,0.176352
77,5.5,0.012124,2.299548,0.175363
77,5.6,0.012118,2.300415,0.174495
77,5.7,0.012112,2.301176,0.173735
77,5.8,0.012108,2.301842,0.173069
77,5.9,0.012103,2.302426,0.172485
77,6.0,0.0121,2.302937,0.171973
77,6.1,0.012097,2.303386,0.171525
77,6.2,0.012094,2.303778,0.171132
77,6.3,0.012091,2.304122,0.170788
77,6.4,0.012089,2.304424,0.170487
77,6.5,0.012087,2.304688,0.170223
77,6.6,0.012086,2.304919,0.169992
77,6.7,0.012084,2.305122,0.169789
77,6.8,0.012083,2.305299,0.169612
77,6.9,0.012082,2.305455,0.169456
77,7.0,0.012081,2.305591,0.16932
77,7.1,0.01208,2.30571,0.169201
77,7.2,0.012079,2.305814,0.169096
77,7.3,0.012079,2.305906,0.169005
77,7.4,0.012078,2.305986,0.168925
77,7.5,0.012078,2.306056,0.168855
77,7.6,0.012077,2.306118,0.168793
77,7.7,0.012077,2.306171,0.168739
77,7.8,0.012076,2.306219,0.168692
77,7.9,0.012076,2.30626,0.168651
77,8.0,0.012076,2.306296,0.168615
77,8.1,0.012076,2.306328,0.168583
77,8.2,0.012075,2.306355,0.168555
77,8.3,0.012075,2.30638,0.168531
77,8.4,0.012075,2.306401,0.16851
77,8.5,0.012075,2.30642,0.168491
77,8.6,0.012075,2.306436,0.168475
77,8.7,0.012075,2.30645,0.168461
77,8.8,0.012075,2.306463,0.168448
77,8.9,0.012075,2.306474,0.168437
77,9.0,0.012075,2.306483,0.168428
77,9.1,0.012074,2.306492,0.168419
77,9.2,0.012074,2.306499,0.168412
77,9.3,0.012074,2.306505,0.168405
77,9.4,0.012074,2.306511,0.1684
77,9.5,0.012074,2.306516,0.168395
77,9.6,0.012074,2.30652,0.16839
77,9.7,0.012074,2.306524,0.168387
77,9.8,0.012074,2.306527,0.168383
77,9.9,0.012074,2.30653,0.16838
77,10.0,0.012074,2.306533,0.168378
78,0.0,0.046718,0.411962,1.668454
78,0.1,0.050873,0.441176,1.639241
78,0.2,0.054316,0.471191,1.609225
78,0.3,0.057071,0.502016,1.578401
78,0.4,0.059162,0.533659,1.546757
78,0.5,0.06062,0.566133,1.514284
78,0.6,0.061474,0.599449,1.480967
78,0.7,0.06176,0.633618,1.446799
78,0.8,0.061517,0.668645,1.411771
78,0.9,0.060787,0.704531,1.375885
78,1.0,0.059617,0.741268,1.339149
78,1.1,0.058059,0.778834,1.301582
78,1.2,0.056169,0.817197,1.263219
78,1.3,0.054004,0.856304,1.224112
78,1.4,0.051627,0.896086,1.184331
78,1.5,0.0491,0.936451,1.143966
78,1.6,0.046486,0.977287,1.10313
78,1.7,0.043844,1.01846,1.061956
78,1.8,0.041231,1.059818,1.020599
78,1.9,0.038695,1.101188,0.979229
78,2.0,0.036278,1.142386,0.93803
78,2.1,0.034012,1.18322,0.897197
78,2.2,0.03192,1.223493,0.856924
78,2.3,0.030013,1.263012,0.817405
78,2.4,0.028295,1.301593,0.778823
78,2.5,0.026763,1.339067,0.741349
78,2.6,0.025407,1.375283,0.705133
78,2.7,0.024214,1.410112,0.670304
78,2.8,0.023169,1.443449,0.636967
78,2.9,0.022255,1.475214,0.605202
78,3.0,0.021457,1.505352,0.575065
78,3.1,0.02076,1.533829,0.546587
78,3.2,0.020151,1.560636,0.51978
78,3.3,0.019616,1.585781,0.494636
78,3.4,0.019147,1.609288,0.471128
78,3.5,0.018733,1.631197,0.449219
78,3.6,0.018368,1.651559,0.428857
78,3.7,0.018045,1.670433,0.409983
78,3.8,0.017758,1.687886,0.392531
78,3.9,0.017503,1.703988,0.376428
78,4.0,0.017276,1.718814,0.361602
78,4.1,0.017073,1.732439,0.347977
78,4.2,0.016892,1.744939,0.335477
78,4.3,0.01673,1.756389,0.324027
78,4.4,0.016586,1.766862,0.313554
78,4.5,0.016456,1.776429,0.303987
78,4.6,0.016339,1.785158,0.295259
78,4.7,0.016235,1.793113,0.287304
78,4.8,0.016141,1.800356,0.280061
78,4.9,0.016056,1.806944,0.273472
78,5.0,0.015981,1.812933,0.267484
78,5.1,0.015912,1.818372,0.262045
78,5.2,0.015851,1.823308,0.257108
78,5.3,0.015796,1.827786,0.25263
78,5.4,0.015746,1.831845,0.248571
78,5.5,0.015702,1.835524,0.244893
78,5.6,0.015662,1.838855,0.241562
78,5.7,0.015625,1.841871,0.238546
78,5.8,0.015593,1.8446,0.235816
78,5.9,0.015563,1.847069,0.233347
78,6.0,0.015537,1.849302,0.231114
78,6.1,0.015513,1.851321,0.229095
78,6.2,0.015492,1.853146,0.22727
78,6.3,0.015472,1.854796,0.225621
78,6.4,0.015455,1.856286,0.22413
78,6.5,0.015439,1.857632,0.222784
78,6.6,0.015425,1.858848,0.221568
78,6.7,0.015412,1.859946,0.22047
78,6.8,0.015401,1.860938,0.219479
78,6.9,0.01539,1.861833,0.218584
78,7.0,0.015381,1.862641,0.217775
78,7.1,0.015372,1.86337,0.217046
78,7.2,0.015365,1.864029,0.216388
78,7.3,0.015358,1.864623,0.215793
78,7.4,0.015352,1.865159,0.215257
78,7.5,0.015346,1.865643,0.214773
78,7.6,0.015341,1.86608,0.214337
78,7.7,0.015337,1.866474,0.213943
78,7.8,0.015333,1.866829,0.213587
78,7.9,0.015329,1.86715,0.213267
78,8.0,0.015326,1.867439,0.212977
78,8.1,0.015323,1.8677,0.212716
78,8.2,0.01532,1.867935,0.212481
78,8.3,0.015317,1.868148,0.212269
78,8.4,0.015315,1.868339,0.212077
78,8.5,0.015313,1.868512,0.211904
78,8.6,0.015311,1.868668,0.211748
78,8.7,0.01531,1.868809,0.211608
78,8.8,0.015308,1.868935,0.211481
78,8.9,0.015307,1.86905,0.211367
78,9.0,0.015306,1.869153,0.211263
78,9.1,0.015305,1.869246,0.21117
78,9.2,0.015304,1.86933,0.211087
78,9.3,0.015303,1.869406,0.211011
78,9.4,0.015302,1.869474,0.210943
78,9.5,0.015302,1.869535,0.210881
78,9.6,0.015301,1.869591,0.210826
78,9.7,0.0153,1.869641,0.210775
78,9.8,0.0153,1.869686,0.21073
78,9.9,0.015299,1.869727,0.21069
78,10.0,0.015299,1.869764,0.210653
79,0.0,0.039453,0.058027,0.77286
79,0.1,0.048531,0.057053,0.773834
79,0.2,0.057483,0.055946,0.774941
79,0.3,0.066327,0.054724,0.776162
79,0.4,0.075078,0.053407,0.77748
79,0.5,0.083748,0.052012,0.778874
79,0.6,0.092348,0.050559,0.780328
79,0.7,0.100886,0.049063,0.781823
79,0.8,0.10937,0.047542,0.783344
79,0.9,0.117807,0.046011,0.784876
79,1.0,0.126203,0.044482,0.786405
79,1.1,0.134561,0.042968,0.787918
79,1.2,0.142886,0.041481,0.789405
79,1.3,0.151181,0.04003,0.790857
79,1.4,0.159448,0.038621,0.792265
79,1.5,0.167688,0.037263,0.793624
79,1.6,0.175904,0.035959,0.794927
79,1.7,0.184095,0.034714,0.796173
79,1.8,0.192263,0.033529,0.797357
79,1.9,0.200408,0.032406,0.79848
79,2.0,0.20853,0.031345,0.799541
79,2.1,0.216628,0.030346,0.800541
79,2.2,0.224702,0.029406,0.801481
79,2.3,0.232753,0.028524,0.802362
79,2.4,0.240778,0.027699,0.803188
79,2.5,0.248779,0.026926,0.803961
79,2.6,0.256754,0.026203,0.804684
79,2.7,0.264703,0.025527,0.80536
79,2.8,0.272625,0.024895,0.805992
79,2.9,0.280519,0.024303,0.806583
79,3.0,0.288386,0.023749,0.807137
79,3.1,0.296224,0.02323,0.807656
79,3.2,0.304034,0.022743,0.808143
79,3.3,0.311815,0.022286,0.808601
79,3.4,0.319566,0.021855,0.809032
79,3.5,0.327287,0.021449,0.809438
79,3.6,0.334979,0.021065,0.809822
79,3.7,0.34264,0.020702,0.810185
79,3.8,0.35027,0.020357,0.810529
79,3.9,0.35787,0.02003,0.810856
79,4.0,0.365439,0.019719,0.811168
79,4.1,0.372977,0.019422,0.811464
79,4.2,0.380484,0.019138,0.811748
79,4.3,0.38796,0.018867,0.812019
79,4.4,0.395404,0.018607,0.812279
79,4.5,0.402818,0.018358,0.812529
79,4.6,0.4102,0.018118,0.812769
79,4.7,0.41755,0.017887,0.813
79,4.8,0.42487,0.017664,0.813222
79,4.9,0.432158,0.01745,0.813437
79,5.0,0.439414,0.017243,0.813644
79,5.1,0.44664,0.017042,0.813844
79,5.2,0.453834,0.016848,0.814038
79,5.3,0.460997,0.016661,0.814226
79,5.4,0.468129,0.016479,0.814408
79,5.5,0.475229,0.016302,0.814584
79,5.6,0.482299,0.016131,0.814755
79,5.7,0.489338,0.015965,0.814922
79,5.8,0.496345,0.015803,0.815084
79,5.9,0.503322,0.015646,0.815241
79,6.0,0.510268,0.015493,0.815394
79,6.1,0.517183,0.015344,0.815543
79,6.2,0.524067,0.015199,0.815688
79,6.3,0.530921,0.015058,0.815829
79,6.4,0.537745,0.01492,0.815966
79,6.5,0.544537,0.014786,0.816101
79,6.6,0.5513,0.014655,0.816232
79,6.7,0.558032,0.014527,0.81636
79,6.8,0.564734,0.014402,0.816484
79,6.9,0.571406,0.01428,0.816606
79,7.0,0.578048,0.014161,0.816725
79,7.1,0.58466,0.014045,0.816842
79,7.2,0.591242,0.013931,0.816955
79,7.3,0.597794,0.01382,0.817066
79,7.4,0.604317,0.013711,0.817175
79,7.5,0.61081,0.013605,0.817282
79,7.6,0.617273,0.013501,0.817386
79,7.7,0.623707,0.013399,0.817488
79,7.8,0.630112,0.013299,0.817587
79,7.9,0.636488,0.013201,0.817685
79,8.0,0.642835,0.013106,0.817781
79,8.1,0.649153,0.013012,0.817875
79,8.2,0.655441,0.01292,0.817967
79,8.3,0.661701,0.01283,0.818057
79,8.4,0.667933,0.012742,0.818145
79,8.5,0.674135,0.012655,0.818232
79,8.6,0.68031,0.01257,0.818317
79,8.7,0.686456,0.012487,0.8184
79,8.8,0.692573,0.012405,0.818482
79,8.9,0.698663,0.012324,0.818562
79,9.0,0.704724,0.012246,0.818641
79,9.1,0.710758,0.012168,0.818718
79,9.2,0.716763,0.012092,0.818794
79,9.3,0.722741,0.012018,0.818869
79,9.4,0.728691,0.011944,0.818942
79,9.5,0.734614,0.011872,0.819014
79,9.6,0.740509,0.011802,0.819085
79,9.7,0.746377,0.011732,0.819154
79,9.8,0.752218,0.011664,0.819223
79,9.9,0.758031,0.011597,0.81929
79,10.0,0.763818,0.011531,0.819356
