id,t,x,y
0,0.0,11.861663,28.570715
0,1.0,8.194564,23.175704
0,2.0,7.303702,17.651701
0,3.0,7.93551,13.413973
0,4.0,9.766222,10.580614
0,5.0,12.716101,8.968865
0,6.0,16.513363,8.422583
0,7.0,20.383062,8.896114
0,8.0,23.108226,10.404724
0,9.0,23.661075,12.802235
0,10.0,22.003582,15.472063
0,11.0,19.188251,17.428207
0,12.0,16.500224,18.028635
0,13.0,14.657237,17.407862
0,14.0,13.793439,16.141473
0,15.0,13.779068,14.778016
0,16.0,14.412599,13.663336
0,17.0,15.459159,12.963262
0,18.0,16.641295,12.726339
0,19.0,17.658387,12.921857
0,20.0,18.258708,13.448894
0,21.0,18.330595,14.139968
0,22.0,17.944095,14.791122
0,23.0,17.303008,15.226838
0,24.0,16.641207,15.363944
0,25.0,16.135413,15.228204
0,26.0,15.872682,14.919094
0,27.0,15.859855,14.556891
0,28.0,16.047218,14.243161
0,29.0,16.351694,14.042559
0,30.0,16.678286,13.979643
0,31.0,16.941598,14.043206
0,32.0,17.085383,14.194726
0,33.0,17.094111,14.380544
0,34.0,16.991486,14.546891
0,35.0,16.826693,14.654273
0,36.0,16.655145,14.686284
0,37.0,16.521864,14.649935
0,38.0,16.452233,14.568755
0,39.0,16.450398,14.4727
0,40.0,16.50312,14.388952
0,41.0,16.586533,14.335862
0,42.0,16.673833,14.320486
0,43.0,16.742284,14.339241
0,44.0,16.77817,14.380797
0,45.0,16.778697,14.430264
0,46.0,16.750707,14.473565
0,47.0,16.707025,14.500893
0,48.0,16.661902,14.508455
0,49.0,16.627043,14.498283
0,50.0,16.609163,14.476527
1,0.0,22.227824,18.361096
1,1.0,17.45,20.148511
1,2.0,14.159185,19.550639
1,3.0,12.530455,17.630669
1,4.0,12.219116,15.45767
1,5.0,12.88808,13.635559
1,6.0,14.255231,12.410038
1,7.0,16.001278,11.845159
1,8.0,17.712996,11.920861
1,9.0,18.941353,12.550483
1,10.0,19.370127,13.552001
1,11.0,18.977357,14.636292
1,12.0,18.038817,15.48071
1,13.0,16.956487,15.869772
1,14.0,16.061568,15.783302
1,15.0,15.527546,15.360834
1,16.0,15.387648,14.800066
1,17.0,15.583838,14.274964
1,18.0,16.005024,13.900959
1,19.0,16.513356,13.731588
1,20.0,16.970451,13.766425
1,21.0,17.268084,13.961284
1,22.0,17.355141,14.24143
1,23.0,17.247064,14.521001
1,24.0,17.011296,14.726892
1,25.0,16.73655,14.818582
1,26.0,16.501891,14.794944
1,27.0,16.357611,14.686437
1,28.0,16.320104,14.539016
1,29.0,16.376539,14.398026
1,30.0,16.494379,14.297074
1,31.0,16.632615,14.252905
1,32.0,16.752765,14.265225
1,33.0,16.827822,14.320087
1,34.0,16.847251,14.395612
1,35.0,16.816922,14.468717
1,36.0,16.754505,14.521223
1,37.0,16.682407,14.543752
1,38.0,16.62089,14.536538
1,39.0,16.583312,14.50743
1,40.0,16.57426,14.468248
1,41.0,16.590272,14.430917
1,42.0,16.622353,14.404444
1,43.0,16.659271,14.393302
1,44.0,16.690771,14.397246
1,45.0,16.709956,14.41231
1,46.0,16.714389,14.432506
1,47.0,16.705867,14.45172
1,48.0,16.689128,14.465279
1,49.0,16.670051,14.470868
1,50.0,16.65393,14.468659
2,0.0,5.524541,5.523841
2,1.0,9.227088,4.160664
2,2.0,15.025386,3.612415
2,3.0,22.51795,3.839572
2,4.0,29.657738,5.116828
2,5.0,33.354285,8.079883
2,6.0,31.501688,13.144865
2,7.0,25.200307,18.789707
2,8.0,18.4096,21.852381
2,9.0,13.833449,21.362755
2,10.0,11.605338,18.88244
2,11.0,11.066841,16.036724
2,12.0,11.720995,13.656477
2,13.0,13.257531,12.026423
2,14.0,15.36774,11.196453
2,15.0,17.602304,11.140081
2,16.0,19.379693,11.788256
2,17.0,20.19012,12.979534
2,18.0,19.875507,14.395241
2,19.0,18.730925,15.601861
2,20.0,17.30226,16.247237
2,21.0,16.071069,16.242529
2,22.0,15.294014,15.750428
2,23.0,15.026621,15.036475
2,24.0,15.203851,14.339157
2,25.0,15.696051,13.817308
2,26.0,16.337601,13.548622
2,27.0,16.95205,13.543429
2,28.0,17.387897,13.757368
2,29.0,17.558331,14.103859
2,30.0,17.463812,14.474019
2,31.0,17.181382,14.766421
2,32.0,16.825909,14.916978
2,33.0,16.50588,14.913748
2,34.0,16.294198,14.790248
2,35.0,16.219343,14.60461
2,36.0,16.270744,14.417165
2,37.0,16.41057,14.274643
2,38.0,16.587497,14.202687
2,39.0,16.750518,14.204941
2,40.0,16.86101,14.266615
2,41.0,16.900618,14.361099
2,42.0,16.872827,14.458303
2,43.0,16.798133,14.532878
2,44.0,16.705162,14.570102
2,45.0,16.621308,14.567872
2,46.0,16.565869,14.53475
2,47.0,16.546954,14.485456
2,48.0,16.561922,14.43573
2,49.0,16.600277,14.398144
2,50.0,16.647794,14.379678
3,0.0,2.684425,26.119108
3,1.0,2.462167,17.074609
3,2.0,3.02727,11.226216
3,3.0,4.429859,7.596909
3,4.0,7.072283,5.45536
3,5.0,11.488653,4.350172
3,6.0,17.845206,4.08066
3,7.0,25.099418,4.715971
3,8.0,30.726645,6.65852
3,9.0,31.982754,10.477848
3,10.0,28.100824,15.820718
3,11.0,21.625012,20.267081
3,12.0,16.08311,21.536285
3,13.0,12.807021,20.037605
3,14.0,11.467,17.421363
3,15.0,11.507483,14.871763
3,16.0,12.554312,12.913893
3,17.0,14.319357,11.705659
3,18.0,16.441732,11.259436
3,19.0,18.418523,11.532464
3,20.0,19.705302,12.419273
3,21.0,19.960576,13.692414
3,22.0,19.247078,14.982824
3,23.0,17.984869,15.896205
3,24.0,16.684081,16.210931
3,25.0,15.704478,15.966147
3,26.0,15.194679,15.375436
3,27.0,15.148849,14.685827
3,28.0,15.473317,14.090148
3,29.0,16.025808,13.702934
3,30.0,16.640171,13.56724
3,31.0,17.155648,13.6673
3,32.0,17.454368,13.940112
3,33.0,17.492969,14.290525
3,34.0,17.309148,14.615304
3,35.0,16.997213,14.832786
3,36.0,16.666789,14.905386
3,37.0,16.406603,14.843684
3,38.0,16.266117,14.692654
3,39.0,16.254112,14.510266
3,40.0,16.347117,14.348815
3,41.0,16.501752,14.243663
3,42.0,16.668057,14.209201
3,43.0,16.80212,14.240118
3,44.0,16.875909,14.316288
3,45.0,16.882007,14.410019
3,46.0,16.832079,14.494149
3,47.0,16.750153,14.549
3,48.0,16.66365,14.56628
3,49.0,16.59543,14.549114
3,50.0,16.558924,14.508878
4,0.0,18.432335,21.534105
4,1.0,13.993483,21.117427
4,2.0,11.796183,18.767206
4,3.0,11.247123,16.028832
4,4.0,11.871382,13.718196
4,5.0,13.360112,12.127257
4,6.0,15.403583,11.314248
4,7.0,17.560533,11.256328
4,8.0,19.270607,11.883656
4,9.0,20.049453,13.03422
4,10.0,19.750466,14.396828
4,11.0,18.655872,15.555987
4,12.0,17.285032,16.17723
4,13.0,16.098825,16.175824
4,14.0,15.346704,15.705458
4,15.0,15.085666,15.019305
4,16.0,15.254804,14.346862
4,17.0,15.728966,13.842387
4,18.0,16.347531,13.582008
4,19.0,16.93979,13.576202
4,20.0,17.359844,13.78203
4,21.0,17.524488,14.115664
4,22.0,17.434317,14.472061
4,23.0,17.163199,14.7537
4,24.0,16.8213,14.899035
4,25.0,16.512938,14.896482
4,26.0,16.308532,14.778046
4,27.0,16.235852,14.599491
4,28.0,16.284947,14.418887
4,29.0,16.419432,14.281363
4,30.0,16.589821,14.211766
4,31.0,16.746922,14.213701
4,32.0,16.853504,14.27295
4,33.0,16.891865,14.363877
4,34.0,16.865318,14.457497
4,35.0,16.793542,14.529391
4,36.0,16.704062,14.565362
4,37.0,16.623256,14.563348
4,38.0,16.569747,14.531553
4,39.0,16.551397,14.484125
4,40.0,16.565704,14.436221
4,41.0,16.602581,14.399968
4,42.0,16.648329,14.382113
4,43.0,16.689696,14.383477
4,44.0,16.717086,14.39993
4,45.0,16.726303,14.424367
4,46.0,16.718595,14.449044
4,47.0,16.699282,14.467664
4,48.0,16.675577,14.476703
4,49.0,16.65436,14.475776
4,50.0,16.640489,14.46711
5,0.0,1.59695,29.127386
5,1.0,1.364683,18.441716
5,2.0,1.646544,11.69177
5,3.0,2.445534,7.529947
5,4.0,4.075731,5.023554
5,5.0,7.118922,3.588416
5,6.0,12.284284,2.894921
5,7.0,19.775016,2.826981
5,8.0,28.223461,3.526273
5,9.0,34.537914,5.534276
5,10.0,35.540186,9.751249
5,11.0,30.334253,16.095419
5,12.0,22.194282,21.49229
5,13.0,15.649784,22.838779
5,14.0,12.039866,20.845497
5,15.0,10.665745,17.694737
5,16.0,10.784089,14.760766
5,17.0,11.981937,12.568475
5,18.0,13.981314,11.235695
5,19.0,16.416958,10.74723
5,20.0,18.727226,11.055662
5,21.0,20.257597,12.064906
5,22.0,20.568088,13.542097
5,23.0,19.713694,15.064997
5,24.0,18.206603,16.151013
5,25.0,16.671342,16.52038
5,26.0,15.532337,16.22241
5,27.0,14.949134,15.521565
5,28.0,14.902457,14.714125
5,29.0,15.280418,14.023051
5,30.0,15.92142,13.576212
5,31.0,16.636652,13.420054
5,32.0,17.239868,13.536249
5,33.0,17.591044,13.853715
5,34.0,17.636527,14.263349
5,35.0,17.419722,14.644375
5,36.0,17.052566,14.899752
5,37.0,16.665054,14.984469
5,38.0,16.361263,14.911232
5,39.0,16.198107,14.733645
5,40.0,16.184867,14.520119
5,41.0,16.293791,14.331699
5,42.0,16.47444,14.209267
5,43.0,16.668772,14.169302
5,44.0,16.825542,14.205562
5,45.0,16.911826,14.294666
5,46.0,16.9188,14.404345
5,47.0,16.860125,14.502813
5,48.0,16.764055,14.566964
5,49.0,16.662791,14.587062
5,50.0,16.583079,14.566819
6,0.0,25.140837,7.157834
6,1.0,28.038792,9.72023
6,2.0,27.071036,13.6037
6,3.0,23.007586,17.574924
6,4.0,18.288237,19.781068
6,5.0,14.774406,19.623843
6,6.0,12.880254,17.953981
6,7.0,12.337888,15.850547
6,8.0,12.813807,13.990185
6,9.0,14.026276,12.673612
6,10.0,15.673358,11.994082
6,11.0,17.368679,11.946934
6,12.0,18.675527,12.460658
6,13.0,19.252755,13.376462
6,14.0,19.01964,14.431188
6,15.0,18.193225,15.311358
6,16.0,17.150359,15.781139
6,17.0,16.233038,15.783312
6,18.0,15.640757,15.427436
6,19.0,15.430706,14.899194
6,20.0,15.561991,14.374726
6,21.0,15.935282,13.978153
6,22.0,16.420228,13.773256
6,23.0,16.880767,13.769524
6,24.0,17.204394,13.931723
6,25.0,17.329704,14.192088
6,26.0,17.25935,14.468066
6,27.0,17.050304,14.685018
6,28.0,16.786365,14.796736
6,29.0,16.547442,14.794755
6,30.0,16.388436,14.703354
6,31.0,16.331705,14.565083
6,32.0,16.369962,14.424807
6,33.0,16.474793,14.317816
6,34.0,16.607363,14.263718
6,35.0,16.729264,14.265375
6,36.0,16.811709,14.311583
6,37.0,16.841221,14.382249
6,38.0,16.820535,14.454826
6,39.0,16.764899,14.51046
6,40.0,16.695557,14.538253
6,41.0,16.632904,14.53665
6,42.0,16.591396,14.511988
6,43.0,16.577178,14.475197
6,44.0,16.588326,14.438025
6,45.0,16.616992,14.409895
6,46.0,16.652516,14.396059
6,47.0,16.6846,14.39715
6,48.0,16.705814,14.409946
6,49.0,16.712926,14.428919
6,50.0,16.706922,14.448057
7,0.0,6.272924,6.318731
7,1.0,10.061231,4.874875
7,2.0,15.754607,4.336206
7,3.0,22.736739,4.680197
7,4.0,28.918121,6.193768
7,5.0,31.522076,9.407495
7,6.0,29.088056,14.330656
7,7.0,23.223097,19.133556
7,8.0,17.410675,21.27462
7,9.0,13.612648,20.438697
7,10.0,11.828913,18.078822
7,11.0,11.5297,15.518853
7,12.0,12.306058,13.428156
7,13.0,13.864231,12.041821
7,14.0,15.876294,11.403467
7,15.0,17.884939,11.484671
7,16.0,19.355418,12.201078
7,17.0,19.884108,13.364898
7,18.0,19.421623,14.648682
7,19.0,18.29862,15.660981
7,20.0,17.009333,16.129324
7,21.0,15.953429,16.025605
7,22.0,15.329368,15.522408
7,23.0,15.167275,14.859893
7,24.0,15.395632,14.243494
7,25.0,15.886444,13.805702
7,26.0,16.481829,13.606622
7,27.0,17.020859,13.645554
7,28.0,17.374649,13.872464
7,29.0,17.480091,14.201416
7,30.0,17.353676,14.531713
7,31.0,17.075246,14.776081
7,32.0,16.750607,14.885448
7,33.0,16.473636,14.858064
7,34.0,16.303418,14.730198
7,35.0,16.258836,14.556456
7,36.0,16.32467,14.390361
7,37.0,16.462883,14.271344
7,38.0,16.62551,14.219004
7,39.0,16.767305,14.233079
7,40.0,16.856248,14.297355
7,41.0,16.879628,14.386224
7,42.0,16.844179,14.472494
7,43.0,16.770706,14.534624
7,44.0,16.685693,14.561424
7,45.0,16.613084,14.553098
7,46.0,16.568649,14.518888
7,47.0,16.557805,14.472744
7,48.0,16.576511,14.428726
7,49.0,16.614206,14.397457
7,50.0,16.65769,14.384223
8,0.0,9.823025,16.217937
8,1.0,10.608811,13.327624
8,2.0,12.403172,11.391651
8,3.0,14.931932,10.398161
8,4.0,17.72083,10.294654
8,5.0,20.049557,11.026121
8,6.0,21.196739,12.458896
8,7.0,20.864245,14.2502
8,8.0,19.400166,15.841947
8,9.0,17.546257,16.725044
8,10.0,15.958304,16.748259
8,11.0,14.962334,16.127265
8,12.0,14.610436,15.21991
8,13.0,14.812092,14.335921
8,14.0,15.410308,13.672296
8,15.0,16.208443,13.322234
8,16.0,16.990543,13.299407
8,17.0,17.561147,13.554222
8,18.0,17.799084,13.984775
8,19.0,17.69475,14.456265
8,20.0,17.34248,14.836904
8,21.0,16.890358,15.039312
8,22.0,16.479534,15.043959
8,23.0,16.204456,14.892201
8,24.0,16.102114,14.658399
8,25.0,16.160204,14.41983
8,26.0,16.332399,14.236238
8,27.0,16.555011,14.140765
8,28.0,16.763568,14.139112
8,29.0,16.907951,14.213839
8,30.0,16.963037,14.332152
8,31.0,16.931643,14.456037
8,32.0,16.838963,14.552717
8,33.0,16.721279,14.602553
8,34.0,16.613761,14.602038
8,35.0,16.541455,14.561547
8,36.0,16.515237,14.499599
8,37.0,16.5323,14.436236
8,38.0,16.579752,14.387638
8,39.0,16.639745,14.362979
8,40.0,16.694751,14.363668
8,41.0,16.731846,14.384552
8,42.0,16.74512,14.416428
8,43.0,16.73589,14.449093
8,44.0,16.71097,14.47411
8,45.0,16.679825,14.486638
8,46.0,16.651589,14.485981
8,47.0,16.63281,14.474946
8,48.0,16.626322,14.458407
8,49.0,16.631302,14.441644
8,50.0,16.644213,14.428929
9,0.0,13.526406,9.445645
9,1.0,17.023807,9.052931
9,2.0,20.368879,9.637453
9,3.0,22.494184,11.164502
9,4.0,22.652881,13.395845
9,5.0,21.003852,15.693341
9,6.0,18.520833,17.232007
9,7.0,16.243584,17.581434
9,8.0,14.723727,16.932728
9,9.0,14.059867,15.784067
9,10.0,14.139219,14.590701
9,11.0,14.777612,13.64045
9,12.0,15.751082,13.071967
9,13.0,16.798852,12.92134
9,14.0,17.653935,13.150158
9,15.0,18.11233,13.654104
9,16.0,18.104984,14.273203
9,17.0,17.717666,14.826899
9,18.0,17.137831,15.172555
9,19.0,16.565699,15.253588
9,20.0,16.146318,15.104748
9,21.0,15.946796,14.818078
9,22.0,15.965669,14.498557
9,23.0,16.153228,14.232247
9,24.0,16.432221,14.071837
9,25.0,16.717808,14.034357
9,26.0,16.937169,14.105471
9,27.0,17.045974,14.247811
9,28.0,17.036538,14.412683
9,29.0,16.934316,14.553714
9,30.0,16.784592,14.638927
9,31.0,16.635666,14.657228
9,32.0,16.525118,14.617507
9,33.0,16.472649,14.541936
9,34.0,16.479393,14.457091
9,35.0,16.531774,14.38616
9,36.0,16.607754,14.344002
9,37.0,16.683716,14.335377
9,38.0,16.740508,14.355849
9,39.0,16.767441,14.394618
9,40.0,16.763503,14.438346
9,41.0,16.735803,14.474979
9,42.0,16.696138,14.496598
9,43.0,16.656977,14.500685
9,44.0,16.628116,14.48971
9,45.0,16.614754,14.469483
9,46.0,16.617145,14.446979
9,47.0,16.631546,14.428325
9,48.0,16.651951,14.417449
9,49.0,16.67203,14.415538
9,50.0,16.686778,14.421297
10,0.0,18.743734,5.045322
10,1.0,25.090173,5.91773
10,2.0,29.346395,8.187383
10,3.0,29.405082,12.123569
10,4.0,25.342681,16.845224
10,5.0,19.778302,20.103152
10,6.0,15.342286,20.558768
10,7.0,12.81516,18.937456
10,8.0,11.897578,16.583987
10,9.0,12.167308,14.395771
10,10.0,13.30896,12.772706
10,11.0,15.02941,11.839201
10,12.0,16.948634,11.602061
10,13.0,18.587139,12.007214
10,14.0,19.498576,12.922111
10,15.0,19.480877,14.095272
10,16.0,18.68968,15.177942
10,17.0,17.531935,15.855406
10,18.0,16.430076,15.996963
10,19.0,15.655782,15.68501
10,20.0,15.306943,15.121251
10,21.0,15.358656,14.515356
10,22.0,15.714124,14.023267
10,23.0,16.236548,13.732424
10,24.0,16.774128,13.668109
10,25.0,17.190145,13.804014
10,26.0,17.396142,14.073825
10,27.0,17.373963,14.387876
10,28.0,17.173062,14.657101
10,29.0,16.883501,14.818382
10,30.0,16.599775,14.850049
10,31.0,16.392716,14.770705
10,32.0,16.297179,14.624672
10,33.0,16.3131,14.463337
10,34.0,16.414003,14.330128
10,35.0,16.558494,14.252058
10,36.0,16.702355,14.2373
10,37.0,16.809463,14.277207
10,38.0,16.859506,14.351397
10,39.0,16.850658,14.434645
10,40.0,16.79679,14.504028
10,41.0,16.720734,14.544499
10,42.0,16.646364,14.551431
10,43.0,16.592144,14.529808
10,44.0,16.567606,14.490924
10,45.0,16.572905,14.448118
10,46.0,16.600753,14.412953
10,47.0,16.639702,14.392717
10,48.0,16.677773,14.389514
10,49.0,16.705528,14.400782
10,50.0,16.717966,14.420837
11,0.0,9.472195,11.624493
11,1.0,11.984408,9.70325
11,2.0,15.393341,8.859916
11,3.0,19.096995,9.019293
11,4.0,22.047049,10.173498
11,5.0,23.190219,12.225636
11,6.0,22.203573,14.718847
11,7.0,19.808328,16.799017
11,8.0,17.198117,17.737699
11,9.0,15.216202,17.458833
11,10.0,14.135942,16.410384
11,11.0,13.899256,15.128352
11,12.0,14.334242,13.994826
11,13.0,15.227146,13.214251
11,14.0,16.324535,12.863873
11,15.0,17.344428,12.935675
11,16.0,18.031693,13.352146
11,17.0,18.241104,13.970881
11,18.0,17.991495,14.605925
11,19.0,17.443728,15.080754
11,20.0,16.814932,15.290703
11,21.0,16.289608,15.231963
11,22.0,15.974337,14.98097
11,23.0,15.89648,14.647727
11,24.0,16.023321,14.334367
11,25.0,16.284227,14.112384
11,26.0,16.591436,14.015793
11,27.0,16.860578,14.043311
11,28.0,17.029981,14.165292
11,29.0,17.073957,14.334338
11,30.0,17.004896,14.498921
11,31.0,16.863287,14.617378
11,32.0,16.700653,14.667879
11,33.0,16.56288,14.650997
11,34.0,16.479432,14.584963
11,35.0,16.459851,14.496811
11,36.0,16.496023,14.413314
11,37.0,16.567886,14.354368
11,38.0,16.650535,14.329704
11,39.0,16.721109,14.33869
11,40.0,16.764081,14.372513
11,41.0,16.773895,14.41784
11,42.0,16.754571,14.460966
11,43.0,16.716833,14.491361
11,44.0,16.673965,14.503809
11,45.0,16.637858,14.498724
11,46.0,16.616256,14.480918
11,47.0,16.61168,14.45746
11,48.0,16.621876,14.435403
11,49.0,16.641343,14.420023
11,50.0,16.663344,14.413855
12,0.0,14.22603,23.770103
12,1.0,10.932109,20.878041
12,2.0,9.901836,17.233394
12,3.0,10.326708,14.11579
12,4.0,11.829659,11.909495
12,5.0,14.15315,10.649462
12,6.0,16.898067,10.288117
12,7.0,19.412199,10.774281
12,8.0,20.945434,12.00907
12,9.0,21.043619,13.72273
12,10.0,19.866243,15.411763
12,11.0,18.075779,16.524243
12,12.0,16.382989,16.790626
12,13.0,15.2105,16.333324
12,14.0,14.677754,15.486854
12,15.0,14.727587,14.582188
12,16.0,15.2205,13.848247
12,17.0,15.971833,13.405601
12,18.0,16.770548,13.2893
12,19.0,17.412311,13.467755
12,20.0,17.750792,13.854109
12,21.0,17.742577,14.321811
12,22.0,17.453963,14.735556
12,23.0,17.021584,14.992648
12,24.0,16.591964,15.053366
12,25.0,16.274299,14.942871
12,26.0,16.121816,14.728048
12,27.0,16.135526,14.486873
12,28.0,16.278027,14.284865
12,29.0,16.48981,14.162973
12,30.0,16.705784,14.134654
12,31.0,16.870912,14.188826
12,32.0,16.952398,14.296653
12,33.0,16.945051,14.421035
12,34.0,16.868145,14.527116
12,35.0,16.755517,14.591119
12,36.0,16.643304,14.604867
12,37.0,16.559838,14.574999
12,38.0,16.520149,14.518074
12,39.0,16.525232,14.454055
12,40.0,16.564843,14.400475
12,41.0,16.622265,14.368625
12,42.0,16.679602,14.362134
12,43.0,16.722407,14.37763
12,44.0,16.74267,14.406914
12,45.0,16.73967,14.439902
12,46.0,16.71878,14.467511
12,47.0,16.688874,14.483794
12,48.0,16.659341,14.486865
12,49.0,16.637568,14.478587
12,50.0,16.627488,14.46333
13,0.0,6.79054,15.912799
13,1.0,7.89095,11.994156
13,2.0,10.181759,9.512764
13,3.0,13.624593,8.225412
13,4.0,17.842869,7.991526
13,5.0,21.838201,8.809557
13,6.0,24.217622,10.719993
13,7.0,24.045259,13.49643
13,8.0,21.660053,16.312982
13,9.0,18.460184,18.064437
13,10.0,15.755438,18.265352
13,11.0,14.092548,17.288548
13,12.0,13.46695,15.817285
13,13.0,13.688546,14.391547
13,14.0,14.530865,13.31282
13,15.0,15.735783,12.707758
13,16.0,16.997444,12.597295
13,17.0,17.995293,12.927634
13,18.0,18.486136,13.571702
13,19.0,18.401315,14.333673
13,20.0,17.869305,14.991474
13,21.0,17.137253,15.375046
13,22.0,16.451153,15.428533
13,23.0,15.975012,15.21044
13,24.0,15.773562,14.843065
13,25.0,15.832025,14.455144
13,26.0,16.08322,14.14585
13,27.0,16.431387,13.971685
13,28.0,16.774508,13.946802
13,29.0,17.027123,14.049306
13,30.0,17.140005,14.231286
13,31.0,17.109405,14.432779
13,32.0,16.971319,14.598339
13,33.0,16.783677,14.691627
13,34.0,16.605137,14.702628
13,35.0,16.478962,14.645387
13,36.0,16.425652,14.548839
13,37.0,16.443407,14.445627
13,38.0,16.513571,14.362937
13,39.0,16.60844,14.317141
13,40.0,16.6995,14.312266
13,41.0,16.764499,14.341527
13,42.0,16.791955,14.39098
13,43.0,16.782193,14.444235
13,44.0,16.745075,14.487028
13,45.0,16.695535,14.510516
13,46.0,16.648653,14.512552
13,47.0,16.615735,14.496924
13,48.0,16.602252,14.471156
13,49.0,16.607689,14.443801
13,50.0,16.626911,14.422069
14,0.0,18.180022,2.347062
14,1.0,27.075447,2.804238
14,2.0,34.667592,4.326494
14,3.0,37.450971,7.856463
14,4.0,33.520836,14.037763
14,5.0,25.035886,20.600709
14,6.0,17.219667,23.401964
14,7.0,12.586527,22.023436
14,8.0,10.603994,18.815698
14,9.0,10.347391,15.572707
14,10.0,11.292573,13.034359
14,11.0,13.151418,11.385952
14,12.0,15.609446,10.621743
14,13.0,18.152936,10.696985
14,14.0,20.093353,11.541594
14,15.0,20.843364,12.978414
14,16.0,20.274104,14.62791
14,17.0,18.810887,15.96789
14,18.0,17.132311,16.601529
14,19.0,15.774692,16.476038
14,20.0,14.981072,15.827913
14,21.0,14.771538,14.980156
14,22.0,15.049257,14.196945
14,23.0,15.658434,13.640768
14,24.0,16.408543,13.382895
14,25.0,17.099275,13.423008
14,26.0,17.562396,13.702763
14,27.0,17.709134,14.118171
14,28.0,17.554673,14.542196
14,29.0,17.200492,14.860442
14,30.0,16.78435,15.006184
14,31.0,16.428248,14.975126
14,32.0,16.208033,14.81373
14,33.0,16.147605,14.592514
14,34.0,16.227944,14.380159
14,35.0,16.40159,14.226945
14,36.0,16.608295,14.158012
14,37.0,16.790437,14.173605
14,38.0,16.906373,14.253844
14,39.0,16.938759,14.366608
14,40.0,16.895351,14.477213
14,41.0,16.802412,14.557728
14,42.0,16.693861,14.593309
14,43.0,16.600519,14.583804
14,44.0,16.542781,14.540825
14,45.0,16.52782,14.48215
14,46.0,16.550736,14.42578
14,47.0,16.598274,14.385379
14,48.0,16.653684,14.367849
14,49.0,16.701481,14.373045
14,50.0,16.731065,14.395198
15,0.0,18.618801,5.9452
15,1.0,24.180932,6.868288
15,2.0,27.691235,9.138352
15,3.0,27.487974,12.804763
15,4.0,23.880316,16.885524
15,5.0,19.128013,19.519382
15,6.0,15.3324,19.779614
15,7.0,13.147179,18.319697
15,8.0,12.374022,16.244596
15,9.0,12.674876,14.314083
15,10.0,13.7625,12.887237
15,11.0,15.346102,12.086515
15,12.0,17.057667,11.921824
15,13.0,18.463736,12.335147
15,14.0,19.19296,13.18705
15,15.0,19.107335,14.233978
15,16.0,18.371969,15.165239
15,17.0,17.346533,15.721344
15,18.0,16.389742,15.808606
15,19.0,15.729947,15.509807
15,20.0,15.448482,15.002603
15,21.0,15.520065,14.468639
15,22.0,15.854663,14.04281
15,23.0,16.326564,13.799954
15,24.0,16.799274,13.759247
15,25.0,17.154016,13.893346
15,26.0,17.318349,14.13984
15,27.0,17.282739,14.417741
15,28.0,17.095224,14.649504
15,29.0,16.836505,14.782586
15,30.0,16.588842,14.801331
15,31.0,16.412624,14.724558
15,32.0,16.336357,14.59238
15,33.0,16.357932,14.450069
15,34.0,16.452327,14.335217
15,35.0,16.582037,14.270557
15,36.0,16.707978,14.262033
15,37.0,16.799098,14.300848
15,38.0,16.838842,14.368231
15,39.0,16.826991,14.441713
15,40.0,16.776772,14.501424
15,41.0,16.708724,14.534801
15,42.0,16.643765,14.538544
15,43.0,16.597685,14.517664
15,44.0,16.578241,14.482452
15,45.0,16.584943,14.44471
15,46.0,16.610894,14.414446
15,47.0,16.64577,14.39776
15,48.0,16.679035,14.396138
15,49.0,16.702606,14.407011
15,50.0,16.712423,14.425179
16,0.0,2.886496,28.517681
16,1.0,2.441159,18.684356
16,2.0,2.852878,12.248833
16,3.0,4.055768,8.222726
16,4.0,6.39474,5.81408
16,5.0,10.402007,4.515814
16,6.0,16.383903,4.075413
16,7.0,23.612724,4.500587
16,8.0,29.823427,6.121525
16,9.0,32.150974,9.520869
16,10.0,29.238607,14.676952
16,11.0,22.985693,19.559634
16,12.0,17.057821,21.543332
16,13.0,13.312201,20.490396
16,14.0,11.620015,17.986275
16,15.0,11.409688,15.363671
16,16.0,12.270465,13.262993
16,17.0,13.910395,11.895745
16,18.0,15.993946,11.293355
16,19.0,18.045998,11.422486
16,20.0,19.514056,12.19483
16,21.0,19.993097,13.413077
16,22.0,19.455785,14.733416
16,23.0,18.265217,15.750955
16,24.0,16.936824,16.194964
16,25.0,15.872425,16.052749
16,26.0,15.261788,15.513453
16,27.0,15.125036,14.826603
16,28.0,15.38274,14.199817
16,29.0,15.900653,13.763812
16,30.0,16.515623,13.575431
16,31.0,17.062958,13.630188
16,32.0,17.41286,13.873929
16,33.0,17.504925,14.216598
16,34.0,17.361046,14.554313
16,35.0,17.066858,14.798687
16,36.0,16.732142,14.901973
16,37.0,16.452067,14.865383
16,38.0,16.284807,14.72839
16,39.0,16.247124,14.547955
16,40.0,16.321327,14.378701
16,41.0,16.467117,14.260032
16,42.0,16.634854,14.210733
16,43.0,16.778461,14.229291
16,44.0,16.866038,14.298141
16,45.0,16.885807,14.390517
16,46.0,16.845873,14.478527
16,47.0,16.768388,14.54051
16,48.0,16.680776,14.565681
16,49.0,16.607347,14.554963
16,50.0,16.563703,14.518373
17,0.0,29.003329,24.443523
17,1.0,16.149644,28.66298
17,2.0,10.143718,25.434171
17,3.0,8.054258,20.133725
17,4.0,7.946009,15.466644
17,5.0,9.143991,12.087407
17,6.0,11.468946,9.962043
17,7.0,14.748351,8.937138
17,8.0,18.46462,8.921278
17,9.0,21.631523,9.901203
17,10.0,23.14499,11.814146
17,11.0,22.50854,14.283017
17,12.0,20.277043,16.500814
17,13.0,17.627813,17.666238
17,14.0,15.502255,17.578476
17,15.0,14.262158,16.624929
17,16.0,13.887854,15.351406
17,17.0,14.218874,14.172897
17,18.0,15.047992,13.321967
17,19.0,16.12901,12.894481
17,20.0,17.182402,12.895628
17,21.0,17.942596,13.259841
17,22.0,18.239519,13.855464
17,23.0,18.062317,14.501288
17,24.0,17.551842,15.014393
17,25.0,16.922412,15.274002
17,26.0,16.368958,15.258776
17,27.0,16.012805,15.034095
17,28.0,15.894141,14.707449
17,29.0,15.989209,14.384514
17,30.0,16.232541,14.143002
17,31.0,16.537943,14.023537
17,32.0,16.819006,14.030654
17,33.0,17.008876,14.139047
17,34.0,17.075028,14.303542
17,35.0,17.023559,14.472301
17,36.0,16.891127,14.601051
17,37.0,16.728599,14.664062
17,38.0,16.583823,14.658127
17,39.0,16.489594,14.598941
17,40.0,16.458924,14.51267
17,41.0,16.486469,14.42669
17,42.0,16.553779,14.362436
17,43.0,16.636289,14.331516
17,44.0,16.710343,14.335023
17,45.0,16.758853,14.365349
17,46.0,16.774454,14.409667
17,47.0,16.759631,14.454051
17,48.0,16.724205,14.487218
17,49.0,16.681314,14.502941
17,50.0,16.64333,14.500696
18,0.0,9.833799,3.832491
18,1.0,16.012405,3.407969
18,2.0,23.775699,3.748545
18,3.0,30.819732,5.185701
18,4.0,33.972923,8.418166
18,5.0,31.350741,13.792387
18,6.0,24.539624,19.454445
18,7.0,17.736862,22.154973
18,8.0,13.374634,21.29002
18,9.0,11.355165,18.621171
18,10.0,10.978621,15.736344
18,11.0,11.764611,13.392481
18,12.0,13.412767,11.829826
18,13.0,15.604439,11.079484
18,14.0,17.865846,11.108535
18,15.0,19.596323,11.841975
18,16.0,20.29682,13.10349
18,17.0,19.854705,14.551091
18,18.0,18.617413,15.73701
18,19.0,17.154986,16.321668
18,20.0,15.939653,16.247326
18,21.0,15.205735,15.702604
18,22.0,14.990045,14.962714
18,23.0,15.215579,14.263778
18,24.0,15.744749,13.757627
18,25.0,16.406232,13.514491
18,26.0,17.020818,13.537829
18,27.0,17.438976,13.776924
18,28.0,17.581008,14.139744
18,29.0,17.457271,14.514216
18,30.0,17.153427,14.799382
18,31.0,16.788622,14.935195
18,32.0,16.470921,14.915415
18,33.0,16.269767,14.778515
18,34.0,16.209158,14.585397
18,35.0,16.274372,14.39686
18,36.0,16.424443,14.258445
18,37.0,16.606266,14.193717
18,38.0,16.768568,14.203993
18,39.0,16.873885,14.272403
18,40.0,16.906001,14.370898
18,41.0,16.870801,14.468856
18,42.0,16.79071,14.541329
18,43.0,16.695343,14.574693
18,44.0,16.612075,14.568203
18,45.0,16.559425,14.531605
18,46.0,16.544348,14.480341
18,47.0,16.563036,14.43033
18,48.0,16.604098,14.393871
18,49.0,16.652831,14.377376
18,50.0,16.695466,14.381018
19,0.0,20.842758,13.764422
19,1.0,19.72106,15.37664
19,2.0,18.015186,16.435467
19,3.0,16.397007,16.689673
19,4.0,15.271436,16.25456
19,5.0,14.757935,15.445776
19,6.0,14.805132,14.57863
19,7.0,15.27931,13.873661
19,8.0,16.001523,13.448273
19,9.0,16.767744,13.336953
19,10.0,17.381893,13.509019
19,11.0,17.704838,13.880157
19,12.0,17.6962,14.328366
19,13.0,17.419815,14.724151
19,14.0,17.006062,14.969781
19,15.0,16.594757,15.027651
19,16.0,16.290428,14.921811
19,17.0,16.144314,14.716072
19,18.0,16.157586,14.48499
19,19.0,16.294382,14.291387
19,20.0,16.49751,14.174608
19,21.0,16.704474,14.147591
19,22.0,16.862552,14.199653
19,23.0,16.940434,14.303068
19,24.0,16.933257,14.422241
19,25.0,16.859526,14.523801
19,26.0,16.751629,14.585026
19,27.0,16.644151,14.598127
19,28.0,16.564221,14.569473
19,29.0,16.526242,14.514918
19,30.0,16.531165,14.453581
19,31.0,16.569166,14.402257
19,32.0,16.624208,14.371768
19,33.0,16.679138,14.365583
19,34.0,16.720121,14.38046
19,35.0,16.739497,14.408535
19,36.0,16.736591,14.440141
19,37.0,16.716557,14.466579
19,38.0,16.687901,14.48216
19,39.0,16.659611,14.485085
19,40.0,16.638763,14.47714
19,41.0,16.629121,14.462517
19,42.0,16.630871,14.446249
19,43.0,16.641303,14.432769
19,44.0,16.656065,14.424917
19,45.0,16.670577,14.42355
19,46.0,16.681223,14.427727
19,47.0,16.686079,14.435295
19,48.0,16.685063,14.443673
19,49.0,16.6796,14.450581
19,50.0,16.671956,14.454564
20,0.0,4.539109,15.36013
20,1.0,5.633549,10.823971
20,2.0,7.907455,8.018105
20,3.0,11.619625,6.494486
20,4.0,16.744197,6.011705
20,5.0,22.398893,6.564139
20,6.0,26.709087,8.365556
20,7.0,27.743797,11.591121
20,8.0,25.097958,15.650281
20,9.0,20.532231,18.852422
20,10.0,16.378361,19.834012
20,11.0,13.724425,18.82184
20,12.0,12.554776,16.876815
20,13.0,12.546773,14.879923
20,14.0,13.402568,13.296355
20,15.0,14.843729,12.306829
20,16.0,16.53307,11.949681
20,17.0,18.054952,12.188181
20,18.0,19.007753,12.912085
20,19.0,19.17101,13.912607
20,20.0,18.617565,14.895411
20,21.0,17.65952,15.575982
20,22.0,16.667317,15.805024
20,23.0,15.911874,15.614975
20,24.0,15.516237,15.161067
20,25.0,15.484208,14.627698
20,26.0,15.743884,14.164779
20,27.0,16.179901,13.864754
20,28.0,16.658359,13.763021
20,29.0,17.053745,13.846023
20,30.0,17.278082,14.061677
20,31.0,17.302157,14.333898
20,32.0,17.157323,14.582941
20,33.0,16.916017,14.747646
20,34.0,16.661542,14.800865
20,35.0,16.461685,14.751443
20,36.0,16.354672,14.633886
20,37.0,16.347342,14.492651
20,38.0,16.421179,14.368092
20,39.0,16.542006,14.287595
20,40.0,16.670768,14.262156
20,41.0,16.773593,14.28729
20,42.0,16.829308,14.347007
20,43.0,16.832754,14.419666
20,44.0,16.793313,14.484336
20,45.0,16.729644,14.526068
20,46.0,16.662865,14.538729
20,47.0,16.610517,14.524919
20,48.0,16.582851,14.493503
20,49.0,16.581826,14.456001
20,50.0,16.602367,14.423092
21,0.0,1.997267,27.370292
21,1.0,1.788372,17.539887
21,2.0,2.199333,11.280357
21,3.0,3.270212,7.413182
21,4.0,5.377798,5.102853
21,5.0,9.131644,3.829074
21,6.0,15.061621,3.32075
21,7.0,22.790594,3.545166
21,8.0,30.223756,4.784194
21,9.0,34.157239,7.713534
21,10.0,32.333979,12.869161
21,11.0,25.767097,18.797231
21,12.0,18.616699,22.113962
21,13.0,13.80823,21.669314
21,14.0,11.473281,19.103884
21,15.0,10.891217,16.148394
21,16.0,11.533797,13.676034
21,17.0,13.085913,11.978145
21,18.0,15.243896,11.101287
21,19.0,17.558163,11.016906
21,20.0,19.429784,11.658982
21,21.0,20.315727,12.872204
21,22.0,20.028222,14.337865
21,23.0,18.858435,15.606817
21,24.0,17.374536,16.301796
21,25.0,16.085543,16.317984
21,26.0,15.264387,15.819324
21,27.0,14.971397,15.082348
21,28.0,15.140897,14.35684
21,29.0,15.640824,13.80938
21,30.0,16.301838,13.522079
21,31.0,16.941868,13.507499
21,32.0,17.402259,13.721889
21,33.0,17.589484,14.077445
21,34.0,17.500306,14.461995
21,35.0,17.212371,14.769429
21,36.0,16.844483,14.931273
21,37.0,16.510118,14.933135
21,38.0,16.286283,14.808524
21,39.0,16.203863,14.617341
21,40.0,16.253034,14.422366
21,41.0,16.395402,14.272609
21,42.0,16.578154,14.195363
21,43.0,16.748276,14.195142
21,44.0,16.865129,14.257232
21,45.0,16.90884,14.354406
21,46.0,16.882238,14.45549
21,47.0,16.80608,14.533915
21,48.0,16.709919,14.573959
21,49.0,16.622329,14.572989
21,50.0,16.563667,14.539566
22,0.0,8.504619,20.213146
22,1.0,8.288385,15.712004
22,2.0,9.394775,12.388958
22,3.0,11.608521,10.271383
22,4.0,14.734363,9.232995
22,5.0,18.265416,9.187373
22,6.0,21.273648,10.110017
22,7.0,22.734657,11.921151
22,8.0,22.18654,14.250473
22,9.0,20.129314,16.346086
22,10.0,17.643193,17.467911
22,11.0,15.616035,17.417813
22,12.0,14.411994,16.54038
22,13.0,14.031569,15.341982
22,14.0,14.329722,14.219122
22,15.0,15.108918,13.400303
22,16.0,16.132358,12.982865
22,17.0,17.132992,12.974672
22,18.0,17.859016,13.313738
22,19.0,18.149328,13.874598
22,20.0,17.991787,14.485574
22,21.0,17.516293,14.973979
22,22.0,16.9231,15.225106
22,23.0,16.396735,15.21688
22,24.0,16.054187,15.008886
22,25.0,15.936047,14.701567
22,26.0,16.021543,14.395067
22,27.0,16.249372,14.163944
22,28.0,16.537916,14.047809
22,29.0,16.805042,14.051827
22,30.0,16.986981,14.152531
22,31.0,17.052315,14.307365
22,32.0,17.006085,14.467273
22,33.0,16.882354,14.590165
22,34.0,16.728956,14.651313
22,35.0,16.591283,14.647204
22,36.0,16.500786,14.592274
22,37.0,16.470285,14.511068
22,38.0,16.495136,14.429513
22,39.0,16.558123,14.368083
22,40.0,16.636057,14.338021
22,41.0,16.706472,14.340597
22,42.0,16.753025,14.36878
22,43.0,16.768532,14.410506
22,44.0,16.755141,14.452592
22,45.0,16.722002,14.484285
22,46.0,16.681495,14.499574
22,47.0,16.645366,14.497838
22,48.0,16.621855,14.482933
22,49.0,16.614344,14.461282
22,50.0,16.621519,14.439708
23,0.0,10.039621,16.081973
23,1.0,10.842803,13.306357
23,2.0,12.626519,11.452693
23,3.0,15.10444,10.517308
23,4.0,17.795231,10.452333
23,5.0,19.996193,11.198795
23,6.0,21.031995,12.611347
23,7.0,20.652732,14.340649
23,8.0,19.218507,15.846181
23,9.0,17.440007,16.656444
23,10.0,15.931835,16.646828
23,11.0,14.996646,16.032419
23,12.0,14.680829,15.155092
23,13.0,14.895365,14.308573
23,14.0,15.486144,13.67944
23,15.0,16.26048,13.355223
23,16.0,17.008983,13.346613
23,17.0,17.545588,13.602762
23,18.0,17.758849,14.022664
23,19.0,17.645217,14.47535
23,20.0,17.298958,14.835288
23,21.0,16.863005,15.02145
23,22.0,16.471583,15.018136
23,23.0,16.213385,14.867025
23,24.0,16.122001,14.640189
23,25.0,16.18396,14.411595
23,26.0,16.353496,14.237884
23,27.0,16.568737,14.149909
23,28.0,16.767809,14.152092
23,29.0,16.903347,14.226744
23,30.0,16.952424,14.341766
23,31.0,16.918926,14.460532
23,32.0,16.827838,14.551923
23,33.0,16.714262,14.597721
23,34.0,16.611773,14.595231
23,35.0,16.543953,14.554911
23,36.0,16.520676,14.494781
23,37.0,16.53873,14.434078
23,38.0,16.585369,14.388142
23,39.0,16.643297,14.365489
23,40.0,16.695744,14.367161
23,41.0,16.730525,14.387959
23,42.0,16.742274,14.418907
23,43.0,16.732543,14.450199
23,44.0,16.708072,14.473833
23,45.0,16.678019,14.485323
23,46.0,16.651114,14.48417
23,47.0,16.633516,14.473197
23,48.0,16.627795,14.457149
23,49.0,16.633018,14.441098
23,50.0,16.645691,14.429089
24,0.0,16.854598,6.360779
24,1.0,22.22859,6.940712
24,2.0,26.215058,8.757064
24,3.0,27.052381,11.913563
24,4.0,24.472697,15.760482
24,5.0,20.174304,18.702259
24,6.0,16.289721,19.548093
24,7.0,13.806548,18.553361
24,8.0,12.72193,16.701219
24,9.0,12.745021,14.807618
24,10.0,13.593444,13.310363
24,11.0,14.992137,12.383674
24,12.0,16.607685,12.065343
24,13.0,18.039146,12.317135
24,14.0,18.911868,13.026049
24,15.0,19.032723,13.9846
24,16.0,18.485148,14.910163
24,17.0,17.569314,15.53847
24,18.0,16.632438,15.737326
24,19.0,15.926001,15.543736
24,20.0,15.563259,15.106421
24,21.0,15.545623,14.599349
24,22.0,15.80266,14.163372
24,23.0,16.222658,13.884873
24,24.0,16.677227,13.79589
24,25.0,17.047718,13.881675
24,26.0,17.252852,14.090987
24,27.0,17.267834,14.350563
24,28.0,17.124746,14.584898
24,29.0,16.893329,14.737188
24,30.0,16.652417,14.783264
24,31.0,16.465453,14.732806
24,32.0,16.367617,14.619229
24,33.0,16.364363,14.484831
24,34.0,16.437262,14.367631
24,35.0,16.553341,14.293115
24,36.0,16.675412,14.271118
24,37.0,16.771632,14.296808
24,38.0,16.822499,14.354593
24,39.0,16.823778,14.423775
24,40.0,16.784894,14.484597
24,41.0,16.723815,14.523171
24,42.0,16.660577,14.534047
24,43.0,16.611623,14.520005
24,44.0,16.586383,14.489652
24,45.0,16.58641,14.45397
24,46.0,16.606643,14.423026
24,47.0,16.637996,14.403641
24,48.0,16.67039,14.398381
24,49.0,16.695444,14.405769
24,50.0,16.708266,14.421452
25,0.0,29.117954,23.478852
25,1.0,16.730268,27.890565
25,2.0,10.646534,25.168284
25,3.0,8.434519,20.187448
25,4.0,8.239274,15.664267
25,5.0,9.363226,12.336392
25,6.0,11.596928,10.221078
25,7.0,14.747769,9.187926
25,8.0,18.305809,9.149955
25,9.0,21.333436,10.084313
25,10.0,22.795539,11.913004
25,11.0,22.22825,14.263247
25,12.0,20.142526,16.374294
25,13.0,17.633089,17.498448
25,14.0,15.59399,17.439371
25,15.0,14.387524,16.548992
25,16.0,14.010536,15.339332
25,17.0,14.315473,14.209059
25,18.0,15.103222,13.386781
25,19.0,16.135452,12.969281
25,20.0,17.143234,12.963772
25,21.0,17.872942,13.307511
25,22.0,18.162621,13.873914
25,23.0,18.000864,14.489817
25,24.0,17.51954,14.981151
25,25.0,16.921022,15.232617
25,26.0,16.39118,15.222563
25,27.0,16.047378,15.011628
25,28.0,15.929911,14.701339
25,29.0,16.017405,14.392591
25,30.0,16.247843,14.160295
25,31.0,16.538904,14.044091
25,32.0,16.807863,14.048942
25,33.0,16.990593,14.151029
25,34.0,17.05564,14.307369
25,35.0,17.008315,14.468504
25,36.0,16.883134,14.592069
25,37.0,16.728389,14.653261
25,38.0,16.589799,14.648683
25,39.0,16.498949,14.592999
25,40.0,16.468628,14.511012
25,41.0,16.494035,14.428851
25,42.0,16.557743,14.367102
25,43.0,16.636353,14.337029
25,44.0,16.70724,14.339843
25,45.0,16.75398,14.368406
25,46.0,16.769394,14.410532
25,47.0,16.755709,14.452934
25,48.0,16.722191,14.484793
25,49.0,16.681333,14.500086
25,50.0,16.644966,14.498223
26,0.0,28.245469,26.949993
26,1.0,14.646147,30.358785
26,2.0,8.988606,25.866062
26,3.0,7.217367,19.879731
26,4.0,7.309556,14.940755
26,5.0,8.671126,11.483648
26,6.0,11.199627,9.358047
26,7.0,14.772345,8.362531
26,8.0,18.855361,8.399203
26,9.0,22.346595,9.480619
26,10.0,23.975343,11.585318
26,11.0,23.165959,14.331757
26,12.0,20.582517,16.801315
26,13.0,17.604789,18.059961
26,14.0,15.283275,17.898956
26,15.0,13.971136,16.79478
26,16.0,13.606339,15.373231
26,17.0,13.998414,14.085155
26,18.0,14.92274,13.170184
26,19.0,16.116193,12.721015
26,20.0,17.275178,12.738079
26,21.0,18.10602,13.149786
26,22.0,18.419162,13.813291
26,23.0,18.20496,14.5288
26,24.0,17.625745,15.092461
26,25.0,16.9242,15.370523
26,26.0,16.316314,15.342593
26,27.0,15.932183,15.085486
26,28.0,15.811322,14.720745
26,29.0,15.924283,14.365076
26,30.0,16.197632,14.102494
26,31.0,16.53629,13.975748
26,32.0,16.845349,13.988327
26,33.0,17.051626,14.111476
26,34.0,17.120121,14.294951
26,35.0,17.058804,14.481403
26,36.0,16.909386,14.622109
26,37.0,16.728756,14.689208
26,38.0,16.569697,14.679986
26,39.0,16.467754,14.612571
26,40.0,16.436412,14.516325
26,41.0,16.469013,14.421512
26,42.0,16.544735,14.351507
26,43.0,16.6363,14.318693
26,44.0,16.717672,14.323867
26,45.0,16.770236,14.358328
26,46.0,16.786207,14.407746
26,47.0,16.768688,14.456724
26,48.0,16.728802,14.4929
26,49.0,16.681186,14.509586
26,50.0,16.639466,14.50642
27,0.0,18.339099,27.734353
27,1.0,11.340041,25.875702
27,2.0,8.648949,21.021926
27,3.0,8.185203,16.346144
27,4.0,9.107616,12.81267
27,5.0,11.162181,10.505667
27,6.0,14.178755,9.30091
27,7.0,17.716739,9.099593
27,8.0,20.902047,9.872073
27,9.0,22.676456,11.563544
27,10.0,22.438744,13.866162
27,11.0,20.541149,16.071889
27,12.0,18.033628,17.389298
27,13.0,15.882187,17.513468
27,14.0,14.533244,16.727907
27,15.0,14.026915,15.54202
27,16.0,14.230411,14.38086
27,17.0,14.951638,13.499358
27,18.0,15.959177,13.012771
27,19.0,16.987662,12.941279
27,20.0,17.776586,13.233345
27,21.0,18.143919,13.772629
27,22.0,18.051703,14.39168
27,23.0,17.611411,14.912806
27,24.0,17.019582,15.207697
27,25.0,16.469253,15.238763
27,26.0,16.090512,15.055243
27,27.0,15.935712,14.754781
27,28.0,15.992363,14.440396
27,29.0,16.203913,14.192168
27,30.0,16.490208,14.055678
27,31.0,16.767396,14.041353
27,32.0,16.967226,14.129642
27,33.0,17.052285,14.28003
27,34.0,17.021993,14.443283
27,35.0,16.906862,14.575094
27,36.0,16.753976,14.647328
27,37.0,16.61035,14.653089
27,38.0,16.510359,14.604478
27,39.0,16.469941,14.525179
27,40.0,16.486964,14.441594
27,41.0,16.545703,14.375533
27,42.0,16.623322,14.339913
27,43.0,16.696691,14.337553
27,44.0,16.748105,14.362524
27,45.0,16.768777,14.403238
27,46.0,16.759469,14.446351
27,47.0,16.728497,14.480455
27,48.0,16.688073,14.498652
27,49.0,16.650346,14.499477
27,50.0,16.624304,14.486203
28,0.0,3.566283,6.683503
28,1.0,5.966934,4.660399
28,2.0,10.161775,3.581909
28,3.0,16.588114,3.228455
28,4.0,24.554129,3.625054
28,5.0,31.603355,5.136782
28,6.0,34.503813,8.509628
28,7.0,31.462197,14.079623
28,8.0,24.315562,19.815999
28,9.0,17.429603,22.374918
28,10.0,13.128457,21.319945
28,11.0,11.192363,18.533486
28,12.0,10.88918,15.603507
28,13.0,11.741415,13.257158
28,14.0,13.452991,11.713394
28,15.0,15.700762,10.99329
28,16.0,17.996976,11.060585
28,17.0,19.725672,11.83819
28,18.0,20.385297,13.143234
28,19.0,19.88096,14.620641
28,20.0,18.587796,15.810739
28,21.0,17.094072,16.374782
28,22.0,15.87324,16.268205
28,23.0,15.15148,15.693852
28,24.0,14.956937,14.934593
28,25.0,15.206255,14.227912
28,26.0,15.757091,13.7238
28,27.0,16.434114,13.489658
28,28.0,17.055157,13.525897
28,29.0,17.469916,13.778575
28,30.0,17.600855,14.152411
28,31.0,17.462768,14.532768
28,32.0,17.146107,14.817766
28,33.0,16.77327,14.948458
28,34.0,16.453292,14.921076
28,35.0,16.254765,14.776742
28,36.0,16.199894,14.578265
28,37.0,16.271934,14.387292
28,38.0,16.428111,14.249283
28,39.0,16.613998,14.187109
28,40.0,16.777673,14.201061
28,41.0,16.881793,14.273178
28,42.0,16.910911,14.374486
28,43.0,16.87204,14.473806
28,44.0,16.788702,14.546105
28,45.0,16.691267,14.5781
28,46.0,16.607391,14.569643
28,47.0,16.555437,14.531111
28,48.0,16.541913,14.478433
28,49.0,16.562453,14.427776
28,50.0,16.605148,14.391439
29,0.0,2.311591,10.43458
29,1.0,3.522351,6.893735
29,2.0,5.859134,4.796456
29,3.0,9.954817,3.669416
29,4.0,16.262887,3.280968
29,5.0,24.156488,3.643502
29,6.0,31.257216,5.103898
29,7.0,34.346005,8.389212
29,8.0,31.54767,13.865805
29,9.0,24.541466,19.614219
29,10.0,17.638784,22.298623
29,11.0,13.263234,21.35781
29,12.0,11.261476,18.622455
29,13.0,10.908745,15.698772
29,14.0,11.720899,13.337669
29,15.0,13.398949,11.771138
29,16.0,15.623427,11.025359
29,17.0,17.914475,11.065701
29,18.0,19.66145,11.816973
29,19.0,20.357935,13.101284
29,20.0,19.893574,14.570956
29,21.0,18.627335,15.770035
29,22.0,17.141379,16.354643
29,23.0,15.913368,16.269968
29,24.0,15.176884,15.711152
29,25.0,14.965783,14.958731
29,26.0,15.200215,14.251403
29,27.0,15.740142,13.741553
29,28.0,16.411864,13.498967
29,29.0,17.033874,13.526195
29,30.0,17.454993,13.771251
29,31.0,17.595235,14.140484
29,32.0,17.46622,14.52011
29,33.0,17.155811,14.807913
29,34.0,16.785286,14.94353
29,35.0,16.464026,14.92136
29,36.0,16.261833,14.781029
29,37.0,16.202356,14.584588
29,38.0,16.270129,14.393643
29,39.0,16.423305,14.254105
29,40.0,16.60794,14.189534
29,41.0,16.772116,14.200959
29,42.0,16.878059,14.271052
29,43.0,16.909611,14.371252
29,44.0,16.873031,14.470499
29,45.0,16.791267,14.543589
29,46.0,16.694428,14.576866
29,47.0,16.610225,14.569748
29,48.0,16.557298,14.532256
29,49.0,16.542533,14.480116
29,50.0,16.561925,14.429463
30,0.0,12.271641,8.869122
30,1.0,16.123856,8.223057
30,2.0,20.181321,8.605906
30,3.0,23.199678,10.047321
30,4.0,24.026489,12.450448
30,5.0,22.480367,15.245739
30,6.0,19.58515,17.40644
30,7.0,16.724563,18.176255
30,8.0,14.716772,17.623753
30,9.0,13.733218,16.339551
30,10.0,13.644702,14.914192
30,11.0,14.244731,13.725543
30,12.0,15.296868,12.956734
30,13.0,16.52147,12.665192
30,14.0,17.607897,12.826406
30,15.0,18.283942,13.344697
30,16.0,18.413497,14.054164
30,17.0,18.050392,14.744479
30,18.0,17.39805,15.225842
30,19.0,16.70253,15.399562
30,20.0,16.155992,15.282279
30,21.0,15.857406,14.972928
30,22.0,15.820359,14.596938
30,23.0,15.997728,14.262792
30,24.0,16.305933,14.041408
30,25.0,16.646889,13.962048
30,26.0,16.930059,14.016416
30,27.0,17.093191,14.166971
30,28.0,17.11564,14.359004
30,29.0,17.01842,14.53597
30,30.0,16.850943,14.654773
30,31.0,16.671078,14.695782
30,32.0,16.527231,14.664114
30,33.0,16.447917,14.583008
30,34.0,16.439461,14.483412
30,35.0,16.489599,14.394176
30,36.0,16.574303,14.335407
30,37.0,16.665716,14.315589
30,38.0,16.739544,14.331989
30,39.0,16.780466,14.373465
30,40.0,16.784459,14.42472
30,41.0,16.75778,14.470868
30,42.0,16.713346,14.501168
30,43.0,16.666023,14.511039
30,44.0,16.628369,14.502055
30,45.0,16.607925,14.480291
30,46.0,16.60637,14.453829
30,47.0,16.620321,14.430287
30,48.0,16.643191,14.415004
30,49.0,16.667459,14.410176
30,50.0,16.686726,14.414945
31,0.0,25.033388,11.345846
31,1.0,23.95099,14.440464
31,2.0,20.894596,17.212362
31,3.0,17.513854,18.556025
31,4.0,14.97766,18.273239
31,5.0,13.604276,16.968881
31,6.0,13.269648,15.36695
31,7.0,13.746622,13.954184
31,8.0,14.791787,12.972178
31,9.0,16.123035,12.506354
31,10.0,17.407765,12.550262
31,11.0,18.317945,13.024963
31,12.0,18.641293,13.773947
31,13.0,18.372533,14.57423
31,14.0,17.703598,15.196102
31,15.0,16.913336,15.49103
31,16.0,16.242399,15.442013
31,17.0,15.829283,15.141769
31,18.0,15.710681,14.729629
31,19.0,15.849097,14.335249
31,20.0,16.160989,14.049367
31,21.0,16.540451,13.916424
31,22.0,16.882445,13.937987
31,23.0,17.10653,14.0807
31,24.0,17.175343,14.28794
31,25.0,17.099858,14.495623
31,26.0,16.928491,14.64982
31,27.0,16.725651,14.720468
31,28.0,16.549942,14.705913
31,29.0,16.439849,14.627599
31,30.0,16.40899,14.518918
31,31.0,16.44878,14.413598
31,32.0,16.535315,14.337185
31,33.0,16.637973,14.302787
31,34.0,16.727903,14.310636
31,35.0,16.784792,14.350561
31,36.0,16.800541,14.406343
31,37.0,16.779191,14.460802
31,38.0,16.733568,14.500342
31,39.0,16.680167,14.517825
31,40.0,16.634096,14.513196
31,41.0,16.605495,14.492083
31,42.0,16.598035,14.46316
31,43.0,16.609352,14.435302
31,44.0,16.63287,14.415304
31,45.0,16.660259,14.406623
31,46.0,16.683851,14.409196
31,47.0,16.698431,14.42015
31,48.0,16.702088,14.435068
31,49.0,16.69606,14.449397
31,50.0,16.683801,14.459629
32,0.0,9.147101,16.738186
32,1.0,9.84881,13.459544
32,2.0,11.640848,11.241945
32,3.0,14.294085,10.044508
32,4.0,17.375759,9.795048
32,5.0,20.13042,10.447652
32,6.0,21.691093,11.910712
32,7.0,21.576317,13.880779
32,8.0,20.05759,15.761214
32,9.0,17.964618,16.915053
32,10.0,16.101144,17.080813
32,11.0,14.885466,16.460686
32,12.0,14.395111,15.463536
32,13.0,14.536193,14.455855
32,14.0,15.143459,13.672729
32,15.0,16.009732,13.228302
32,16.0,16.900163,13.147657
32,17.0,17.589115,13.387284
32,18.0,17.920768,13.84492
32,19.0,17.860513,14.375478
32,20.0,17.498205,14.827083
32,21.0,16.996843,15.089611
32,22.0,16.520956,15.127959
32,23.0,16.185782,14.979991
32,24.0,16.041415,14.726478
32,25.0,16.080944,14.455574
32,26.0,16.257394,14.237819
32,27.0,16.501903,14.11471
32,28.0,16.741728,14.097046
32,29.0,16.917315,14.169058
32,30.0,16.995421,14.296338
32,31.0,16.974237,14.43662
32,32.0,16.878735,14.551553
32,33.0,16.748625,14.616345
32,34.0,16.624337,14.624202
32,35.0,16.536099,14.584684
32,36.0,16.498566,14.517631
32,37.0,16.510758,14.445672
32,38.0,16.559686,14.387858
32,39.0,16.625898,14.355769
32,40.0,16.689409,14.352294
32,41.0,16.734712,14.372678
32,42.0,16.753863,14.407143
32,43.0,16.747128,14.44424
32,44.0,16.721351,14.474047
32,45.0,16.686889,14.490431
32,46.0,16.65422,14.491896
32,47.0,16.631236,14.481057
32,48.0,16.621784,14.463129
32,49.0,16.625533,14.444065
32,50.0,16.638911,14.428898
33,0.0,5.086803,24.263712
33,1.0,4.688464,16.978383
33,2.0,5.506639,11.967837
33,3.0,7.468378,8.792035
33,4.0,10.792053,6.988302
33,5.0,15.531043,6.272279
33,6.0,21.02528,6.582313
33,7.0,25.630601,8.076017
33,8.0,27.396543,10.945112
33,9.0,25.538632,14.805646
33,10.0,21.361318,18.200341
33,11.0,17.148139,19.628859
33,12.0,14.246374,18.995032
33,13.0,12.820208,17.233234
33,14.0,12.593244,15.263892
33,15.0,13.268769,13.62026
33,16.0,14.574529,12.528995
33,17.0,16.194338,12.052661
33,18.0,17.73501,12.169602
33,19.0,18.794406,12.787377
33,20.0,19.113983,13.721791
33,21.0,18.705628,14.699379
33,22.0,17.833566,15.434211
33,23.0,16.856801,15.749292
33,24.0,16.063927,15.641352
33,25.0,15.604039,15.241963
33,26.0,15.502607,14.729065
33,27.0,15.70289,14.257549
33,28.0,16.099708,13.929403
33,29.0,16.564774,13.790301
33,30.0,16.972448,13.836337
33,31.0,17.228112,14.023731
33,32.0,17.29107,14.282092
33,33.0,17.18046,14.533209
33,34.0,16.960166,14.712752
33,35.0,16.710749,14.787092
33,36.0,16.502382,14.758007
33,37.0,16.378551,14.654775
33,38.0,16.352018,14.519541
33,39.0,16.409347,14.393039
33,40.0,16.51979,14.304844
33,41.0,16.645685,14.268987
33,42.0,16.752513,14.284033
33,43.0,16.816832,14.33641
33,44.0,16.830402,14.405813
33,45.0,16.79968,14.471385
33,46.0,16.741348,14.517153
33,47.0,16.675845,14.535327
33,48.0,16.621232,14.526787
33,49.0,16.589066,14.4991
33,50.0,16.582887,14.463158
34,0.0,3.161969,29.619721
34,1.0,2.565354,19.514404
34,2.0,2.911736,12.827
34,3.0,4.058671,8.61903
34,4.0,6.31803,6.08811
34,5.0,10.201027,4.709552
34,6.0,16.021438,4.214617
34,7.0,23.116909,4.593902
34,8.0,29.321075,6.153194
34,9.0,31.814135,9.446763
34,10.0,29.174494,14.474037
34,11.0,23.133766,19.319885
34,12.0,17.261531,21.399249
34,13.0,13.480445,20.469626
34,14.0,11.734051,18.044364
34,15.0,11.472628,15.454082
34,16.0,12.285616,13.356597
34,17.0,13.87993,11.976842
34,18.0,15.924461,11.353001
34,19.0,17.954121,11.454437
34,20.0,19.425952,12.195137
34,21.0,19.934856,13.383308
34,22.0,19.44033,14.684343
34,23.0,18.287137,15.700503
34,24.0,16.979365,16.159436
34,25.0,15.918313,16.039384
34,26.0,15.299039,15.520218
34,27.0,15.147403,14.846477
34,28.0,15.388412,14.224829
34,29.0,15.891276,13.787181
34,30.0,16.495717,13.592318
34,31.0,17.039021,13.63794
34,32.0,17.391723,13.872225
34,33.0,17.49173,14.207405
34,34.0,17.357805,14.541307
34,35.0,17.072342,14.786052
34,36.0,16.742985,14.893038
34,37.0,16.464299,14.861751
34,38.0,16.295075,14.729862
34,39.0,16.253325,14.553052
34,40.0,16.322766,14.385388
34,41.0,16.464358,14.266343
34,42.0,16.629367,14.215202
34,43.0,16.772131,14.231178
34,44.0,16.860635,14.297466
34,45.0,16.882536,14.387936
34,46.0,16.845154,14.475065
34,47.0,16.769889,14.537226
34,48.0,16.683659,14.563383
34,49.0,16.610599,14.554042
34,50.0,16.56643,14.518783
35,0.0,23.395098,6.762755
35,1.0,27.244001,8.826933
35,2.0,27.567049,12.298596
35,3.0,24.366841,16.366686
35,4.0,19.698253,19.236751
35,5.0,15.763657,19.794398
35,6.0,13.3925,18.520151
35,7.0,12.458729,16.502459
35,8.0,12.631129,14.549147
35,9.0,13.619551,13.061238
35,10.0,15.139804,12.184431
35,11.0,16.838051,11.940233
35,12.0,18.289296,12.279713
35,13.0,19.110042,13.076201
35,14.0,19.12789,14.101427
35,15.0,18.469319,15.052104
35,16.0,17.473925,15.658582
35,17.0,16.50476,15.804194
35,18.0,15.80717,15.550876
35,19.0,15.479332,15.066794
35,20.0,15.507946,14.534346
35,21.0,15.810726,14.094245
35,22.0,16.266622,13.828358
35,23.0,16.74059,13.762498
35,24.0,17.111344,13.87511
35,25.0,17.300145,14.108241
35,26.0,17.28931,14.383138
35,27.0,17.119869,14.621515
35,28.0,16.868945,14.767367
35,29.0,16.619052,14.800314
35,30.0,16.433491,14.735017
35,31.0,16.344706,14.609188
35,32.0,16.354284,14.467659
35,33.0,16.439953,14.34907
35,34.0,16.56568,14.278018
35,35.0,16.692489,14.26252
35,36.0,16.788237,14.295584
35,37.0,16.834492,14.359637
35,38.0,16.828994,14.432605
35,39.0,16.783349,14.494226
35,40.0,16.717271,14.530979
35,41.0,16.651713,14.538399
35,42.0,16.603152,14.52049
35,43.0,16.580355,14.48693
35,44.0,16.583847,14.449377
35,45.0,16.6075,14.418092
35,46.0,16.641384,14.399673
35,47.0,16.674958,14.396182
35,48.0,16.699807,14.405544
35,49.0,16.711359,14.422868
35,50.0,16.709313,14.442213
36,0.0,1.160141,24.648381
36,1.0,1.154892,15.465686
36,2.0,1.538496,9.759611
36,3.0,2.435086,6.27394
36,4.0,4.224731,4.1933
36,5.0,7.55653,3.020611
36,6.0,13.177832,2.485118
36,7.0,21.18988,2.512702
36,8.0,29.936252,3.287724
36,9.0,36.088749,5.42486
36,10.0,36.480943,9.931164
36,11.0,30.454719,16.655353
36,12.0,21.781791,22.117143
36,13.0,15.157825,23.166305
36,14.0,11.653769,20.864091
36,15.0,10.401214,17.538995
36,16.0,10.628641,14.539298
36,17.0,11.933411,12.342009
36,18.0,14.043827,11.035536
36,19.0,16.583121,10.592576
36,20.0,18.959895,10.963406
36,21.0,20.48886,12.049995
36,22.0,20.726335,13.60659
36,23.0,19.762446,15.184231
36,24.0,18.159514,16.277937
36,25.0,16.571209,16.611597
36,26.0,15.421637,16.259029
36,27.0,14.856682,15.50845
36,28.0,14.843843,14.668053
36,29.0,15.261501,13.962843
36,30.0,15.940062,13.518068
36,31.0,16.683231,13.376084
36,32.0,17.298866,13.51385
36,33.0,17.645086,13.854815
36,34.0,17.6719,14.28398
36,35.0,17.430528,14.675772
36,36.0,17.041258,14.931372
36,37.0,16.639642,15.007654
36,38.0,16.331433,14.921592
36,39.0,16.172216,14.731311
36,40.0,16.168383,14.50846
36,41.0,16.288846,14.315573
36,42.0,16.480068,14.193504
36,43.0,16.681638,14.157655
36,44.0,16.841079,14.200098
36,45.0,16.925567,14.295582
36,46.0,16.927556,14.41021
36,47.0,16.862633,14.511178
36,48.0,16.760946,14.575184
36,49.0,16.65602,14.593047
36,50.0,16.575116,14.569488
37,0.0,21.498863,22.141208
37,1.0,15.033333,23.051862
37,2.0,11.632077,20.718619
37,3.0,10.436327,17.421632
37,4.0,10.697936,14.46521
37,5.0,12.023824,12.30895
37,6.0,14.140839,11.037432
37,7.0,16.665956,10.623613
37,8.0,19.005129,11.01723
37,9.0,20.482153,12.116306
37,10.0,20.673655,13.668725
37,11.0,19.688492,15.223536
37,12.0,18.0923,16.284598
37,13.0,16.527637,16.590402
37,14.0,15.405333,16.223758
37,15.0,14.863433,15.472828
37,16.0,14.866456,14.641089
37,17.0,15.291924,13.948547
37,18.0,15.970186,13.516756
37,19.0,16.705865,13.385576
37,20.0,17.309247,13.530236
37,21.0,17.642257,13.873146
37,22.0,17.65887,14.299318
37,23.0,17.412823,14.684544
37,24.0,17.024611,14.932413
37,25.0,16.628132,15.002256
37,26.0,16.326775,14.912588
37,27.0,16.174019,14.721835
37,28.0,16.174836,14.501004
37,29.0,16.297454,14.31154
37,30.0,16.48831,14.193172
37,31.0,16.687527,14.160379
37,32.0,16.843553,14.204629
37,33.0,16.924626,14.300456
37,34.0,16.924097,14.414128
37,35.0,16.858047,14.513321
37,36.0,16.756637,14.575347
37,37.0,16.653027,14.591584
37,38.0,16.573921,14.567105
37,39.0,16.534164,14.516473
37,40.0,16.535688,14.457864
37,41.0,16.569833,14.407643
37,42.0,16.621607,14.37669
37,43.0,16.67456,14.368903
37,44.0,16.715106,14.381661
37,45.0,16.735402,14.40773
37,46.0,16.734275,14.437926
37,47.0,16.716253,14.463794
37,48.0,16.689282,14.479626
37,49.0,16.661989,14.483394
37,50.0,16.641338,14.476554
38,0.0,23.36684,3.147295
38,1.0,31.183469,4.34676
38,2.0,35.370921,7.243822
38,3.0,33.504003,12.536771
38,4.0,26.508856,18.858779
38,5.0,18.843805,22.505236
38,6.0,13.730226,22.089456
38,7.0,11.269406,19.386066
38,8.0,10.643908,16.274267
38,9.0,11.282143,13.678769
38,10.0,12.863551,11.894593
38,11.0,15.091749,10.960957
38,12.0,17.516483,10.845229
38,13.0,19.514613,11.484875
38,14.0,20.497871,12.732485
38,15.0,20.239403,14.268823
38,16.0,19.027754,15.622792
38,17.0,17.464137,16.38268
38,18.0,16.095837,16.422973
38,19.0,15.216886,15.911213
38,20.0,14.892531,15.140267
38,21.0,15.054987,14.375606
38,22.0,15.56819,13.793987
38,23.0,16.257364,13.482931
38,24.0,16.932652,13.457476
38,25.0,17.425726,13.674244
38,26.0,17.634228,14.043426
38,27.0,17.550411,14.448154
38,28.0,17.253318,14.775895
38,29.0,16.867537,14.952347
38,30.0,16.513473,14.960089
38,31.0,16.273583,14.832973
38,32.0,16.181738,14.633566
38,33.0,16.228821,14.428095
38,34.0,16.37543,14.268631
38,35.0,16.566572,14.184596
38,36.0,16.746457,14.181526
38,37.0,16.87174,14.244666
38,38.0,16.920597,14.345842
38,39.0,16.895116,14.452345
38,40.0,16.81655,14.535946
38,41.0,16.715801,14.579619
38,42.0,16.623083,14.580093
38,43.0,16.560162,14.546002
38,44.0,16.536723,14.493085
38,45.0,16.550635,14.438552
38,46.0,16.59097,14.396421
38,47.0,16.642418,14.374747
38,48.0,16.689865,14.37489
38,49.0,16.722107,14.392518
38,50.0,16.73395,14.419769
39,0.0,11.395506,4.360203
39,1.0,17.72391,4.076755
39,2.0,24.982029,4.694113
39,3.0,30.663982,6.608995
39,4.0,32.010998,10.394132
39,5.0,28.203796,15.727014
39,6.0,21.737556,20.215615
39,7.0,16.159625,21.543772
39,8.0,12.844584,20.078492
39,9.0,11.476172,17.468707
39,10.0,11.496539,14.911542
39,11.0,12.528592,12.941159
39,12.0,14.284169,11.719483
39,13.0,16.404621,11.260273
39,14.0,18.389113,11.521549
39,15.0,19.691964,12.399382
39,16.0,19.965873,13.668879
39,17.0,19.266117,14.962815
39,18.0,18.008615,15.885525
39,19.0,16.704551,16.211036
39,20.0,15.717394,15.974343
39,21.0,15.199102,15.38732
39,22.0,15.145861,14.69743
39,23.0,15.465093,14.098822
39,24.0,16.015121,13.707383
39,25.0,16.62996,13.567297
39,26.0,17.148425,13.663717
39,27.0,17.451563,13.934337
39,28.0,17.494563,14.284371
39,29.0,17.313857,14.610452
39,30.0,17.003129,14.830296
39,31.0,16.672108,14.905452
39,32.0,16.410115,14.845746
39,33.0,16.26735,14.695746
39,34.0,16.253246,14.513384
39,35.0,16.344783,14.351182
39,36.0,16.498806,14.244853
39,37.0,16.665348,14.209157
39,38.0,16.800289,14.239087
39,39.0,16.875257,14.314714
39,40.0,16.882475,14.408402
39,41.0,16.833325,14.492911
39,42.0,16.751701,14.548385
39,43.0,16.665044,14.566321
39,44.0,16.59635,14.549668
39,45.0,16.559235,14.509699
39,46.0,16.556591,14.461289
39,47.0,16.582164,14.418344
39,48.0,16.623955,14.390533
39,49.0,16.66828,14.381804
39,50.0,16.703465,14.39057
40,0.0,26.029999,19.075646
40,1.0,18.529855,22.48834
40,2.0,13.595632,21.927576
40,3.0,11.250305,19.202572
40,4.0,10.694414,16.129141
40,5.0,11.378253,13.587262
40,6.0,12.987737,11.854677
40,7.0,15.221382,10.966566
40,8.0,17.620691,10.88977
40,9.0,19.562902,11.559135
40,10.0,20.477021,12.820074
40,11.0,20.164337,14.345361
40,12.0,18.933239,15.665259
40,13.0,17.383425,16.38303
40,14.0,16.046491,16.390948
40,15.0,15.201445,15.864866
40,16.0,14.905238,15.095843
40,17.0,15.086681,14.343329
40,18.0,15.608396,13.778229
40,19.0,16.295462,13.483689
40,20.0,16.959546,13.471606
40,21.0,17.43603,13.696336
40,22.0,17.627806,14.066845
40,23.0,17.532037,14.466636
40,24.0,17.230376,14.785354
40,25.0,16.847083,14.951961
40,26.0,16.500181,14.952017
40,27.0,16.269142,14.821016
40,28.0,16.185299,14.621643
40,29.0,16.237864,14.419172
40,30.0,16.386677,14.264264
40,31.0,16.576833,14.18493
40,32.0,16.753337,14.185569
40,33.0,16.874111,14.250719
40,34.0,16.918702,14.352011
40,35.0,16.890273,14.457039
40,36.0,16.810594,14.538245
40,37.0,16.710482,14.579405
40,38.0,16.619618,14.577927
40,39.0,16.55904,14.542837
40,40.0,16.537746,14.489927
40,41.0,16.553117,14.436194
40,42.0,16.594001,14.395293
40,43.0,16.645129,14.374885
40,44.0,16.691635,14.37601
40,45.0,16.722672,14.394147
40,46.0,16.733402,14.421395
40,47.0,16.725107,14.449083
40,48.0,16.703672,14.470109
40,49.0,16.67716,14.480455
40,50.0,16.653299,14.479622
41,0.0,10.596043,2.843192
41,1.0,17.597145,2.617693
41,2.0,26.193081,3.059031
41,3.0,33.630864,4.58367
41,4.0,36.473071,8.071718
41,5.0,32.840904,14.060276
41,6.0,24.797257,20.350661
41,7.0,17.284669,23.070233
41,8.0,12.757726,21.796383
41,9.0,10.790041,18.724101
41,10.0,10.519763,15.581073
41,11.0,11.437215,13.103986
41,12.0,13.251019,11.48934
41,13.0,15.642976,10.740121
41,14.0,18.106803,10.814255
41,15.0,19.977159,11.639048
41,16.0,20.695364,13.034694
41,17.0,20.145034,14.628724
41,18.0,18.736016,15.919183
41,19.0,17.117373,16.528892
41,20.0,15.804549,16.408424
41,21.0,15.034899,15.783539
41,22.0,14.831048,14.964168
41,23.0,15.10041,14.205766
41,24.0,15.691368,13.666722
41,25.0,16.418135,13.416988
41,26.0,17.086198,13.456374
41,27.0,17.533211,13.727818
41,28.0,17.674248,14.130017
41,29.0,17.524585,14.539894
41,30.0,17.182257,14.847156
41,31.0,16.780066,14.987714
41,32.0,16.435768,14.957555
41,33.0,16.222795,14.80148
41,34.0,16.164428,14.587534
41,35.0,16.24232,14.382116
41,36.0,16.410474,14.233921
41,37.0,16.610498,14.167317
41,38.0,16.786616,14.182525
41,39.0,16.898606,14.260246
41,40.0,16.929788,14.369356
41,41.0,16.887721,14.4763
41,42.0,16.797811,14.5541
41,43.0,16.692836,14.588441
41,44.0,16.602587,14.579199
41,45.0,16.546782,14.537605
41,46.0,16.532359,14.480847
41,47.0,16.554571,14.426331
41,48.0,16.600582,14.387274
41,49.0,16.654182,14.370346
41,50.0,16.700396,14.375401
42,0.0,10.018487,10.430316
42,1.0,13.045035,8.919572
42,2.0,16.864878,8.463853
42,3.0,20.656738,9.026395
42,4.0,23.19861,10.616996
42,5.0,23.534482,13.055645
42,6.0,21.737358,15.681071
42,7.0,18.912143,17.515358
42,8.0,16.301805,17.987956
42,9.0,14.558287,17.291328
42,10.0,13.781239,16.007483
42,11.0,13.832136,14.665147
42,12.0,14.507876,13.589988
42,13.0,15.571172,12.934675
42,14.0,16.742342,12.739769
42,15.0,17.723562,12.968432
42,16.0,18.274257,13.513906
42,17.0,18.299637,14.20464
42,18.0,17.884338,14.837769
42,19.0,17.237471,15.245356
42,20.0,16.588662,15.354857
42,21.0,16.105867,15.200265
42,22.0,15.867783,14.884095
42,23.0,15.875324,14.525272
42,24.0,16.075325,14.221819
42,25.0,16.383364,14.034405
42,26.0,16.70508,13.984038
42,27.0,16.957565,14.056776
42,28.0,17.088321,14.212478
42,29.0,17.085695,14.397228
42,30.0,16.976158,14.558396
42,31.0,16.809849,14.6586
42,32.0,16.64141,14.683747
42,33.0,16.514042,14.642608
42,34.0,16.451037,14.559508
42,35.0,16.45477,14.464264
42,36.0,16.510865,14.383268
42,37.0,16.595063,14.333785
42,38.0,16.680855,14.32182
42,39.0,16.746312,14.342988
42,40.0,16.778759,14.385548
42,41.0,16.776371,14.434624
42,42.0,16.746639,14.476501
42,43.0,16.702598,14.501939
42,44.0,16.658311,14.507722
42,45.0,16.625025,14.496314
42,46.0,16.608909,14.47407
42,47.0,16.610567,14.448795
42,48.0,16.626036,14.427469
42,49.0,16.648686,14.414668
42,50.0,16.671391,14.411915
43,0.0,22.158579,19.489167
43,1.0,16.751613,21.10844
43,2.0,13.348205,20.005553
43,3.0,11.83116,17.631465
43,4.0,11.703057,15.177568
43,5.0,12.58915,13.224863
43,6.0,14.200619,11.972047
43,7.0,16.195309,11.451574
43,8.0,18.105833,11.629056
43,9.0,19.417083,12.408069
43,10.0,19.781013,13.582253
43,11.0,19.211618,14.81427
43,12.0,18.068919,15.730634
43,13.0,16.83007,16.099937
43,14.0,15.856466,15.929728
43,15.0,15.314858,15.40417
43,16.0,15.217927,14.755507
43,17.0,15.486384,14.174408
43,18.0,15.989474,13.779668
43,19.0,16.57061,13.620894
43,20.0,17.075223,13.689729
43,21.0,17.385746,13.931115
43,22.0,17.452358,14.257535
43,23.0,17.301943,14.57112
43,24.0,17.01823,14.791345
43,25.0,16.704288,14.877275
43,26.0,16.447371,14.833545
43,27.0,16.299309,14.699233
43,28.0,16.273181,14.528294
43,29.0,16.350225,14.371408
43,30.0,16.491191,14.264356
43,31.0,16.649005,14.223314
43,32.0,16.780957,14.245445
43,33.0,16.858423,14.313171
43,34.0,16.871971,14.400849
43,35.0,16.830593,14.482431
43,36.0,16.755862,14.538241
43,37.0,16.673626,14.559052
43,38.0,16.606273,14.546552
43,39.0,16.56773,14.510684
43,40.0,16.561817,14.465293
43,41.0,16.583463,14.423749
43,42.0,16.621775,14.395706
43,43.0,16.663849,14.385494
43,44.0,16.698341,14.392145
43,45.0,16.718015,14.410666
43,46.0,16.720799,14.434055
43,47.0,16.70933,14.455439
43,48.0,16.689355,14.469795
43,49.0,16.667634,14.474878
43,50.0,16.650009,14.471247
44,0.0,26.72917,14.694233
44,1.0,21.967283,18.564836
44,2.0,17.210468,20.214342
44,3.0,14.001281,19.496926
44,4.0,12.453037,17.520848
44,5.0,12.207179,15.341371
44,6.0,12.928485,13.539168
44,7.0,14.334808,12.344969
44,8.0,16.101526,11.815517
44,9.0,17.808533,11.926792
44,10.0,19.005883,12.58761
44,11.0,19.387786,13.609096
44,12.0,18.950683,14.695555
44,13.0,17.985677,15.523969
44,14.0,16.898755,15.886894
44,15.0,16.015548,15.775293
44,16.0,15.501219,15.33623
44,17.0,15.38228,14.769385
44,18.0,15.596231,14.247043
44,19.0,16.029104,13.881603
44,20.0,16.541457,13.723471
44,21.0,16.99492,13.769375
44,22.0,17.283172,13.972706
44,23.0,17.358504,14.25704
44,24.0,17.240061,14.536019
44,25.0,16.997924,14.737449
44,26.0,16.721661,14.82275
44,27.0,16.489603,14.792952
44,28.0,16.350423,14.680115
44,29.0,16.318714,14.530893
44,30.0,16.380117,14.390505
44,31.0,16.501078,14.291883
44,32.0,16.640175,14.250856
44,33.0,16.75912,14.266213
44,34.0,16.831583,14.323285
44,35.0,16.847957,14.399792
44,36.0,16.814996,14.472625
44,37.0,16.750968,14.523913
44,38.0,16.678487,14.544778
44,39.0,16.617657,14.535972
44,40.0,16.58144,14.505738
44,41.0,16.573943,14.466087
44,42.0,16.59128,14.428925
44,43.0,16.62417,14.403088
44,44.0,16.661282,14.392794
44,45.0,16.69243,14.397547
44,46.0,16.710912,14.413184
44,47.0,16.714539,14.433621
44,48.0,16.705332,14.452745
44,49.0,16.688181,14.465972
44,50.0,16.669014,14.47112
45,0.0,4.468233,21.684099
45,1.0,4.535234,15.009855
45,2.0,5.692851,10.585848
45,3.0,8.042676,7.864272
45,4.0,11.846989,6.404505
45,5.0,17.05274,5.976812
45,6.0,22.719016,6.589461
45,7.0,26.923577,8.467875
45,8.0,27.760823,11.775113
45,9.0,24.934883,15.860887
45,10.0,20.30729,18.989193
45,11.0,16.19424,19.852426
45,12.0,13.612337,18.755539
45,13.0,12.508303,16.77793
45,14.0,12.553271,14.784317
45,15.0,13.450598,13.222116
45,16.0,14.920192,12.261452
45,17.0,16.619659,11.935387
45,18.0,18.129013,12.203645
45,19.0,19.049269,12.951382
45,20.0,19.171799,13.963816
45,21.0,18.584978,14.942608
45,22.0,17.610884,15.60559
45,23.0,16.620198,15.811756
45,24.0,15.877839,15.602318
45,25.0,15.50001,15.137294
45,26.0,15.485379,14.601548
45,27.0,15.758684,14.143018
45,28.0,16.202468,13.851436
45,29.0,16.68195,13.759548
45,30.0,17.072233,13.851445
45,31.0,17.287503,14.073158
45,32.0,17.301661,14.347496
45,33.0,17.148995,14.594729
45,34.0,16.903686,14.754845
45,35.0,16.649256,14.802489
45,36.0,16.452538,14.748234
45,37.0,16.350261,14.627699
45,38.0,16.347772,14.485678
45,39.0,16.425379,14.362229
45,40.0,16.548208,14.284061
45,41.0,16.677042,14.261361
45,42.0,16.77834,14.288901
45,43.0,16.83161,14.35016
45,44.0,16.832498,14.423268
45,45.0,16.791072,14.487383
45,46.0,16.726391,14.527888
45,47.0,16.659632,14.539103
45,48.0,16.608116,14.524042
45,49.0,16.581717,14.491852
45,50.0,16.581988,14.454149
46,0.0,23.062766,17.277039
46,1.0,18.504786,19.533118
46,2.0,15.01063,19.514961
46,3.0,13.070831,17.970575
46,4.0,12.465034,15.941267
46,5.0,12.873855,14.109863
46,6.0,14.019046,12.792084
46,7.0,15.604848,12.092113
46,8.0,17.257201,12.011354
46,9.0,18.552867,12.48283
46,10.0,19.15509,13.35498
46,11.0,18.971867,14.376095
46,12.0,18.198614,15.243484
46,13.0,17.193715,15.723462
46,14.0,16.292403,15.750705
46,15.0,15.697117,15.42291
46,16.0,15.471613,14.9169
46,17.0,15.581457,14.404953
46,18.0,15.932837,14.011052
46,19.0,16.400096,13.800786
46,20.0,16.850707,13.786363
46,21.0,17.173695,13.935744
46,22.0,17.306519,14.184484
46,23.0,17.248391,14.45282
46,24.0,17.051962,14.667556
46,25.0,16.797492,14.782132
46,26.0,16.563114,14.786283
46,27.0,16.40373,14.70192
46,28.0,16.342914,14.569555
46,29.0,16.375157,14.432821
46,30.0,16.473868,14.326663
46,31.0,16.601713,14.271055
46,32.0,16.721196,14.269689
46,33.0,16.803726,14.312382
46,34.0,16.835343,14.380006
46,35.0,16.817851,14.450696
46,36.0,16.765455,14.505867
46,37.0,16.698552,14.534465
46,38.0,16.637081,14.534474
46,39.0,16.595461,14.511651
46,40.0,16.580132,14.476412
46,41.0,16.58965,14.440172
46,42.0,16.616677,14.412249
46,43.0,16.650962,14.397987
46,44.0,16.682442,14.398253
46,45.0,16.703717,14.410109
46,46.0,16.711409,14.428286
46,47.0,16.706254,14.446945
46,48.0,16.692112,14.46127
46,49.0,16.674359,14.468489
46,50.0,16.658206,14.468187
47,0.0,23.358048,15.320072
47,1.0,19.967502,17.828002
47,2.0,16.681382,18.704155
47,3.0,14.431927,18.03862
47,4.0,13.358099,16.554481
47,5.0,13.276547,14.939989
47,6.0,13.949746,13.611317
47,7.0,15.124547,12.75791
47,8.0,16.500574,12.434362
47,9.0,17.732545,12.613095
47,10.0,18.50635,13.193378
47,11.0,18.65746,13.995076
47,12.0,18.242666,14.781068
47,13.0,17.496891,15.331236
47,14.0,16.705076,15.529252
47,15.0,16.086455,15.394303
47,16.0,15.75053,15.041518
47,17.0,15.709856,14.61497
47,18.0,15.910326,14.23732
47,19.0,16.258317,13.987604
47,20.0,16.643995,13.898056
47,21.0,16.965148,13.959321
47,22.0,17.150655,14.129496
47,23.0,17.176377,14.347088
47,24.0,17.065923,14.547985
47,25.0,16.875631,14.682971
47,26.0,16.671498,14.729524
47,27.0,16.508493,14.693479
47,28.0,16.418763,14.601378
47,29.0,16.409277,14.488443
47,30.0,16.466078,14.387362
47,31.0,16.562009,14.32083
47,32.0,16.665585,14.298396
47,33.0,16.749291,14.316965
47,34.0,16.795718,14.363956
47,35.0,16.800255,14.422058
47,36.0,16.769986,14.474394
47,37.0,16.71958,14.508762
47,38.0,16.665916,14.519953
47,39.0,16.623236,14.509754
47,40.0,16.600075,14.485068
47,41.0,16.598323,14.455066
47,42.0,16.614139,14.428384
47,43.0,16.640061,14.411065
47,44.0,16.66757,14.405596
47,45.0,16.689411,14.411003
47,46.0,16.701179,14.423777
47,47.0,16.701885,14.439239
47,48.0,16.693543,14.45295
47,49.0,16.680069,14.461786
47,50.0,16.665895,14.464477
48,0.0,16.159252,13.39869
48,1.0,16.910649,13.34913
48,2.0,17.47522,13.570254
48,3.0,17.731051,13.968317
48,4.0,17.659907,14.416668
48,5.0,17.343426,14.788871
48,6.0,16.91878,14.997669
48,7.0,16.521677,15.018722
48,8.0,16.246597,14.886474
48,9.0,16.133949,14.669317
48,10.0,16.176168,14.441028
48,11.0,16.3317,14.260382
48,12.0,16.540897,14.161431
48,13.0,16.741991,14.151965
48,14.0,16.885747,14.217192
48,15.0,16.946024,14.326937
48,16.0,16.9232,14.445194
48,17.0,16.83954,14.540118
48,18.0,16.728868,14.591802
48,19.0,16.624975,14.595533
48,20.0,16.552717,14.560086
48,21.0,16.523718,14.502517
48,22.0,16.53644,14.441905
48,23.0,16.579374,14.394084
48,24.0,16.635825,14.368438
48,25.0,16.688964,14.366971
48,26.0,16.726019,14.385293
48,27.0,16.740739,14.414921
48,28.0,16.733782,14.446161
48,29.0,16.711217,14.470778
48,30.0,16.68189,14.483832
48,31.0,16.654585,14.48431
48,32.0,16.635793,14.474605
48,33.0,16.628543,14.459215
48,34.0,16.632353,14.443168
48,35.0,16.644062,14.430642
48,36.0,16.659153,14.424088
48,37.0,16.673149,14.423971
48,38.0,16.682732,14.429044
48,39.0,16.686353,14.436999
48,40.0,16.684278,14.445255
48,41.0,16.678165,14.451666
48,42.0,16.670364,14.454977
48,43.0,16.663183,14.454967
48,44.0,16.658312,14.452299
48,45.0,16.656521,14.448179
48,46.0,16.657647,14.443936
48,47.0,16.660827,14.440665
48,48.0,16.66485,14.438999
48,49.0,16.668532,14.43904
48,50.0,16.671011,14.440437
49,0.0,1.737155,4.128851
49,1.0,3.272817,2.692973
49,2.0,6.258567,1.875671
49,3.0,11.607788,1.477214
49,4.0,19.844384,1.427019
49,5.0,29.79451,1.821196
49,6.0,38.212803,3.088442
49,7.0,41.506288,6.288693
49,8.0,37.430904,12.691436
49,9.0,27.565383,20.567837
49,10.0,18.07814,24.558051
49,11.0,12.490587,23.333715
49,12.0,10.100176,19.738761
49,13.0,9.663813,16.042712
49,14.0,10.531562,13.137084
49,15.0,12.409931,11.216793
49,16.0,15.026137,10.254133
49,17.0,17.889382,10.192825
49,18.0,20.250301,10.979183
49,19.0,21.367217,12.477032
49,20.0,20.953457,14.327822
49,21.0,19.397906,15.948579
49,22.0,17.480518,16.818894
49,23.0,15.868158,16.801413
49,24.0,14.877615,16.135155
49,25.0,14.548232,15.193396
49,26.0,14.780294,14.290634
49,27.0,15.410332,13.622667
49,28.0,16.235827,13.279576
49,29.0,17.035188,13.271556
49,30.0,17.609239,13.54514
49,31.0,17.837168,13.993877
49,32.0,17.714241,14.478352
49,33.0,17.341957,14.863728
49,34.0,16.874513,15.062554
49,35.0,16.456057,15.058027
49,36.0,16.180982,14.895383
49,37.0,16.084367,14.65231
49,38.0,16.151285,14.408016
49,39.0,16.332766,14.222777
49,40.0,16.56287,14.12923
49,41.0,16.775607,14.131925
49,42.0,16.92035,14.21195
49,43.0,16.972542,14.33505
49,44.0,16.936364,14.462083
49,45.0,16.838648,14.559747
49,46.0,16.717051,14.608554
49,47.0,16.607509,14.60567
49,48.0,16.535174,14.562366
49,49.0,16.510504,14.497974
49,50.0,16.529986,14.433076
50,0.0,1.911446,19.455902
50,1.0,2.205777,12.535837
50,2.0,3.151006,8.225242
50,3.0,5.061472,5.626375
50,4.0,8.502748,4.163715
50,5.0,14.030238,3.522322
50,6.0,21.450931,3.626852
50,7.0,28.9547,4.701214
50,8.0,33.454662,7.351
50,9.0,32.483608,12.160737
50,10.0,26.528376,18.028716
50,11.0,19.414352,21.738777
50,12.0,14.350253,21.739818
50,13.0,11.762725,19.403774
50,14.0,10.989989,16.495446
50,15.0,11.482689,13.978882
50,16.0,12.910578,12.20108
50,17.0,14.977944,11.23206
50,18.0,17.260943,11.050956
50,19.0,19.182943,11.597619
50,20.0,20.19167,12.73178
50,21.0,20.050054,14.160019
50,22.0,18.988636,15.450657
50,23.0,17.545124,16.214369
50,24.0,16.23796,16.311134
50,25.0,15.366493,15.873923
50,26.0,15.013571,15.167239
50,27.0,15.127569,14.443557
50,28.0,15.585273,13.877873
50,29.0,16.223502,13.561168
50,30.0,16.863183,13.513945
50,31.0,17.343537,13.6996
50,32.0,17.563142,14.03642
50,33.0,17.507536,14.41587
50,34.0,17.244379,14.731432
50,35.0,16.88738,14.910128
50,36.0,16.550408,14.931038
50,37.0,16.314469,14.821911
50,38.0,16.21566,14.639393
50,39.0,16.248952,14.445705
50,40.0,16.379544,14.291242
50,41.0,16.556646,14.205704
50,42.0,16.727547,14.196278
50,43.0,16.850298,14.25063
50,44.0,16.902592,14.34318
50,45.0,16.884506,14.443369
50,46.0,16.814574,14.524181
50,47.0,16.721194,14.568646
50,48.0,16.632952,14.572573
50,49.0,16.571096,14.543155
50,50.0,16.545762,14.494678
51,0.0,10.116323,15.74855
51,1.0,11.028695,13.082978
51,2.0,12.890718,11.337685
51,3.0,15.401801,10.501246
51,4.0,18.055297,10.526017
51,5.0,20.14077,11.348262
51,6.0,21.017557,12.805015
51,7.0,20.503317,14.523126
51,8.0,19.011266,15.958822
51,9.0,17.253601,16.673471
51,10.0,15.809955,16.585972
51,11.0,14.94849,15.933228
51,12.0,14.696651,15.05458
51,13.0,14.957386,14.230984
51,14.0,15.5727,13.636383
51,15.0,16.34807,13.348767
51,16.0,17.075833,13.371719
51,17.0,17.577065,13.648769
51,18.0,17.751962,14.075166
51,19.0,17.608835,14.519643
51,20.0,17.249045,14.860812
51,21.0,16.815799,15.024862
51,22.0,16.438549,15.003177
51,23.0,16.199479,14.841698
51,24.0,16.126405,14.613279
51,25.0,16.201832,14.390131
51,26.0,16.377882,14.225949
51,27.0,16.592417,14.148477
51,28.0,16.784965,14.159489
51,29.0,16.9108,14.239492
51,30.0,16.95008,14.355669
51,31.0,16.909301,14.471829
51,32.0,16.814875,14.55821
51,33.0,16.701963,14.598366
51,34.0,16.603117,14.591209
51,35.0,16.540361,14.548206
51,36.0,16.522012,14.487643
51,37.0,16.54367,14.428389
51,38.0,16.591967,14.385032
51,39.0,16.649573,14.365221
51,40.0,16.700177,14.369242
51,41.0,16.732351,14.391407
51,42.0,16.741541,14.422585
51,43.0,16.729944,14.453129
51,44.0,16.704639,14.47542
51,45.0,16.67479,14.48543
51,46.0,16.648862,14.483066
51,47.0,16.632615,14.471404
51,48.0,16.6282,14.455259
51,49.0,16.634367,14.439606
51,50.0,16.647457,14.428292
52,0.0,27.319428,8.229475
52,1.0,28.240893,11.599388
52,2.0,25.322472,15.835441
52,3.0,20.49423,19.124699
52,4.0,16.207989,20.05099
52,5.0,13.529688,18.92024
52,6.0,12.385383,16.871396
52,7.0,12.42233,14.809251
52,8.0,13.333996,13.194661
52,9.0,14.838209,12.199028
52,10.0,16.589381,11.854275
52,11.0,18.156881,12.120331
52,12.0,19.123959,12.883412
52,13.0,19.265844,13.926815
52,14.0,18.66715,14.943471
52,15.0,17.660529,15.637864
52,16.0,16.632688,15.85914
52,17.0,15.860327,15.64749
52,18.0,15.464535,15.168588
52,19.0,15.44428,14.614522
52,20.0,15.722504,14.138867
52,21.0,16.178851,13.834761
52,22.0,16.67467,13.736565
52,23.0,17.080588,13.828631
52,24.0,17.306749,14.056011
52,25.0,17.324759,14.339376
52,26.0,17.169085,14.596134
52,27.0,16.916149,14.763585
52,28.0,16.652558,14.814761
52,29.0,16.447865,14.760077
52,30.0,16.340498,14.636156
52,31.0,16.336384,14.489334
52,32.0,16.415497,14.361176
52,33.0,16.541994,14.279513
52,34.0,16.675361,14.255125
52,35.0,16.780766,14.282847
52,36.0,16.836745,14.345767
52,37.0,16.838504,14.421328
52,38.0,16.796239,14.487914
52,39.0,16.729573,14.530268
52,40.0,16.660427,14.542352
52,41.0,16.606811,14.527157
52,42.0,16.579068,14.494069
52,43.0,16.578931,14.45509
52,44.0,16.60091,14.421231
52,45.0,16.635107,14.399965
52,46.0,16.670514,14.394118
52,47.0,16.69796,14.402107
52,48.0,16.712067,14.419195
52,49.0,16.71189,14.439279
52,50.0,16.700308,14.456687
53,0.0,12.901105,22.910983
53,1.0,10.486694,19.618128
53,2.0,9.991766,16.116979
53,3.0,10.789326,13.314864
53,4.0,12.574117,11.44161
53,5.0,15.062572,10.492006
53,6.0,17.775164,10.417244
53,7.0,20.005416,11.159304
53,8.0,21.067549,12.5756
53,9.0,20.700353,14.318468
53,10.0,19.260632,15.843585
53,11.0,17.465691,16.670913
53,12.0,15.939432,16.669532
53,13.0,14.990039,16.054322
53,14.0,14.665454,15.170589
53,15.0,14.876491,14.315672
53,16.0,15.468491,13.678585
53,17.0,16.24794,13.348236
53,18.0,17.003994,13.336077
53,19.0,17.54845,13.59162
53,20.0,17.767598,14.013718
53,21.0,17.656412,14.470574
53,22.0,17.309071,14.835246
53,23.0,16.869607,15.025235
53,24.0,16.473801,15.023913
53,25.0,16.211682,14.872823
53,26.0,16.117659,14.644517
53,27.0,16.178578,14.413697
53,28.0,16.348586,14.237716
53,29.0,16.565423,14.147966
53,30.0,16.766634,14.149189
53,31.0,16.904222,14.223775
53,32.0,16.954741,14.339486
53,33.0,16.921806,14.459393
53,34.0,16.830427,14.551997
53,35.0,16.715959,14.59875
53,36.0,16.612334,14.596755
53,37.0,16.543472,14.55644
53,38.0,16.519487,14.495926
53,39.0,16.537272,14.434629
53,40.0,16.584061,14.388081
53,41.0,16.642437,14.364953
53,42.0,16.695462,14.366379
53,43.0,16.730781,14.387174
53,44.0,16.742896,14.418318
53,45.0,16.733302,14.449916
53,46.0,16.708747,14.473868
53,47.0,16.678457,14.485603
53,48.0,16.65125,14.484576
53,49.0,16.633378,14.4736
53,50.0,16.627472,14.457449
54,0.0,7.635147,3.232417
54,1.0,13.203022,2.663908
54,2.0,21.090402,2.690978
54,3.0,29.643084,3.500746
54,4.0,35.576632,5.707056
54,5.0,35.802993,10.26038
54,6.0,29.817865,16.860348
54,7.0,21.413905,22.047432
54,8.0,15.047405,22.933943
54,9.0,11.685132,20.635633
54,10.0,10.500869,17.383188
54,11.0,10.763323,14.461718
54,12.0,12.082761,12.329186
54,13.0,14.184184,11.072826
54,14.0,16.683249,10.667622
54,15.0,18.989852,11.063255
54,16.0,20.438333,12.155833
54,17.0,20.617143,13.692038
54,18.0,19.639198,15.22465
54,19.0,18.063209,16.266356
54,20.0,16.520684,16.562962
54,21.0,15.415292,16.197927
54,22.0,14.883085,15.455327
54,23.0,14.889138,14.634038
54,24.0,15.312119,13.950964
54,25.0,15.983721,13.526049
54,26.0,16.71039,13.398447
54,27.0,17.304809,13.54322
54,28.0,17.631345,13.883144
54,29.0,17.645533,14.304268
54,30.0,17.401137,14.683986
54,31.0,17.017324,14.927532
54,32.0,16.626123,14.995261
54,33.0,16.32933,14.905804
54,34.0,16.179485,14.716977
54,35.0,16.181266,14.498873
54,36.0,16.30309,14.31208
54,37.0,16.491917,14.195708
54,38.0,16.688577,14.163903
54,39.0,16.842244,14.208091
54,40.0,16.921732,14.303005
54,41.0,16.920666,14.415292
54,42.0,16.855068,14.513066
54,43.0,16.754781,14.574018
54,44.0,16.652533,14.589739
54,45.0,16.574632,14.565322
54,46.0,16.535652,14.515192
54,47.0,16.537425,14.457307
54,48.0,16.571334,14.407802
54,49.0,16.622543,14.377382
54,50.0,16.674804,14.36985
55,0.0,9.402792,5.675417
55,1.0,14.510214,4.907095
55,2.0,20.968751,5.059443
55,3.0,27.050709,6.331538
55,4.0,30.195032,9.153057
55,5.0,28.751839,13.592425
55,6.0,23.729509,18.213815
55,7.0,18.192688,20.67502
55,8.0,14.286751,20.312345
55,9.0,12.29493,18.278027
55,10.0,11.791812,15.861515
55,11.0,12.377895,13.793175
55,12.0,13.756617,12.362034
55,13.0,15.615722,11.641007
55,14.0,17.534262,11.614543
55,15.0,19.013316,12.208321
55,16.0,19.651106,13.25526
55,17.0,19.351296,14.46188
55,18.0,18.375273,15.464427
55,19.0,17.170978,15.986678
55,20.0,16.132592,15.967626
55,21.0,15.477513,15.543767
55,22.0,15.258381,14.934423
55,23.0,15.421638,14.340114
55,24.0,15.853206,13.897434
55,25.0,16.406523,13.674017
55,26.0,16.928428,13.677786
55,27.0,17.291599,13.867849
55,28.0,17.426812,14.167173
55,29.0,17.338751,14.481782
55,30.0,17.094674,14.726636
55,31.0,16.791773,14.849668
55,32.0,16.521165,14.842624
55,33.0,16.344033,14.734759
55,34.0,16.284011,14.575543
55,35.0,16.331376,14.416135
55,36.0,16.453053,14.296093
55,37.0,16.604693,14.236882
55,38.0,16.742775,14.241026
55,39.0,16.834933,14.295293
55,40.0,16.866368,14.376572
55,41.0,16.840789,14.459164
55,42.0,16.776066,14.521749
55,43.0,16.696648,14.55222
55,44.0,16.62571,14.549182
55,45.0,16.579424,14.520184
55,46.0,16.564402,14.477863
55,47.0,16.578112,14.435606
55,48.0,16.611397,14.404021
55,49.0,16.65204,14.388888
55,50.0,16.688362,14.390739
56,0.0,27.961232,24.435491
56,1.0,15.895669,28.134253
56,2.0,10.213835,24.919804
56,3.0,8.234045,19.806172
56,4.0,8.178614,15.310401
56,5.0,9.414036,12.056257
56,6.0,11.756033,10.020539
56,7.0,15.005139,9.06465
56,8.0,18.616116,9.105892
56,9.0,21.609277,10.126801
56,10.0,22.943546,12.041691
56,11.0,22.210695,14.445435
56,12.0,20.004051,16.541683
56,13.0,17.457124,17.590706
56,14.0,15.443454,17.443779
56,15.0,14.289344,16.491005
56,16.0,13.969345,15.253727
56,17.0,14.32614,14.123582
56,18.0,15.154961,13.319159
56,19.0,16.211802,12.929191
56,20.0,17.222985,12.954698
56,21.0,17.934702,13.327068
56,22.0,18.191903,13.913591
56,23.0,17.995236,14.536275
56,24.0,17.487963,15.020327
56,25.0,16.878117,15.254834
56,26.0,16.350806,15.22529
56,27.0,16.018925,14.998579
56,28.0,15.917518,14.679503
56,29.0,16.020674,14.369329
56,30.0,16.263004,14.141492
56,31.0,16.560125,14.033316
56,32.0,16.828779,14.047246
56,33.0,17.005916,14.15716
56,34.0,17.062434,14.31837
56,35.0,17.006467,14.48066
56,36.0,16.874877,14.602007
56,37.0,16.717185,14.658831
56,38.0,16.579114,14.649328
56,39.0,16.491358,14.589574
56,40.0,16.465384,14.505228
56,41.0,16.495072,14.422646
56,42.0,16.561959,14.362107
56,43.0,16.642079,14.334244
56,44.0,16.712741,14.339527
56,45.0,16.757906,14.370158
56,46.0,16.771054,14.413509
56,47.0,16.755129,14.456141
56,48.0,16.719966,14.487369
56,49.0,16.67836,14.501501
56,50.0,16.642147,14.498349
57,0.0,19.368709,26.272357
57,1.0,12.305471,25.293788
57,2.0,9.368691,21.074414
57,3.0,8.715926,16.694814
57,4.0,9.482721,13.264726
57,5.0,11.363954,10.971871
57,6.0,14.156517,9.741087
57,7.0,17.432294,9.486687
57,8.0,20.393621,10.168042
57,9.0,22.090236,11.710906
57,10.0,21.9724,13.816712
57,11.0,20.323024,15.848527
57,12.0,18.055829,17.099945
57,13.0,16.052474,17.27621
57,14.0,14.757088,16.602428
57,15.0,14.239425,15.528655
57,16.0,14.391778,14.450378
57,17.0,15.038206,13.615698
57,18.0,15.961662,13.142482
57,19.0,16.914388,13.055822
57,20.0,17.654791,13.310327
57,21.0,18.013117,13.798979
57,22.0,17.949611,14.367823
57,23.0,17.560297,14.853474
57,24.0,17.021434,15.136263
57,25.0,16.510677,15.177701
57,26.0,16.151556,15.018735
57,27.0,15.997047,14.746673
57,28.0,16.039249,14.456321
57,29.0,16.227901,14.223104
57,30.0,16.489593,14.0912
57,31.0,16.746636,14.072084
57,32.0,16.935139,14.148998
57,33.0,17.019207,14.285273
57,34.0,16.996688,14.435689
57,35.0,16.894317,14.559066
57,36.0,16.754762,14.628691
57,37.0,16.621453,14.637209
57,38.0,16.526812,14.594872
57,39.0,16.486524,14.522992
57,40.0,16.49952,14.445847
57,41.0,16.551897,14.383857
57,42.0,16.622839,14.349423
57,43.0,16.690937,14.345648
57,44.0,16.739554,14.367454
57,45.0,16.760144,14.404379
57,46.0,16.752967,14.444153
57,47.0,16.725353,14.476134
57,48.0,16.688408,14.493729
57,49.0,16.653373,14.495325
57,50.0,16.628715,14.48372
58,0.0,24.30649,6.410532
58,1.0,28.258333,8.618755
58,2.0,28.344687,12.345718
58,3.0,24.674678,16.703412
58,4.0,19.597391,19.684911
58,5.0,15.475672,20.127212
58,6.0,13.078567,18.657215
58,7.0,12.189401,16.478048
58,8.0,12.435725,14.425964
58,9.0,13.51649,12.892319
58,10.0,15.141269,12.008371
58,11.0,16.940594,11.786534
58,12.0,18.463122,12.173298
58,13.0,19.300933,13.035915
58,14.0,19.277539,14.131721
58,15.0,18.541946,15.135515
58,16.0,17.468049,15.76061
58,17.0,16.443659,15.890052
58,18.0,15.721532,15.599845
58,19.0,15.395749,15.075083
58,20.0,15.445076,14.509921
58,21.0,15.778935,14.050384
58,22.0,16.268131,13.779129
58,23.0,16.769824,13.720134
58,24.0,17.15654,13.848317
58,25.0,17.346849,14.10091
58,26.0,17.324904,14.393782
58,27.0,17.137178,14.644088
58,28.0,16.86735,14.793567
58,29.0,16.603126,14.822448
58,30.0,16.410402,14.748148
58,31.0,16.321723,14.611868
58,32.0,16.337047,14.461429
58,33.0,16.431576,14.337322
58,34.0,16.566548,14.264753
58,35.0,16.70065,14.251299
58,36.0,16.800256,14.288794
58,37.0,16.846571,14.358131
58,38.0,16.838032,14.43575
58,39.0,16.787641,14.500315
58,40.0,16.716688,14.537871
58,41.0,16.6474,14.54417
58,42.0,16.59696,14.523895
58,43.0,16.574222,14.487585
58,44.0,16.579301,14.447673
58,45.0,16.605367,14.414932
58,46.0,16.641725,14.39614
58,47.0,16.677202,14.393236
58,48.0,16.703014,14.40381
58,49.0,16.714529,14.422544
58,50.0,16.711649,14.443103
59,0.0,26.884211,16.640925
59,1.0,20.538259,20.564595
59,2.0,15.448195,21.290593
59,3.0,12.565251,19.556595
59,4.0,11.488104,16.951708
59,5.0,11.703806,14.520573
59,6.0,12.867457,12.707404
59,7.0,14.688398,11.638951
59,8.0,16.785642,11.318103
59,9.0,18.646219,11.69475
59,10.0,19.753445,12.647295
59,11.0,19.832513,13.925719
59,12.0,19.013948,15.152386
59,13.0,17.741721,15.958212
59,14.0,16.501118,16.168521
59,15.0,15.610451,15.857943
59,16.0,15.187113,15.248463
59,17.0,15.208662,14.576825
59,18.0,15.57367,14.020204
59,19.0,16.13679,13.679204
59,20.0,16.733337,13.586129
59,21.0,17.209952,13.717143
59,22.0,17.461635,14.0039
59,23.0,17.459517,14.349835
59,24.0,17.251927,14.655306
59,25.0,16.936412,14.84638
59,26.0,16.618919,14.894271
59,27.0,16.380831,14.816053
59,28.0,16.263966,14.65923
59,29.0,16.271147,14.480725
59,30.0,16.375343,14.32964
59,31.0,16.532069,14.237432
59,32.0,16.692505,14.21489
59,33.0,16.815602,14.25404
59,34.0,16.877045,14.33341
59,35.0,16.87289,14.425403
59,36.0,16.817085,14.5042
59,37.0,16.734307,14.552185
59,38.0,16.651152,14.563154
59,39.0,16.588746,14.541756
59,40.0,16.558544,14.500018
59,41.0,16.561591,14.452644
59,42.0,16.59047,14.412695
59,43.0,16.632832,14.388696
59,44.0,16.67538,14.383482
59,45.0,16.707341,14.39465
59,46.0,16.722701,14.416171
59,47.0,16.720834,14.440578
59,48.0,16.70563,14.461128
59,49.0,16.683604,14.473372
59,50.0,16.661699,14.475856
60,0.0,24.415764,26.986648
60,1.0,13.656324,28.419298
60,2.0,9.119951,23.981604
60,3.0,7.761385,18.635659
60,4.0,8.088782,14.289189
60,5.0,9.643995,11.276346
60,6.0,12.300851,9.482131
60,7.0,15.82262,8.756674
60,8.0,19.546763,9.035216
60,9.0,22.37557,10.31472
60,10.0,23.281901,12.475838
60,11.0,22.055816,15.005169
60,12.0,19.532797,17.011665
60,13.0,16.924973,17.81031
60,14.0,15.018706,17.405191
60,15.0,14.032924,16.286309
60,16.0,13.883955,14.987827
60,17.0,14.39053,13.87402
60,18.0,15.332594,13.132838
60,19.0,16.449842,12.829951
60,20.0,17.456386,12.948584
60,21.0,18.101819,13.402749
60,22.0,18.25593,14.041836
60,23.0,17.957025,14.675257
60,24.0,17.380281,15.12922
60,25.0,16.746457,15.308684
60,26.0,16.234869,15.221173
60,27.0,15.943458,14.950934
60,28.0,15.89148,14.610545
60,29.0,16.04009,14.300733
60,30.0,16.314664,14.089565
60,31.0,16.625664,14.00705
60,32.0,16.889334,14.048094
60,33.0,17.046853,14.179969
60,34.0,17.076769,14.353425
60,35.0,16.995667,14.516697
60,36.0,16.846873,14.629471
60,37.0,16.682773,14.672267
60,38.0,16.548372,14.64812
60,39.0,16.471223,14.577067
60,40.0,16.458688,14.486935
60,41.0,16.500784,14.404338
60,42.0,16.576225,14.348343
60,43.0,16.659671,14.32754
60,44.0,16.728584,14.34017
60,45.0,16.76832,14.376557
60,46.0,16.77445,14.422931
60,47.0,16.752033,14.465605
60,48.0,16.712466,14.494458
60,49.0,16.669247,14.504881
60,50.0,16.634051,14.497905
61,0.0,10.222101,4.191506
61,1.0,16.330199,3.768408
61,2.0,23.814067,4.16957
61,3.0,30.361972,5.734225
61,4.0,32.96704,9.104793
61,5.0,30.077615,14.399974
61,6.0,23.535332,19.605588
61,7.0,17.252937,21.832968
61,8.0,13.281422,20.809776
61,9.0,11.478651,18.215651
61,10.0,11.218584,15.480538
61,11.0,12.064924,13.283571
61,12.0,13.723482,11.843245
61,13.0,15.863799,11.189125
61,14.0,18.007085,11.287702
61,15.0,19.577575,12.055585
61,16.0,20.132864,13.301835
61,17.0,19.617282,14.679518
61,18.0,18.39506,15.763724
61,19.0,17.007154,16.25735
61,20.0,15.882709,16.13372
61,21.0,15.226811,15.585229
61,22.0,15.064181,14.87309
61,23.0,15.314986,14.21626
61,24.0,15.842581,13.753274
61,25.0,16.479594,13.545594
61,26.0,17.054849,13.591167
61,27.0,17.4306,13.836411
61,28.0,17.539453,14.18967
61,29.0,17.399928,14.543195
61,30.0,17.098861,14.803451
61,31.0,16.750466,14.918177
61,32.0,16.455156,14.886297
61,33.0,16.27529,14.747541
61,34.0,16.230033,14.560858
61,35.0,16.302376,14.383481
61,36.0,16.451325,14.257191
61,37.0,16.62556,14.202478
61,38.0,16.776811,14.218692
61,39.0,16.871028,14.288272
61,40.0,16.894889,14.383726
61,41.0,16.85591,14.475955
61,42.0,16.776618,14.541993
61,43.0,16.685475,14.57003
61,44.0,16.608056,14.560485
61,45.0,16.561063,14.523423
61,46.0,16.550082,14.473859
61,47.0,16.570612,14.426835
61,48.0,16.611253,14.393636
61,49.0,16.657848,14.379812
61,50.0,16.697495,14.384988
62,0.0,7.61012,13.386126
62,1.0,9.437183,10.455051
62,2.0,12.418929,8.778381
62,3.0,16.322321,8.181803
62,4.0,20.386524,8.615981
62,5.0,23.343815,10.113586
62,6.0,24.057402,12.566385
62,7.0,22.403026,15.375649
62,8.0,19.456791,17.49783
62,9.0,16.604242,18.201617
62,10.0,14.6334,17.593872
62,11.0,13.691999,16.281444
62,12.0,13.641456,14.851472
62,13.0,14.272252,13.673084
62,14.0,15.345373,12.922303
62,15.0,16.577903,12.65188
62,16.0,17.657285,12.833734
62,17.0,18.313603,13.368477
62,18.0,18.417926,14.08644
62,19.0,18.0331,14.775226
62,20.0,17.368754,15.246523
62,21.0,16.672032,15.406284
62,22.0,16.132352,15.276312
62,23.0,15.844703,14.958847
62,24.0,15.819152,14.5802
62,25.0,16.005982,14.248049
62,26.0,16.319937,14.031723
62,27.0,16.662211,13.958707
62,28.0,16.942608,14.019043
62,29.0,17.10022,14.173851
62,30.0,17.116341,14.367635
62,31.0,17.013858,14.543801
62,32.0,16.843388,14.659911
62,33.0,16.663101,14.697423
62,34.0,16.520939,14.662553
62,35.0,16.444528,14.579313
62,36.0,16.439219,14.47896
62,37.0,16.491937,14.390236
62,38.0,16.578136,14.332852
62,39.0,16.669796,14.314779
62,40.0,16.742793,14.332785
62,41.0,16.782219,14.375356
62,42.0,16.784562,14.427016
62,43.0,16.756534,14.472907
62,44.0,16.71134,14.50248
62,45.0,16.663919,14.511435
62,46.0,16.626718,14.501619
62,47.0,16.607051,14.4793
62,48.0,16.606337,14.452646
62,49.0,16.62097,14.429248
62,50.0,16.644224,14.414341
63,0.0,24.722428,25.961187
63,1.0,14.227503,27.758881
63,2.0,9.590252,23.799607
63,3.0,8.126749,18.725917
63,4.0,8.379348,14.499676
63,5.0,9.862709,11.53055
63,6.0,12.420601,9.74616
63,7.0,15.799157,9.014429
63,8.0,19.352681,9.270914
63,9.0,22.044107,10.498847
63,10.0,22.918547,12.562958
63,11.0,21.785799,14.963182
63,12.0,19.419813,16.866067
63,13.0,16.948566,17.636276
63,14.0,15.121481,17.270282
63,15.0,14.164003,16.218548
63,16.0,14.008844,14.983904
63,17.0,14.486134,13.916981
63,18.0,15.383427,13.202837
63,19.0,16.449072,12.908059
63,20.0,17.409141,13.017657
63,21.0,18.025914,13.448629
63,22.0,18.176545,14.056246
63,23.0,17.896943,14.658961
63,24.0,17.351744,15.092128
63,25.0,16.749401,15.265483
63,26.0,16.260718,15.185184
63,27.0,15.980359,14.930069
63,28.0,15.928128,14.606625
63,29.0,16.067809,14.310947
63,30.0,16.328438,14.108509
63,31.0,16.624547,14.028507
63,32.0,16.876173,14.066449
63,33.0,17.027154,14.191284
63,34.0,17.056853,14.356134
63,35.0,16.98075,14.511706
63,36.0,16.839785,14.619563
63,37.0,16.683676,14.661007
63,38.0,16.555342,14.638701
63,39.0,16.481239,14.57152
63,40.0,16.46863,14.485861
63,41.0,16.508193,14.407087
63,42.0,16.579747,14.35346
63,43.0,16.659171,14.333284
63,44.0,16.72496,14.344987
63,45.0,16.763094,14.379419
63,46.0,16.769266,14.423495
63,47.0,16.748201,14.464179
63,48.0,16.710689,14.491797
63,49.0,16.669559,14.501909
63,50.0,16.635951,14.49544
64,0.0,1.201612,15.811672
64,1.0,1.581634,9.99109
64,2.0,2.482763,6.431385
64,3.0,4.281703,4.305247
64,4.0,7.622338,3.107014
64,5.0,13.238665,2.561221
64,6.0,21.209869,2.593081
64,7.0,29.865495,3.390701
64,8.0,35.889406,5.572512
64,9.0,36.158181,10.121005
64,10.0,30.110366,16.798658
64,11.0,21.557436,22.112656
64,12.0,15.071334,23.056032
64,13.0,11.65065,20.739641
64,14.0,10.441708,17.445348
64,15.0,10.693924,14.485104
64,16.0,12.012385,12.32297
64,17.0,14.123924,11.045237
64,18.0,16.646935,10.625286
64,19.0,18.988993,11.013013
64,20.0,20.473791,12.107105
64,21.0,20.675071,13.656926
64,22.0,19.697476,15.212913
64,23.0,18.104133,16.278511
64,24.0,16.538096,16.589882
64,25.0,15.412185,16.227512
64,26.0,14.866149,15.478628
64,27.0,14.865471,14.646931
64,28.0,15.288187,13.953084
64,29.0,15.964978,13.519293
64,30.0,16.700638,13.385946
64,31.0,17.305333,13.528717
64,32.0,17.640497,13.870392
64,33.0,17.659373,14.296218
64,34.0,17.415006,14.681982
64,35.0,17.027527,14.930987
64,36.0,16.630856,15.002122
64,37.0,16.328663,14.913503
64,38.0,16.174794,14.723331
64,39.0,16.174546,14.502576
64,40.0,16.29638,14.312785
64,41.0,16.486864,14.193856
64,42.0,16.686138,14.160446
64,43.0,16.842561,14.204179
64,44.0,16.924212,14.299698
64,45.0,16.924256,14.413313
64,46.0,16.858624,14.512667
64,47.0,16.757399,14.574992
64,48.0,16.653742,14.59156
64,49.0,16.574418,14.56735
64,50.0,16.534363,14.51687
65,0.0,13.104919,7.441127
65,1.0,17.796473,7.164391
65,2.0,22.445172,7.962906
65,3.0,25.405396,9.960046
65,4.0,25.412942,13.045959
65,5.0,22.702274,16.366078
65,6.0,18.935527,18.543286
65,7.0,15.75132,18.874333
65,8.0,13.804709,17.778706
65,9.0,13.053318,16.090345
65,10.0,13.25696,14.452313
65,11.0,14.164039,13.207448
65,12.0,15.502959,12.492476
65,13.0,16.944354,12.330117
65,14.0,18.122993,12.668462
65,15.0,18.740384,13.378581
65,16.0,18.6903,14.248696
65,17.0,18.103894,15.022816
65,18.0,17.265749,15.492397
65,19.0,16.467213,15.579565
65,20.0,15.903723,15.345331
65,21.0,15.653209,14.930248
65,22.0,15.701551,14.484153
65,23.0,15.975286,14.122683
65,24.0,16.368005,13.912485
65,25.0,16.763987,13.872294
65,26.0,17.063334,13.98007
65,27.0,17.205365,14.183482
65,28.0,17.181333,14.414739
65,29.0,17.029708,14.609216
65,30.0,16.816273,14.722921
65,31.0,16.60918,14.741985
65,32.0,16.459575,14.680923
65,33.0,16.392598,14.572286
65,34.0,16.407666,14.453612
65,35.0,16.484541,14.356645
65,36.0,16.59207,14.300994
65,37.0,16.697496,14.2922
65,38.0,16.774633,14.323301
65,39.0,16.809306,14.378817
65,40.0,16.800922,14.44004
65,41.0,16.760132,14.49031
65,42.0,16.703836,14.518956
65,43.0,16.649469,14.522966
65,44.0,16.610382,14.506265
65,45.0,16.593322,14.477274
65,46.0,16.598143,14.445804
65,47.0,16.619271,14.420277
65,48.0,16.648166,14.40592
65,49.0,16.676019,14.404118
65,50.0,16.696002,14.412838
66,0.0,4.476096,10.79084
66,1.0,6.442207,7.686599
66,2.0,9.849521,5.929312
66,3.0,14.946495,5.19655
66,4.0,21.221842,5.416327
66,5.0,26.910019,6.79245
66,6.0,29.577565,9.707487
66,7.0,27.850944,14.079743
66,8.0,22.940819,18.377452
66,9.0,17.754088,20.475845
66,10.0,14.160828,19.952338
66,11.0,12.365188,17.943809
66,12.0,11.973851,15.633061
66,13.0,12.618138,13.682468
66,14.0,14.009003,12.35521
66,15.0,15.828806,11.717623
66,16.0,17.656031,11.751146
66,17.0,19.011953,12.374624
66,18.0,19.536426,13.41138
66,19.0,19.174713,14.566145
66,20.0,18.202552,15.492219
66,21.0,17.049843,15.943699
66,22.0,16.080129,15.883153
66,23.0,15.487329,15.452175
66,24.0,15.312486,14.861421
66,25.0,15.498229,14.298796
66,26.0,15.930621,13.890136
66,27.0,16.466194,13.695496
66,28.0,16.958166,13.717917
66,29.0,17.288358,13.913999
66,30.0,17.397028,14.206919
66,31.0,17.29534,14.505963
66,32.0,17.05192,14.731699
66,33.0,16.760654,14.838022
66,34.0,16.507015,14.82083
66,35.0,16.34664,14.710668
66,36.0,16.299158,14.555786
66,37.0,16.352789,14.404725
66,38.0,16.474235,14.294119
66,39.0,16.620416,14.242943
66,40.0,16.7501,14.252071
66,41.0,16.833574,14.307625
66,42.0,16.858333,14.386847
66,43.0,16.829448,14.465164
66,44.0,16.764984,14.522773
66,45.0,16.688592,14.548993
66,46.0,16.622097,14.543386
66,47.0,16.580255,14.513816
66,48.0,16.568568,14.472651
66,49.0,16.5839,14.432629
66,50.0,16.617034,14.403576
67,0.0,28.344381,10.372885
67,1.0,26.564467,14.468299
67,2.0,22.077039,18.269401
67,3.0,17.43752,20.001281
67,4.0,14.223049,19.425633
67,5.0,12.62296,17.560602
67,6.0,12.31472,15.440451
67,7.0,12.971429,13.657427
67,8.0,14.313442,12.456732
67,9.0,16.023305,11.904294
67,10.0,17.694104,11.980918
67,11.0,18.888421,12.599719
67,12.0,19.301804,13.579704
67,13.0,18.916336,14.637038
67,14.0,18.00117,15.458212
67,15.0,16.946439,15.835422
67,16.0,16.073984,15.750005
67,17.0,15.553323,15.337572
67,18.0,15.417555,14.790312
67,19.0,15.610187,14.27783
67,20.0,16.02235,13.913002
67,21.0,16.518944,13.748247
67,22.0,16.964712,13.783029
67,23.0,17.254307,13.973881
67,24.0,17.33835,14.24756
67,25.0,17.232279,14.520216
67,26.0,17.001989,14.72069
67,27.0,16.733937,14.80969
67,28.0,16.505154,14.786268
67,29.0,16.364652,14.680182
67,30.0,16.328388,14.536254
67,31.0,16.383773,14.398712
67,32.0,16.49898,14.300333
67,33.0,16.633932,14.257424
67,34.0,16.751081,14.269645
67,35.0,16.824131,14.323327
67,36.0,16.842882,14.397081
67,37.0,16.813128,14.468383
67,38.0,16.752137,14.519525
67,39.0,16.681777,14.541397
67,40.0,16.6218,14.534259
67,41.0,16.58522,14.505791
67,42.0,16.576484,14.467535
67,43.0,16.592192,14.431122
67,44.0,16.623546,14.405332
67,45.0,16.659579,14.394514
67,46.0,16.690291,14.398414
67,47.0,16.708962,14.413148
67,48.0,16.713236,14.432869
67,49.0,16.704878,14.451608
67,50.0,16.68852,14.464816
68,0.0,16.044928,21.38755
68,1.0,12.850283,19.903709
68,2.0,11.546426,17.3382
68,3.0,11.600132,14.839646
68,4.0,12.645312,12.922002
68,5.0,14.393572,11.742528
68,6.0,16.482959,11.314885
68,7.0,18.415317,11.596032
68,8.0,19.659394,12.478224
68,9.0,19.88977,13.732547
68,10.0,19.177251,14.994153
68,11.0,17.936382,15.879463
68,12.0,16.66426,16.177229
68,13.0,15.709882,15.929773
68,14.0,15.217003,15.347133
68,15.0,15.17897,14.670647
68,16.0,15.502942,14.088465
68,17.0,16.048212,13.712183
68,18.0,16.65102,13.583262
68,19.0,17.153867,13.685278
68,20.0,17.442377,13.955431
68,21.0,17.475738,14.299763
68,22.0,17.292302,14.617091
68,23.0,16.985119,14.828043
68,24.0,16.661512,14.896707
68,25.0,16.407937,14.834204
68,26.0,16.272273,14.685003
68,27.0,16.262564,14.505982
68,28.0,16.355336,14.348247
68,29.0,16.507754,14.246192
68,30.0,16.670757,14.213599
68,31.0,16.801446,14.244944
68,32.0,16.872664,14.320258
68,33.0,16.877519,14.412292
68,34.0,16.827746,14.494473
68,35.0,16.747051,14.547674
68,36.0,16.662314,14.563974
68,37.0,16.595833,14.546617
68,38.0,16.560609,14.506862
68,39.0,16.559129,14.459341
68,40.0,16.584998,14.417593
68,41.0,16.626317,14.390928
68,42.0,16.669666,14.383018
68,43.0,16.703715,14.392138
68,44.0,16.721672,14.412645
68,45.0,16.722151,14.437129
68,46.0,16.708491,14.458614
68,47.0,16.686976,14.472246
68,48.0,16.664626,14.476126
68,49.0,16.647258,14.471218
68,50.0,16.638256,14.460521
69,0.0,11.545258,29.18168
69,1.0,7.873546,23.43938
69,2.0,7.00688,17.688151
69,3.0,7.652257,13.325463
69,4.0,9.499982,10.424104
69,5.0,12.498914,8.771319
69,6.0,16.406777,8.195788
69,7.0,20.451133,8.650604
69,8.0,23.362552,10.167428
69,9.0,24.021825,12.629927
69,10.0,22.33294,15.427768
69,11.0,19.385791,17.518687
69,12.0,16.554663,18.189803
69,13.0,14.609949,17.563257
69,14.0,13.690528,16.247268
69,15.0,13.655991,14.823422
69,16.0,14.296805,13.655469
69,17.0,15.373579,12.916082
69,18.0,16.602935,12.656099
69,19.0,17.673029,12.846024
69,20.0,18.316739,13.38511
69,21.0,18.409391,14.10272
69,22.0,18.01752,14.786746
69,23.0,17.352042,15.250812
69,24.0,16.658919,15.403588
69,25.0,16.125249,15.268962
69,26.0,15.843872,14.949892
69,27.0,15.823387,14.572278
69,28.0,16.013262,14.242845
69,29.0,16.32796,14.029896
69,30.0,16.668874,13.960027
69,31.0,16.946456,14.022614
69,32.0,17.100754,14.178392
69,33.0,17.114038,14.371826
69,34.0,17.009877,14.546624
69,35.0,16.839109,14.660893
69,36.0,16.659682,14.696676
69,37.0,16.519059,14.660628
69,38.0,16.444333,14.576948
69,39.0,16.440412,14.476845
69,40.0,16.493944,14.388847
69,41.0,16.580299,14.332387
69,42.0,16.671542,14.315171
69,43.0,16.743761,14.333769
69,44.0,16.782313,14.376571
69,45.0,16.783929,14.42811
69,46.0,16.75548,14.473625
69,47.0,16.710217,14.502714
69,48.0,16.663026,14.511222
69,49.0,16.626234,14.501102
69,50.0,16.607015,14.478673
70,0.0,28.910972,8.301687
70,1.0,29.044325,12.142593
70,2.0,25.169651,16.734429
70,3.0,19.784589,19.924175
70,4.0,15.439169,20.411777
70,5.0,12.933892,18.865188
70,6.0,12.007278,16.578184
70,7.0,12.254508,14.43366
70,8.0,13.364199,12.83399
70,9.0,15.044538,11.908748
70,10.0,16.920659,11.667913
70,11.0,18.523949,12.058439
70,12.0,19.420272,12.948958
70,13.0,19.412621,14.09273
70,14.0,18.649744,15.150163
70,15.0,17.524597,15.815261
70,16.0,16.44808,15.959426
70,17.0,15.6874,15.660313
70,18.0,15.341167,15.112722
70,19.0,15.387135,14.521062
70,20.0,15.731507,14.038563
70,21.0,16.240607,13.751844
70,22.0,16.765896,13.686492
70,23.0,17.173587,13.817269
70,24.0,17.376956,14.079584
70,25.0,17.357716,14.385946
70,26.0,17.163472,14.64937
70,27.0,16.881649,14.808031
70,28.0,16.604416,14.840373
70,29.0,16.401239,14.764101
70,30.0,16.306634,14.622177
70,31.0,16.320969,14.464702
70,32.0,16.418664,14.334212
70,33.0,16.559403,14.257311
70,34.0,16.699983,14.242203
70,35.0,16.805024,14.280615
70,36.0,16.854525,14.352741
70,37.0,16.846515,14.43398
70,38.0,16.794379,14.501914
70,39.0,16.720317,14.541764
70,40.0,16.647637,14.5489
70,41.0,16.594441,14.528086
70,42.0,16.57014,14.490284
70,43.0,16.574994,14.448501
70,44.0,16.60196,14.414057
70,45.0,16.639898,14.394123
70,46.0,16.677106,14.390808
70,47.0,16.704335,14.401662
70,48.0,16.716653,14.421163
70,49.0,16.713879,14.442687
70,50.0,16.699712,14.460388
71,0.0,15.420207,9.725471
71,1.0,18.558996,9.825446
71,2.0,21.025184,10.821118
71,3.0,22.002347,12.56762
71,4.0,21.260461,14.641381
71,5.0,19.35576,16.359971
71,6.0,17.210803,17.165772
71,7.0,15.522003,16.984628
71,8.0,14.562978,16.147016
71,9.0,14.323966,15.080692
71,10.0,14.672429,14.113677
71,11.0,15.422018,13.434851
71,12.0,16.348562,13.121912
71,13.0,17.209277,13.172085
71,14.0,17.79143,13.51746
71,15.0,17.976888,14.034338
71,16.0,17.780919,14.565833
71,17.0,17.332899,14.966092
71,18.0,16.809629,15.148475
71,19.0,16.365322,15.107479
71,20.0,16.092996,14.903372
71,21.0,16.019882,14.626116
71,22.0,16.120986,14.361633
71,23.0,16.337451,14.171676
71,24.0,16.595033,14.086621
71,25.0,16.822293,14.106478
71,26.0,16.967041,14.206723
71,27.0,17.007209,14.347611
71,28.0,16.952391,14.485887
71,29.0,16.835683,14.58648
71,30.0,16.699798,14.630707
71,31.0,16.583335,14.618454
71,32.0,16.511598,14.564432
71,33.0,16.493297,14.491006
71,34.0,16.522162,14.420671
71,35.0,16.581626,14.370395
71,36.0,16.650826,14.348691
71,37.0,16.710465,14.355322
71,38.0,16.747314,14.383079
71,39.0,16.756463,14.420857
71,40.0,16.741042,14.457145
71,41.0,16.709861,14.483024
71,42.0,16.673995,14.493976
71,43.0,16.643465,14.490195
71,44.0,16.624903,14.475594
71,45.0,16.62058,14.456041
71,46.0,16.628738,14.437465
71,47.0,16.644844,14.42435
71,48.0,16.663264,14.41891
71,49.0,16.678895,14.42099
71,50.0,16.688337,14.428576
72,0.0,9.260374,2.069721
72,1.0,16.16158,1.825977
72,2.0,25.323844,2.057099
72,3.0,34.24463,3.064101
72,4.0,39.253686,5.671213
72,5.0,37.538747,11.077347
72,6.0,29.425676,18.552322
72,7.0,20.019754,23.536608
72,8.0,13.756032,23.476599
72,9.0,10.779656,20.437178
72,10.0,9.937629,16.843814
72,11.0,10.48953,13.839263
72,12.0,12.086742,11.750891
72,13.0,14.465089,10.599036
72,14.0,17.198992,10.335947
72,15.0,19.616852,10.908956
72,16.0,20.988361,12.205549
72,17.0,20.924315,13.929994
72,18.0,19.653739,15.563467
72,19.0,17.860796,16.576927
72,20.0,16.226765,16.749002
72,21.0,15.13324,16.235702
72,22.0,14.673735,15.376031
72,23.0,14.779792,14.489022
72,24.0,15.306981,13.789221
72,25.0,16.067931,13.385891
72,26.0,16.851813,13.305841
72,27.0,17.4598,13.511046
72,28.0,17.756729,13.909816
72,29.0,17.712501,14.373792
72,30.0,17.403247,14.770482
72,31.0,16.96833,15.00414
72,32.0,16.550563,15.04312
72,33.0,16.252385,14.918376
72,34.0,16.120379,14.698821
72,35.0,16.150587,14.461285
72,36.0,16.302679,14.268399
72,37.0,16.516215,14.157749
72,38.0,16.727036,14.139747
72,39.0,16.882554,14.201043
72,40.0,16.953223,14.311623
72,41.0,16.936928,14.434445
72,42.0,16.854954,14.535821
72,43.0,16.741678,14.593794
72,44.0,16.632469,14.602035
72,45.0,16.554114,14.56851
72,46.0,16.519918,14.510329
72,47.0,16.529442,14.447263
72,48.0,16.571561,14.396143
72,49.0,16.629315,14.367343
72,50.0,16.685146,14.363619
73,0.0,18.677366,15.577692
73,1.0,17.284896,16.204837
73,2.0,16.0836,16.199376
73,3.0,15.324548,15.71921
73,4.0,15.063452,15.022237
73,5.0,15.237456,14.341013
73,6.0,15.71949,13.83111
73,7.0,16.346936,13.568896
73,8.0,16.946961,13.564504
73,9.0,17.371793,13.774228
73,10.0,17.537271,14.113044
73,11.0,17.444356,14.474434
73,12.0,17.168386,14.759533
73,13.0,16.821348,14.906075
73,14.0,16.509002,14.902592
73,15.0,16.302491,14.781824
73,16.0,16.229648,14.600477
73,17.0,16.28013,14.417433
73,18.0,16.416914,14.278332
73,19.0,16.589796,14.208213
73,20.0,16.748937,14.210597
73,21.0,16.856669,14.270977
73,22.0,16.895152,14.363317
73,23.0,16.86786,14.458222
73,24.0,16.794837,14.530965
73,25.0,16.704034,14.567213
73,26.0,16.622187,14.564944
73,27.0,16.56812,14.53254
73,28.0,16.549734,14.484376
73,29.0,16.564428,14.435823
73,30.0,16.601935,14.399151
73,31.0,16.648353,14.381165
73,32.0,16.690253,14.382661
73,33.0,16.717931,14.399425
73,34.0,16.727166,14.42424
73,35.0,16.719252,14.449253
73,36.0,16.699608,14.468088
73,37.0,16.675557,14.477193
73,38.0,16.654067,14.476194
73,39.0,16.640052,14.467365
73,40.0,16.635549,14.454506
73,41.0,16.639793,14.441671
73,42.0,16.649975,14.432093
73,43.0,16.662349,14.427536
73,44.0,16.673359,14.42815
73,45.0,16.680494,14.432756
73,46.0,16.682717,14.439398
73,47.0,16.680442,14.445997
73,48.0,16.675139,14.450891
73,49.0,16.668751,14.453183
73,50.0,16.663109,14.45281
74,0.0,2.492884,9.080747
74,1.0,3.950604,6.052489
74,2.0,6.692766,4.289575
74,3.0,11.377477,3.393455
74,4.0,18.292366,3.196882
74,5.0,26.369039,3.789507
74,6.0,32.818607,5.629484
74,7.0,34.496847,9.505952
74,8.0,30.231053,15.422346
74,9.0,22.715684,20.750389
74,10.0,16.263066,22.452044
74,11.0,12.514254,20.834328
74,12.0,10.980704,17.895234
74,13.0,10.957936,15.037306
74,14.0,12.021938,12.845007
74,15.0,13.888071,11.473602
74,16.0,16.205165,10.923892
74,17.0,18.445566,11.152687
74,18.0,19.987744,12.067914
74,19.0,20.392146,13.453023
74,20.0,19.670221,14.916417
74,21.0,18.275372,15.999449
74,22.0,16.799114,16.415943
74,23.0,15.667683,16.185328
74,24.0,15.058067,15.543879
74,25.0,14.967634,14.77419
74,26.0,15.296628,14.097494
74,27.0,15.893119,13.645504
74,28.0,16.57689,13.470191
74,29.0,17.167994,13.559326
74,30.0,17.527715,13.848576
74,31.0,17.597295,14.235755
74,32.0,17.410479,14.605398
74,33.0,17.06933,14.862058
74,34.0,16.697552,14.958039
74,35.0,16.397643,14.900728
74,36.0,16.228494,14.738311
74,37.0,16.20312,14.535461
74,38.0,16.297898,14.351656
74,39.0,16.466081,14.228032
74,40.0,16.652319,14.182554
74,41.0,16.806626,14.211109
74,42.0,16.895733,14.29258
74,43.0,16.909124,14.396591
74,44.0,16.858083,14.492459
74,45.0,16.768616,14.557183
74,46.0,16.671431,14.580259
74,47.0,16.59277,14.564134
74,48.0,16.548633,14.520904
74,49.0,16.543044,14.467067
74,50.0,16.569651,14.418342
75,0.0,27.339711,7.947295
75,1.0,28.557142,11.259585
75,2.0,25.793687,15.562284
75,3.0,20.898527,19.052124
75,4.0,16.438324,20.167558
75,5.0,13.604783,19.115433
75,6.0,12.354634,17.054861
75,7.0,12.323988,14.940146
75,8.0,13.196755,13.263433
75,9.0,14.690884,12.209458
75,10.0,16.465043,11.815192
75,11.0,18.087094,12.044482
75,12.0,19.125446,12.789532
75,13.0,19.329973,13.839666
75,14.0,18.763512,14.887058
75,15.0,17.753659,15.624389
75,16.0,16.698036,15.88383
75,17.0,15.889011,15.69405
75,18.0,15.459399,15.218844
75,19.0,15.414456,14.654863
75,20.0,15.679793,14.162051
75,21.0,16.135496,13.839171
75,22.0,16.641323,13.724842
75,23.0,17.064135,13.806367
75,24.0,17.308714,14.030377
75,25.0,17.341329,14.317414
75,26.0,17.193009,14.582918
75,27.0,16.939608,14.760962
75,28.0,16.669612,14.821295
75,29.0,16.455619,14.77213
75,30.0,16.339039,14.649443
75,31.0,16.327993,14.500237
75,32.0,16.403625,14.367486
75,33.0,16.530251,14.28061
75,34.0,16.666661,14.251768
75,35.0,16.776738,14.276728
75,36.0,16.837527,14.338942
75,37.0,16.842964,14.415657
75,38.0,16.802507,14.484619
75,39.0,16.735684,14.529725
75,40.0,16.664861,14.544151
75,41.0,16.608793,14.530365
75,42.0,16.578598,14.497586
75,43.0,16.576621,14.457966
75,44.0,16.597706,14.422871
75,45.0,16.63199,14.400206
75,46.0,16.668253,14.393176
75,47.0,16.696958,14.400453
75,48.0,16.71233,14.417386
75,49.0,16.713102,14.437801
75,50.0,16.701972,14.455851
76,0.0,5.201951,15.19413
76,1.0,6.399166,10.937249
76,2.0,8.809766,8.307306
76,3.0,12.599631,6.923745
76,4.0,17.575938,6.590698
76,5.0,22.708024,7.327323
76,6.0,26.193319,9.312743
76,7.0,26.48352,12.554287
76,8.0,23.633966,16.245643
76,9.0,19.452663,18.817201
76,10.0,15.868493,19.331035
76,11.0,13.663566,18.195864
76,12.0,12.778025,16.361206
76,13.0,12.932191,14.561351
76,14.0,13.855455,13.17928
76,15.0,15.270743,12.363417
76,16.0,16.838391,12.139871
76,17.0,18.164141,12.460905
76,18.0,18.904136,13.201429
76,19.0,18.911983,14.144157
76,20.0,18.308178,15.010691
76,21.0,17.399698,15.55997
76,22.0,16.513836,15.68998
76,23.0,15.874567,15.457344
76,24.0,15.574145,15.013773
76,25.0,15.602093,14.525201
76,26.0,15.882593,14.121101
76,27.0,16.303019,13.877504
76,28.0,16.738232,13.818395
76,29.0,17.076988,13.923414
76,30.0,17.248123,14.138455
76,31.0,17.236567,14.390737
76,32.0,17.080433,14.608632
76,33.0,16.850268,14.741367
76,34.0,16.621383,14.770739
76,35.0,16.451644,14.710342
76,36.0,16.370784,14.594701
76,37.0,16.380214,14.464855
76,38.0,16.459361,14.356226
76,39.0,16.574994,14.291363
76,40.0,16.691276,14.277548
76,41.0,16.778787,14.308242
76,42.0,16.820787,14.367206
76,43.0,16.815365,14.434151
76,44.0,16.773262,14.490526
76,45.0,16.712578,14.524016
76,46.0,16.652502,14.530607
76,47.0,16.608104,14.514022
76,48.0,16.587381,14.483158
76,49.0,16.590766,14.448707
76,50.0,16.612597,14.420069
77,0.0,29.583863,8.019603
77,1.0,29.722781,11.977308
77,2.0,25.617646,16.795795
77,3.0,19.925587,20.173322
77,4.0,15.374596,20.684028
77,5.0,12.780143,19.049994
77,6.0,11.829453,16.655696
77,7.0,12.085676,14.425018
77,8.0,13.228297,12.767092
77,9.0,14.964579,11.807762
77,10.0,16.914393,11.553711
77,11.0,18.592429,11.951887
77,12.0,19.539875,12.871897
77,13.0,19.541469,14.062695
77,14.0,18.747719,15.170591
77,15.0,17.571345,15.871331
77,16.0,16.445481,16.026221
77,17.0,15.650186,15.715795
77,18.0,15.28722,15.144893
77,19.0,15.332519,14.527784
77,20.0,15.688746,14.024208
77,21.0,16.217748,13.724086
77,22.0,16.765514,13.654121
77,23.0,17.192376,13.788599
77,24.0,17.406871,14.060965
77,25.0,17.388802,14.380413
77,26.0,17.187251,14.656035
77,27.0,16.893464,14.822769
77,28.0,16.603893,14.857605
77,29.0,16.391254,14.778771
77,30.0,16.291709,14.631066
77,31.0,16.305797,14.466809
77,32.0,16.407025,14.330428
77,33.0,16.553509,14.249755
77,34.0,16.700239,14.233468
77,35.0,16.810218,14.273087
77,36.0,16.862395,14.348075
77,37.0,16.854526,14.43281
77,38.0,16.800452,14.50386
77,39.0,16.723297,14.545713
77,40.0,16.647404,14.553438
77,41.0,16.591712,14.531936
77,42.0,16.56611,14.492608
77,43.0,16.570934,14.449023
77,44.0,16.598895,14.413009
77,45.0,16.638403,14.39208
77,46.0,16.67725,14.38848
77,47.0,16.705762,14.399689
77,48.0,16.718749,14.419973
77,49.0,16.71598,14.442427
77,50.0,16.701285,14.460939
78,0.0,20.491931,23.086969
78,1.0,14.159843,23.343493
78,2.0,11.050841,20.527844
78,3.0,10.099615,17.027703
78,4.0,10.560914,14.039034
78,5.0,12.071538,11.930545
78,6.0,14.364482,10.742241
78,7.0,17.028391,10.432358
78,8.0,19.417845,10.948401
78,9.0,20.821313,12.180811
78,10.0,20.839129,13.848132
78,11.0,19.661104,15.454371
78,12.0,17.932575,16.48185
78,13.0,16.322155,16.696311
78,14.0,15.220728,16.230046
78,15.0,14.735859,15.405641
78,16.0,14.80943,14.537031
78,17.0,15.303958,13.840337
78,18.0,16.037836,13.428563
78,19.0,16.805428,13.332535
78,20.0,17.411128,13.51839
78,21.0,17.719082,13.898984
78,22.0,17.694178,14.350379
78,23.0,17.405322,14.742916
78,24.0,16.985714,14.980771
78,25.0,16.575185,15.029465
78,26.0,16.276375,14.915961
78,27.0,16.137994,14.705773
78,28.0,16.158899,14.473805
78,29.0,16.3015,14.282243
78,30.0,16.507601,14.169302
78,31.0,16.714481,14.146659
78,32.0,16.869954,14.202496
78,33.0,16.943818,14.308273
78,34.0,16.932525,14.428045
78,35.0,16.855687,14.528599
78,36.0,16.746303,14.587777
78,37.0,16.639002,14.598534
78,38.0,16.56051,14.567908
78,39.0,16.524603,14.512184
78,40.0,16.53159,14.450606
78,41.0,16.571138,14.399835
78,42.0,16.62693,14.370393
78,43.0,16.68178,14.365392
78,44.0,16.722029,14.381268
78,45.0,16.740331,14.409943
78,46.0,16.736352,14.441676
78,47.0,16.715519,14.467826
78,48.0,16.686486,14.48286
78,49.0,16.658254,14.485168
78,50.0,16.637795,14.47671
79,0.0,7.891489,22.118274
79,1.0,7.326452,16.783539
79,2.0,8.183531,12.807534
79,3.0,10.221093,10.209618
79,4.0,13.353805,8.798531
79,5.0,17.235918,8.436026
79,6.0,20.992463,9.095182
79,7.0,23.380534,10.783988
79,8.0,23.501052,13.290886
79,9.0,21.537442,15.904112
79,10.0,18.662892,17.640116
79,11.0,16.096674,17.990188
79,12.0,14.432922,17.207403
79,13.0,13.73551,15.88931
79,14.0,13.853516,14.552115
79,15.0,14.579459,13.504693
79,16.0,15.671468,12.887434
79,17.0,16.845082,12.732809
79,18.0,17.802043,12.997386
79,19.0,18.309814,13.56765
79,20.0,18.288942,14.266274
79,21.0,17.839535,14.889107
79,22.0,17.178736,15.273587
79,23.0,16.534948,15.356763
79,24.0,16.069434,15.181301
79,25.0,15.853326,14.854135
79,26.0,15.881465,14.494361
79,27.0,16.096537,14.19762
79,28.0,16.4118,14.02125
79,29.0,16.732459,13.982897
79,30.0,16.977123,14.065713
79,31.0,17.096399,14.227472
79,32.0,17.082352,14.413377
79,33.0,16.964541,14.571305
79,34.0,16.794679,14.665529
79,35.0,16.627315,14.684093
79,36.0,16.504347,14.637642
79,37.0,16.44724,14.551605
79,38.0,16.456611,14.456025
79,39.0,16.516768,14.376816
79,40.0,16.602766,14.330363
79,41.0,16.688077,14.32168
79,42.0,16.751319,14.345524
79,43.0,16.780707,14.389605
79,44.0,16.775364,14.43888
79,45.0,16.743522,14.479836
79,46.0,16.698588,14.503684
79,47.0,16.654604,14.50775
79,48.0,16.622496,14.494964
79,49.0,16.607957,14.47196
79,50.0,16.611115,14.446612
80,0.0,11.665711,19.336869
80,1.0,10.945426,16.404207
80,2.0,11.481064,13.892176
80,3.0,12.946416,12.13179
80,4.0,15.044117,11.185655
80,5.0,17.343094,11.030315
80,6.0,19.258886,11.604117
80,7.0,20.23889,12.763043
80,8.0,20.057459,14.206516
80,9.0,18.962241,15.496482
80,10.0,17.501903,16.244753
80,11.0,16.194788,16.31997
80,12.0,15.334053,15.864235
80,13.0,14.996353,15.146621
80,14.0,15.125851,14.419873
80,15.0,15.596526,13.857224
80,16.0,16.243095,13.547439
80,17.0,16.885142,13.508885
80,18.0,17.361883,13.702932
80,19.0,17.573583,14.045998
80,20.0,17.508697,14.42821
80,21.0,17.237837,14.742754
80,22.0,16.876553,14.917562
80,23.0,16.539055,14.933386
80,24.0,16.305555,14.81965
80,25.0,16.210845,14.634111
80,26.0,16.248561,14.439376
80,27.0,16.382806,14.285637
80,28.0,16.56207,14.202043
80,29.0,16.733377,14.195075
80,30.0,16.85498,14.251714
80,31.0,16.905143,14.345849
80,32.0,16.884687,14.446645
80,33.0,16.812813,14.527106
80,34.0,16.718337,14.570536
80,35.0,16.629951,14.573151
80,36.0,16.568737,14.542541
80,37.0,16.544506,14.49327
80,38.0,16.555838,14.441595
80,39.0,16.5928,14.400984
80,40.0,16.641075,14.379385
80,41.0,16.686306,14.378428
80,42.0,16.717663,14.394285
80,43.0,16.729922,14.419665
80,44.0,16.723735,14.44629
80,45.0,16.704336,14.467171
80,46.0,16.679284,14.478147
80,47.0,16.656052,14.478404
80,48.0,16.640144,14.470019
80,49.0,16.634103,14.456845
80,50.0,16.637481,14.443168
81,0.0,19.372362,16.537466
81,1.0,17.115112,17.328713
81,2.0,15.379489,17.082183
81,3.0,14.422741,16.169517
81,4.0,14.214856,15.044559
81,5.0,14.609751,14.043283
81,6.0,15.411508,13.353149
81,7.0,16.386199,13.047725
81,8.0,17.280404,13.119626
81,9.0,17.873218,13.495355
81,10.0,18.045414,14.043746
81,11.0,17.819733,14.599462
81,12.0,17.337811,15.010417
81,13.0,16.787318,15.188989
81,14.0,16.328085,15.133871
81,15.0,16.053569,14.911823
81,16.0,15.988275,14.618537
81,17.0,16.10318,14.343424
81,18.0,16.335142,14.149452
81,19.0,16.606012,14.066493
81,20.0,16.841463,14.0929
81,21.0,16.988034,14.201821
81,22.0,17.024267,14.35102
81,23.0,16.961867,14.495177
81,24.0,16.836677,14.598111
81,25.0,16.693828,14.641194
81,26.0,16.57338,14.625319
81,27.0,16.500988,14.566664
81,28.0,16.484815,14.488997
81,29.0,16.517497,14.415792
81,30.0,16.581194,14.364442
81,31.0,16.653915,14.34336
81,32.0,16.715617,14.351821
81,33.0,16.752824,14.381929
81,34.0,16.760861,14.42189
81,35.0,16.74343,14.459671
81,36.0,16.710034,14.486107
81,37.0,16.672357,14.49672
81,38.0,16.640796,14.491971
81,39.0,16.622083,14.476146
81,40.0,16.618349,14.455475
81,41.0,16.627542,14.436148
81,42.0,16.644777,14.422764
81,43.0,16.664122,14.417507
81,44.0,16.680277,14.420087
81,45.0,16.689792,14.428301
81,46.0,16.691572,14.438963
81,47.0,16.686701,14.448894
81,48.0,16.677737,14.455727
81,49.0,16.667761,14.458348
81,50.0,16.659498,14.456932
82,0.0,3.618403,25.223772
82,1.0,3.342996,16.933808
82,2.0,4.049215,11.450639
82,3.0,5.756936,8.023431
82,4.0,8.825676,6.03323
82,5.0,13.605081,5.101648
82,6.0,19.839569,5.099208
82,7.0,26.031169,6.172726
82,8.0,29.707708,8.716309
82,9.0,28.996505,12.896918
82,10.0,24.451495,17.552979
82,11.0,18.924997,20.384307
82,12.0,14.789985,20.406368
82,13.0,12.557911,18.573126
82,14.0,11.862762,16.196612
82,15.0,12.297123,14.081276
82,16.0,13.557709,12.566275
82,17.0,15.343009,11.74835
82,18.0,17.25336,11.622603
82,19.0,18.801143,12.124634
82,20.0,19.565074,13.104504
82,21.0,19.399244,14.289932
82,22.0,18.514317,15.32569
82,23.0,17.337357,15.918411
82,24.0,16.274148,15.974629
82,25.0,15.56639,15.605045
82,26.0,15.287554,15.019835
82,27.0,15.397756,14.422857
82,28.0,15.791612,13.959079
82,29.0,16.327874,13.705071
82,30.0,16.854745,13.676863
82,31.0,17.241066,13.840616
82,32.0,17.408878,14.1247
82,33.0,17.35212,14.437598
82,34.0,17.129407,14.692757
82,35.0,16.834159,14.833154
82,36.0,16.558662,14.844281
82,37.0,16.368333,14.750276
82,38.0,16.291947,14.597973
82,39.0,16.324352,14.438401
82,40.0,16.435724,14.312744
82,41.0,16.58331,14.244965
82,42.0,16.723464,14.240225
82,43.0,16.822209,14.287506
82,44.0,16.862224,14.365084
82,45.0,16.844608,14.447602
82,46.0,16.785273,14.513085
82,47.0,16.707798,14.548104
82,48.0,16.63558,14.549753
82,49.0,16.58579,14.524346
82,50.0,16.566377,14.483832
83,0.0,10.302622,6.409037
83,1.0,15.255985,5.684031
83,2.0,21.182295,5.951495
83,3.0,26.355029,7.398786
83,4.0,28.559534,10.32244
83,5.0,26.720318,14.480682
83,6.0,22.134277,18.343964
83,7.0,17.418305,20.092388
83,8.0,14.169269,19.491001
83,9.0,12.561697,17.588506
83,10.0,12.25891,15.43751
83,11.0,12.928386,13.634385
83,12.0,14.28905,12.422985
83,13.0,16.021801,11.867364
83,14.0,17.715373,11.94739
83,15.0,18.925643,12.575798
83,16.0,19.342619,13.570243
83,17.0,18.948115,14.643156
83,18.0,18.016733,15.475791
83,19.0,16.945788,15.856865
83,20.0,16.061837,15.768079
83,21.0,15.53574,15.348104
83,22.0,15.399934,14.792483
83,23.0,15.596552,14.27312
83,24.0,16.015143,13.904012
83,25.0,16.518863,13.737869
83,26.0,16.970678,13.773904
83,27.0,17.263813,13.967972
83,28.0,17.348277,14.245794
83,29.0,17.239921,14.52232
83,30.0,17.005811,14.725385
83,31.0,16.733781,14.815211
83,32.0,16.50194,14.790987
83,33.0,16.359851,14.683045
83,34.0,16.323519,14.53693
83,35.0,16.38005,14.397492
83,36.0,16.4971,14.297905
83,37.0,16.634017,14.254625
83,38.0,16.752741,14.267238
83,39.0,16.826647,14.321836
83,40.0,16.845447,14.396706
83,41.0,16.815075,14.469004
83,42.0,16.753094,14.520788
83,43.0,16.681703,14.542851
83,44.0,16.620925,14.535494
83,45.0,16.583928,14.506537
83,46.0,16.575183,14.467703
83,47.0,16.591211,14.430785
83,48.0,16.623067,14.404677
83,49.0,16.659625,14.393768
83,50.0,16.690747,14.397782
84,0.0,2.182479,18.135895
84,1.0,2.610522,11.802243
84,2.0,3.784078,7.862812
84,3.0,6.069424,5.510192
84,4.0,10.03434,4.235058
84,5.0,16.061305,3.781383
84,6.0,23.516152,4.147642
84,7.0,30.145406,5.658581
84,8.0,32.938005,8.950007
84,9.0,30.249265,14.187357
84,10.0,23.785085,19.446123
84,11.0,17.448538,21.805158
84,12.0,13.391044,20.878386
84,13.0,11.520935,18.316363
84,14.0,11.212795,15.574062
84,15.0,12.022857,13.353907
84,16.0,13.654904,11.885887
84,17.0,15.782527,11.203735
84,18.0,17.93306,11.275547
84,19.0,19.531895,12.02047
84,20.0,20.127482,13.252801
84,21.0,19.647704,14.631338
84,22.0,18.443837,15.731436
84,23.0,17.055148,16.248275
84,24.0,15.917525,16.14508
84,25.0,15.243886,15.608402
84,26.0,15.064219,14.898937
84,27.0,15.301637,14.23796
84,28.0,15.821223,13.766896
84,29.0,16.456498,13.549763
84,30.0,17.036026,13.586627
84,31.0,17.420308,13.825653
84,32.0,17.539011,14.176366
84,33.0,17.407592,14.531239
84,34.0,17.110895,14.795802
84,35.0,16.762758,14.916049
84,36.0,16.464517,14.889099
84,37.0,16.280046,14.753472
84,38.0,16.230004,14.56773
84,39.0,16.298541,14.389385
84,40.0,16.445361,14.260883
84,41.0,16.619345,14.203498
84,42.0,16.771956,14.217305
84,43.0,16.868516,14.28528
84,44.0,16.894917,14.380184
84,45.0,16.857971,14.472871
84,46.0,16.779774,14.54007
84,47.0,16.688697,14.569531
84,48.0,16.610515,14.561251
84,49.0,16.562297,14.525
84,50.0,16.550031,14.475684
85,0.0,20.649366,1.481047
85,1.0,30.568837,1.936916
85,2.0,38.611949,3.345597
85,3.0,41.2472,6.830382
85,4.0,36.46339,13.528256
85,5.0,26.410995,21.199255
85,6.0,17.321784,24.577861
85,7.0,12.148804,22.97944
85,8.0,10.010809,19.320505
85,9.0,9.728496,15.699472
85,10.0,10.7079,12.903516
85,11.0,12.671106,11.090748
85,12.0,15.330362,10.226656
85,13.0,18.165844,10.256486
85,14.0,20.415016,11.123147
85,15.0,21.368093,12.672689
85,16.0,20.809314,14.519331
85,17.0,19.187301,16.072433
85,18.0,17.286776,16.844188
85,19.0,15.738389,16.744126
85,20.0,14.822523,16.035684
85,21.0,14.55884,15.09019
85,22.0,14.83949,14.209111
85,23.0,15.496892,13.575356
85,24.0,16.326087,13.269375
85,25.0,17.106419,13.29418
85,26.0,17.6453,13.590439
85,27.0,17.83365,14.047456
85,28.0,17.679281,14.524935
85,29.0,17.291604,14.891842
85,30.0,16.825616,15.068039
85,31.0,16.420815,15.044183
85,32.0,16.164981,14.87017
85,33.0,16.087239,14.624729
85,34.0,16.168435,14.385427
85,35.0,16.357279,14.209614
85,36.0,16.587354,14.126774
85,37.0,16.793924,14.138714
85,38.0,16.928949,14.224588
85,39.0,16.971028,14.349283
85,40.0,16.927097,14.473981
85,41.0,16.825581,14.566694
85,42.0,16.704312,14.609733
85,43.0,16.598258,14.601945
85,44.0,16.531011,14.555696
85,45.0,16.511429,14.490655
85,46.0,16.534746,14.42708
85,47.0,16.586607,14.380601
85,48.0,16.648429,14.359394
85,49.0,16.702721,14.363751
85,50.0,16.737223,14.387564
86,0.0,15.850699,7.568377
86,1.0,20.395586,7.911059
86,2.0,23.949156,9.372304
86,3.0,25.095744,11.945092
86,4.0,23.465771,15.099865
86,5.0,20.176334,17.660416
86,6.0,16.884716,18.647082
86,7.0,14.576682,18.078911
86,8.0,13.434621,16.646545
86,9.0,13.291184,15.043285
86,10.0,13.91288,13.700454
86,11.0,15.050142,12.819518
86,12.0,16.408382,12.462534
86,13.0,17.647079,12.607264
86,14.0,18.450352,13.158732
86,15.0,18.642903,13.943413
86,16.0,18.266072,14.728835
86,17.0,17.54304,15.293684
86,18.0,16.755757,15.514372
86,19.0,16.127545,15.401148
86,20.0,15.77445,15.063049
86,21.0,15.714903,14.642223
86,22.0,15.899161,14.262406
86,23.0,16.236545,14.005103
86,24.0,16.618734,13.905382
86,25.0,16.943343,13.95661
86,26.0,17.137337,14.119189
86,27.0,17.173475,14.333127
86,28.0,17.072153,14.534647
86,29.0,16.88748,14.673636
86,30.0,16.68472,14.725843
86,31.0,16.519447,14.695243
86,32.0,16.425196,14.606992
86,33.0,16.410527,14.495679
86,34.0,16.462873,14.394081
86,35.0,16.556011,14.325471
86,36.0,16.65883,14.300224
86,37.0,16.743629,14.316074
86,38.0,16.792377,14.361093
86,39.0,16.799635,14.418328
86,40.0,16.771706,14.470914
86,41.0,16.722731,14.50637
86,42.0,16.669407,14.519043
86,43.0,16.626117,14.51026
86,44.0,16.601744,14.486576
86,45.0,16.598604,14.456993
86,46.0,16.613237,14.43016
86,47.0,16.638438,14.412275
86,48.0,16.665776,14.406048
86,49.0,16.687933,14.410733
86,50.0,16.700329,14.422995
87,0.0,19.710011,6.056626
87,1.0,25.03307,7.21123
87,2.0,27.911556,9.757395
87,3.0,26.96759,13.607096
87,4.0,22.959055,17.538627
87,5.0,18.289752,19.72721
87,6.0,14.802171,19.580132
87,7.0,12.915981,17.931646
87,8.0,12.372271,15.847737
87,9.0,12.841823,14.000945
87,10.0,14.044114,12.692192
87,11.0,15.67804,12.015785
87,12.0,17.359436,11.967703
87,13.0,18.655393,12.476665
87,14.0,19.228463,13.384469
87,15.0,18.99896,14.429843
87,16.0,18.181401,15.302348
87,17.0,17.14841,15.768629
87,18.0,16.238735,15.771809
87,19.0,15.650612,15.419923
87,20.0,15.441379,14.896635
87,21.0,15.570864,14.376547
87,22.0,15.94064,13.98295
87,23.0,16.421372,13.779331
87,24.0,16.878068,13.775246
87,25.0,17.199156,13.935798
87,26.0,17.323735,14.193788
87,27.0,17.254365,14.46737
87,28.0,17.047414,14.682552
87,29.0,16.785868,14.793503
87,30.0,16.548937,14.791768
87,31.0,16.391113,14.701337
87,32.0,16.33465,14.564345
87,33.0,16.372395,14.425263
87,34.0,16.476212,14.319108
87,35.0,16.607608,14.26536
87,36.0,16.728494,14.266895
87,37.0,16.81031,14.312626
87,38.0,16.839671,14.382644
87,39.0,16.81926,14.454599
87,40.0,16.764169,14.509789
87,41.0,16.695447,14.537399
87,42.0,16.633315,14.535867
87,43.0,16.592118,14.511461
87,44.0,16.577967,14.475009
87,45.0,16.58897,14.438153
87,46.0,16.617359,14.410245
87,47.0,16.652566,14.396498
87,48.0,16.684384,14.39755
87,49.0,16.705439,14.410215
87,50.0,16.712518,14.429014
88,0.0,21.037194,12.215325
88,1.0,20.947152,13.956456
88,2.0,19.648591,15.596996
88,3.0,17.837163,16.604964
88,4.0,16.197244,16.763486
88,5.0,15.107103,16.235905
88,6.0,14.655869,15.365961
88,7.0,14.772003,14.473939
88,8.0,15.30904,13.773722
88,9.0,16.077913,13.37335
88,10.0,16.866288,13.298383
88,11.0,17.47447,13.50952
88,12.0,17.767646,13.913696
88,13.0,17.717351,14.381244
88,14.0,17.401945,14.778892
88,15.0,16.962596,15.011015
88,16.0,16.542917,15.046898
88,17.0,16.245192,14.918726
88,18.0,16.115299,14.696417
88,19.0,16.148407,14.457333
88,20.0,16.303359,14.264193
88,21.0,16.519057,14.154356
88,22.0,16.73094,14.13783
88,23.0,16.886338,14.200793
88,24.0,16.955938,14.312792
88,25.0,16.938081,14.436471
88,26.0,16.85456,14.538018
88,27.0,16.740156,14.595561
88,28.0,16.630442,14.603002
88,29.0,16.552196,14.568593
88,30.0,16.518569,14.509688
88,31.0,16.528883,14.446208
88,32.0,16.571775,14.395021
88,33.0,16.630099,14.366448
88,34.0,16.68619,14.36313
88,35.0,16.726325,14.380926
88,36.0,16.743446,14.411231
88,37.0,16.737727,14.443948
88,38.0,16.715152,14.470313
88,39.0,16.68482,14.484887
88,40.0,16.655972,14.486312
88,41.0,16.635597,14.476857
88,42.0,16.62713,14.461098
88,43.0,16.630323,14.444281
88,44.0,16.642048,14.430857
88,45.0,16.65766,14.423531
88,46.0,16.672451,14.422935
88,47.0,16.682848,14.427885
88,48.0,16.687093,14.436034
88,49.0,16.685331,14.44469
88,50.0,16.679202,14.451564
89,0.0,28.16517,4.988107
89,1.0,32.559087,7.601145
89,2.0,31.733607,12.259956
89,3.0,26.147927,17.864159
89,4.0,19.386325,21.415867
89,5.0,14.495247,21.463693
89,6.0,11.954928,19.258383
89,7.0,11.178548,16.466856
89,8.0,11.645746,14.029063
89,9.0,13.029634,12.297392
89,10.0,15.032454,11.350766
89,11.0,17.235973,11.172882
89,12.0,19.083174,11.70313
89,13.0,20.049097,12.799635
89,14.0,19.913335,14.17429
89,15.0,18.898119,15.412521
89,16.0,17.514759,16.145029
89,17.0,16.257863,16.239512
89,18.0,15.416689,15.821657
89,19.0,15.074328,15.143148
89,20.0,15.183056,14.446261
89,21.0,15.62413,13.90043
89,22.0,16.239308,13.59447
89,23.0,16.855323,13.548661
89,24.0,17.317416,13.727525
89,25.0,17.528562,14.051857
89,26.0,17.475294,14.416917
89,27.0,17.222615,14.72036
89,28.0,16.879517,14.892267
89,29.0,16.555307,14.912597
89,30.0,16.328011,14.807878
89,31.0,16.23262,14.632413
89,32.0,16.264479,14.446006
89,33.0,16.390116,14.297227
89,34.0,16.56058,14.21477
89,35.0,16.725077,14.205611
89,36.0,16.843232,14.257877
89,37.0,16.893605,14.346919
89,38.0,16.876279,14.443321
89,39.0,16.809065,14.521089
89,40.0,16.719253,14.563908
89,41.0,16.634334,14.567736
89,42.0,16.574768,14.539476
89,43.0,16.550336,14.492854
89,44.0,16.560047,14.443393
89,45.0,16.594655,14.4041
89,46.0,16.640571,14.382776
89,47.0,16.684029,14.381191
89,48.0,16.714536,14.395849
89,49.0,16.726904,14.419872
89,50.0,16.72157,14.445354
90,0.0,10.890924,4.290732
90,1.0,17.132982,3.945199
90,2.0,24.500318,4.467406
90,3.0,30.560166,6.231149
90,4.0,32.435569,9.846522
90,5.0,28.99088,15.184121
90,6.0,22.46965,19.987265
90,7.0,16.595933,21.681506
90,8.0,13.014067,20.386888
90,9.0,11.46934,17.77683
90,10.0,11.375061,15.143612
90,11.0,12.331356,13.078739
90,12.0,14.048965,11.766262
90,13.0,16.181347,11.226214
90,14.0,18.235777,11.420473
90,15.0,19.651982,12.254249
90,16.0,20.041694,13.516875
90,17.0,19.414874,14.848451
90,18.0,18.16834,15.839512
90,19.0,16.827307,16.234089
90,20.0,15.78256,16.042539
90,21.0,15.20746,15.469761
90,22.0,15.109567,14.769425
90,23.0,15.401406,14.146006
90,24.0,15.943281,13.72468
90,25.0,16.568429,13.556714
90,26.0,17.111235,13.63251
90,27.0,17.444714,13.893291
90,28.0,17.514667,14.245391
90,29.0,17.350313,14.5834
90,30.0,17.042816,14.820213
90,31.0,16.70401,14.911644
90,32.0,16.427913,14.863124
90,33.0,16.269753,14.717372
90,34.0,16.242925,14.532868
90,35.0,16.32682,14.364152
90,36.0,16.479088,14.24947
90,37.0,16.649117,14.205945
90,38.0,16.790998,14.230341
90,39.0,16.873978,14.303659
90,40.0,16.887995,14.398266
90,41.0,16.842883,14.486104
90,42.0,16.762033,14.546003
90,43.0,16.673365,14.568092
90,44.0,16.600971,14.554299
90,45.0,16.559754,14.515429
90,46.0,16.553706,14.466447
90,47.0,16.577277,14.421749
90,48.0,16.618687,14.391685
90,49.0,16.664031,14.38086
90,50.0,16.701109,14.388181
91,0.0,27.816115,26.442841
91,1.0,14.801106,29.726587
91,2.0,9.241698,25.499612
91,3.0,7.46768,19.747903
91,4.0,7.554559,14.952141
91,5.0,8.912771,11.576746
91,6.0,11.421158,9.500386
91,7.0,14.929565,8.539271
91,8.0,18.886322,8.602179
91,9.0,22.21073,9.694724
91,10.0,23.701501,11.77235
91,11.0,22.857407,14.432145
91,12.0,20.351477,16.778991
91,13.0,17.498067,17.944407
91,14.0,15.282529,17.757317
91,15.0,14.037271,16.679806
91,16.0,13.705269,15.306958
91,17.0,14.103825,14.068302
91,18.0,15.012672,13.193677
91,19.0,16.172386,12.772142
91,20.0,17.286659,12.802429
91,21.0,18.074004,13.211879
91,22.0,18.358175,13.858503
91,23.0,18.137209,14.547425
91,24.0,17.571551,15.083583
91,25.0,16.894896,15.342028
91,26.0,16.313159,15.306803
91,27.0,15.949474,15.053776
91,28.0,15.840201,14.700316
91,29.0,15.955496,14.358386
91,30.0,16.223287,14.108186
91,31.0,16.551097,13.990001
91,32.0,16.84744,14.006143
91,33.0,17.042661,14.127881
91,34.0,17.104436,14.306099
91,35.0,17.041785,14.485401
91,36.0,16.895721,14.619278
91,37.0,16.72125,14.681641
91,38.0,16.568938,14.670621
91,39.0,16.472502,14.604192
91,40.0,16.444343,14.510852
91,41.0,16.477516,14.419717
91,42.0,16.55158,14.353089
91,43.0,16.640093,14.322588
91,44.0,16.71804,14.328652
91,45.0,16.767744,14.362634
91,46.0,16.782045,14.410581
91,47.0,16.764247,14.457655
91,48.0,16.725267,14.492065
91,49.0,16.67927,14.507549
91,50.0,16.639327,14.50394
92,0.0,8.480307,20.139537
92,1.0,8.28878,15.649569
92,2.0,9.414297,12.343497
92,3.0,11.645522,10.242422
92,4.0,14.785167,9.219242
92,5.0,18.319905,9.188495
92,6.0,21.315568,10.126301
92,7.0,22.749368,11.950791
92,8.0,22.171488,14.285652
92,9.0,20.096272,16.373982
92,10.0,17.608386,17.479309
92,11.0,15.589856,17.412965
92,12.0,14.397689,16.525706
92,13.0,14.028545,15.324447
92,14.0,14.335929,14.203635
92,15.0,15.121527,13.389592
92,16.0,16.147773,12.978066
92,17.0,17.14715,12.975757
92,18.0,17.868332,13.319635
92,19.0,18.151913,13.883246
92,20.0,17.9881,14.494308
92,21.0,17.508671,14.980361
92,22.0,16.914516,15.227787
92,23.0,16.389642,15.215908
92,24.0,16.049984,15.005354
92,25.0,15.935088,14.696973
92,26.0,16.023379,14.390784
92,27.0,16.253027,14.160936
92,28.0,16.542169,14.046535
92,29.0,16.808725,14.05226
92,30.0,16.989254,14.154252
92,31.0,17.05285,14.30971
92,32.0,17.005079,14.469527
92,33.0,16.880379,14.591761
92,34.0,16.726722,14.651966
92,35.0,16.589412,14.646936
92,36.0,16.499671,14.591344
92,37.0,16.470048,14.509849
92,38.0,16.49566,14.428371
92,39.0,16.559127,14.367286
92,40.0,16.637197,14.337699
92,41.0,16.707434,14.340737
92,42.0,16.7536,14.369256
92,43.0,16.768649,14.411133
92,44.0,16.754861,14.453182
92,45.0,16.721475,14.484694
92,46.0,16.680905,14.499735
92,47.0,16.644875,14.497759
92,48.0,16.621566,14.482683
92,49.0,16.61429,14.460958
92,50.0,16.621667,14.439406
93,0.0,24.699444,17.100824
93,1.0,19.333999,20.069598
93,2.0,15.14794,20.330496
93,3.0,12.800299,18.672251
93,4.0,11.992296,16.373642
93,5.0,12.326238,14.268683
93,6.0,13.497306,12.72715
93,7.0,15.209816,11.863567
93,8.0,17.079366,11.68147
93,9.0,18.633825,12.122314
93,10.0,19.452514,13.045827
93,11.0,19.367617,14.194875
93,12.0,18.556296,15.226923
93,13.0,17.42184,15.847245
93,14.0,16.36636,15.946632
93,15.0,15.641219,15.617494
93,16.0,15.332062,15.059025
93,17.0,15.408711,14.472497
93,18.0,15.772912,14.005258
93,19.0,16.2888,13.738117
93,20.0,16.808009,13.691757
93,21.0,17.199801,13.837003
93,22.0,17.383016,14.106554
93,23.0,17.345694,14.412042
93,24.0,17.140182,14.66788
93,25.0,16.855604,14.815475
93,26.0,16.582909,14.83703
93,27.0,16.388673,14.753134
93,28.0,16.30419,14.608037
93,29.0,16.327157,14.451615
93,30.0,16.430257,14.325194
93,31.0,16.572496,14.253753
93,32.0,16.711014,14.243909
93,33.0,16.811584,14.286151
93,34.0,16.85579,14.359991
93,35.0,16.843194,14.440778
93,36.0,16.788236,14.506612
93,37.0,16.713492,14.543571
93,38.0,16.642001,14.547934
93,39.0,16.591171,14.525154
93,40.0,16.569577,14.486528
93,41.0,16.576735,14.445036
93,42.0,16.605111,14.411695
93,43.0,16.64339,14.393234
93,44.0,16.679992,14.391325
93,45.0,16.706004,14.403177
93,46.0,16.716921,14.423098
93,47.0,16.712956,14.44447
93,48.0,16.698069,14.461597
93,49.0,16.678211,14.470979
93,50.0,16.659402,14.471779
94,0.0,16.359867,8.013716
94,1.0,20.539669,8.463158
94,2.0,23.585869,9.994597
94,3.0,24.310284,12.513909
94,4.0,22.579237,15.41298
94,5.0,19.519686,17.603501
94,6.0,16.577303,18.319628
94,7.0,14.55939,17.679408
94,8.0,13.604006,16.319839
94,9.0,13.560259,14.848164
94,10.0,14.211668,13.640615
94,11.0,15.315025,12.873821
94,12.0,16.582076,12.59945
94,13.0,17.692162,12.788303
94,14.0,18.366582,13.339241
94,15.0,18.471526,14.078724
94,16.0,18.072068,14.78808
94,17.0,17.38564,15.272687
94,18.0,16.667882,15.435506
94,19.0,16.113594,15.299738
94,20.0,15.819471,14.971609
94,21.0,15.794873,14.581571
94,22.0,15.988195,14.240249
94,23.0,16.311727,14.018515
94,24.0,16.663965,13.944251
94,25.0,16.952204,14.007017
94,26.0,17.113816,14.166767
94,27.0,17.129656,14.366394
94,28.0,17.023474,14.547641
94,29.0,16.847582,14.666848
94,30.0,16.661955,14.705018
94,31.0,16.515887,14.668699
94,32.0,16.437656,14.582738
94,33.0,16.43261,14.479367
94,34.0,16.487178,14.388143
94,35.0,16.576055,14.329283
94,36.0,16.670401,14.310911
94,37.0,16.74542,14.329638
94,38.0,16.78581,14.373581
94,39.0,16.788015,14.426795
94,40.0,16.758996,14.473991
94,41.0,16.712385,14.504337
94,42.0,16.663569,14.513437
94,43.0,16.625345,14.503226
94,44.0,16.605207,14.480186
94,45.0,16.604581,14.452731
94,46.0,16.619726,14.428672
94,47.0,16.643703,14.413381
94,48.0,16.668732,14.408955
94,49.0,16.688287,14.414353
94,50.0,16.698504,14.426275
95,0.0,3.69998,27.019257
95,1.0,3.221866,18.122169
95,2.0,3.767299,12.18098
95,3.0,5.26352,8.438081
95,4.0,8.04118,6.22564
95,5.0,12.501971,5.116759
95,6.0,18.580408,4.932667
95,7.0,25.040214,5.765887
95,8.0,29.480288,7.98662
95,9.0,29.705671,11.905799
95,10.0,25.67938,16.708147
95,11.0,20.013035,20.1158
95,12.0,15.445581,20.675412
95,13.0,12.824208,19.074981
95,14.0,11.849679,16.693443
95,15.0,12.086242,14.462087
95,16.0,13.212447,12.796862
95,17.0,14.93629,11.827313
95,18.0,16.880224,11.561777
95,19.0,18.561494,11.94828
95,20.0,19.520949,12.858171
95,21.0,19.538753,14.043108
95,22.0,18.758846,15.151561
95,23.0,17.589576,15.858694
95,24.0,16.463836,16.022488
95,25.0,15.664014,15.719846
95,26.0,15.29448,15.153624
95,27.0,15.333093,14.537845
95,28.0,15.68381,14.032944
95,29.0,16.209373,13.729814
95,30.0,16.756268,13.656122
95,31.0,17.184747,13.787055
95,32.0,17.402595,14.05684
95,33.0,17.38841,14.375192
95,34.0,17.190071,14.651288
95,35.0,16.898066,14.819676
95,36.0,16.608697,14.856654
95,37.0,16.395006,14.779758
95,38.0,16.293708,14.63332
95,39.0,16.305916,14.469492
95,40.0,16.405607,14.332789
95,41.0,16.551197,14.251279
95,42.0,16.697779,14.233946
95,43.0,16.808261,14.272602
95,44.0,16.861344,14.346931
95,45.0,16.854475,14.431423
95,46.0,16.801214,14.502632
95,47.0,16.724513,14.544927
95,48.0,16.648672,14.553207
95,49.0,16.592701,14.532206
95,50.0,16.566629,14.49321
96,0.0,27.112124,19.359942
96,1.0,18.718049,23.243133
96,2.0,13.338359,22.616155
96,3.0,10.847699,19.601188
96,4.0,10.263502,16.256584
96,5.0,10.970547,13.521956
96,6.0,12.65197,11.665289
96,7.0,15.019703,10.703051
96,8.0,17.611089,10.593409
96,9.0,19.758441,11.276613
96,10.0,20.814296,12.610164
96,11.0,20.521282,14.262715
96,12.0,19.195396,15.723703
96,13.0,17.500525,16.538558
96,14.0,16.032505,16.570762
96,15.0,15.100241,16.009332
96,16.0,14.763496,15.176266
96,17.0,14.944249,14.357156
96,18.0,15.496696,13.738148
96,19.0,16.235812,13.409468
96,20.0,16.959697,13.385511
96,21.0,17.487741,13.619927
96,22.0,17.709246,14.01723
96,23.0,17.615819,14.452319
96,24.0,17.293513,14.803962
96,25.0,16.877553,14.992027
96,26.0,16.497721,14.998211
96,27.0,16.241912,14.859793
96,28.0,16.145413,14.644692
96,29.0,16.197639,14.424156
96,30.0,16.355999,14.253749
96,31.0,16.561509,14.164578
96,32.0,16.75442,14.162236
96,33.0,16.888324,14.230718
96,34.0,16.93993,14.339727
96,35.0,16.911688,14.454135
96,36.0,16.826658,14.543654
96,37.0,16.718193,14.590087
96,38.0,16.618755,14.590069
96,39.0,16.551594,14.553037
96,40.0,16.526929,14.495996
96,41.0,16.542311,14.437447
96,42.0,16.585909,14.392386
96,43.0,16.641254,14.369375
96,44.0,16.692134,14.369788
96,45.0,16.726567,14.388915
96,46.0,16.739039,14.418278
96,47.0,16.73071,14.448454
96,48.0,16.707827,14.471636
96,49.0,16.679105,14.483322
96,50.0,16.652987,14.482834
97,0.0,10.831864,11.127078
97,1.0,13.563848,9.711374
97,2.0,16.905572,9.296787
97,3.0,20.098982,9.838749
97,4.0,22.142935,11.289197
97,5.0,22.338562,13.406955
97,6.0,20.823394,15.587813
97,7.0,18.492392,17.063425
97,8.0,16.321469,17.424868
97,9.0,14.849797,16.835522
97,10.0,14.190885,15.755425
97,11.0,14.247596,14.617392
97,12.0,14.845886,13.702102
97,13.0,15.769987,13.148373
97,14.0,16.769173,12.994548
97,15.0,17.588365,13.205191
97,16.0,18.033102,13.680676
97,17.0,18.036221,14.268513
97,18.0,17.676314,14.797161
97,19.0,17.12886,15.130732
97,20.0,16.583577,15.213914
97,21.0,16.179983,15.077559
97,22.0,15.98436,14.807621
97,23.0,15.997298,14.503661
97,24.0,16.17252,14.24829
97,25.0,16.436743,14.092745
97,26.0,16.709023,14.0542
97,27.0,16.919628,14.119644
97,28.0,17.025771,14.253839
97,29.0,17.019416,14.410537
97,30.0,16.924096,14.54549
97,31.0,16.782477,14.627951
97,32.0,16.640484,14.646908
97,33.0,16.534191,14.610368
97,34.0,16.482822,14.53914
97,35.0,16.487908,14.458446
97,36.0,16.536838,14.390481
97,37.0,16.608773,14.34962
97,38.0,16.681212,14.340637
97,39.0,16.735792,14.359507
97,40.0,16.76214,14.396066
97,41.0,16.75908,14.437649
97,42.0,16.733209,14.472735
97,43.0,16.695663,14.493685
97,44.0,16.658312,14.497977
97,45.0,16.630559,14.487854
97,46.0,16.617467,14.468778
97,47.0,16.61939,14.447371
97,48.0,16.632852,14.429496
97,49.0,16.652174,14.418949
97,50.0,16.671328,14.416925
98,0.0,22.052715,27.016198
98,1.0,12.931015,27.230955
98,2.0,9.118133,22.769448
98,3.0,8.071381,17.78556
98,4.0,8.590559,13.806465
98,5.0,10.298424,11.08706
98,6.0,13.048684,9.52331
98,7.0,16.526572,8.992298
98,8.0,19.99406,9.444995
98,9.0,22.379506,10.858867
98,10.0,22.832611,13.043098
98,11.0,21.368199,15.411347
98,12.0,18.898138,17.118306
98,13.0,16.517293,17.63994
98,14.0,14.861297,17.094299
98,15.0,14.075755,15.970407
98,16.0,14.062563,14.748345
98,17.0,14.641791,13.742763
98,18.0,15.593348,13.110905
98,19.0,16.658703,12.90085
98,20.0,17.565482,13.083492
98,21.0,18.093192,13.562772
98,22.0,18.149553,14.183719
98,23.0,17.801078,14.763352
98,24.0,17.228569,15.148157
98,25.0,16.638132,15.267127
98,26.0,16.186678,15.144035
98,27.0,15.952805,14.866865
98,28.0,15.943373,14.542416
98,29.0,16.113579,14.261613
98,30.0,16.388014,14.08271
98,31.0,16.680798,14.027749
98,32.0,16.915478,14.086229
98,33.0,17.042435,14.222992
98,34.0,17.048642,14.389593
98,35.0,16.955812,14.537981
98,36.0,16.807998,14.633212
98,37.0,16.654609,14.661004
98,38.0,16.535763,14.627846
98,39.0,16.474065,14.55484
98,40.0,16.473108,14.468775
98,41.0,16.520884,14.393953
98,42.0,16.595878,14.346749
98,43.0,16.674028,14.333392
98,44.0,16.735036,14.350552
98,45.0,16.766758,14.387983
98,46.0,16.766841,14.432313
98,47.0,16.741514,14.470961
98,48.0,16.702294,14.49522
98,49.0,16.661929,14.50177
98,50.0,16.630857,14.492489
99,0.0,26.725506,23.616391
99,1.0,16.015013,26.82548
99,2.0,10.71587,24.021496
99,3.0,8.799226,19.406888
99,4.0,8.748154,15.260107
99,5.0,9.967843,12.221734
99,6.0,12.243732,10.319902
99,7.0,15.327587,9.452289
99,8.0,18.653541,9.549068
99,9.0,21.3028,10.576752
99,10.0,22.377334,12.408287
99,11.0,21.598893,14.615955
99,12.0,19.557574,16.46692
99,13.0,17.259103,17.342117
99,14.0,15.457914,17.15283
99,15.0,14.439301,16.259094
99,16.0,14.18377,15.124008
99,17.0,14.547819,14.097157
99,18.0,15.336753,13.376314
99,19.0,16.317292,13.041648
99,20.0,17.233868,13.090389
99,21.0,17.85872,13.452806
99,22.0,18.062212,14.000159
99,23.0,17.85746,14.566542
99,24.0,17.381657,14.995448
99,25.0,16.82419,15.192623
99,26.0,16.350246,15.151075
99,27.0,16.059039,14.934945
99,28.0,15.979462,14.640326
99,29.0,16.08513,14.358812
99,30.0,16.313966,14.156087
99,31.0,16.587484,14.064535
99,32.0,16.829775,14.084448
99,33.0,16.984956,14.190146
99,34.0,17.028992,14.339644
99,35.0,16.971647,14.486957
99,36.0,16.847958,14.594569
99,37.0,16.703409,14.642319
99,38.0,16.579193,14.62987
99,39.0,16.502364,14.572768
99,40.0,16.48232,14.494787
99,41.0,16.512529,14.41988
99,42.0,16.57548,14.366154
99,43.0,16.649032,14.342741
99,44.0,16.712638,14.349483
99,45.0,16.752135,14.378794
99,46.0,16.762189,14.418904
99,47.0,16.746037,14.457562
99,48.0,16.713003,14.485238
99,49.0,16.674862,14.497066
99,50.0,16.642297,14.4932
