id,t,depot,central,immune,effector
0,0.0,5.835649,0.0,7.73468,0.976574
0,0.5,3.459487,2.238987,7.61488,1.016453
0,1.0,2.050852,3.332363,7.18607,1.055636
0,1.5,1.215785,3.771042,6.71526,1.093166
0,2.0,0.720741,3.843493,6.285336,1.128621
0,2.5,0.42727,3.718438,5.92179,1.161857
0,3.0,0.253294,3.493852,5.628591,1.192916
0,3.5,0.150158,3.225982,5.401414,1.221966
0,4.0,0.089016,2.946529,5.233101,1.24926
0,4.5,0.052771,2.672816,5.116004,1.275096
0,5.0,0.031283,2.413796,5.042955,1.299791
0,5.5,0.018545,2.173595,5.007613,1.323655
0,6.0,0.010994,1.953604,5.00452,1.346981
0,6.5,0.006518,1.753701,5.029049,1.370033
0,7.0,0.003864,1.572967,5.077293,1.393044
0,7.5,0.00229,1.410099,5.145951,1.41621
0,8.0,0.001358,1.263645,5.232228,1.439696
0,8.5,0.000805,1.132135,5.333734,1.463633
0,9.0,0.000477,1.014154,5.448415,1.488126
0,9.5,0.000283,0.908374,5.574484,1.51325
0,10.0,0.000168,0.813571,5.710375,1.539059
0,10.5,9.9e-05,0.72863,5.8547,1.565588
0,11.0,5.9e-05,0.652538,6.00622,1.592851
0,11.5,3.5e-05,0.584381,6.163817,1.620849
0,12.0,2.1e-05,0.523335,6.326482,1.649567
0,12.5,1.2e-05,0.468663,6.493291,1.678981
0,13.0,7e-06,0.4197,6.663404,1.709056
0,13.5,4e-06,0.375851,6.836046,1.739748
0,14.0,3e-06,0.336582,7.01051,1.771007
0,14.5,2e-06,0.301415,7.186144,1.802775
0,15.0,1e-06,0.269923,7.362351,1.834993
0,15.5,1e-06,0.24172,7.538585,1.867595
0,16.0,0.0,0.216465,7.714346,1.900514
0,16.5,0.0,0.193848,7.889179,1.933679
0,17.0,0.0,0.173594,8.062672,1.967019
0,17.5,0.0,0.155456,8.234453,2.000463
0,18.0,0.0,0.139213,8.40419,2.033941
0,18.5,0.0,0.124668,8.571583,2.06738
0,19.0,0.0,0.111642,8.736372,2.100712
0,19.5,0.0,0.099977,8.898323,2.133871
0,20.0,0.0,0.089531,9.057238,2.166791
0,20.5,0.0,0.080176,9.212945,2.199411
0,21.0,0.0,0.071799,9.365298,2.231671
0,21.5,0.0,0.064297,9.514177,2.263518
0,22.0,0.0,0.057579,9.659485,2.294898
0,22.5,0.0,0.051563,9.801146,2.325765
0,23.0,0.0,0.046176,9.939103,2.356075
0,23.5,0.0,0.041351,10.073318,2.385788
0,24.0,0.0,0.03703,10.203768,2.414871
0,24.5,0.0,0.033161,10.330445,2.443291
0,25.0,0.0,0.029697,10.453356,2.471022
0,25.5,0.0,0.026594,10.572517,2.498042
0,26.0,0.0,0.023815,10.687958,2.524332
0,26.5,0.0,0.021327,10.799715,2.549877
0,27.0,0.0,0.019098,10.907835,2.574666
0,27.5,0.0,0.017103,11.012372,2.598691
0,28.0,0.0,0.015316,11.113384,2.621949
0,28.5,0.0,0.013716,11.210937,2.644437
0,29.0,0.0,0.012283,11.305101,2.666158
0,29.5,0.0,0.010999,11.395949,2.687116
0,30.0,0.0,0.00985,11.483557,2.707317
0,30.5,0.0,0.008821,11.568004,2.726771
0,31.0,0.0,0.007899,11.649372,2.745487
0,31.5,0.0,0.007074,11.727742,2.763479
0,32.0,0.0,0.006335,11.803198,2.78076
0,32.5,0.0,0.005673,11.875823,2.797346
0,33.0,0.0,0.00508,11.945702,2.813252
0,33.5,0.0,0.004549,12.012919,2.828497
0,34.0,0.0,0.004074,12.077555,2.843098
0,34.5,0.0,0.003648,12.139695,2.857074
0,35.0,0.0,0.003267,12.199419,2.870444
0,35.5,0.0,0.002926,12.256808,2.883227
0,36.0,0.0,0.00262,12.311941,2.895443
0,36.5,0.0,0.002346,12.364896,2.907111
0,37.0,0.0,0.002101,12.415749,2.918252
0,37.5,0.0,0.001882,12.464574,2.928884
0,38.0,0.0,0.001685,12.511445,2.939027
0,38.5,0.0,0.001509,12.556432,2.948699
0,39.0,0.0,0.001351,12.599605,2.957921
0,39.5,0.0,0.00121,12.64103,2.96671
0,40.0,0.0,0.001084,12.680774,2.975083
0,40.5,0.0,0.00097,12.718899,2.98306
0,41.0,0.0,0.000869,12.755467,2.990656
0,41.5,0.0,0.000778,12.790539,2.997888
0,42.0,0.0,0.000697,12.824171,3.004773
0,42.5,0.0,0.000624,12.85642,3.011326
0,43.0,0.0,0.000559,12.88734,3.017563
0,43.5,0.0,0.000501,12.916983,3.023496
0,44.0,0.0,0.000448,12.945399,3.029142
0,44.5,0.0,0.000401,12.972637,3.034512
0,45.0,0.0,0.000359,12.998745,3.039621
0,45.5,0.0,0.000322,13.023766,3.044479
0,46.0,0.0,0.000288,13.047746,3.049101
0,46.5,0.0,0.000258,13.070727,3.053496
0,47.0,0.0,0.000231,13.092747,3.057675
0,47.5,0.0,0.000207,13.113848,3.06165
0,48.0,0.0,0.000185,13.134065,3.06543
0,48.5,0.0,0.000166,13.153435,3.069024
0,49.0,0.0,0.000149,13.171994,3.072442
0,49.5,0.0,0.000133,13.189773,3.075693
0,50.0,0.0,0.000119,13.206806,3.078784
1,0.0,4.755131,0.0,5.916892,0.863759
1,0.5,2.506738,2.05591,5.510138,0.856711
1,1.0,1.321465,2.82904,4.78013,0.846608
1,1.5,0.69663,2.97288,4.137658,0.832582
1,2.0,0.367239,2.824833,3.64727,0.814927
1,2.5,0.193595,2.556743,3.298017,0.794447
1,3.0,0.102057,2.254089,3.06374,0.772132
1,3.5,0.053801,1.957593,2.919257,0.748956
1,4.0,0.028362,1.685037,2.84414,0.725756
1,4.5,0.014951,1.442669,2.822791,0.70318
1,5.0,0.007882,1.231128,2.843549,0.681688
1,5.5,0.004155,1.048497,2.897715,0.661576
1,6.0,0.00219,0.891852,2.978731,0.643013
1,6.5,0.001155,0.758029,3.081561,0.626069
1,7.0,0.000609,0.643981,3.202241,0.610749
1,7.5,0.000321,0.54693,3.337566,0.597011
1,8.0,0.000169,0.464421,3.484874,0.584785
1,8.5,8.9e-05,0.394314,3.641894,0.573986
1,9.0,4.7e-05,0.334767,3.806654,0.564518
1,9.5,2.5e-05,0.2842,3.977409,0.556286
1,10.0,1.3e-05,0.241264,4.152601,0.549195
1,10.5,7e-06,0.204812,4.330835,0.543153
1,11.0,4e-06,0.173865,4.510853,0.538074
1,11.5,2e-06,0.147594,4.691531,0.533878
1,12.0,1e-06,0.125291,4.871863,0.530491
1,12.5,1e-06,0.106359,5.050957,0.527847
1,13.0,0.0,0.090287,5.228032,0.525882
1,13.5,0.0,0.076643,5.402407,0.52454
1,14.0,0.0,0.065062,5.573497,0.523771
1,14.5,0.0,0.05523,5.740809,0.523527
1,15.0,0.0,0.046884,5.903935,0.523766
1,15.5,0.0,0.039799,6.062541,0.524451
1,16.0,0.0,0.033785,6.216366,0.525545
1,16.5,0.0,0.02868,6.365213,0.527018
1,17.0,0.0,0.024346,6.508941,0.528841
1,17.5,0.0,0.020667,6.647461,0.530986
1,18.0,0.0,0.017544,6.780728,0.533431
1,18.5,0.0,0.014893,6.908737,0.536153
1,19.0,0.0,0.012642,7.031516,0.539132
1,19.5,0.0,0.010732,7.149122,0.542349
1,20.0,0.0,0.00911,7.261637,0.545787
1,20.5,0.0,0.007734,7.36916,0.54943
1,21.0,0.0,0.006565,7.471811,0.553264
1,21.5,0.0,0.005573,7.569719,0.557275
1,22.0,0.0,0.004731,7.663025,0.561449
1,22.5,0.0,0.004016,7.751877,0.565776
1,23.0,0.0,0.003409,7.83643,0.570244
1,23.5,0.0,0.002894,7.91684,0.574843
1,24.0,0.0,0.002457,7.993266,0.579563
1,24.5,0.0,0.002085,8.065867,0.584394
1,25.0,0.0,0.00177,8.134803,0.589329
1,25.5,0.0,0.001503,8.20023,0.594358
1,26.0,0.0,0.001276,8.262302,0.599474
1,26.5,0.0,0.001083,8.32117,0.604669
1,27.0,0.0,0.000919,8.376981,0.609937
1,27.5,0.0,0.00078,8.42988,0.615271
1,28.0,0.0,0.000662,8.480004,0.620664
1,28.5,0.0,0.000562,8.527488,0.62611
1,29.0,0.0,0.000477,8.57246,0.631603
1,29.5,0.0,0.000405,8.615046,0.637139
1,30.0,0.0,0.000344,8.655365,0.64271
1,30.5,0.0,0.000292,8.693531,0.648313
1,31.0,0.0,0.000248,8.729654,0.653941
1,31.5,0.0,0.00021,8.763839,0.659592
1,32.0,0.0,0.000179,8.796186,0.665259
1,32.5,0.0,0.000152,8.82679,0.670938
1,33.0,0.0,0.000129,8.855743,0.676626
1,33.5,0.0,0.000109,8.883131,0.682318
1,34.0,0.0,9.3e-05,8.909037,0.688011
1,34.5,0.0,7.9e-05,8.933539,0.6937
1,35.0,0.0,6.7e-05,8.956712,0.699382
1,35.5,0.0,5.7e-05,8.978627,0.705053
1,36.0,0.0,4.8e-05,8.99935,0.710711
1,36.5,0.0,4.1e-05,9.018947,0.716351
1,37.0,0.0,3.5e-05,9.037476,0.721972
1,37.5,0.0,2.9e-05,9.054996,0.72757
1,38.0,0.0,2.5e-05,9.071561,0.733142
1,38.5,0.0,2.1e-05,9.087223,0.738685
1,39.0,0.0,1.8e-05,9.10203,0.744198
1,39.5,0.0,1.5e-05,9.116028,0.749677
1,40.0,0.0,1.3e-05,9.129263,0.75512
1,40.5,0.0,1.1e-05,9.141774,0.760526
1,41.0,0.0,9e-06,9.153602,0.765891
1,41.5,0.0,8e-06,9.164783,0.771214
1,42.0,0.0,7e-06,9.175352,0.776494
1,42.5,0.0,6e-06,9.185344,0.781728
1,43.0,0.0,5e-06,9.194789,0.786914
1,43.5,0.0,4e-06,9.203717,0.792051
1,44.0,0.0,4e-06,9.212157,0.797138
1,44.5,0.0,3e-06,9.220135,0.802173
1,45.0,0.0,3e-06,9.227676,0.807155
1,45.5,0.0,2e-06,9.234805,0.812083
1,46.0,0.0,2e-06,9.241543,0.816955
1,46.5,0.0,2e-06,9.247912,0.821771
1,47.0,0.0,1e-06,9.253932,0.826529
1,47.5,0.0,1e-06,9.259623,0.831229
1,48.0,0.0,1e-06,9.265002,0.83587
1,48.5,0.0,1e-06,9.270086,0.840452
1,49.0,0.0,1e-06,9.274892,0.844973
1,49.5,0.0,1e-06,9.279435,0.849433
1,50.0,0.0,0.0,9.283729,0.853831
2,0.0,4.793502,0.0,5.399661,0.751921
2,0.5,2.75732,1.868354,4.93779,0.72545
2,1.0,1.586067,2.667611,4.322343,0.697559
2,1.5,0.912338,2.892514,3.787545,0.668002
2,2.0,0.524796,2.82166,3.371701,0.63722
2,2.5,0.301873,2.610201,3.06585,0.60588
2,3.0,0.173644,2.343031,2.850517,0.574662
2,3.5,0.099883,2.06527,2.706445,0.544148
2,4.0,0.057455,1.799711,2.61745,0.51478
2,4.5,0.033049,1.556767,2.57072,0.486857
2,5.0,0.019011,1.340129,2.556345,0.460551
2,5.5,0.010935,1.149959,2.566708,0.435933
2,6.0,0.00629,0.984679,2.595929,0.413005
2,6.5,0.003618,0.841956,2.63943,0.391717
2,7.0,0.002081,0.719233,2.693605,0.37199
2,7.5,0.001197,0.614005,2.755579,0.353725
2,8.0,0.000689,0.523947,2.823032,0.336817
2,8.5,0.000396,0.446968,2.89408,0.321156
2,9.0,0.000228,0.381224,2.967182,0.306638
2,9.5,0.000131,0.325108,3.041076,0.293162
2,10.0,7.5e-05,0.277227,3.114732,0.280634
2,10.5,4.3e-05,0.236384,3.187315,0.268966
2,11.0,2.5e-05,0.20155,3.258156,0.258081
2,11.5,1.4e-05,0.171844,3.326729,0.247905
2,12.0,8e-06,0.146514,3.39263,0.238373
2,12.5,5e-06,0.124916,3.455562,0.229426
2,13.0,3e-06,0.106501,3.515318,0.221012
2,13.5,2e-06,0.090801,3.57177,0.213084
2,14.0,1e-06,0.077414,3.624855,0.205598
2,14.5,1e-06,0.066001,3.674561,0.198517
2,15.0,0.0,0.05627,3.720926,0.191807
2,15.5,0.0,0.047974,3.764021,0.185437
2,16.0,0.0,0.040901,3.803946,0.17938
2,16.5,0.0,0.034871,3.840823,0.173612
2,17.0,0.0,0.02973,3.874789,0.16811
2,17.5,0.0,0.025347,3.905995,0.162855
2,18.0,0.0,0.02161,3.934595,0.157829
2,18.5,0.0,0.018424,3.960749,0.153016
2,19.0,0.0,0.015708,3.984617,0.148402
2,19.5,0.0,0.013392,4.006355,0.143973
2,20.0,0.0,0.011417,4.02612,0.139718
2,20.5,0.0,0.009734,4.044059,0.135626
2,21.0,0.0,0.008299,4.060316,0.131688
2,21.5,0.0,0.007075,4.075026,0.127894
2,22.0,0.0,0.006032,4.088319,0.124237
2,22.5,0.0,0.005143,4.100315,0.120708
2,23.0,0.0,0.004385,4.111129,0.117302
2,23.5,0.0,0.003738,4.120865,0.114012
2,24.0,0.0,0.003187,4.129621,0.110832
2,24.5,0.0,0.002717,4.137488,0.107757
2,25.0,0.0,0.002317,4.14455,0.104782
2,25.5,0.0,0.001975,4.150884,0.101902
2,26.0,0.0,0.001684,4.156559,0.099114
2,26.5,0.0,0.001436,4.16164,0.096414
2,27.0,0.0,0.001224,4.166187,0.093797
2,27.5,0.0,0.001043,4.170251,0.09126
2,28.0,0.0,0.00089,4.173883,0.088801
2,28.5,0.0,0.000758,4.177126,0.086416
2,29.0,0.0,0.000647,4.18002,0.084101
2,29.5,0.0,0.000551,4.182601,0.081856
2,30.0,0.0,0.00047,4.184901,0.079676
2,30.5,0.0,0.000401,4.186951,0.077561
2,31.0,0.0,0.000342,4.188776,0.075506
2,31.5,0.0,0.000291,4.1904,0.073511
2,32.0,0.0,0.000248,4.191846,0.071573
2,32.5,0.0,0.000212,4.193131,0.06969
2,33.0,0.0,0.000181,4.194274,0.067861
2,33.5,0.0,0.000154,4.195289,0.066083
2,34.0,0.0,0.000131,4.196191,0.064355
2,34.5,0.0,0.000112,4.196992,0.062675
2,35.0,0.0,9.5e-05,4.197703,0.061043
2,35.5,0.0,8.1e-05,4.198334,0.059455
2,36.0,0.0,6.9e-05,4.198894,0.057911
2,36.5,0.0,5.9e-05,4.199391,0.05641
2,37.0,0.0,5e-05,4.199831,0.05495
2,37.5,0.0,4.3e-05,4.200221,0.05353
2,38.0,0.0,3.7e-05,4.200567,0.052149
2,38.5,0.0,3.1e-05,4.200874,0.050805
2,39.0,0.0,2.7e-05,4.201145,0.049497
2,39.5,0.0,2.3e-05,4.201386,0.048225
2,40.0,0.0,1.9e-05,4.201599,0.046987
2,40.5,0.0,1.6e-05,4.201787,0.045782
2,41.0,0.0,1.4e-05,4.201954,0.04461
2,41.5,0.0,1.2e-05,4.202102,0.043469
2,42.0,0.0,1e-05,4.202232,0.042358
2,42.5,0.0,9e-06,4.202348,0.041277
2,43.0,0.0,7e-06,4.20245,0.040225
2,43.5,0.0,6e-06,4.20254,0.0392
2,44.0,0.0,5e-06,4.20262,0.038203
2,44.5,0.0,5e-06,4.202691,0.037232
2,45.0,0.0,4e-06,4.202753,0.036286
2,45.5,0.0,3e-06,4.202809,0.035366
2,46.0,0.0,3e-06,4.202857,0.034469
2,46.5,0.0,2e-06,4.202901,0.033596
2,47.0,0.0,2e-06,4.202939,0.032746
2,47.5,0.0,2e-06,4.202972,0.031918
2,48.0,0.0,2e-06,4.203002,0.031111
2,48.5,0.0,1e-06,4.203028,0.030326
2,49.0,0.0,1e-06,4.203052,0.029561
2,49.5,0.0,1e-06,4.203072,0.028816
2,50.0,0.0,1e-06,4.20309,0.02809
3,0.0,4.968962,0.0,6.939088,1.152844
3,0.5,2.811918,1.961383,6.424649,1.200161
3,1.0,1.591254,2.754614,5.660131,1.242044
3,1.5,0.900485,2.937932,4.96084,1.276273
3,2.0,0.509581,2.818984,4.39424,1.302191
3,2.5,0.28837,2.564942,3.960165,1.320122
3,3.0,0.163188,2.264603,3.63999,1.331036
3,3.5,0.092347,1.963347,3.412395,1.336263
3,4.0,0.052259,1.682774,3.258308,1.337246
3,4.5,0.029573,1.431681,3.162038,1.335363
3,5.0,0.016735,1.212178,3.11111,1.331825
3,5.5,0.00947,1.023051,3.095723,1.327634
3,6.0,0.005359,0.861595,3.108184,1.323572
3,6.5,0.003033,0.724587,3.142415,1.320227
3,7.0,0.001716,0.608783,3.193575,1.318018
3,7.5,0.000971,0.511159,3.257769,1.317229
3,8.0,0.00055,0.429005,3.331831,1.318038
3,8.5,0.000311,0.359949,3.413169,1.320542
3,9.0,0.000176,0.30195,3.499647,1.324777
3,9.5,0.0001,0.253263,3.589496,1.330735
3,10.0,5.6e-05,0.212408,3.681255,1.338377
3,10.5,3.2e-05,0.178132,3.773716,1.347642
3,11.0,1.8e-05,0.149381,3.865885,1.358454
3,11.5,1e-05,0.125267,3.956952,1.370726
3,12.0,6e-06,0.105044,4.046263,1.384367
3,12.5,3e-06,0.088085,4.133299,1.399281
3,13.0,2e-06,0.073863,4.217656,1.415372
3,13.5,1e-06,0.061937,4.299029,1.432542
3,14.0,1e-06,0.051936,4.377197,1.450695
3,14.5,0.0,0.04355,4.45201,1.469737
3,15.0,0.0,0.036518,4.523379,1.489574
3,15.5,0.0,0.030622,4.591265,1.510117
3,16.0,0.0,0.025677,4.655669,1.531277
3,16.5,0.0,0.021531,4.716627,1.552968
3,17.0,0.0,0.018054,4.774205,1.575109
3,17.5,0.0,0.015139,4.828485,1.597619
3,18.0,0.0,0.012695,4.879571,1.620423
3,18.5,0.0,0.010645,4.927576,1.643446
3,19.0,0.0,0.008926,4.972623,1.666619
3,19.5,0.0,0.007485,5.014843,1.689874
3,20.0,0.0,0.006276,5.054367,1.713149
3,20.5,0.0,0.005263,5.091329,1.736384
3,21.0,0.0,0.004413,5.125864,1.759521
3,21.5,0.0,0.0037,5.158103,1.782508
3,22.0,0.0,0.003103,5.188176,1.805296
3,22.5,0.0,0.002602,5.216209,1.827839
3,23.0,0.0,0.002182,5.242325,1.850094
3,23.5,0.0,0.001829,5.266639,1.872024
3,24.0,0.0,0.001534,5.289266,1.893593
3,24.5,0.0,0.001286,5.310311,1.91477
3,25.0,0.0,0.001079,5.329878,1.935526
3,25.5,0.0,0.000904,5.348063,1.955838
3,26.0,0.0,0.000758,5.364958,1.975682
3,26.5,0.0,0.000636,5.380648,1.995042
3,27.0,0.0,0.000533,5.395217,2.0139
3,27.5,0.0,0.000447,5.408741,2.032246
3,28.0,0.0,0.000375,5.421291,2.050068
3,28.5,0.0,0.000314,5.432935,2.06736
3,29.0,0.0,0.000264,5.443736,2.084116
3,29.5,0.0,0.000221,5.453754,2.100335
3,30.0,0.0,0.000185,5.463044,2.116014
3,30.5,0.0,0.000155,5.471658,2.131156
3,31.0,0.0,0.00013,5.479644,2.145763
3,31.5,0.0,0.000109,5.487046,2.159841
3,32.0,0.0,9.2e-05,5.493906,2.173394
3,32.5,0.0,7.7e-05,5.500265,2.186431
3,33.0,0.0,6.4e-05,5.506157,2.19896
3,33.5,0.0,5.4e-05,5.511616,2.21099
3,34.0,0.0,4.5e-05,5.516675,2.222531
3,34.5,0.0,3.8e-05,5.521361,2.233596
3,35.0,0.0,3.2e-05,5.525703,2.244195
3,35.5,0.0,2.7e-05,5.529725,2.25434
3,36.0,0.0,2.2e-05,5.533451,2.264045
3,36.5,0.0,1.9e-05,5.536902,2.273322
3,37.0,0.0,1.6e-05,5.540098,2.282185
3,37.5,0.0,1.3e-05,5.543059,2.290646
3,38.0,0.0,1.1e-05,5.545801,2.29872
3,38.5,0.0,9e-06,5.548341,2.30642
3,39.0,0.0,8e-06,5.550693,2.313758
3,39.5,0.0,7e-06,5.552871,2.32075
3,40.0,0.0,5e-06,5.554888,2.327406
3,40.5,0.0,5e-06,5.556756,2.333742
3,41.0,0.0,4e-06,5.558486,2.339769
3,41.5,0.0,3e-06,5.560088,2.345501
3,42.0,0.0,3e-06,5.561571,2.350948
3,42.5,0.0,2e-06,5.562945,2.356125
3,43.0,0.0,2e-06,5.564216,2.361041
3,43.5,0.0,2e-06,5.565394,2.365709
3,44.0,0.0,1e-06,5.566485,2.370139
3,44.5,0.0,1e-06,5.567495,2.374343
3,45.0,0.0,1e-06,5.56843,2.37833
3,45.5,0.0,1e-06,5.569295,2.382111
3,46.0,0.0,1e-06,5.570097,2.385695
3,46.5,0.0,1e-06,5.570839,2.389092
3,47.0,0.0,0.0,5.571527,2.39231
3,47.5,0.0,0.0,5.572163,2.395359
3,48.0,0.0,0.0,5.572752,2.398246
3,48.5,0.0,0.0,5.573298,2.400979
3,49.0,0.0,0.0,5.573803,2.403567
3,49.5,0.0,0.0,5.574271,2.406015
3,50.0,0.0,0.0,5.574704,2.408332
4,0.0,5.063508,0.0,7.412463,1.180218
4,0.5,3.608255,1.357327,6.68037,1.289432
4,1.0,2.571242,2.155183,5.511033,1.397481
4,1.5,1.832267,2.575495,4.446235,1.498837
4,2.0,1.305673,2.745268,3.605609,1.589102
4,2.5,0.930422,2.752698,2.982266,1.665345
4,3.0,0.663019,2.65861,2.536354,1.726469
4,3.5,0.472467,2.504583,2.22598,1.773164
4,4.0,0.33668,2.318696,2.016224,1.807446
4,4.5,0.239918,2.119607,1.880456,1.832029
4,5.0,0.170966,1.919423,1.799209,1.849759
4,5.5,0.12183,1.725735,1.758551,1.863244
4,6.0,0.086816,1.543046,1.748608,1.874682
4,6.5,0.061865,1.373768,1.762386,1.88582
4,7.0,0.044085,1.218925,1.794906,1.897989
4,7.5,0.031415,1.078638,1.842585,1.912177
4,8.0,0.022386,0.95246,1.90279,1.929092
4,8.5,0.015953,0.839608,1.973542,1.949229
4,9.0,0.011368,0.739113,2.053305,1.972918
4,9.5,0.008101,0.64993,2.140836,2.000364
4,10.0,0.005773,0.570999,2.235096,2.031675
4,10.5,0.004114,0.501294,2.335178,2.066882
4,11.0,0.002931,0.439842,2.440264,2.105956
4,11.5,0.002089,0.385742,2.549601,2.148817
4,12.0,0.001489,0.338167,2.66248,2.195342
4,12.5,0.001061,0.296367,2.778228,2.245375
4,13.0,0.000756,0.259669,2.8962,2.298722
4,13.5,0.000539,0.227469,3.015784,2.355166
4,14.0,0.000384,0.199228,3.136393,2.41446
4,14.5,0.000274,0.174471,3.257474,2.476337
4,15.0,0.000195,0.152772,3.378504,2.540511
4,15.5,0.000139,0.133761,3.498998,2.606679
4,16.0,9.9e-05,0.117107,3.618504,2.674524
4,16.5,7.1e-05,0.10252,3.736613,2.743721
4,17.0,5e-05,0.089746,3.852951,2.81394
4,17.5,3.6e-05,0.07856,3.967185,2.884851
4,18.0,2.6e-05,0.068767,4.079022,2.956123
4,18.5,1.8e-05,0.060192,4.188209,3.027435
4,19.0,1.3e-05,0.052686,4.294527,3.098477
4,19.5,9e-06,0.046115,4.397797,3.16895
4,20.0,7e-06,0.040363,4.497873,3.238577
4,20.5,5e-06,0.035328,4.59464,3.307097
4,21.0,3e-06,0.030921,4.688015,3.374276
4,21.5,2e-06,0.027063,4.777942,3.439899
4,22.0,2e-06,0.023687,4.864389,3.503783
4,22.5,1e-06,0.020732,4.947349,3.565765
4,23.0,1e-06,0.018145,5.026832,3.625712
4,23.5,1e-06,0.015881,5.102868,3.683516
4,24.0,0.0,0.013899,5.175504,3.739093
4,24.5,0.0,0.012165,5.244797,3.792385
4,25.0,0.0,0.010647,5.310817,3.843353
4,25.5,0.0,0.009319,5.373646,3.891982
4,26.0,0.0,0.008156,5.433369,3.938272
4,26.5,0.0,0.007138,5.490082,3.982243
4,27.0,0.0,0.006247,5.543883,4.023926
4,27.5,0.0,0.005468,5.594875,4.063368
4,28.0,0.0,0.004785,5.643162,4.100623
4,28.5,0.0,0.004188,5.68885,4.135757
4,29.0,0.0,0.003666,5.732047,4.168841
4,29.5,0.0,0.003208,5.772859,4.199952
4,30.0,0.0,0.002808,5.811392,4.22917
4,30.5,0.0,0.002458,5.847751,4.256578
4,31.0,0.0,0.002151,5.882037,4.282263
4,31.5,0.0,0.001882,5.914352,4.306307
4,32.0,0.0,0.001648,5.944792,4.328797
4,32.5,0.0,0.001442,5.973452,4.349817
4,33.0,0.0,0.001262,6.000425,4.369447
4,33.5,0.0,0.001105,6.025799,4.387769
4,34.0,0.0,0.000967,6.049659,4.404859
4,34.5,0.0,0.000846,6.072087,4.420792
4,35.0,0.0,0.000741,6.093161,4.43564
4,35.5,0.0,0.000648,6.112957,4.44947
4,36.0,0.0,0.000567,6.131547,4.462349
4,36.5,0.0,0.000496,6.148999,4.474338
4,37.0,0.0,0.000435,6.165377,4.485495
4,37.5,0.0,0.00038,6.180746,4.495877
4,38.0,0.0,0.000333,6.195162,4.505534
4,38.5,0.0,0.000291,6.208683,4.514517
4,39.0,0.0,0.000255,6.221361,4.522871
4,39.5,0.0,0.000223,6.233246,4.53064
4,40.0,0.0,0.000195,6.244386,4.537864
4,40.5,0.0,0.000171,6.254826,4.544581
4,41.0,0.0,0.00015,6.264608,4.550827
4,41.5,0.0,0.000131,6.273773,4.556634
4,42.0,0.0,0.000115,6.282358,4.562034
4,42.5,0.0,0.0001,6.290399,4.567055
4,43.0,0.0,8.8e-05,6.297929,4.571724
4,43.5,0.0,7.7e-05,6.304979,4.576066
4,44.0,0.0,6.7e-05,6.311581,4.580103
4,44.5,0.0,5.9e-05,6.317762,4.583858
4,45.0,0.0,5.2e-05,6.323547,4.587351
4,45.5,0.0,4.5e-05,6.328962,4.590601
4,46.0,0.0,3.9e-05,6.334031,4.593623
4,46.5,0.0,3.5e-05,6.338774,4.596435
4,47.0,0.0,3e-05,6.343213,4.599052
4,47.5,0.0,2.6e-05,6.347366,4.601487
4,48.0,0.0,2.3e-05,6.351253,4.603754
4,48.5,0.0,2e-05,6.354889,4.605863
4,49.0,0.0,1.8e-05,6.358291,4.607827
4,49.5,0.0,1.6e-05,6.361473,4.609655
4,50.0,0.0,1.4e-05,6.36445,4.611357
5,0.0,5.621355,0.0,5.918306,1.003458
5,0.5,3.116968,2.330684,5.635346,0.990506
5,1.0,1.728318,3.334245,5.107961,0.975567
5,1.5,0.95833,3.637713,4.618912,0.958087
5,2.0,0.531381,3.584335,4.218688,0.938309
5,2.5,0.294644,3.360552,3.90927,0.916747
5,3.0,0.163376,3.066341,3.679983,0.894001
5,3.5,0.09059,2.754159,3.517849,0.870663
5,4.0,0.050231,2.450477,3.41086,0.847258
5,4.5,0.027852,2.167689,3.348865,0.824218
5,5.0,0.015444,1.910659,3.323613,0.80188
5,5.5,0.008563,1.680331,3.328506,0.78049
5,6.0,0.004748,1.475688,3.358297,0.760217
5,6.5,0.002633,1.294819,3.408799,0.741163
5,7.0,0.00146,1.135482,3.476641,0.723384
5,7.5,0.000809,0.995401,3.559071,0.706896
5,8.0,0.000449,0.872406,3.653807,0.691685
5,8.5,0.000249,0.7645,3.758917,0.677721
5,9.0,0.000138,0.669882,3.872738,0.664958
5,9.5,7.7e-05,0.58694,3.99381,0.653342
5,10.0,4.2e-05,0.51425,4.120833,0.642813
5,10.5,2.4e-05,0.450552,4.252636,0.63331
5,11.0,1.3e-05,0.394738,4.38815,0.624769
5,11.5,7e-06,0.345835,4.526399,0.617131
5,12.0,4e-06,0.302989,4.66649,0.610334
5,12.5,2e-06,0.26545,4.8076,0.604321
5,13.0,1e-06,0.232562,4.948981,0.599038
5,13.5,1e-06,0.203748,5.089949,0.594432
5,14.0,0.0,0.178504,5.229888,0.590456
5,14.5,0.0,0.156387,5.368244,0.587064
5,15.0,0.0,0.137011,5.504526,0.584212
5,15.5,0.0,0.120035,5.6383,0.581863
5,16.0,0.0,0.105163,5.769193,0.579978
5,16.5,0.0,0.092133,5.896884,0.578523
5,17.0,0.0,0.080718,6.021105,0.577468
5,17.5,0.0,0.070717,6.141636,0.576782
5,18.0,0.0,0.061955,6.258301,0.576438
5,18.5,0.0,0.054279,6.37097,0.576411
5,19.0,0.0,0.047554,6.479546,0.576677
5,19.5,0.0,0.041662,6.58397,0.577215
5,20.0,0.0,0.0365,6.684213,0.578004
5,20.5,0.0,0.031978,6.780275,0.579026
5,21.0,0.0,0.028015,6.872178,0.580264
5,21.5,0.0,0.024544,6.959968,0.5817
5,22.0,0.0,0.021503,7.043709,0.58332
5,22.5,0.0,0.018839,7.123478,0.58511
5,23.0,0.0,0.016505,7.199368,0.587057
5,23.5,0.0,0.01446,7.271482,0.589148
5,24.0,0.0,0.012668,7.339932,0.591372
5,24.5,0.0,0.011099,7.404835,0.593718
5,25.0,0.0,0.009724,7.466317,0.596177
5,25.5,0.0,0.008519,7.524503,0.598738
5,26.0,0.0,0.007463,7.579522,0.601394
5,26.5,0.0,0.006539,7.631506,0.604135
5,27.0,0.0,0.005728,7.680585,0.606955
5,27.5,0.0,0.005019,7.726888,0.609845
5,28.0,0.0,0.004397,7.770542,0.612799
5,28.5,0.0,0.003852,7.811675,0.615811
5,29.0,0.0,0.003375,7.850408,0.618875
5,29.5,0.0,0.002957,7.886863,0.621984
5,30.0,0.0,0.00259,7.921155,0.625134
5,30.5,0.0,0.002269,7.953396,0.628319
5,31.0,0.0,0.001988,7.983697,0.631535
5,31.5,0.0,0.001742,8.012162,0.634778
5,32.0,0.0,0.001526,8.038891,0.638042
5,32.5,0.0,0.001337,8.063981,0.641325
5,33.0,0.0,0.001171,8.087524,0.644622
5,33.5,0.0,0.001026,8.109608,0.64793
5,34.0,0.0,0.000899,8.130318,0.651246
5,34.5,0.0,0.000788,8.149733,0.654566
5,35.0,0.0,0.00069,8.167929,0.657887
5,35.5,0.0,0.000605,8.184979,0.661208
5,36.0,0.0,0.00053,8.20095,0.664524
5,36.5,0.0,0.000464,8.215909,0.667834
5,37.0,0.0,0.000407,8.229915,0.671136
5,37.5,0.0,0.000356,8.243028,0.674427
5,38.0,0.0,0.000312,8.255301,0.677705
5,38.5,0.0,0.000273,8.266787,0.680969
5,39.0,0.0,0.00024,8.277535,0.684216
5,39.5,0.0,0.00021,8.28759,0.687446
5,40.0,0.0,0.000184,8.296996,0.690655
5,40.5,0.0,0.000161,8.305793,0.693844
5,41.0,0.0,0.000141,8.314019,0.69701
5,41.5,0.0,0.000124,8.321712,0.700153
5,42.0,0.0,0.000108,8.328904,0.70327
5,42.5,0.0,9.5e-05,8.335628,0.706362
5,43.0,0.0,8.3e-05,8.341913,0.709427
5,43.5,0.0,7.3e-05,8.347788,0.712464
5,44.0,0.0,6.4e-05,8.353279,0.715473
5,44.5,0.0,5.6e-05,8.35841,0.718452
5,45.0,0.0,4.9e-05,8.363205,0.721401
5,45.5,0.0,4.3e-05,8.367685,0.724319
5,46.0,0.0,3.8e-05,8.371872,0.727205
5,46.5,0.0,3.3e-05,8.375783,0.73006
5,47.0,0.0,2.9e-05,8.379437,0.732883
5,47.5,0.0,2.5e-05,8.38285,0.735672
5,48.0,0.0,2.2e-05,8.386039,0.738429
5,48.5,0.0,1.9e-05,8.389017,0.741152
5,49.0,0.0,1.7e-05,8.391799,0.743841
5,49.5,0.0,1.5e-05,8.394397,0.746496
5,50.0,0.0,1.3e-05,8.396824,0.749117
6,0.0,5.392643,0.0,7.185999,1.164442
6,0.5,3.062359,2.167624,6.579722,1.221694
6,1.0,1.739044,3.127395,5.681373,1.274166
6,1.5,0.987564,3.435178,4.875125,1.319392
6,2.0,0.560815,3.402392,4.225338,1.35627
6,2.5,0.318474,3.202171,3.725044,1.384618
6,3.0,0.180854,2.929588,3.350483,1.404968
6,3.5,0.102703,2.635787,3.076824,1.41836
6,4.0,0.058323,2.347328,2.882645,1.426108
6,4.5,0.03312,2.077117,2.750732,1.429608
6,5.0,0.018808,1.830579,2.667681,1.430189
6,5.5,0.010681,1.60913,2.623196,1.429028
6,6.0,0.006065,1.412118,2.609395,1.427114
6,6.5,0.003444,1.237898,2.620226,1.425242
6,7.0,0.001956,1.084419,2.651006,1.42403
6,7.5,0.001111,0.949543,2.698068,1.423941
6,8.0,0.000631,0.8312,2.758497,1.425311
6,8.5,0.000358,0.727469,2.829936,1.428374
6,9.0,0.000203,0.636605,2.910447,1.433284
6,9.5,0.000116,0.557046,2.998403,1.440131
6,10.0,6.6e-05,0.487405,3.092417,1.448959
6,10.5,3.7e-05,0.426456,3.191289,1.459772
6,11.0,2.1e-05,0.373121,3.293964,1.47255
6,11.5,1.2e-05,0.326451,3.399509,1.487251
6,12.0,7e-06,0.285617,3.507092,1.503815
6,12.5,4e-06,0.249888,3.615967,1.522171
6,13.0,2e-06,0.218628,3.725467,1.542241
6,13.5,1e-06,0.191278,3.834994,1.563936
6,14.0,1e-06,0.16735,3.944013,1.587164
6,14.5,0.0,0.146414,4.052051,1.611828
6,15.0,0.0,0.128098,4.158692,1.637828
6,15.5,0.0,0.112073,4.263569,1.665062
6,16.0,0.0,0.098052,4.366367,1.693423
6,16.5,0.0,0.085786,4.466817,1.722807
6,17.0,0.0,0.075054,4.564693,1.753105
6,17.5,0.0,0.065664,4.659809,1.784211
6,18.0,0.0,0.05745,4.752016,1.816017
6,18.5,0.0,0.050263,4.841199,1.848416
6,19.0,0.0,0.043975,4.927274,1.881302
6,19.5,0.0,0.038473,5.010184,1.914571
6,20.0,0.0,0.03366,5.089898,1.94812
6,20.5,0.0,0.029449,5.166406,1.981849
6,21.0,0.0,0.025765,5.23972,2.015661
6,21.5,0.0,0.022542,5.309867,2.049462
6,22.0,0.0,0.019722,5.376888,2.083163
6,22.5,0.0,0.017255,5.440839,2.116677
6,23.0,0.0,0.015096,5.501785,2.149923
6,23.5,0.0,0.013207,5.559801,2.182826
6,24.0,0.0,0.011555,5.614968,2.215313
6,24.5,0.0,0.01011,5.667372,2.247319
6,25.0,0.0,0.008845,5.717107,2.278784
6,25.5,0.0,0.007738,5.764265,2.309652
6,26.0,0.0,0.00677,5.808943,2.339874
6,26.5,0.0,0.005923,5.85124,2.369408
6,27.0,0.0,0.005182,5.891253,2.398214
6,27.5,0.0,0.004534,5.92908,2.426261
6,28.0,0.0,0.003967,5.964818,2.453522
6,28.5,0.0,0.003471,5.998562,2.479973
6,29.0,0.0,0.003036,6.030406,2.505599
6,29.5,0.0,0.002657,6.060442,2.530386
6,30.0,0.0,0.002324,6.088758,2.554327
6,30.5,0.0,0.002033,6.115442,2.577417
6,31.0,0.0,0.001779,6.140575,2.599656
6,31.5,0.0,0.001556,6.16424,2.621049
6,32.0,0.0,0.001362,6.186514,2.6416
6,32.5,0.0,0.001191,6.20747,2.66132
6,33.0,0.0,0.001042,6.227182,2.68022
6,33.5,0.0,0.000912,6.245716,2.698314
6,34.0,0.0,0.000798,6.26314,2.71562
6,34.5,0.0,0.000698,6.279514,2.732154
6,35.0,0.0,0.000611,6.294898,2.747935
6,35.5,0.0,0.000534,6.309349,2.762986
6,36.0,0.0,0.000467,6.32292,2.777325
6,36.5,0.0,0.000409,6.335663,2.790977
6,37.0,0.0,0.000358,6.347625,2.803964
6,37.5,0.0,0.000313,6.358853,2.816309
6,38.0,0.0,0.000274,6.36939,2.828035
6,38.5,0.0,0.00024,6.379276,2.839165
6,39.0,0.0,0.00021,6.388552,2.849725
6,39.5,0.0,0.000183,6.397252,2.859735
6,40.0,0.0,0.00016,6.405413,2.86922
6,40.5,0.0,0.00014,6.413066,2.878203
6,41.0,0.0,0.000123,6.420242,2.886704
6,41.5,0.0,0.000107,6.42697,2.894747
6,42.0,0.0,9.4e-05,6.433279,2.902352
6,42.5,0.0,8.2e-05,6.439192,2.90954
6,43.0,0.0,7.2e-05,6.444735,2.916331
6,43.5,0.0,6.3e-05,6.44993,2.922744
6,44.0,0.0,5.5e-05,6.4548,2.928799
6,44.5,0.0,4.8e-05,6.459363,2.934512
6,45.0,0.0,4.2e-05,6.463639,2.939902
6,45.5,0.0,3.7e-05,6.467646,2.944985
6,46.0,0.0,3.2e-05,6.4714,2.949777
6,46.5,0.0,2.8e-05,6.474918,2.954294
6,47.0,0.0,2.5e-05,6.478214,2.95855
6,47.5,0.0,2.2e-05,6.481301,2.962559
6,48.0,0.0,1.9e-05,6.484193,2.966334
6,48.5,0.0,1.7e-05,6.486903,2.969889
6,49.0,0.0,1.4e-05,6.489441,2.973236
6,49.5,0.0,1.3e-05,6.491818,2.976385
6,50.0,0.0,1.1e-05,6.494045,2.979349
7,0.0,6.34159,0.0,6.012365,1.189361
7,0.5,3.949857,2.231684,5.664537,1.250973
7,1.0,2.460167,3.350194,5.070379,1.309411
7,1.5,1.532314,3.808391,4.499273,1.36253
7,2.0,0.954401,3.884324,4.010499,1.409235
7,2.5,0.594449,3.747645,3.612107,1.449082
7,3.0,0.370252,3.500921,3.29666,1.482146
7,3.5,0.230611,3.205315,3.052596,1.50891
7,4.0,0.143636,2.89653,2.868263,1.530143
7,4.5,0.089464,2.594702,2.733306,1.546779
7,5.0,0.055722,2.310528,2.639006,1.559814
7,5.5,0.034707,2.049052,2.578222,1.57022
7,6.0,0.021617,1.81199,2.545177,1.578896
7,6.5,0.013464,1.59916,2.535223,1.586633
7,7.0,0.008386,1.409354,2.544619,1.594108
7,7.5,0.005223,1.240851,2.570336,1.601877
7,8.0,0.003253,1.091734,2.609901,1.610389
7,8.5,0.002026,0.960065,2.661273,1.619997
7,9.0,0.001262,0.843982,2.722745,1.630967
7,9.5,0.000786,0.741752,2.792866,1.643497
7,10.0,0.00049,0.651791,2.870388,1.657724
7,10.5,0.000305,0.57267,2.954217,1.673736
7,11.0,0.00019,0.50311,3.043387,1.691582
7,11.5,0.000118,0.441971,3.137028,1.711277
7,12.0,7.4e-05,0.388245,3.234359,1.73281
7,12.5,4.6e-05,0.341039,3.334667,1.756146
7,13.0,2.9e-05,0.299567,3.437299,1.781234
7,13.5,1.8e-05,0.263133,3.541661,1.808007
7,14.0,1.1e-05,0.231128,3.647206,1.836386
7,14.5,7e-06,0.203014,3.753436,1.866281
7,15.0,4e-06,0.178319,3.859894,1.897593
7,15.5,3e-06,0.156627,3.966167,1.930219
7,16.0,2e-06,0.137574,4.071883,1.964047
7,16.5,1e-06,0.120838,4.176705,1.998961
7,17.0,1e-06,0.106138,4.280333,2.034844
7,17.5,0.0,0.093226,4.382503,2.071573
7,18.0,0.0,0.081885,4.482983,2.109027
7,18.5,0.0,0.071923,4.581571,2.147082
7,19.0,0.0,0.063173,4.678095,2.185615
7,19.5,0.0,0.055488,4.77241,2.224504
7,20.0,0.0,0.048738,4.864396,2.26363
7,20.5,0.0,0.042809,4.953955,2.302875
7,21.0,0.0,0.037601,5.041013,2.342127
7,21.5,0.0,0.033027,5.125513,2.381275
7,22.0,0.0,0.029009,5.207417,2.420216
7,22.5,0.0,0.02548,5.286702,2.458851
7,23.0,0.0,0.02238,5.363359,2.497086
7,23.5,0.0,0.019657,5.437394,2.534836
7,24.0,0.0,0.017266,5.50882,2.572019
7,24.5,0.0,0.015165,5.577663,2.608562
7,25.0,0.0,0.013321,5.643957,2.6444
7,25.5,0.0,0.0117,5.707742,2.679474
7,26.0,0.0,0.010277,5.769066,2.713731
7,26.5,0.0,0.009026,5.82798,2.747126
7,27.0,0.0,0.007928,5.88454,2.779622
7,27.5,0.0,0.006964,5.938807,2.811187
7,28.0,0.0,0.006117,5.990842,2.841796
7,28.5,0.0,0.005373,6.040711,2.871431
7,29.0,0.0,0.004719,6.088479,2.900077
7,29.5,0.0,0.004145,6.134213,2.927728
7,30.0,0.0,0.003641,6.177981,2.954381
7,30.5,0.0,0.003198,6.219849,2.980037
7,31.0,0.0,0.002809,6.259886,3.004703
7,31.5,0.0,0.002467,6.298157,3.028389
7,32.0,0.0,0.002167,6.334729,3.051107
7,32.5,0.0,0.001903,6.369666,3.072873
7,33.0,0.0,0.001672,6.403032,3.093707
7,33.5,0.0,0.001468,6.43489,3.113629
7,34.0,0.0,0.00129,6.4653,3.132663
7,34.5,0.0,0.001133,6.494321,3.150831
7,35.0,0.0,0.000995,6.522011,3.16816
7,35.5,0.0,0.000874,6.548426,3.184676
7,36.0,0.0,0.000768,6.57362,3.200407
7,36.5,0.0,0.000674,6.597645,3.21538
7,37.0,0.0,0.000592,6.620552,3.229622
7,37.5,0.0,0.00052,6.642391,3.243163
7,38.0,0.0,0.000457,6.663207,3.256029
7,38.5,0.0,0.000401,6.683047,3.268249
7,39.0,0.0,0.000352,6.701954,3.27985
7,39.5,0.0,0.00031,6.719969,3.290858
7,40.0,0.0,0.000272,6.737135,3.3013
7,40.5,0.0,0.000239,6.753488,3.311201
7,41.0,0.0,0.00021,6.769066,3.320588
7,41.5,0.0,0.000184,6.783905,3.329483
7,42.0,0.0,0.000162,6.798038,3.33791
7,42.5,0.0,0.000142,6.811499,3.345893
7,43.0,0.0,0.000125,6.824318,3.353453
7,43.5,0.0,0.00011,6.836526,3.360611
7,44.0,0.0,9.6e-05,6.848151,3.367387
7,44.5,0.0,8.5e-05,6.85922,3.373801
7,45.0,0.0,7.4e-05,6.869759,3.379872
7,45.5,0.0,6.5e-05,6.879794,3.385616
7,46.0,0.0,5.7e-05,6.889347,3.391052
7,46.5,0.0,5e-05,6.898443,3.396195
7,47.0,0.0,4.4e-05,6.907102,3.401061
7,47.5,0.0,3.9e-05,6.915345,3.405665
7,48.0,0.0,3.4e-05,6.923192,3.41002
7,48.5,0.0,3e-05,6.930661,3.41414
7,49.0,0.0,2.6e-05,6.937772,3.418038
7,49.5,0.0,2.3e-05,6.94454,3.421725
7,50.0,0.0,2e-05,6.950982,3.425214
8,0.0,4.973442,0.0,5.785418,1.025536
8,0.5,3.382649,1.479857,5.51821,1.093741
8,1.0,2.300683,2.296468,5.089839,1.161594
8,1.5,1.564792,2.686348,4.66013,1.227545
8,2.0,1.064281,2.807232,4.27969,1.290635
8,2.5,0.723863,2.763675,3.961967,1.350308
8,3.0,0.49233,2.624416,3.706245,1.406341
8,3.5,0.334854,2.434133,3.50657,1.458783
8,4.0,0.227748,2.221412,3.355493,1.507889
8,4.5,0.154901,2.004118,3.245654,1.554054
8,5.0,0.105355,1.793033,3.170399,1.597748
8,5.5,0.071656,1.594292,3.123955,1.639469
8,6.0,0.048737,1.411028,3.101417,1.679704
8,6.5,0.033148,1.24446,3.098651,1.718899
8,7.0,0.022545,1.094629,3.112188,1.757452
8,7.5,0.015334,0.96087,3.139104,1.795698
8,8.0,0.010429,0.84213,3.176929,1.833911
8,8.5,0.007093,0.737168,3.223568,1.872306
8,9.0,0.004825,0.644682,3.27723,1.911043
8,9.5,0.003281,0.56339,3.336379,1.95023
8,10.0,0.002232,0.492069,3.399695,1.989933
8,10.5,0.001518,0.429589,3.46604,2.030179
8,11.0,0.001032,0.374914,3.534431,2.070962
8,11.5,0.000702,0.327111,3.604023,2.112251
8,12.0,0.000478,0.285344,3.67409,2.153988
8,12.5,0.000325,0.248869,3.744012,2.196101
8,13.0,0.000221,0.21703,3.813264,2.238502
8,13.5,0.00015,0.189246,3.881403,2.281092
8,14.0,0.000102,0.165006,3.948065,2.323765
8,14.5,7e-05,0.143862,4.012948,2.366409
8,15.0,4.7e-05,0.125422,4.075814,2.408912
8,15.5,3.2e-05,0.109341,4.136476,2.451159
8,16.0,2.2e-05,0.095319,4.194793,2.493039
8,16.5,1.5e-05,0.083094,4.250666,2.534443
8,17.0,1e-05,0.072436,4.304033,2.575268
8,17.5,7e-06,0.063143,4.354861,2.615417
8,18.0,5e-06,0.055043,4.403143,2.6548
8,18.5,3e-06,0.047981,4.448896,2.693333
8,19.0,2e-06,0.041825,4.492157,2.730943
8,19.5,1e-06,0.036458,4.532975,2.767563
8,20.0,1e-06,0.03178,4.571414,2.803138
8,20.5,1e-06,0.027702,4.607549,2.83762
8,21.0,0.0,0.024148,4.64146,2.870969
8,21.5,0.0,0.021049,4.673234,2.903155
8,22.0,0.0,0.018348,4.702964,2.934155
8,22.5,0.0,0.015994,4.730742,2.963955
8,23.0,0.0,0.013941,4.756664,2.992549
8,23.5,0.0,0.012152,4.780824,3.019934
8,24.0,0.0,0.010593,4.803318,3.046118
8,24.5,0.0,0.009234,4.824239,3.071112
8,25.0,0.0,0.008049,4.843677,3.094931
8,25.5,0.0,0.007016,4.861721,3.117597
8,26.0,0.0,0.006116,4.878456,3.139135
8,26.5,0.0,0.005331,4.893965,3.159573
8,27.0,0.0,0.004647,4.908326,3.178941
8,27.5,0.0,0.00405,4.921615,3.197272
8,28.0,0.0,0.003531,4.933903,3.214602
8,28.5,0.0,0.003078,4.945259,3.230967
8,29.0,0.0,0.002683,4.955747,3.246403
8,29.5,0.0,0.002338,4.965428,3.260948
8,30.0,0.0,0.002038,4.974359,3.274642
8,30.5,0.0,0.001777,4.982594,3.28752
8,31.0,0.0,0.001549,4.990184,3.299622
8,31.5,0.0,0.00135,4.997176,3.310985
8,32.0,0.0,0.001177,5.003615,3.321646
8,32.5,0.0,0.001026,5.009541,3.33164
8,33.0,0.0,0.000894,5.014994,3.341002
8,33.5,0.0,0.000779,5.020009,3.349767
8,34.0,0.0,0.000679,5.024621,3.357967
8,34.5,0.0,0.000592,5.02886,3.365634
8,35.0,0.0,0.000516,5.032755,3.372798
8,35.5,0.0,0.00045,5.036333,3.37949
8,36.0,0.0,0.000392,5.03962,3.385736
8,36.5,0.0,0.000342,5.042637,3.391564
8,37.0,0.0,0.000298,5.045407,3.396998
8,37.5,0.0,0.00026,5.047948,3.402064
8,38.0,0.0,0.000226,5.05028,3.406784
8,38.5,0.0,0.000197,5.052419,3.411181
8,39.0,0.0,0.000172,5.054381,3.415274
8,39.5,0.0,0.00015,5.056181,3.419083
8,40.0,0.0,0.000131,5.05783,3.422627
8,40.5,0.0,0.000114,5.059342,3.425922
8,41.0,0.0,9.9e-05,5.060728,3.428987
8,41.5,0.0,8.7e-05,5.061997,3.431835
8,42.0,0.0,7.5e-05,5.063161,3.434481
8,42.5,0.0,6.6e-05,5.064227,3.436939
8,43.0,0.0,5.7e-05,5.065203,3.439222
8,43.5,0.0,5e-05,5.066097,3.441342
8,44.0,0.0,4.4e-05,5.066916,3.443309
8,44.5,0.0,3.8e-05,5.067666,3.445135
8,45.0,0.0,3.3e-05,5.068352,3.446829
8,45.5,0.0,2.9e-05,5.068981,3.4484
8,46.0,0.0,2.5e-05,5.069556,3.449857
8,46.5,0.0,2.2e-05,5.070082,3.451208
8,47.0,0.0,1.9e-05,5.070564,3.45246
8,47.5,0.0,1.7e-05,5.071005,3.453621
8,48.0,0.0,1.5e-05,5.071409,3.454697
8,48.5,0.0,1.3e-05,5.071778,3.455694
8,49.0,0.0,1.1e-05,5.072116,3.456617
8,49.5,0.0,1e-05,5.072425,3.457472
8,50.0,0.0,8e-06,5.072708,3.458264
9,0.0,3.874445,0.0,5.645451,0.72972
9,0.5,2.379081,1.329998,5.401343,0.740758
9,1.0,1.460861,1.883441,4.985492,0.749374
9,1.5,0.897033,2.012146,4.576695,0.754774
9,2.0,0.550818,1.921829,4.230892,0.75691
9,2.5,0.338227,1.730541,3.959883,0.756127
9,3.0,0.207686,1.504136,3.759296,0.752972
9,3.5,0.127529,1.27773,3.619557,0.748062
9,4.0,0.078308,1.068618,3.530259,0.741999
9,4.5,0.048085,0.883998,3.481795,0.735312
9,5.0,0.029526,0.725543,3.465854,0.72844
9,5.5,0.01813,0.592079,3.475458,0.721725
9,6.0,0.011133,0.481118,3.50483,0.715418
9,6.5,0.006836,0.389716,3.549225,0.709694
9,7.0,0.004198,0.31493,3.604763,0.704667
9,7.5,0.002578,0.25404,3.668287,0.700401
9,8.0,0.001583,0.204645,3.737234,0.696926
9,8.5,0.000972,0.164685,3.809542,0.694244
9,9.0,0.000597,0.132424,3.883562,0.692341
9,9.5,0.000366,0.106419,3.957986,0.691189
9,10.0,0.000225,0.085483,4.031793,0.690753
9,10.5,0.000138,0.068641,4.104198,0.690993
9,11.0,8.5e-05,0.055103,4.174606,0.691869
9,11.5,5.2e-05,0.044226,4.242586,0.693336
9,12.0,3.2e-05,0.035491,4.307831,0.695355
9,12.5,2e-05,0.028477,4.370143,0.697884
9,13.0,1.2e-05,0.022848,4.429404,0.700885
9,13.5,7e-06,0.01833,4.485564,0.70432
9,14.0,5e-06,0.014705,4.538624,0.708156
9,14.5,3e-06,0.011796,4.588626,0.712359
9,15.0,2e-06,0.009462,4.635641,0.716899
9,15.5,1e-06,0.00759,4.679763,0.721747
9,16.0,1e-06,0.006088,4.721102,0.726876
9,16.5,0.0,0.004883,4.759777,0.732262
9,17.0,0.0,0.003917,4.795916,0.73788
9,17.5,0.0,0.003142,4.829648,0.74371
9,18.0,0.0,0.00252,4.861106,0.74973
9,18.5,0.0,0.002021,4.890417,0.755921
9,19.0,0.0,0.001621,4.917711,0.762266
9,19.5,0.0,0.0013,4.94311,0.768747
9,20.0,0.0,0.001043,4.966733,0.775349
9,20.5,0.0,0.000837,4.988695,0.782056
9,21.0,0.0,0.000671,5.009104,0.788856
9,21.5,0.0,0.000538,5.028063,0.795734
9,22.0,0.0,0.000432,5.045671,0.802678
9,22.5,0.0,0.000346,5.062018,0.809677
9,23.0,0.0,0.000278,5.077193,0.81672
9,23.5,0.0,0.000223,5.091275,0.823796
9,24.0,0.0,0.000179,5.104343,0.830895
9,24.5,0.0,0.000143,5.116466,0.838009
9,25.0,0.0,0.000115,5.127712,0.845129
9,25.5,0.0,9.2e-05,5.138143,0.852246
9,26.0,0.0,7.4e-05,5.147818,0.859353
9,26.5,0.0,5.9e-05,5.15679,0.866443
9,27.0,0.0,4.8e-05,5.165109,0.873509
9,27.5,0.0,3.8e-05,5.172823,0.880544
9,28.0,0.0,3.1e-05,5.179976,0.887543
9,28.5,0.0,2.5e-05,5.186607,0.8945
9,29.0,0.0,2e-05,5.192755,0.90141
9,29.5,0.0,1.6e-05,5.198455,0.908267
9,30.0,0.0,1.3e-05,5.203739,0.915068
9,30.5,0.0,1e-05,5.208637,0.921808
9,31.0,0.0,8e-06,5.213178,0.928483
9,31.5,0.0,7e-06,5.217387,0.935089
9,32.0,0.0,5e-06,5.221289,0.941624
9,32.5,0.0,4e-06,5.224906,0.948083
9,33.0,0.0,3e-06,5.228258,0.954465
9,33.5,0.0,3e-06,5.231366,0.960767
9,34.0,0.0,2e-06,5.234246,0.966985
9,34.5,0.0,2e-06,5.236916,0.973119
9,35.0,0.0,1e-06,5.239391,0.979167
9,35.5,0.0,1e-06,5.241684,0.985125
9,36.0,0.0,1e-06,5.24381,0.990994
9,36.5,0.0,1e-06,5.245781,0.996772
9,37.0,0.0,1e-06,5.247608,1.002458
9,37.5,0.0,0.0,5.249301,1.00805
9,38.0,0.0,0.0,5.25087,1.013549
9,38.5,0.0,0.0,5.252324,1.018953
9,39.0,0.0,0.0,5.253672,1.024262
9,39.5,0.0,0.0,5.254922,1.029475
9,40.0,0.0,0.0,5.25608,1.034593
9,40.5,0.0,0.0,5.257154,1.039616
9,41.0,0.0,0.0,5.258149,1.044543
9,41.5,0.0,0.0,5.259071,1.049374
9,42.0,0.0,0.0,5.259925,1.054111
9,42.5,0.0,0.0,5.260718,1.058753
9,43.0,0.0,0.0,5.261452,1.0633
9,43.5,0.0,0.0,5.262133,1.067754
9,44.0,0.0,0.0,5.262763,1.072116
9,44.5,0.0,0.0,5.263348,1.076384
9,45.0,0.0,0.0,5.26389,1.080562
9,45.5,0.0,0.0,5.264392,1.084649
9,46.0,0.0,0.0,5.264858,1.088646
9,46.5,0.0,0.0,5.265289,1.092554
9,47.0,0.0,0.0,5.265689,1.096375
9,47.5,0.0,0.0,5.26606,1.100109
9,48.0,0.0,0.0,5.266403,1.103758
9,48.5,0.0,0.0,5.266722,1.107322
9,49.0,0.0,0.0,5.267017,1.110803
9,49.5,0.0,0.0,5.26729,1.114202
9,50.0,0.0,0.0,5.267544,1.117521
10,0.0,5.32226,0.0,5.223437,0.512234
10,0.5,3.425403,1.797515,5.21343,0.481169
10,1.0,2.204587,2.781657,4.990376,0.451649
10,1.5,1.418871,3.258912,4.717068,0.423013
10,2.0,0.913184,3.424941,4.454337,0.395169
10,2.5,0.587725,3.404226,4.225157,0.368228
10,3.0,0.378259,3.275583,4.036467,0.342361
10,3.5,0.243447,3.088559,3.888184,0.317734
10,4.0,0.156683,2.873976,3.777291,0.294479
10,4.5,0.100841,2.650711,3.699756,0.272679
10,5.0,0.064901,2.430041,3.651421,0.252373
10,5.5,0.04177,2.218439,3.628405,0.23356
10,6.0,0.026883,2.019359,3.627245,0.216205
10,6.5,0.017302,1.834383,3.644931,0.200251
10,7.0,0.011136,1.663946,3.678875,0.185623
10,7.5,0.007167,1.507806,3.726861,0.172239
10,8.0,0.004613,1.36533,3.786996,0.160008
10,8.5,0.002969,1.235682,3.857652,0.148841
10,9.0,0.001911,1.117939,3.937425,0.13865
10,9.5,0.00123,1.011153,4.025094,0.129351
10,10.0,0.000791,0.914399,4.119587,0.120863
10,10.5,0.000509,0.826794,4.219955,0.113111
10,11.0,0.000328,0.747513,4.325353,0.106028
10,11.5,0.000211,0.67579,4.435021,0.099548
10,12.0,0.000136,0.610919,4.54827,0.093616
10,12.5,8.7e-05,0.552257,4.664473,0.088178
10,13.0,5.6e-05,0.499216,4.783057,0.083187
10,13.5,3.6e-05,0.451261,4.903495,0.0786
10,14.0,2.3e-05,0.407908,5.025302,0.074379
10,14.5,1.5e-05,0.368717,5.14803,0.070488
10,15.0,1e-05,0.333289,5.271268,0.066897
10,15.5,6e-06,0.301264,5.394635,0.063578
10,16.0,4e-06,0.272316,5.517783,0.060505
10,16.5,3e-06,0.246148,5.640392,0.057656
10,17.0,2e-06,0.222495,5.762167,0.05501
10,17.5,1e-06,0.201114,5.882844,0.052549
10,18.0,1e-06,0.181788,6.002179,0.050257
10,18.5,0.0,0.164319,6.119956,0.048119
10,19.0,0.0,0.148528,6.235978,0.046122
10,19.5,0.0,0.134255,6.350074,0.044253
10,20.0,0.0,0.121353,6.462089,0.042502
10,20.5,0.0,0.109692,6.571892,0.040859
10,21.0,0.0,0.099151,6.679367,0.039314
10,21.5,0.0,0.089622,6.784417,0.037861
10,22.0,0.0,0.08101,6.886963,0.036492
10,22.5,0.0,0.073225,6.986937,0.035201
10,23.0,0.0,0.066188,7.08429,0.03398
10,23.5,0.0,0.059828,7.178983,0.032826
10,24.0,0.0,0.054078,7.27099,0.031732
10,24.5,0.0,0.048882,7.360297,0.030695
10,25.0,0.0,0.044184,7.446899,0.029711
10,25.5,0.0,0.039938,7.530802,0.028775
10,26.0,0.0,0.0361,7.612018,0.027885
10,26.5,0.0,0.032631,7.690569,0.027037
10,27.0,0.0,0.029495,7.766483,0.026228
10,27.5,0.0,0.026661,7.839792,0.025456
10,28.0,0.0,0.024099,7.910536,0.024718
10,28.5,0.0,0.021783,7.978759,0.024012
10,29.0,0.0,0.01969,8.044508,0.023336
10,29.5,0.0,0.017798,8.107833,0.022689
10,30.0,0.0,0.016087,8.16879,0.022068
10,30.5,0.0,0.014541,8.227434,0.021472
10,31.0,0.0,0.013144,8.283823,0.020899
10,31.5,0.0,0.011881,8.338016,0.020348
10,32.0,0.0,0.010739,8.390076,0.019818
10,32.5,0.0,0.009707,8.440062,0.019308
10,33.0,0.0,0.008774,8.488037,0.018816
10,33.5,0.0,0.007931,8.534063,0.018342
10,34.0,0.0,0.007169,8.578202,0.017884
10,34.5,0.0,0.00648,8.620516,0.017443
10,35.0,0.0,0.005857,8.661066,0.017016
10,35.5,0.0,0.005294,8.699912,0.016603
10,36.0,0.0,0.004786,8.737115,0.016204
10,36.5,0.0,0.004326,8.772733,0.015817
10,37.0,0.0,0.00391,8.806824,0.015443
10,37.5,0.0,0.003534,8.839444,0.01508
10,38.0,0.0,0.003195,8.870649,0.014729
10,38.5,0.0,0.002888,8.900493,0.014388
10,39.0,0.0,0.00261,8.929029,0.014057
10,39.5,0.0,0.002359,8.956307,0.013736
10,40.0,0.0,0.002133,8.982378,0.013425
10,40.5,0.0,0.001928,9.00729,0.013122
10,41.0,0.0,0.001742,9.031091,0.012827
10,41.5,0.0,0.001575,9.053825,0.012541
10,42.0,0.0,0.001424,9.075537,0.012263
10,42.5,0.0,0.001287,9.096269,0.011992
10,43.0,0.0,0.001163,9.116062,0.011729
10,43.5,0.0,0.001051,9.134957,0.011472
10,44.0,0.0,0.00095,9.15299,0.011222
10,44.5,0.0,0.000859,9.1702,0.010979
10,45.0,0.0,0.000776,9.186622,0.010742
10,45.5,0.0,0.000702,9.20229,0.010511
10,46.0,0.0,0.000634,9.217237,0.010286
10,46.5,0.0,0.000573,9.231495,0.010066
10,47.0,0.0,0.000518,9.245093,0.009852
10,47.5,0.0,0.000469,9.258061,0.009643
10,48.0,0.0,0.000424,9.270428,0.009439
10,48.5,0.0,0.000383,9.28222,0.00924
10,49.0,0.0,0.000346,9.293462,0.009045
10,49.5,0.0,0.000313,9.304181,0.008856
10,50.0,0.0,0.000283,9.314398,0.00867
11,0.0,4.452733,0.0,6.430197,1.609471
11,0.5,2.652216,1.690532,5.916001,1.683423
11,1.0,1.57976,2.510634,5.077111,1.750908
11,1.5,0.940965,2.832925,4.303607,1.808584
11,2.0,0.560474,2.87707,3.681124,1.85496
11,2.5,0.33384,2.771877,3.208918,1.889893
11,3.0,0.198847,2.592267,2.863204,1.914296
11,3.5,0.118441,2.381256,2.617595,1.929778
11,4.0,0.070548,2.163039,2.449249,1.93828
11,4.5,0.042021,1.950758,2.340061,1.94177
11,5.0,0.025029,1.751107,2.276225,1.942043
11,5.5,0.014908,1.567072,2.247385,1.940619
11,6.0,0.00888,1.399534,2.245813,1.938716
11,6.5,0.005289,1.248225,2.265728,1.937269
11,7.0,0.00315,1.112275,2.302773,1.936966
11,7.5,0.001877,0.990539,2.353625,1.938296
11,8.0,0.001118,0.881774,2.415712,1.941585
11,8.5,0.000666,0.784742,2.487007,1.947042
11,9.0,0.000397,0.698262,2.56588,1.954779
11,9.5,0.000236,0.621239,2.650993,1.964839
11,10.0,0.000141,0.552667,2.741227,1.977214
11,10.5,8.4e-05,0.491638,2.835622,1.991858
11,11.0,5e-05,0.437332,2.933344,2.008695
11,11.5,3e-05,0.389016,3.033657,2.027629
11,12.0,1.8e-05,0.346032,3.135901,2.048549
11,12.5,1.1e-05,0.307794,3.239483,2.071332
11,13.0,6e-06,0.27378,3.343863,2.095848
11,13.5,4e-06,0.243523,3.448552,2.12196
11,14.0,2e-06,0.21661,3.553103,2.149528
11,14.5,1e-06,0.19267,3.657112,2.17841
11,15.0,1e-06,0.171376,3.760212,2.208463
11,15.5,0.0,0.152435,3.862073,2.239544
11,16.0,0.0,0.135588,3.9624,2.271511
11,16.5,0.0,0.120602,4.060932,2.304222
11,17.0,0.0,0.107273,4.157438,2.337542
11,17.5,0.0,0.095417,4.25172,2.371334
11,18.0,0.0,0.084871,4.343609,2.405469
11,18.5,0.0,0.075491,4.432962,2.439822
11,19.0,0.0,0.067147,4.519664,2.474271
11,19.5,0.0,0.059726,4.603622,2.508702
11,20.0,0.0,0.053125,4.684769,2.543007
11,20.5,0.0,0.047253,4.763054,2.577083
11,21.0,0.0,0.042031,4.83845,2.610834
11,21.5,0.0,0.037385,4.910944,2.644174
11,22.0,0.0,0.033253,4.98054,2.677022
11,22.5,0.0,0.029578,5.047256,2.709304
11,23.0,0.0,0.026309,5.111122,2.740954
11,23.5,0.0,0.023401,5.172179,2.771915
11,24.0,0.0,0.020815,5.230478,2.802135
11,24.5,0.0,0.018514,5.286076,2.83157
11,25.0,0.0,0.016468,5.339039,2.860184
11,25.5,0.0,0.014648,5.389439,2.887945
11,26.0,0.0,0.013029,5.43735,2.914831
11,26.5,0.0,0.011589,5.482851,2.940823
11,27.0,0.0,0.010308,5.526025,2.965909
11,27.5,0.0,0.009169,5.566954,2.990081
11,28.0,0.0,0.008156,5.605724,3.013337
11,28.5,0.0,0.007254,5.642419,3.03568
11,29.0,0.0,0.006452,5.677126,3.057115
11,29.5,0.0,0.005739,5.709928,3.077651
11,30.0,0.0,0.005105,5.74091,3.097303
11,30.5,0.0,0.004541,5.770154,3.116084
11,31.0,0.0,0.004039,5.797741,3.134013
11,31.5,0.0,0.003592,5.82375,3.15111
11,32.0,0.0,0.003195,5.848258,3.167396
11,32.5,0.0,0.002842,5.871339,3.182895
11,33.0,0.0,0.002528,5.893067,3.197632
11,33.5,0.0,0.002249,5.913511,3.21163
11,34.0,0.0,0.002,5.932739,3.224915
11,34.5,0.0,0.001779,5.950814,3.237515
11,35.0,0.0,0.001582,5.967801,3.249454
11,35.5,0.0,0.001408,5.983758,3.260761
11,36.0,0.0,0.001252,5.998742,3.27146
11,36.5,0.0,0.001114,6.012808,3.281578
11,37.0,0.0,0.000991,6.026008,3.29114
11,37.5,0.0,0.000881,6.038391,3.300172
11,38.0,0.0,0.000784,6.050005,3.308699
11,38.5,0.0,0.000697,6.060894,3.316744
11,39.0,0.0,0.00062,6.071101,3.324331
11,39.5,0.0,0.000552,6.080666,3.331483
11,40.0,0.0,0.000491,6.089628,3.338222
11,40.5,0.0,0.000436,6.098022,3.344568
11,41.0,0.0,0.000388,6.105883,3.350543
11,41.5,0.0,0.000345,6.113244,3.356166
11,42.0,0.0,0.000307,6.120134,3.361455
11,42.5,0.0,0.000273,6.126583,3.36643
11,43.0,0.0,0.000243,6.132618,3.371106
11,43.5,0.0,0.000216,6.138264,3.375501
11,44.0,0.0,0.000192,6.143546,3.379631
11,44.5,0.0,0.000171,6.148486,3.38351
11,45.0,0.0,0.000152,6.153107,3.387153
11,45.5,0.0,0.000135,6.157427,3.390573
11,46.0,0.0,0.00012,6.161467,3.393782
11,46.5,0.0,0.000107,6.165243,3.396795
11,47.0,0.0,9.5e-05,6.168772,3.399621
11,47.5,0.0,8.5e-05,6.172071,3.402272
11,48.0,0.0,7.5e-05,6.175154,3.404758
11,48.5,0.0,6.7e-05,6.178035,3.407089
11,49.0,0.0,6e-05,6.180727,3.409274
11,49.5,0.0,5.3e-05,6.183242,3.411323
11,50.0,0.0,4.7e-05,6.185591,3.413243
12,0.0,5.89626,0.0,7.088377,0.91478
12,0.5,3.573107,2.101863,6.800808,0.930821
12,1.0,2.165287,3.016197,6.292577,0.944948
12,1.5,1.312154,3.272344,5.780947,0.956479
12,2.0,0.795159,3.180574,5.333659,0.965268
12,2.5,0.481863,2.920201,4.967698,0.971454
12,3.0,0.292007,2.592665,4.68114,0.975343
12,3.5,0.176955,2.253453,4.465383,0.977331
12,4.0,0.107234,1.931228,4.310158,0.977844
12,4.5,0.064983,1.639245,4.205541,0.977297
12,5.0,0.03938,1.382125,4.142684,0.976069
12,5.5,0.023864,1.159842,4.113985,0.974488
12,6.0,0.014461,0.970034,4.113027,0.972824
12,6.5,0.008764,0.809329,4.134439,0.971295
12,7.0,0.005311,0.674071,4.173736,0.970066
12,7.5,0.003218,0.560708,4.227179,0.969261
12,8.0,0.00195,0.465984,4.291647,0.968966
12,8.5,0.001182,0.387003,4.364537,0.969236
12,9.0,0.000716,0.321253,4.443679,0.970105
12,9.5,0.000434,0.266579,4.527265,0.971589
12,10.0,0.000263,0.221153,4.61379,0.973687
12,10.5,0.000159,0.183433,4.702012,0.976389
12,11.0,9.7e-05,0.152126,4.790906,0.97968
12,11.5,5.9e-05,0.126149,4.879631,0.983535
12,12.0,3.5e-05,0.104601,4.967508,0.987928
12,12.5,2.1e-05,0.086728,5.05399,0.992831
12,13.0,1.3e-05,0.071907,5.138644,0.998214
12,13.5,8e-06,0.059616,5.221135,1.004046
12,14.0,5e-06,0.049426,5.301207,1.010296
12,14.5,3e-06,0.040976,5.378673,1.016933
12,15.0,2e-06,0.033971,5.453405,1.023929
12,15.5,1e-06,0.028163,5.525318,1.031253
12,16.0,1e-06,0.023348,5.59437,1.038878
12,16.5,0.0,0.019356,5.66055,1.046777
12,17.0,0.0,0.016047,5.723873,1.054923
12,17.5,0.0,0.013303,5.784374,1.063291
12,18.0,0.0,0.011029,5.842105,1.071858
12,18.5,0.0,0.009143,5.897132,1.0806
12,19.0,0.0,0.00758,5.949529,1.089496
12,19.5,0.0,0.006284,5.99938,1.098524
12,20.0,0.0,0.005209,6.046773,1.107666
12,20.5,0.0,0.004319,6.091797,1.116901
12,21.0,0.0,0.00358,6.134546,1.126212
12,21.5,0.0,0.002968,6.175113,1.135582
12,22.0,0.0,0.002461,6.213593,1.144994
12,22.5,0.0,0.00204,6.250078,1.154434
12,23.0,0.0,0.001691,6.284659,1.163886
12,23.5,0.0,0.001402,6.317424,1.173337
12,24.0,0.0,0.001162,6.348461,1.182774
12,24.5,0.0,0.000963,6.377853,1.192184
12,25.0,0.0,0.000799,6.405682,1.201556
12,25.5,0.0,0.000662,6.432026,1.21088
12,26.0,0.0,0.000549,6.456959,1.220144
12,26.5,0.0,0.000455,6.480553,1.22934
12,27.0,0.0,0.000377,6.502879,1.238458
12,27.5,0.0,0.000313,6.524,1.24749
12,28.0,0.0,0.000259,6.543981,1.256429
12,28.5,0.0,0.000215,6.562881,1.265268
12,29.0,0.0,0.000178,6.580758,1.273999
12,29.5,0.0,0.000148,6.597664,1.282617
12,30.0,0.0,0.000122,6.613653,1.291117
12,30.5,0.0,0.000102,6.628773,1.299493
12,31.0,0.0,8.4e-05,6.643071,1.307742
12,31.5,0.0,7e-05,6.65659,1.315858
12,32.0,0.0,5.8e-05,6.669373,1.323839
12,32.5,0.0,4.8e-05,6.68146,1.331681
12,33.0,0.0,4e-05,6.692887,1.339382
12,33.5,0.0,3.3e-05,6.703692,1.346939
12,34.0,0.0,2.7e-05,6.713906,1.354351
12,34.5,0.0,2.3e-05,6.723563,1.361615
12,35.0,0.0,1.9e-05,6.732693,1.36873
12,35.5,0.0,1.6e-05,6.741324,1.375697
12,36.0,0.0,1.3e-05,6.749484,1.382513
12,36.5,0.0,1.1e-05,6.757198,1.389179
12,37.0,0.0,9e-06,6.76449,1.395694
12,37.5,0.0,7e-06,6.771384,1.402059
12,38.0,0.0,6e-06,6.777901,1.408274
12,38.5,0.0,5e-06,6.784062,1.41434
12,39.0,0.0,4e-06,6.789885,1.420257
12,39.5,0.0,3e-06,6.795391,1.426028
12,40.0,0.0,3e-06,6.800595,1.431652
12,40.5,0.0,2e-06,6.805515,1.437131
12,41.0,0.0,2e-06,6.810165,1.442467
12,41.5,0.0,2e-06,6.814561,1.447662
12,42.0,0.0,1e-06,6.818717,1.452717
12,42.5,0.0,1e-06,6.822646,1.457635
12,43.0,0.0,1e-06,6.826359,1.462416
12,43.5,0.0,1e-06,6.82987,1.467064
12,44.0,0.0,1e-06,6.833188,1.471581
12,44.5,0.0,1e-06,6.836325,1.475968
12,45.0,0.0,0.0,6.83929,1.480228
12,45.5,0.0,0.0,6.842093,1.484364
12,46.0,0.0,0.0,6.844743,1.488378
12,46.5,0.0,0.0,6.847247,1.492273
12,47.0,0.0,0.0,6.849615,1.49605
12,47.5,0.0,0.0,6.851853,1.499712
12,48.0,0.0,0.0,6.853969,1.503263
12,48.5,0.0,0.0,6.855968,1.506704
12,49.0,0.0,0.0,6.857859,1.510038
12,49.5,0.0,0.0,6.859646,1.513268
12,50.0,0.0,0.0,6.861335,1.516395
13,0.0,5.188441,0.0,8.697536,1.021542
13,0.5,3.209792,1.853588,8.325661,1.140753
13,1.0,1.985715,2.787279,7.66278,1.266115
13,1.5,1.228448,3.176365,6.983439,1.394888
13,2.0,0.759971,3.250199,6.37297,1.524735
13,2.5,0.47015,3.148184,5.854878,1.653623
13,3.0,0.290855,2.954353,5.429474,1.779888
13,3.5,0.179936,2.718744,5.088482,1.902288
13,4.0,0.111316,2.470584,4.821089,2.020019
13,4.5,0.068865,2.226429,4.616493,2.132689
13,5.0,0.042603,1.995167,4.464895,2.240254
13,5.5,0.026356,1.7811,4.3578,2.342934
13,6.0,0.016305,1.585829,4.288016,2.441136
13,6.5,0.010087,1.409408,4.249516,2.535373
13,7.0,0.00624,1.251041,4.237276,2.626203
13,7.5,0.00386,1.109498,4.247102,2.714182
13,8.0,0.002388,0.983373,4.275486,2.799826
13,8.5,0.001477,0.871215,4.319477,2.883594
13,9.0,0.000914,0.771622,4.376576,2.965875
13,9.5,0.000565,0.683272,4.444652,3.046979
13,10.0,0.00035,0.604952,4.521878,3.127142
13,10.5,0.000216,0.535555,4.606672,3.206532
13,11.0,0.000134,0.474085,4.697662,3.285247
13,11.5,8.3e-05,0.419651,4.793644,3.363331
13,12.0,5.1e-05,0.371453,4.893565,3.44078
13,12.5,3.2e-05,0.328784,4.996495,3.517547
13,13.0,2e-05,0.291011,5.101615,3.593554
13,13.5,1.2e-05,0.257574,5.2082,3.668697
13,14.0,8e-06,0.227978,5.31561,3.742858
13,14.5,5e-06,0.201781,5.423283,3.815903
13,15.0,3e-06,0.178594,5.53072,3.887698
13,15.5,2e-06,0.158071,5.637488,3.958106
13,16.0,1e-06,0.139906,5.743206,4.026993
13,16.5,1e-06,0.123828,5.847546,4.094236
13,17.0,0.0,0.109598,5.950223,4.15972
13,17.5,0.0,0.097003,6.050995,4.223345
13,18.0,0.0,0.085855,6.149659,4.285021
13,18.5,0.0,0.075988,6.246044,4.344678
13,19.0,0.0,0.067256,6.340012,4.402257
13,19.5,0.0,0.059527,6.431451,4.457718
13,20.0,0.0,0.052686,6.520276,4.511033
13,20.5,0.0,0.046631,6.606423,4.562191
13,21.0,0.0,0.041272,6.689851,4.611192
13,21.5,0.0,0.036529,6.770533,4.65805
13,22.0,0.0,0.032331,6.848461,4.702789
13,22.5,0.0,0.028616,6.92364,4.745443
13,23.0,0.0,0.025327,6.996086,4.786056
13,23.5,0.0,0.022416,7.065828,4.824676
13,24.0,0.0,0.01984,7.132902,4.86136
13,24.5,0.0,0.01756,7.197353,4.89617
13,25.0,0.0,0.015542,7.259231,4.929168
13,25.5,0.0,0.013756,7.318594,4.960424
13,26.0,0.0,0.012175,7.375503,4.990006
13,26.5,0.0,0.010776,7.430021,5.017985
13,27.0,0.0,0.009538,7.482217,5.044431
13,27.5,0.0,0.008442,7.53216,5.069415
13,28.0,0.0,0.007471,7.579921,5.093007
13,28.5,0.0,0.006613,7.625571,5.115275
13,29.0,0.0,0.005853,7.669183,5.136286
13,29.5,0.0,0.00518,7.710829,5.156105
13,30.0,0.0,0.004585,7.750581,5.174796
13,30.5,0.0,0.004058,7.78851,5.192418
13,31.0,0.0,0.003592,7.824687,5.209032
13,31.5,0.0,0.003179,7.85918,5.224692
13,32.0,0.0,0.002814,7.892058,5.239452
13,32.5,0.0,0.00249,7.923386,5.253363
13,33.0,0.0,0.002204,7.95323,5.266475
13,33.5,0.0,0.001951,7.981651,5.278832
13,34.0,0.0,0.001727,8.008712,5.290479
13,34.5,0.0,0.001528,8.034472,5.301458
13,35.0,0.0,0.001353,8.058987,5.311806
13,35.5,0.0,0.001197,8.082313,5.321562
13,36.0,0.0,0.00106,8.104504,5.33076
13,36.5,0.0,0.000938,8.125612,5.339433
13,37.0,0.0,0.00083,8.145685,5.347612
13,37.5,0.0,0.000735,8.164772,5.355326
13,38.0,0.0,0.00065,8.182918,5.362603
13,38.5,0.0,0.000575,8.200168,5.369469
13,39.0,0.0,0.000509,8.216564,5.375946
13,39.5,0.0,0.000451,8.232146,5.38206
13,40.0,0.0,0.000399,8.246953,5.38783
13,40.5,0.0,0.000353,8.261022,5.393277
13,41.0,0.0,0.000313,8.274389,5.39842
13,41.5,0.0,0.000277,8.287087,5.403277
13,42.0,0.0,0.000245,8.299149,5.407864
13,42.5,0.0,0.000217,8.310606,5.412197
13,43.0,0.0,0.000192,8.321488,5.416291
13,43.5,0.0,0.00017,8.331823,5.420159
13,44.0,0.0,0.00015,8.341637,5.423814
13,44.5,0.0,0.000133,8.350956,5.427269
13,45.0,0.0,0.000118,8.359805,5.430536
13,45.5,0.0,0.000104,8.368207,5.433624
13,46.0,0.0,9.2e-05,8.376185,5.436544
13,46.5,0.0,8.2e-05,8.383759,5.439305
13,47.0,0.0,7.2e-05,8.390949,5.441917
13,47.5,0.0,6.4e-05,8.397774,5.444388
13,48.0,0.0,5.7e-05,8.404254,5.446725
13,48.5,0.0,5e-05,8.410405,5.448937
13,49.0,0.0,4.4e-05,8.416243,5.45103
13,49.5,0.0,3.9e-05,8.421785,5.45301
13,50.0,0.0,3.5e-05,8.427046,5.454885
14,0.0,4.544603,0.0,9.003079,0.692066
14,0.5,2.931595,1.456091,8.535911,0.770189
14,1.0,1.89109,2.138979,7.763659,0.851632
14,1.5,1.219889,2.368243,7.019395,0.934326
14,2.0,0.786916,2.342084,6.388631,1.016849
14,2.5,0.507617,2.181807,5.885857,1.098263
14,3.0,0.32745,1.960265,5.502237,1.178081
14,3.5,0.211229,1.720008,5.222086,1.256221
14,4.0,0.136258,1.484818,5.029002,1.332927
14,4.5,0.087896,1.267022,4.908051,1.408666
14,5.0,0.056699,1.072081,4.846362,1.484039
14,5.5,0.036575,0.90147,4.833089,1.559692
14,6.0,0.023594,0.754454,4.859161,1.636251
14,6.5,0.01522,0.629165,4.916982,1.714283
14,7.0,0.009818,0.523255,5.000167,1.794262
14,7.5,0.006333,0.434264,5.103321,1.876555
14,8.0,0.004085,0.359826,5.221867,1.961416
14,8.5,0.002635,0.297775,5.35191,2.048987
14,9.0,0.0017,0.246186,5.490141,2.139301
14,9.5,0.001097,0.203381,5.633754,2.232286
14,10.0,0.000707,0.16792,5.780381,2.327778
14,10.5,0.000456,0.138579,5.928041,2.425531
14,11.0,0.000294,0.114323,6.075092,2.525222
14,11.5,0.00019,0.094287,6.220193,2.62647
14,12.0,0.000122,0.077745,6.362262,2.728844
14,12.5,7.9e-05,0.064095,6.500447,2.831875
14,13.0,5.1e-05,0.052834,6.634092,2.935074
14,13.5,3.3e-05,0.043547,6.762713,3.037941
14,14.0,2.1e-05,0.03589,6.88597,3.139976
14,14.5,1.4e-05,0.029577,7.003642,3.240696
14,15.0,9e-06,0.024373,7.115612,3.33964
14,15.5,6e-06,0.020084,7.221848,3.436381
14,16.0,4e-06,0.01655,7.322384,3.530532
14,16.5,2e-06,0.013637,7.417308,3.621755
14,17.0,2e-06,0.011236,7.506753,3.709759
14,17.5,1e-06,0.009258,7.590883,3.794306
14,18.0,1e-06,0.007628,7.669888,3.875211
14,18.5,0.0,0.006285,7.743974,3.95234
14,19.0,0.0,0.005179,7.813359,4.025608
14,19.5,0.0,0.004267,7.878268,4.094974
14,20.0,0.0,0.003516,7.938929,4.16044
14,20.5,0.0,0.002897,7.995569,4.222043
14,21.0,0.0,0.002387,8.048411,4.279853
14,21.5,0.0,0.001966,8.097675,4.333965
14,22.0,0.0,0.00162,8.143574,4.384498
14,22.5,0.0,0.001335,8.186314,4.431587
14,23.0,0.0,0.0011,8.226091,4.475379
14,23.5,0.0,0.000906,8.263094,4.516033
14,24.0,0.0,0.000747,8.297502,4.553712
14,24.5,0.0,0.000615,8.329487,4.588582
14,25.0,0.0,0.000507,8.359208,4.620809
14,25.5,0.0,0.000418,8.386819,4.650558
14,26.0,0.0,0.000344,8.412462,4.677991
14,26.5,0.0,0.000283,8.436272,4.703264
14,27.0,0.0,0.000234,8.458376,4.726528
14,27.5,0.0,0.000192,8.478893,4.747927
14,28.0,0.0,0.000159,8.497932,4.767598
14,28.5,0.0,0.000131,8.515598,4.785671
14,29.0,0.0,0.000108,8.531989,4.802267
14,29.5,0.0,8.9e-05,8.547193,4.817503
14,30.0,0.0,7.3e-05,8.561296,4.831485
14,30.5,0.0,6e-05,8.574376,4.844312
14,31.0,0.0,5e-05,8.586507,4.856079
14,31.5,0.0,4.1e-05,8.597756,4.866871
14,32.0,0.0,3.4e-05,8.608187,4.876768
14,32.5,0.0,2.8e-05,8.617859,4.885843
14,33.0,0.0,2.3e-05,8.626826,4.894166
14,33.5,0.0,1.9e-05,8.63514,4.901797
14,34.0,0.0,1.6e-05,8.642848,4.908796
14,34.5,0.0,1.3e-05,8.649994,4.915215
14,35.0,0.0,1.1e-05,8.656618,4.921102
14,35.5,0.0,9e-06,8.662758,4.926503
14,36.0,0.0,7e-06,8.668451,4.931458
14,36.5,0.0,6e-06,8.673727,4.936005
14,37.0,0.0,5e-06,8.678618,4.940178
14,37.5,0.0,4e-06,8.683151,4.944009
14,38.0,0.0,3e-06,8.687353,4.947526
14,38.5,0.0,3e-06,8.691248,4.950756
14,39.0,0.0,2e-06,8.694858,4.953722
14,39.5,0.0,2e-06,8.698204,4.956448
14,40.0,0.0,2e-06,8.701306,4.958952
14,40.5,0.0,1e-06,8.70418,4.961254
14,41.0,0.0,1e-06,8.706844,4.96337
14,41.5,0.0,1e-06,8.709314,4.965316
14,42.0,0.0,1e-06,8.711602,4.967106
14,42.5,0.0,1e-06,8.713724,4.968752
14,43.0,0.0,0.0,8.715689,4.970267
14,43.5,0.0,0.0,8.717512,4.971662
14,44.0,0.0,0.0,8.7192,4.972945
14,44.5,0.0,0.0,8.720765,4.974127
14,45.0,0.0,0.0,8.722216,4.975216
14,45.5,0.0,0.0,8.72356,4.976219
14,46.0,0.0,0.0,8.724806,4.977142
14,46.5,0.0,0.0,8.725961,4.977994
14,47.0,0.0,0.0,8.727031,4.978779
14,47.5,0.0,0.0,8.728023,4.979502
14,48.0,0.0,0.0,8.728943,4.980169
14,48.5,0.0,0.0,8.729795,4.980785
14,49.0,0.0,0.0,8.730584,4.981352
14,49.5,0.0,0.0,8.731316,4.981876
14,50.0,0.0,0.0,8.731994,4.982359
15,0.0,4.855826,0.0,5.395976,0.669728
15,0.5,3.290427,1.430513,5.278079,0.713654
15,1.0,2.229674,2.17435,4.94066,0.758088
15,1.5,1.510882,2.488428,4.57085,0.801866
15,2.0,1.023811,2.541239,4.23883,0.844377
15,2.5,0.693759,2.442235,3.967377,0.885371
15,3.0,0.470108,2.261606,3.759476,0.924864
15,3.5,0.318557,2.043566,3.610271,0.963063
15,4.0,0.215862,1.815252,3.512346,1.0003
15,4.5,0.146273,1.592677,3.458003,1.036966
15,5.0,0.099118,1.38469,3.440162,1.073472
15,5.5,0.067165,1.195599,3.452629,1.110213
15,6.0,0.045513,1.026904,3.490101,1.147549
15,6.5,0.030841,0.878425,3.548069,1.185794
15,7.0,0.020898,0.74903,3.622699,1.22521
15,7.5,0.014161,0.637105,3.710719,1.266005
15,8.0,0.009596,0.54084,3.80932,1.308339
15,8.5,0.006502,0.458406,3.916084,1.352326
15,9.0,0.004406,0.388056,4.028922,1.398033
15,9.5,0.002986,0.328178,4.146029,1.445491
15,10.0,0.002023,0.277322,4.265849,1.494694
15,10.5,0.001371,0.234199,4.387043,1.545605
15,11.0,0.000929,0.197683,4.508468,1.598155
15,11.5,0.00063,0.166792,4.629153,1.652252
15,12.0,0.000427,0.140684,4.748284,1.707779
15,12.5,0.000289,0.118631,4.865187,1.764601
15,13.0,0.000196,0.100015,4.97931,1.822562
15,13.5,0.000133,0.084305,5.090213,1.881493
15,14.0,9e-05,0.071054,5.197554,1.941213
15,14.5,6.1e-05,0.059879,5.301073,2.001531
15,15.0,4.1e-05,0.050457,5.400587,2.062248
15,15.5,2.8e-05,0.042515,5.495977,2.123162
15,16.0,1.9e-05,0.035821,5.587178,2.184072
15,16.5,1.3e-05,0.03018,5.674172,2.244775
15,17.0,9e-06,0.025426,5.756978,2.305075
15,17.5,6e-06,0.02142,5.835649,2.364782
15,18.0,4e-06,0.018045,5.910265,2.423713
15,18.5,3e-06,0.015201,5.980924,2.481698
15,19.0,2e-06,0.012806,6.047743,2.538579
15,19.5,1e-06,0.010788,6.110851,2.594211
15,20.0,1e-06,0.009087,6.170384,2.648464
15,20.5,1e-06,0.007655,6.226488,2.701225
15,21.0,0.0,0.006448,6.27931,2.752396
15,21.5,0.0,0.005432,6.328999,2.801893
15,22.0,0.0,0.004576,6.375704,2.849653
15,22.5,0.0,0.003854,6.419574,2.895623
15,23.0,0.0,0.003247,6.460755,2.939768
15,23.5,0.0,0.002735,6.49939,2.982066
15,24.0,0.0,0.002304,6.535616,3.022508
15,24.5,0.0,0.001941,6.569567,3.061099
15,25.0,0.0,0.001635,6.601373,3.097851
15,25.5,0.0,0.001377,6.631157,3.132789
15,26.0,0.0,0.00116,6.659039,3.165945
15,26.5,0.0,0.000977,6.685131,3.197358
15,27.0,0.0,0.000823,6.709541,3.227075
15,27.5,0.0,0.000693,6.732371,3.255146
15,28.0,0.0,0.000584,6.753719,3.281627
15,28.5,0.0,0.000492,6.773676,3.306575
15,29.0,0.0,0.000414,6.792329,3.330051
15,29.5,0.0,0.000349,6.809761,3.352118
15,30.0,0.0,0.000294,6.826049,3.372838
15,30.5,0.0,0.000248,6.841265,3.392274
15,31.0,0.0,0.000209,6.855478,3.41049
15,31.5,0.0,0.000176,6.868754,3.427547
15,32.0,0.0,0.000148,6.881151,3.443507
15,32.5,0.0,0.000125,6.892728,3.45843
15,33.0,0.0,0.000105,6.903537,3.472373
15,33.5,0.0,8.8e-05,6.913629,3.485394
15,34.0,0.0,7.5e-05,6.923051,3.497545
15,34.5,0.0,6.3e-05,6.931846,3.508879
15,35.0,0.0,5.3e-05,6.940055,3.519445
15,35.5,0.0,4.5e-05,6.947718,3.529292
15,36.0,0.0,3.8e-05,6.954871,3.538465
15,36.5,0.0,3.2e-05,6.961546,3.547006
15,37.0,0.0,2.7e-05,6.967776,3.554957
15,37.5,0.0,2.2e-05,6.97359,3.562355
15,38.0,0.0,1.9e-05,6.979016,3.569238
15,38.5,0.0,1.6e-05,6.984079,3.575639
15,39.0,0.0,1.3e-05,6.988803,3.581591
15,39.5,0.0,1.1e-05,6.993212,3.587124
15,40.0,0.0,1e-05,6.997326,3.592267
15,40.5,0.0,8e-06,7.001165,3.597046
15,41.0,0.0,7e-06,7.004747,3.601487
15,41.5,0.0,6e-06,7.008089,3.605613
15,42.0,0.0,5e-06,7.011207,3.609445
15,42.5,0.0,4e-06,7.014117,3.613005
15,43.0,0.0,3e-06,7.016832,3.616312
15,43.5,0.0,3e-06,7.019365,3.619382
15,44.0,0.0,2e-06,7.021728,3.622234
15,44.5,0.0,2e-06,7.023933,3.624882
15,45.0,0.0,2e-06,7.02599,3.62734
15,45.5,0.0,1e-06,7.027909,3.629623
15,46.0,0.0,1e-06,7.0297,3.631743
15,46.5,0.0,1e-06,7.03137,3.633711
15,47.0,0.0,1e-06,7.032929,3.635538
15,47.5,0.0,1e-06,7.034383,3.637235
15,48.0,0.0,1e-06,7.03574,3.63881
15,48.5,0.0,1e-06,7.037006,3.640273
15,49.0,0.0,0.0,7.038187,3.641631
15,49.5,0.0,0.0,7.039288,3.642892
15,50.0,0.0,0.0,7.040316,3.644063
16,0.0,4.755153,0.0,5.575427,0.896905
16,0.5,3.217085,1.434123,5.312023,0.9144
16,1.0,2.176509,2.226049,4.850281,0.928316
16,1.5,1.472511,2.605673,4.377672,0.937233
16,2.0,0.996223,2.725771,3.957519,0.940735
16,2.5,0.673991,2.687291,3.607356,0.939006
16,3.0,0.455987,2.556412,3.326759,0.93262
16,3.5,0.308497,2.376059,3.108675,0.922373
16,4.0,0.208712,2.173649,2.944248,0.909154
16,4.5,0.141204,1.966314,2.824835,0.893843
16,5.0,0.095531,1.7644,2.742757,0.877244
16,5.5,0.064631,1.573818,2.691486,0.860048
16,6.0,0.043726,1.397615,2.665589,0.842818
16,6.5,0.029583,1.237016,2.660589,0.825998
16,7.0,0.020014,1.092122,2.672801,0.80992
16,7.5,0.01354,0.962359,2.699186,0.794821
16,8.0,0.009161,0.846778,2.73722,0.780864
16,8.5,0.006198,0.744249,2.784794,0.768146
16,9.0,0.004193,0.653575,2.840128,0.756722
16,9.5,0.002837,0.573571,2.901707,0.746608
16,10.0,0.001919,0.503106,2.968234,0.737798
16,10.5,0.001298,0.441126,3.03859,0.730264
16,11.0,0.000878,0.386666,3.111806,0.723969
16,11.5,0.000594,0.338851,3.187039,0.718864
16,12.0,0.000402,0.296896,3.263553,0.714898
16,12.5,0.000272,0.2601,3.34071,0.712018
16,13.0,0.000184,0.22784,3.417955,0.710169
16,13.5,0.000125,0.199565,3.494807,0.709296
16,14.0,8.4e-05,0.174788,3.570851,0.709346
16,14.5,5.7e-05,0.153079,3.645736,0.710268
16,15.0,3.9e-05,0.134062,3.719162,0.712014
16,15.5,2.6e-05,0.117404,3.790879,0.714535
16,16.0,1.8e-05,0.102813,3.860682,0.717788
16,16.5,1.2e-05,0.090034,3.928406,0.721731
16,17.0,8e-06,0.078842,3.993922,0.726323
16,17.5,5e-06,0.069041,4.05713,0.731527
16,18.0,4e-06,0.060458,4.117963,0.737306
16,18.5,3e-06,0.052941,4.176377,0.743626
16,19.0,2e-06,0.046359,4.232349,0.750456
16,19.5,1e-06,0.040595,4.285877,0.757763
16,20.0,1e-06,0.035548,4.336974,0.765518
16,20.5,1e-06,0.031128,4.385669,0.773693
16,21.0,0.0,0.027257,4.432001,0.782261
16,21.5,0.0,0.023868,4.476021,0.791196
16,22.0,0.0,0.0209,4.517788,0.800473
16,22.5,0.0,0.018302,4.557364,0.810067
16,23.0,0.0,0.016026,4.594822,0.819956
16,23.5,0.0,0.014033,4.630234,0.830115
16,24.0,0.0,0.012288,4.663678,0.840525
16,24.5,0.0,0.01076,4.695232,0.851162
16,25.0,0.0,0.009422,4.724977,0.862007
16,25.5,0.0,0.008251,4.75299,0.873039
16,26.0,0.0,0.007225,4.779353,0.884239
16,26.5,0.0,0.006326,4.804144,0.895588
16,27.0,0.0,0.00554,4.82744,0.907067
16,27.5,0.0,0.004851,4.849318,0.918658
16,28.0,0.0,0.004248,4.86985,0.930344
16,28.5,0.0,0.00372,4.889108,0.942108
16,29.0,0.0,0.003257,4.907162,0.953934
16,29.5,0.0,0.002852,4.924078,0.965804
16,30.0,0.0,0.002497,4.93992,0.977705
16,30.5,0.0,0.002187,4.95475,0.989621
16,31.0,0.0,0.001915,4.968627,1.001538
16,31.5,0.0,0.001677,4.981607,1.013441
16,32.0,0.0,0.001468,4.993742,1.025317
16,32.5,0.0,0.001286,5.005086,1.037155
16,33.0,0.0,0.001126,5.015684,1.04894
16,33.5,0.0,0.000986,5.025584,1.060662
16,34.0,0.0,0.000863,5.034829,1.07231
16,34.5,0.0,0.000756,5.043459,1.083872
16,35.0,0.0,0.000662,5.051514,1.095339
16,35.5,0.0,0.00058,5.05903,1.106701
16,36.0,0.0,0.000508,5.066041,1.117949
16,36.5,0.0,0.000444,5.072581,1.129075
16,37.0,0.0,0.000389,5.078679,1.140072
16,37.5,0.0,0.000341,5.084364,1.150931
16,38.0,0.0,0.000298,5.089664,1.161646
16,38.5,0.0,0.000261,5.094603,1.17221
16,39.0,0.0,0.000229,5.099206,1.182619
16,39.5,0.0,0.0002,5.103495,1.192867
16,40.0,0.0,0.000175,5.10749,1.202949
16,40.5,0.0,0.000154,5.111211,1.212861
16,41.0,0.0,0.000135,5.114677,1.222599
16,41.5,0.0,0.000118,5.117905,1.23216
16,42.0,0.0,0.000103,5.120911,1.241542
16,42.5,0.0,9e-05,5.123709,1.250742
16,43.0,0.0,7.9e-05,5.126314,1.259757
16,43.5,0.0,6.9e-05,5.128739,1.268588
16,44.0,0.0,6.1e-05,5.130997,1.277231
16,44.5,0.0,5.3e-05,5.133098,1.285688
16,45.0,0.0,4.7e-05,5.135053,1.293956
16,45.5,0.0,4.1e-05,5.136873,1.302037
16,46.0,0.0,3.6e-05,5.138566,1.30993
16,46.5,0.0,3.1e-05,5.140142,1.317635
16,47.0,0.0,2.7e-05,5.141608,1.325155
16,47.5,0.0,2.4e-05,5.142971,1.332489
16,48.0,0.0,2.1e-05,5.14424,1.339638
16,48.5,0.0,1.8e-05,5.145421,1.346606
16,49.0,0.0,1.6e-05,5.146519,1.353392
16,49.5,0.0,1.4e-05,5.14754,1.36
16,50.0,0.0,1.2e-05,5.14849,1.366431
17,0.0,4.361616,0.0,6.980031,1.364655
17,0.5,2.606287,1.618048,6.393806,1.394858
17,1.0,1.557389,2.357028,5.432247,1.419557
17,1.5,0.930619,2.602815,4.556859,1.436611
17,2.0,0.556092,2.58147,3.872795,1.445506
17,2.5,0.332294,2.424191,3.374433,1.446829
17,3.0,0.198562,2.206039,3.027977,1.441882
17,3.5,0.118651,1.969002,2.798386,1.432292
17,4.0,0.0709,1.735703,2.656739,1.419701
17,4.5,0.042366,1.517548,2.581009,1.40556
17,5.0,0.025316,1.319533,2.55494,1.391046
17,5.5,0.015128,1.143081,2.566631,1.377044
17,6.0,0.00904,0.987701,2.607333,1.364184
17,6.5,0.005402,0.851947,2.670527,1.352885
17,7.0,0.003228,0.733962,2.751267,1.343403
17,7.5,0.001929,0.631788,2.845714,1.335874
17,8.0,0.001153,0.543522,2.950826,1.330347
17,8.5,0.000689,0.4674,3.064133,1.326814
17,9.0,0.000412,0.401827,3.183591,1.325222
17,9.5,0.000246,0.345386,3.307481,1.325495
17,10.0,0.000147,0.296833,3.434337,1.327538
17,10.5,8.8e-05,0.255081,3.5629,1.331247
17,11.0,5.2e-05,0.219188,3.692084,1.336515
17,11.5,3.1e-05,0.188337,3.820948,1.343231
17,12.0,1.9e-05,0.161823,3.948683,1.351288
17,12.5,1.1e-05,0.139039,4.074597,1.360579
17,13.0,7e-06,0.119461,4.1981,1.371001
17,13.5,4e-06,0.102638,4.318699,1.382456
17,14.0,2e-06,0.088184,4.435987,1.394847
17,14.5,1e-06,0.075765,4.549634,1.408084
17,15.0,1e-06,0.065095,4.659384,1.42208
17,15.5,1e-06,0.055927,4.765042,1.436753
17,16.0,0.0,0.048051,4.86647,1.452023
17,16.5,0.0,0.041283,4.963583,1.467816
17,17.0,0.0,0.035469,5.056339,1.484059
17,17.5,0.0,0.030474,5.144734,1.500687
17,18.0,0.0,0.026182,5.228799,1.517633
17,18.5,0.0,0.022494,5.308591,1.534838
17,19.0,0.0,0.019326,5.384193,1.552243
17,19.5,0.0,0.016604,5.455706,1.569794
17,20.0,0.0,0.014266,5.523247,1.58744
17,20.5,0.0,0.012257,5.586947,1.605132
17,21.0,0.0,0.01053,5.646945,1.622825
17,21.5,0.0,0.009047,5.703386,1.640477
17,22.0,0.0,0.007773,5.756421,1.658049
17,22.5,0.0,0.006678,5.806202,1.675502
17,23.0,0.0,0.005738,5.852884,1.692804
17,23.5,0.0,0.00493,5.89662,1.709924
17,24.0,0.0,0.004235,5.937561,1.726832
17,24.5,0.0,0.003639,5.975855,1.743503
17,25.0,0.0,0.003126,6.011648,1.759912
17,25.5,0.0,0.002686,6.04508,1.77604
17,26.0,0.0,0.002308,6.076288,1.791866
17,26.5,0.0,0.001983,6.105402,1.807374
17,27.0,0.0,0.001703,6.132549,1.822551
17,27.5,0.0,0.001464,6.157848,1.837382
17,28.0,0.0,0.001257,6.181415,1.851859
17,28.5,0.0,0.00108,6.203358,1.865971
17,29.0,0.0,0.000928,6.223781,1.879713
17,29.5,0.0,0.000797,6.242783,1.893079
17,30.0,0.0,0.000685,6.260456,1.906066
17,30.5,0.0,0.000589,6.276888,1.91867
17,31.0,0.0,0.000506,6.292161,1.930892
17,31.5,0.0,0.000435,6.306354,1.942731
17,32.0,0.0,0.000373,6.319539,1.954189
17,32.5,0.0,0.000321,6.331785,1.965268
17,33.0,0.0,0.000276,6.343157,1.975973
17,33.5,0.0,0.000237,6.353714,1.986306
17,34.0,0.0,0.000203,6.363513,1.996274
17,34.5,0.0,0.000175,6.372607,2.005881
17,35.0,0.0,0.00015,6.381046,2.015134
17,35.5,0.0,0.000129,6.388874,2.024041
17,36.0,0.0,0.000111,6.396137,2.032608
17,36.5,0.0,9.5e-05,6.402872,2.040842
17,37.0,0.0,8.2e-05,6.409119,2.048753
17,37.5,0.0,7e-05,6.414912,2.056348
17,38.0,0.0,6e-05,6.420282,2.063636
17,38.5,0.0,5.2e-05,6.425262,2.070624
17,39.0,0.0,4.5e-05,6.429877,2.077323
17,39.5,0.0,3.8e-05,6.434156,2.083741
17,40.0,0.0,3.3e-05,6.438122,2.089887
17,40.5,0.0,2.8e-05,6.441797,2.095769
17,41.0,0.0,2.4e-05,6.445203,2.101396
17,41.5,0.0,2.1e-05,6.44836,2.106777
17,42.0,0.0,1.8e-05,6.451285,2.111921
17,42.5,0.0,1.5e-05,6.453995,2.116837
17,43.0,0.0,1.3e-05,6.456506,2.121531
17,43.5,0.0,1.1e-05,6.458832,2.126014
17,44.0,0.0,1e-05,6.460988,2.130293
17,44.5,0.0,8e-06,6.462985,2.134376
17,45.0,0.0,7e-06,6.464834,2.138271
17,45.5,0.0,6e-06,6.466548,2.141985
17,46.0,0.0,5e-06,6.468135,2.145525
17,46.5,0.0,5e-06,6.469606,2.148899
17,47.0,0.0,4e-06,6.470968,2.152114
17,47.5,0.0,3e-06,6.472229,2.155177
17,48.0,0.0,3e-06,6.473397,2.158093
17,48.5,0.0,2e-06,6.47448,2.16087
17,49.0,0.0,2e-06,6.475482,2.163513
17,49.5,0.0,2e-06,6.47641,2.166028
17,50.0,0.0,2e-06,6.47727,2.168421
18,0.0,7.474583,0.0,4.889009,0.694154
18,0.5,4.98357,2.335308,4.575002,0.740459
18,1.0,3.322723,3.623921,3.998107,0.786111
18,1.5,2.215377,4.245518,3.473815,0.829628
18,2.0,1.47707,4.449697,3.051608,0.870252
18,2.5,0.984815,4.399737,2.728337,0.907665
18,3.0,0.656611,4.201722,2.488635,0.941902
18,3.5,0.437786,3.923925,2.316095,0.973263
18,4.0,0.291887,3.60969,2.196488,1.002211
18,4.5,0.194612,3.285989,2.118395,1.029292
18,5.0,0.129755,2.969102,2.072994,1.055065
18,5.5,0.086512,2.668374,2.053605,1.080059
18,6.0,0.057681,2.388702,2.055231,1.104756
18,6.5,0.038458,2.132167,2.074154,1.129577
18,7.0,0.025641,1.899112,2.107607,1.154886
18,7.5,0.017096,1.68884,2.153529,1.180993
18,8.0,0.011398,1.500067,2.210367,1.208159
18,8.5,0.0076,1.331211,2.276933,1.236604
18,9.0,0.005067,1.180576,2.352299,1.266511
18,9.5,0.003378,1.046465,2.435711,1.298029
18,10.0,0.002252,0.92724,2.526538,1.331282
18,10.5,0.001502,0.821367,2.624221,1.366363
18,11.0,0.001001,0.727429,2.728251,1.403345
18,11.5,0.000668,0.644131,2.838138,1.442274
18,12.0,0.000445,0.570304,2.953406,1.483178
18,12.5,0.000297,0.504892,3.073576,1.526059
18,13.0,0.000198,0.446953,3.198167,1.570902
18,13.5,0.000132,0.395642,3.326688,1.61767
18,14.0,8.8e-05,0.350208,3.458645,1.666306
18,14.5,5.9e-05,0.309983,3.593537,1.716736
18,15.0,3.9e-05,0.274372,3.730862,1.768865
18,15.5,2.6e-05,0.242848,3.870121,1.822582
18,16.0,1.7e-05,0.214943,4.010821,1.877759
18,16.5,1.2e-05,0.190243,4.152477,1.934254
18,17.0,8e-06,0.16838,4.294623,1.991911
18,17.5,5e-06,0.149029,4.436807,2.050561
18,18.0,3e-06,0.131902,4.5786,2.110026
18,18.5,2e-06,0.116742,4.719597,2.170122
18,19.0,2e-06,0.103324,4.85942,2.230657
18,19.5,1e-06,0.091449,4.997718,2.291437
18,20.0,1e-06,0.080938,5.13417,2.352266
18,20.5,0.0,0.071635,5.268485,2.412953
18,21.0,0.0,0.063402,5.400402,2.473306
18,21.5,0.0,0.056114,5.529691,2.533142
18,22.0,0.0,0.049665,5.656149,2.592286
18,22.5,0.0,0.043956,5.779606,2.650572
18,23.0,0.0,0.038904,5.899914,2.707846
18,23.5,0.0,0.034432,6.016956,2.763965
18,24.0,0.0,0.030475,6.130637,2.818803
18,24.5,0.0,0.026972,6.240887,2.872246
18,25.0,0.0,0.023872,6.347654,2.924194
18,25.5,0.0,0.021128,6.45091,2.974565
18,26.0,0.0,0.0187,6.550641,3.02329
18,26.5,0.0,0.01655,6.646852,3.070313
18,27.0,0.0,0.014648,6.739562,3.115596
18,27.5,0.0,0.012964,6.828802,3.159112
18,28.0,0.0,0.011474,6.914614,3.200845
18,28.5,0.0,0.010155,6.997053,3.240795
18,29.0,0.0,0.008988,7.07618,3.278967
18,29.5,0.0,0.007955,7.152062,3.315381
18,30.0,0.0,0.007041,7.224777,3.350061
18,30.5,0.0,0.006231,7.294403,3.38304
18,31.0,0.0,0.005515,7.361025,3.414359
18,31.5,0.0,0.004881,7.424731,3.444061
18,32.0,0.0,0.00432,7.485609,3.472195
18,32.5,0.0,0.003824,7.543752,3.498815
18,33.0,0.0,0.003384,7.599252,3.523974
18,33.5,0.0,0.002995,7.652202,3.54773
18,34.0,0.0,0.002651,7.702693,3.570142
18,34.5,0.0,0.002346,7.750819,3.591266
18,35.0,0.0,0.002077,7.796671,3.611163
18,35.5,0.0,0.001838,7.840337,3.629891
18,36.0,0.0,0.001627,7.881908,3.647506
18,36.5,0.0,0.00144,7.921469,3.664067
18,37.0,0.0,0.001274,7.959105,3.679628
18,37.5,0.0,0.001128,7.994899,3.694243
18,38.0,0.0,0.000998,8.02893,3.707963
18,38.5,0.0,0.000883,8.061276,3.720839
18,39.0,0.0,0.000782,8.092014,3.732919
18,39.5,0.0,0.000692,8.121216,3.744249
18,40.0,0.0,0.000612,8.148952,3.754874
18,40.5,0.0,0.000542,8.17529,3.764834
18,41.0,0.0,0.00048,8.200296,3.77417
18,41.5,0.0,0.000425,8.224033,3.782921
18,42.0,0.0,0.000376,8.246561,3.791121
18,42.5,0.0,0.000333,8.267938,3.798805
18,43.0,0.0,0.000294,8.288221,3.806005
18,43.5,0.0,0.000261,8.307461,3.812752
18,44.0,0.0,0.000231,8.325711,3.819073
18,44.5,0.0,0.000204,8.343018,3.824997
18,45.0,0.0,0.000181,8.359431,3.830547
18,45.5,0.0,0.00016,8.374993,3.835748
18,46.0,0.0,0.000141,8.389746,3.840623
18,46.5,0.0,0.000125,8.403733,3.845191
18,47.0,0.0,0.000111,8.41699,3.849474
18,47.5,0.0,9.8e-05,8.429555,3.853488
18,48.0,0.0,8.7e-05,8.441464,3.857252
18,48.5,0.0,7.7e-05,8.452749,3.86078
18,49.0,0.0,6.8e-05,8.463443,3.86409
18,49.5,0.0,6e-05,8.473576,3.867194
18,50.0,0.0,5.3e-05,8.483177,3.870106
19,0.0,4.550935,0.0,6.316888,0.639733
19,0.5,2.123039,2.046733,5.309866,0.643934
19,1.0,0.990411,2.455455,4.126849,0.642334
19,1.5,0.462033,2.245739,3.284921,0.634282
19,2.0,0.215541,1.854346,2.747786,0.620859
19,2.5,0.100551,1.456523,2.430348,0.603819
19,3.0,0.046908,1.113129,2.26435,0.584941
19,3.5,0.021883,0.83723,2.202693,0.565676
19,4.0,0.010208,0.62369,2.213899,0.547045
19,4.5,0.004762,0.461874,2.276648,0.529684
19,5.0,0.002222,0.340782,2.375994,0.513929
19,5.5,0.001036,0.250857,2.501016,0.499909
19,6.0,0.000483,0.184392,2.643449,0.487624
19,6.5,0.000226,0.135412,2.796887,0.476993
19,7.0,0.000105,0.099384,2.956322,0.467895
19,7.5,4.9e-05,0.072914,3.117843,0.460195
19,8.0,2.3e-05,0.053482,3.278436,0.45375
19,8.5,1.1e-05,0.039223,3.435824,0.448429
19,9.0,5e-06,0.028763,3.588335,0.444106
19,9.5,2e-06,0.021091,3.734797,0.440669
19,10.0,1e-06,0.015464,3.87443,0.438019
19,10.5,1e-06,0.011339,4.006775,0.436067
19,11.0,0.0,0.008314,4.131613,0.434735
19,11.5,0.0,0.006096,4.248911,0.433955
19,12.0,0.0,0.004469,4.358776,0.433668
19,12.5,0.0,0.003277,4.461413,0.433822
19,13.0,0.0,0.002403,4.557094,0.43437
19,13.5,0.0,0.001762,4.646137,0.435273
19,14.0,0.0,0.001292,4.728886,0.436494
19,14.5,0.0,0.000947,4.805699,0.438004
19,15.0,0.0,0.000694,4.876936,0.439773
19,15.5,0.0,0.000509,4.942951,0.441778
19,16.0,0.0,0.000373,5.00409,0.443996
19,16.5,0.0,0.000274,5.060685,0.446408
19,17.0,0.0,0.000201,5.113054,0.448996
19,17.5,0.0,0.000147,5.161496,0.451744
19,18.0,0.0,0.000108,5.206294,0.454638
19,18.5,0.0,7.9e-05,5.247713,0.457665
19,19.0,0.0,5.8e-05,5.286003,0.460814
19,19.5,0.0,4.3e-05,5.321394,0.464072
19,20.0,0.0,3.1e-05,5.354103,0.467431
19,20.5,0.0,2.3e-05,5.384329,0.470881
19,21.0,0.0,1.7e-05,5.412261,0.474415
19,21.5,0.0,1.2e-05,5.43807,0.478023
19,22.0,0.0,9e-06,5.461917,0.4817
19,22.5,0.0,7e-06,5.483949,0.485438
19,23.0,0.0,5e-06,5.504306,0.489232
19,23.5,0.0,4e-06,5.523112,0.493075
19,24.0,0.0,3e-06,5.540488,0.496963
19,24.5,0.0,2e-06,5.55654,0.50089
19,25.0,0.0,1e-06,5.571369,0.504852
19,25.5,0.0,1e-06,5.58507,0.508844
19,26.0,0.0,1e-06,5.597726,0.512863
19,26.5,0.0,1e-06,5.609419,0.516904
19,27.0,0.0,0.0,5.620221,0.520964
19,27.5,0.0,0.0,5.6302,0.525039
19,28.0,0.0,0.0,5.639419,0.529126
19,28.5,0.0,0.0,5.647935,0.533222
19,29.0,0.0,0.0,5.655803,0.537325
19,29.5,0.0,0.0,5.663071,0.54143
19,30.0,0.0,0.0,5.669785,0.545537
19,30.5,0.0,0.0,5.675988,0.549642
19,31.0,0.0,0.0,5.681718,0.553743
19,31.5,0.0,0.0,5.687012,0.557838
19,32.0,0.0,0.0,5.691902,0.561925
19,32.5,0.0,0.0,5.69642,0.566002
19,33.0,0.0,0.0,5.700593,0.570067
19,33.5,0.0,0.0,5.704449,0.574117
19,34.0,0.0,0.0,5.70801,0.578153
19,34.5,0.0,0.0,5.7113,0.582171
19,35.0,0.0,0.0,5.71434,0.586171
19,35.5,0.0,0.0,5.717148,0.590151
19,36.0,0.0,0.0,5.719742,0.594109
19,36.5,0.0,0.0,5.722138,0.598045
19,37.0,0.0,0.0,5.724352,0.601957
19,37.5,0.0,0.0,5.726397,0.605844
19,38.0,0.0,0.0,5.728287,0.609705
19,38.5,0.0,0.0,5.730032,0.613538
19,39.0,0.0,0.0,5.731644,0.617344
19,39.5,0.0,0.0,5.733134,0.621121
19,40.0,0.0,0.0,5.73451,0.624868
19,40.5,0.0,0.0,5.735781,0.628584
19,41.0,0.0,0.0,5.736955,0.632269
19,41.5,0.0,0.0,5.73804,0.635923
19,42.0,0.0,0.0,5.739042,0.639543
19,42.5,0.0,0.0,5.739968,0.64313
19,43.0,0.0,0.0,5.740823,0.646683
19,43.5,0.0,0.0,5.741613,0.650202
19,44.0,0.0,0.0,5.742343,0.653687
19,44.5,0.0,0.0,5.743018,0.657136
19,45.0,0.0,0.0,5.743641,0.660549
19,45.5,0.0,0.0,5.744216,0.663926
19,46.0,0.0,0.0,5.744748,0.667267
19,46.5,0.0,0.0,5.745239,0.670571
19,47.0,0.0,0.0,5.745692,0.673838
19,47.5,0.0,0.0,5.746111,0.677069
19,48.0,0.0,0.0,5.746499,0.680261
19,48.5,0.0,0.0,5.746856,0.683417
19,49.0,0.0,0.0,5.747187,0.686534
19,49.5,0.0,0.0,5.747492,0.689614
19,50.0,0.0,0.0,5.747774,0.692656
20,0.0,4.250041,0.0,6.98141,0.930858
20,0.5,2.68985,1.451863,6.432423,0.971849
20,1.0,1.702406,2.187196,5.586683,1.009105
20,1.5,1.077452,2.492242,4.790121,1.040516
20,2.0,0.681919,2.545231,4.133631,1.065084
20,2.5,0.431587,2.456402,3.624398,1.082646
20,3.0,0.273151,2.293287,3.243613,1.093692
20,3.5,0.172877,2.096671,2.967266,1.099153
20,4.0,0.109414,1.890656,2.773289,1.100188
20,4.5,0.069248,1.689008,2.643484,1.097993
20,5.0,0.043827,1.499131,2.563535,1.09368
20,5.5,0.027738,1.324576,2.522412,1.088205
20,6.0,0.017555,1.166592,2.511674,1.082349
20,6.5,0.011111,1.025103,2.524849,1.076718
20,7.0,0.007032,0.8993,2.556939,1.071767
20,7.5,0.004451,0.788009,2.60404,1.067821
20,8.0,0.002817,0.689905,2.66306,1.065107
20,8.5,0.001783,0.603647,2.73151,1.063772
20,9.0,0.001128,0.52794,2.807361,1.063904
20,9.5,0.000714,0.46158,2.888928,1.065543
20,10.0,0.000452,0.403469,2.974799,1.0687
20,10.5,0.000286,0.352615,3.063775,1.073361
20,11.0,0.000181,0.308134,3.154829,1.079495
20,11.5,0.000115,0.26924,3.247079,1.087058
20,12.0,7.3e-05,0.23524,3.339763,1.096
20,12.5,4.6e-05,0.205525,3.432224,1.106263
20,13.0,2.9e-05,0.179557,3.523896,1.117787
20,13.5,1.8e-05,0.156867,3.614296,1.130509
20,14.0,1.2e-05,0.137041,3.703011,1.144365
20,14.5,7e-06,0.11972,3.789697,1.15929
20,15.0,5e-06,0.104587,3.874067,1.175218
20,15.5,3e-06,0.091366,3.955889,1.192085
20,16.0,2e-06,0.079816,4.034978,1.209826
20,16.5,1e-06,0.069726,4.111194,1.228375
20,17.0,1e-06,0.060911,4.184435,1.247669
20,17.5,0.0,0.053211,4.254635,1.267644
20,18.0,0.0,0.046484,4.321757,1.288236
20,18.5,0.0,0.040607,4.385791,1.309383
20,19.0,0.0,0.035473,4.446752,1.331023
20,19.5,0.0,0.030989,4.504672,1.353095
20,20.0,0.0,0.027071,4.559603,1.375538
20,20.5,0.0,0.023649,4.61161,1.398294
20,21.0,0.0,0.020659,4.660768,1.421304
20,21.5,0.0,0.018047,4.707165,1.444512
20,22.0,0.0,0.015765,4.750893,1.467863
20,22.5,0.0,0.013772,4.792051,1.491302
20,23.0,0.0,0.012031,4.830742,1.514777
20,23.5,0.0,0.01051,4.867072,1.538239
20,24.0,0.0,0.009181,4.901148,1.561639
20,24.5,0.0,0.008021,4.933076,1.584931
20,25.0,0.0,0.007007,4.962962,1.608071
20,25.5,0.0,0.006121,4.990913,1.631018
20,26.0,0.0,0.005347,5.01703,1.653732
20,26.5,0.0,0.004671,5.041415,1.676178
20,27.0,0.0,0.00408,5.064165,1.69832
20,27.5,0.0,0.003565,5.085375,1.720127
20,28.0,0.0,0.003114,5.105136,1.741571
20,28.5,0.0,0.00272,5.123535,1.762626
20,29.0,0.0,0.002376,5.140655,1.783267
20,29.5,0.0,0.002076,5.156578,1.803475
20,30.0,0.0,0.001813,5.171378,1.82323
20,30.5,0.0,0.001584,5.185129,1.842516
20,31.0,0.0,0.001384,5.197898,1.861321
20,31.5,0.0,0.001209,5.20975,1.879633
20,32.0,0.0,0.001056,5.220747,1.897444
20,32.5,0.0,0.000923,5.230947,1.914746
20,33.0,0.0,0.000806,5.240403,1.931535
20,33.5,0.0,0.000704,5.249168,1.947808
20,34.0,0.0,0.000615,5.257288,1.963564
20,34.5,0.0,0.000537,5.264809,1.978805
20,35.0,0.0,0.000469,5.271773,1.993531
20,35.5,0.0,0.00041,5.278219,2.007748
20,36.0,0.0,0.000358,5.284185,2.02146
20,36.5,0.0,0.000313,5.289705,2.034672
20,37.0,0.0,0.000273,5.294811,2.047394
20,37.5,0.0,0.000239,5.299533,2.059632
20,38.0,0.0,0.000209,5.303899,2.071396
20,38.5,0.0,0.000182,5.307935,2.082695
20,39.0,0.0,0.000159,5.311665,2.093541
20,39.5,0.0,0.000139,5.315113,2.103943
20,40.0,0.0,0.000121,5.318298,2.113914
20,40.5,0.0,0.000106,5.32124,2.123464
20,41.0,0.0,9.3e-05,5.323958,2.132607
20,41.5,0.0,8.1e-05,5.326468,2.141354
20,42.0,0.0,7.1e-05,5.328786,2.149718
20,42.5,0.0,6.2e-05,5.330926,2.157711
20,43.0,0.0,5.4e-05,5.332902,2.165346
20,43.5,0.0,4.7e-05,5.334726,2.172634
20,44.0,0.0,4.1e-05,5.336409,2.179589
20,44.5,0.0,3.6e-05,5.337963,2.186222
20,45.0,0.0,3.1e-05,5.339396,2.192546
20,45.5,0.0,2.7e-05,5.340719,2.198572
20,46.0,0.0,2.4e-05,5.34194,2.204313
20,46.5,0.0,2.1e-05,5.343066,2.209779
20,47.0,0.0,1.8e-05,5.344105,2.214982
20,47.5,0.0,1.6e-05,5.345063,2.219933
20,48.0,0.0,1.4e-05,5.345947,2.224643
20,48.5,0.0,1.2e-05,5.346762,2.229121
20,49.0,0.0,1.1e-05,5.347514,2.233377
20,49.5,0.0,9e-06,5.348208,2.237423
20,50.0,0.0,8e-06,5.348847,2.241266
21,0.0,5.364601,0.0,5.085041,0.83401
21,0.5,2.381376,2.640155,4.695491,0.860171
21,1.0,1.057106,3.293062,4.064581,0.882592
21,1.5,0.469255,3.165873,3.543488,0.900041
21,2.0,0.208305,2.774382,3.17017,0.912667
21,2.5,0.092468,2.331437,2.924521,0.921293
21,3.0,0.041047,1.918569,2.77885,0.927042
21,3.5,0.018221,1.561566,2.709335,0.931065
21,4.0,0.008088,1.26352,2.697628,0.934385
21,4.5,0.00359,1.019084,2.730039,0.937824
21,5.0,0.001594,0.820493,2.796351,0.941999
21,5.5,0.000708,0.659963,2.888826,0.947345
21,6.0,0.000314,0.530558,3.001474,0.954144
21,6.5,0.000139,0.426401,3.129549,0.962568
21,7.0,6.2e-05,0.342637,3.269211,0.972702
21,7.5,2.7e-05,0.275303,3.417303,0.984576
21,8.0,1.2e-05,0.22119,3.571197,0.998175
21,8.5,5e-06,0.177708,3.728699,1.013459
21,9.0,2e-06,0.142772,3.887971,1.03037
21,9.5,1e-06,0.114704,4.047479,1.048838
21,10.0,0.0,0.092153,4.205953,1.068787
21,10.5,0.0,0.074035,4.362352,1.090136
21,11.0,0.0,0.059479,4.515835,1.112802
21,11.5,0.0,0.047785,4.665731,1.136704
21,12.0,0.0,0.038391,4.811522,1.161756
21,12.5,0.0,0.030843,4.952817,1.187875
21,13.0,0.0,0.024779,5.089334,1.214979
21,13.5,0.0,0.019907,5.220885,1.242984
21,14.0,0.0,0.015993,5.347359,1.271808
21,14.5,0.0,0.012849,5.46871,1.301369
21,15.0,0.0,0.010323,5.584943,1.331584
21,15.5,0.0,0.008293,5.696107,1.362374
21,16.0,0.0,0.006663,5.802285,1.393656
21,16.5,0.0,0.005353,5.903586,1.425352
21,17.0,0.0,0.0043,6.00014,1.457382
21,17.5,0.0,0.003455,6.09209,1.489667
21,18.0,0.0,0.002776,6.179593,1.522132
21,18.5,0.0,0.00223,6.26281,1.554702
21,19.0,0.0,0.001792,6.341907,1.587301
21,19.5,0.0,0.001439,6.417054,1.619861
21,20.0,0.0,0.001156,6.488418,1.652311
21,20.5,0.0,0.000929,6.556166,1.684586
21,21.0,0.0,0.000746,6.620462,1.716622
21,21.5,0.0,0.0006,6.681465,1.748359
21,22.0,0.0,0.000482,6.739331,1.779741
21,22.5,0.0,0.000387,6.794211,1.810713
21,23.0,0.0,0.000311,6.846251,1.841227
21,23.5,0.0,0.00025,6.895589,1.871237
21,24.0,0.0,0.000201,6.942361,1.900701
21,24.5,0.0,0.000161,6.986696,1.929581
21,25.0,0.0,0.00013,7.028716,1.957844
21,25.5,0.0,0.000104,7.06854,1.985459
21,26.0,0.0,8.4e-05,7.10628,2.012402
21,26.5,0.0,6.7e-05,7.142043,2.038648
21,27.0,0.0,5.4e-05,7.17593,2.064182
21,27.5,0.0,4.3e-05,7.208039,2.088987
21,28.0,0.0,3.5e-05,7.238463,2.113053
21,28.5,0.0,2.8e-05,7.267287,2.136372
21,29.0,0.0,2.2e-05,7.294597,2.15894
21,29.5,0.0,1.8e-05,7.320471,2.180754
21,30.0,0.0,1.5e-05,7.344984,2.201816
21,30.5,0.0,1.2e-05,7.368208,2.222129
21,31.0,0.0,9e-06,7.390209,2.2417
21,31.5,0.0,8e-06,7.411052,2.260535
21,32.0,0.0,6e-06,7.430798,2.278647
21,32.5,0.0,5e-06,7.449504,2.296045
21,33.0,0.0,4e-06,7.467224,2.312743
21,33.5,0.0,3e-06,7.484012,2.328755
21,34.0,0.0,3e-06,7.499915,2.344098
21,34.5,0.0,2e-06,7.514981,2.358787
21,35.0,0.0,2e-06,7.529253,2.372841
21,35.5,0.0,1e-06,7.542773,2.386276
21,36.0,0.0,1e-06,7.555581,2.399112
21,36.5,0.0,1e-06,7.567714,2.411368
21,37.0,0.0,1e-06,7.579207,2.423061
21,37.5,0.0,1e-06,7.590095,2.434213
21,38.0,0.0,0.0,7.60041,2.444841
21,38.5,0.0,0.0,7.61018,2.454966
21,39.0,0.0,0.0,7.619436,2.464606
21,39.5,0.0,0.0,7.628205,2.473779
21,40.0,0.0,0.0,7.636511,2.482506
21,40.5,0.0,0.0,7.644379,2.490803
21,41.0,0.0,0.0,7.651833,2.498689
21,41.5,0.0,0.0,7.658894,2.506182
21,42.0,0.0,0.0,7.665583,2.513298
21,42.5,0.0,0.0,7.671919,2.520054
21,43.0,0.0,0.0,7.677921,2.526466
21,43.5,0.0,0.0,7.683607,2.53255
21,44.0,0.0,0.0,7.688994,2.538321
21,44.5,0.0,0.0,7.694097,2.543793
21,45.0,0.0,0.0,7.69893,2.548982
21,45.5,0.0,0.0,7.703509,2.553899
21,46.0,0.0,0.0,7.707847,2.558559
21,46.5,0.0,0.0,7.711956,2.562974
21,47.0,0.0,0.0,7.715848,2.567156
21,47.5,0.0,0.0,7.719536,2.571116
21,48.0,0.0,0.0,7.723029,2.574866
21,48.5,0.0,0.0,7.726338,2.578416
21,49.0,0.0,0.0,7.729472,2.581776
21,49.5,0.0,0.0,7.732442,2.584957
21,50.0,0.0,0.0,7.735255,2.587966
22,0.0,5.198899,0.0,5.9915,0.571899
22,0.5,3.098238,1.941305,5.756281,0.551343
22,1.0,1.846368,2.832918,5.276466,0.531103
22,1.5,1.100327,3.135229,4.794273,0.510923
22,2.0,0.65573,3.117651,4.381666,0.490809
22,2.5,0.390776,2.936459,4.053989,0.470874
22,3.0,0.23288,2.681093,3.806746,0.45127
22,3.5,0.138783,2.401665,3.629311,0.432152
22,4.0,0.082706,2.125285,3.510208,0.413654
22,4.5,0.049288,1.865735,3.439,0.395881
22,5.0,0.029373,1.629176,3.406821,0.378906
22,5.5,0.017504,1.417507,3.40635,0.362769
22,6.0,0.010432,1.230332,3.431613,0.347487
22,6.5,0.006217,1.066095,3.477738,0.333054
22,7.0,0.003705,0.922728,3.540736,0.319449
22,7.5,0.002208,0.798015,3.617318,0.306642
22,8.0,0.001316,0.689786,3.704742,0.294594
22,8.5,0.000784,0.596014,3.800706,0.283261
22,9.0,0.000467,0.514858,3.90326,0.272601
22,9.5,0.000278,0.444674,4.010739,0.262568
22,10.0,0.000166,0.384011,4.121716,0.253119
22,10.5,9.9e-05,0.331595,4.234964,0.244213
22,11.0,5.9e-05,0.286318,4.349427,0.235808
22,11.5,3.5e-05,0.247213,4.464196,0.227868
22,12.0,2.1e-05,0.213443,4.578491,0.220359
22,12.5,1.2e-05,0.184282,4.691649,0.213247
22,13.0,7e-06,0.159104,4.803107,0.206503
22,13.5,4e-06,0.137364,4.912395,0.200101
22,14.0,3e-06,0.118594,5.019122,0.194014
22,14.5,2e-06,0.102388,5.12297,0.18822
22,15.0,1e-06,0.088397,5.223689,0.182698
22,15.5,1e-06,0.076317,5.321083,0.177429
22,16.0,0.0,0.065888,5.415008,0.172394
22,16.5,0.0,0.056884,5.505366,0.167579
22,17.0,0.0,0.049111,5.592095,0.162968
22,17.5,0.0,0.0424,5.675171,0.158548
22,18.0,0.0,0.036605,5.754596,0.154306
22,18.5,0.0,0.031603,5.8304,0.150232
22,19.0,0.0,0.027284,5.90263,0.146315
22,19.5,0.0,0.023556,5.971354,0.142545
22,20.0,0.0,0.020337,6.036653,0.138914
22,20.5,0.0,0.017558,6.098619,0.135414
22,21.0,0.0,0.015158,6.157354,0.132038
22,21.5,0.0,0.013087,6.212968,0.128778
22,22.0,0.0,0.011298,6.265573,0.125628
22,22.5,0.0,0.009754,6.315287,0.122583
22,23.0,0.0,0.008421,6.36223,0.119638
22,23.5,0.0,0.007271,6.40652,0.116786
22,24.0,0.0,0.006277,6.448277,0.114024
22,24.5,0.0,0.005419,6.48762,0.111348
22,25.0,0.0,0.004679,6.524665,0.108752
22,25.5,0.0,0.004039,6.559527,0.106235
22,26.0,0.0,0.003487,6.592317,0.103791
22,26.5,0.0,0.003011,6.623143,0.101419
22,27.0,0.0,0.002599,6.652109,0.099114
22,27.5,0.0,0.002244,6.679316,0.096874
22,28.0,0.0,0.001937,6.70486,0.094697
22,28.5,0.0,0.001673,6.728836,0.092579
22,29.0,0.0,0.001444,6.751332,0.090519
22,29.5,0.0,0.001247,6.772432,0.088514
22,30.0,0.0,0.001076,6.792217,0.086563
22,30.5,0.0,0.000929,6.810765,0.084663
22,31.0,0.0,0.000802,6.828149,0.082812
22,31.5,0.0,0.000693,6.844437,0.081008
22,32.0,0.0,0.000598,6.859697,0.079251
22,32.5,0.0,0.000516,6.873989,0.077538
22,33.0,0.0,0.000446,6.887374,0.075867
22,33.5,0.0,0.000385,6.899906,0.074239
22,34.0,0.0,0.000332,6.911639,0.07265
22,34.5,0.0,0.000287,6.92262,0.0711
22,35.0,0.0,0.000248,6.932898,0.069587
22,35.5,0.0,0.000214,6.942517,0.068111
22,36.0,0.0,0.000185,6.951516,0.066671
22,36.5,0.0,0.000159,6.959936,0.065264
22,37.0,0.0,0.000138,6.967814,0.063891
22,37.5,0.0,0.000119,6.975182,0.062549
22,38.0,0.0,0.000103,6.982074,0.06124
22,38.5,0.0,8.9e-05,6.98852,0.05996
22,39.0,0.0,7.6e-05,6.994549,0.05871
22,39.5,0.0,6.6e-05,7.000186,0.057488
22,40.0,0.0,5.7e-05,7.005458,0.056295
22,40.5,0.0,4.9e-05,7.010387,0.055128
22,41.0,0.0,4.2e-05,7.014996,0.053988
22,41.5,0.0,3.7e-05,7.019305,0.052873
22,42.0,0.0,3.2e-05,7.023333,0.051784
22,42.5,0.0,2.7e-05,7.0271,0.050718
22,43.0,0.0,2.4e-05,7.03062,0.049677
22,43.5,0.0,2e-05,7.033912,0.048658
22,44.0,0.0,1.8e-05,7.036988,0.047662
22,44.5,0.0,1.5e-05,7.039864,0.046688
22,45.0,0.0,1.3e-05,7.042552,0.045735
22,45.5,0.0,1.1e-05,7.045065,0.044803
22,46.0,0.0,1e-05,7.047413,0.043891
22,46.5,0.0,8e-06,7.049608,0.042999
22,47.0,0.0,7e-06,7.05166,0.042126
22,47.5,0.0,6e-06,7.053577,0.041272
22,48.0,0.0,5e-06,7.055369,0.040436
22,48.5,0.0,5e-06,7.057044,0.039618
22,49.0,0.0,4e-06,7.058609,0.038818
22,49.5,0.0,3e-06,7.060072,0.038035
22,50.0,0.0,3e-06,7.061439,0.037268
23,0.0,6.909507,0.0,8.452629,1.089599
23,0.5,4.0838,2.501762,7.480912,1.084186
23,1.0,2.413691,3.470502,6.187967,1.072713
23,1.5,1.42659,3.63709,5.132965,1.054172
23,2.0,0.843172,3.41232,4.350083,1.029176
23,2.5,0.498349,3.02212,3.795321,0.999096
23,3.0,0.294545,2.586599,3.417754,0.965617
23,3.5,0.174088,2.166051,3.174745,0.930413
23,4.0,0.102893,1.787605,3.033806,0.894934
23,4.5,0.060814,1.460514,2.971039,0.860307
23,5.0,0.035944,1.184855,2.969023,0.827336
23,5.5,0.021244,0.956375,3.014945,0.796536
23,6.0,0.012556,0.76914,3.099164,0.768193
23,6.5,0.007421,0.616922,3.214181,0.742423
23,7.0,0.004386,0.49387,3.353939,0.71922
23,7.5,0.002592,0.394798,3.513376,0.698499
23,8.0,0.001532,0.31527,3.688143,0.680125
23,8.5,0.000906,0.251567,3.874438,0.663935
23,9.0,0.000535,0.200621,4.068917,0.649755
23,9.5,0.000316,0.159925,4.26864,0.637408
23,10.0,0.000187,0.127444,4.471041,0.626726
23,10.5,0.000111,0.101536,4.673908,0.617546
23,11.0,6.5e-05,0.080881,4.87536,0.609721
23,11.5,3.9e-05,0.06442,5.073828,0.603115
23,12.0,2.3e-05,0.051304,5.268026,0.597605
23,12.5,1.3e-05,0.040856,5.456933,0.59308
23,13.0,8e-06,0.032533,5.639757,0.589441
23,13.5,5e-06,0.025905,5.815911,0.586599
23,14.0,3e-06,0.020627,5.984985,0.584476
23,14.5,2e-06,0.016424,6.14672,0.583002
23,15.0,1e-06,0.013077,6.300982,0.582113
23,15.5,1e-06,0.010412,6.447742,0.581753
23,16.0,0.0,0.00829,6.587055,0.581874
23,16.5,0.0,0.006601,6.719044,0.582429
23,17.0,0.0,0.005255,6.843884,0.58338
23,17.5,0.0,0.004184,6.96179,0.58469
23,18.0,0.0,0.003331,7.073006,0.586326
23,18.5,0.0,0.002652,7.177796,0.588261
23,19.0,0.0,0.002112,7.276436,0.590466
23,19.5,0.0,0.001681,7.369211,0.59292
23,20.0,0.0,0.001339,7.456408,0.595599
23,20.5,0.0,0.001066,7.538309,0.598484
23,21.0,0.0,0.000849,7.615197,0.601556
23,21.5,0.0,0.000676,7.687344,0.604801
23,22.0,0.0,0.000538,7.755016,0.608201
23,22.5,0.0,0.000428,7.818468,0.611743
23,23.0,0.0,0.000341,7.877946,0.615415
23,23.5,0.0,0.000272,7.933684,0.619204
23,24.0,0.0,0.000216,7.985906,0.623099
23,24.5,0.0,0.000172,8.034824,0.62709
23,25.0,0.0,0.000137,8.080641,0.631167
23,25.5,0.0,0.000109,8.123546,0.635322
23,26.0,0.0,8.7e-05,8.16372,0.639546
23,26.5,0.0,6.9e-05,8.201332,0.643831
23,27.0,0.0,5.5e-05,8.236544,0.648171
23,27.5,0.0,4.4e-05,8.269506,0.652558
23,28.0,0.0,3.5e-05,8.300359,0.656986
23,28.5,0.0,2.8e-05,8.329237,0.661448
23,29.0,0.0,2.2e-05,8.356264,0.66594
23,29.5,0.0,1.8e-05,8.38156,0.670456
23,30.0,0.0,1.4e-05,8.405233,0.67499
23,30.5,0.0,1.1e-05,8.427387,0.679539
23,31.0,0.0,9e-06,8.448119,0.684097
23,31.5,0.0,7e-06,8.46752,0.688661
23,32.0,0.0,6e-06,8.485674,0.693226
23,32.5,0.0,4e-06,8.502663,0.697788
23,33.0,0.0,4e-06,8.51856,0.702345
23,33.5,0.0,3e-06,8.533435,0.706892
23,34.0,0.0,2e-06,8.547355,0.711428
23,34.5,0.0,2e-06,8.560379,0.715947
23,35.0,0.0,1e-06,8.572567,0.720449
23,35.5,0.0,1e-06,8.58397,0.72493
23,36.0,0.0,1e-06,8.594641,0.729387
23,36.5,0.0,1e-06,8.604625,0.733819
23,37.0,0.0,1e-06,8.613967,0.738223
23,37.5,0.0,0.0,8.622709,0.742597
23,38.0,0.0,0.0,8.630888,0.746939
23,38.5,0.0,0.0,8.638542,0.751248
23,39.0,0.0,0.0,8.645703,0.755521
23,39.5,0.0,0.0,8.652403,0.759757
23,40.0,0.0,0.0,8.658673,0.763956
23,40.5,0.0,0.0,8.664539,0.768114
23,41.0,0.0,0.0,8.670028,0.772231
23,41.5,0.0,0.0,8.675164,0.776306
23,42.0,0.0,0.0,8.679969,0.780339
23,42.5,0.0,0.0,8.684466,0.784326
23,43.0,0.0,0.0,8.688673,0.788269
23,43.5,0.0,0.0,8.692609,0.792166
23,44.0,0.0,0.0,8.696293,0.796016
23,44.5,0.0,0.0,8.699739,0.799819
23,45.0,0.0,0.0,8.702964,0.803575
23,45.5,0.0,0.0,8.705981,0.807281
23,46.0,0.0,0.0,8.708804,0.810939
23,46.5,0.0,0.0,8.711446,0.814548
23,47.0,0.0,0.0,8.713918,0.818107
23,47.5,0.0,0.0,8.71623,0.821617
23,48.0,0.0,0.0,8.718394,0.825076
23,48.5,0.0,0.0,8.720419,0.828485
23,49.0,0.0,0.0,8.722313,0.831844
23,49.5,0.0,0.0,8.724086,0.835153
23,50.0,0.0,0.0,8.725745,0.838411
24,0.0,6.182878,0.0,7.688564,1.634572
24,0.5,2.934559,2.968044,7.160334,1.598088
24,1.0,1.39282,3.931323,6.404946,1.559748
24,1.5,0.66107,4.009937,5.724544,1.518913
24,2.0,0.313761,3.725482,5.173676,1.475952
24,2.5,0.148919,3.316994,4.748416,1.431593
24,3.0,0.070681,2.890679,4.430371,1.386663
24,3.5,0.033547,2.490786,4.199687,1.341947
24,4.0,0.015922,2.133082,4.038868,1.298113
24,4.5,0.007557,1.8206,3.933536,1.255686
24,5.0,0.003587,1.550999,3.872193,1.215045
24,5.5,0.001702,1.319952,3.845727,1.176437
24,6.0,0.000808,1.122676,3.846912,1.140004
24,6.5,0.000384,0.954577,3.869984,1.105797
24,7.0,0.000182,0.811501,3.910311,1.073808
24,7.5,8.6e-05,0.689802,3.964134,1.04398
24,8.0,4.1e-05,0.58632,4.028383,1.016226
24,8.5,1.9e-05,0.498347,4.100526,0.99044
24,9.0,9e-06,0.423566,4.17847,0.966504
24,9.5,4e-06,0.360003,4.260474,0.944295
24,10.0,2e-06,0.305978,4.345091,0.923692
24,10.5,1e-06,0.260059,4.431116,0.904575
24,11.0,0.0,0.22103,4.517553,0.886829
24,11.5,0.0,0.187859,4.603578,0.870347
24,12.0,0.0,0.159666,4.688518,0.855026
24,12.5,0.0,0.135704,4.77183,0.840773
24,13.0,0.0,0.115338,4.853078,0.8275
24,13.5,0.0,0.098029,4.931922,0.815127
24,14.0,0.0,0.083317,5.008106,0.803581
24,14.5,0.0,0.070813,5.081438,0.792792
24,15.0,0.0,0.060186,5.151788,0.7827
24,15.5,0.0,0.051153,5.219077,0.773247
24,16.0,0.0,0.043476,5.283265,0.764384
24,16.5,0.0,0.036951,5.344347,0.756061
24,17.0,0.0,0.031406,5.402349,0.748237
24,17.5,0.0,0.026693,5.457318,0.740871
24,18.0,0.0,0.022687,5.509321,0.73393
24,18.5,0.0,0.019282,5.55844,0.727379
24,19.0,0.0,0.016388,5.604767,0.721189
24,19.5,0.0,0.013929,5.648403,0.715333
24,20.0,0.0,0.011838,5.689455,0.709786
24,20.5,0.0,0.010062,5.728034,0.704525
24,21.0,0.0,0.008552,5.764253,0.69953
24,21.5,0.0,0.007268,5.798225,0.69478
24,22.0,0.0,0.006177,5.830064,0.69026
24,22.5,0.0,0.00525,5.85988,0.685953
24,23.0,0.0,0.004462,5.887783,0.681844
24,23.5,0.0,0.003793,5.913879,0.67792
24,24.0,0.0,0.003224,5.938272,0.674168
24,24.5,0.0,0.00274,5.96106,0.670576
24,25.0,0.0,0.002329,5.982338,0.667135
24,25.5,0.0,0.001979,6.002198,0.663835
24,26.0,0.0,0.001682,6.020727,0.660667
24,26.5,0.0,0.00143,6.038008,0.657622
24,27.0,0.0,0.001215,6.054119,0.654693
24,27.5,0.0,0.001033,6.069135,0.651873
24,28.0,0.0,0.000878,6.083126,0.649155
24,28.5,0.0,0.000746,6.096159,0.646534
24,29.0,0.0,0.000634,6.108297,0.644003
24,29.5,0.0,0.000539,6.119598,0.641558
24,30.0,0.0,0.000458,6.130119,0.639194
24,30.5,0.0,0.000389,6.139911,0.636906
24,31.0,0.0,0.000331,6.149023,0.634691
24,31.5,0.0,0.000281,6.157502,0.632544
24,32.0,0.0,0.000239,6.165389,0.630462
24,32.5,0.0,0.000203,6.172726,0.628442
24,33.0,0.0,0.000173,6.17955,0.62648
24,33.5,0.0,0.000147,6.185897,0.624574
24,34.0,0.0,0.000125,6.191798,0.62272
24,34.5,0.0,0.000106,6.197285,0.620917
24,35.0,0.0,9e-05,6.202387,0.619163
24,35.5,0.0,7.7e-05,6.20713,0.617454
24,36.0,0.0,6.5e-05,6.211539,0.615788
24,36.5,0.0,5.5e-05,6.215637,0.614165
24,37.0,0.0,4.7e-05,6.219447,0.612582
24,37.5,0.0,4e-05,6.222987,0.611037
24,38.0,0.0,3.4e-05,6.226278,0.609529
24,38.5,0.0,2.9e-05,6.229336,0.608056
24,39.0,0.0,2.5e-05,6.232178,0.606617
24,39.5,0.0,2.1e-05,6.234819,0.605211
24,40.0,0.0,1.8e-05,6.237273,0.603837
24,40.5,0.0,1.5e-05,6.239553,0.602492
24,41.0,0.0,1.3e-05,6.241672,0.601176
24,41.5,0.0,1.1e-05,6.243641,0.599889
24,42.0,0.0,9e-06,6.245471,0.598629
24,42.5,0.0,8e-06,6.24717,0.597394
24,43.0,0.0,7e-06,6.24875,0.596185
24,43.5,0.0,6e-06,6.250217,0.595001
24,44.0,0.0,5e-06,6.25158,0.59384
24,44.5,0.0,4e-06,6.252847,0.592702
24,45.0,0.0,3e-06,6.254023,0.591586
24,45.5,0.0,3e-06,6.255116,0.590492
24,46.0,0.0,3e-06,6.256132,0.589418
24,46.5,0.0,2e-06,6.257075,0.588365
24,47.0,0.0,2e-06,6.257952,0.587332
24,47.5,0.0,2e-06,6.258766,0.586317
24,48.0,0.0,1e-06,6.259523,0.585321
24,48.5,0.0,1e-06,6.260225,0.584344
24,49.0,0.0,1e-06,6.260878,0.583383
24,49.5,0.0,1e-06,6.261485,0.58244
24,50.0,0.0,1e-06,6.262048,0.581514
25,0.0,3.853174,0.0,5.606227,1.0497
25,0.5,2.155885,1.610905,5.238937,1.053796
25,1.0,1.206236,2.364778,4.580796,1.054566
25,1.5,0.6749,2.652628,3.952411,1.050766
25,2.0,0.377612,2.691996,3.43483,1.042195
25,2.5,0.211277,2.603472,3.034521,1.02924
25,3.0,0.118212,2.453511,2.73594,1.01264
25,3.5,0.06614,2.278368,2.519532,0.9933
25,4.0,0.037006,2.097485,2.367582,0.972139
25,4.5,0.020705,1.920978,2.265653,0.949993
25,5.0,0.011585,1.753811,2.202507,0.927563
25,5.5,0.006482,1.598132,2.169565,0.905403
25,6.0,0.003627,1.454568,2.160329,0.883924
25,6.5,0.002029,1.322951,2.169879,0.863416
25,7.0,0.001135,1.202712,2.194469,0.844071
25,7.5,0.000635,1.093105,2.231231,0.826002
25,8.0,0.000355,0.993321,2.277939,0.80927
25,8.5,0.000199,0.902553,2.332848,0.793888
25,9.0,0.000111,0.820028,2.394568,0.779846
25,9.5,6.2e-05,0.745019,2.461975,0.76711
25,10.0,3.5e-05,0.676855,2.534142,0.755636
25,10.5,1.9e-05,0.614918,2.610295,0.745369
25,11.0,1.1e-05,0.558644,2.689772,0.736252
25,11.5,6e-06,0.507517,2.772002,0.728226
25,12.0,3e-06,0.461068,2.856481,0.721231
25,12.5,2e-06,0.418869,2.942759,0.71521
25,13.0,1e-06,0.380532,3.030433,0.710106
25,13.5,1e-06,0.345703,3.119135,0.705866
25,14.0,0.0,0.314062,3.208528,0.702439
25,14.5,0.0,0.285316,3.298302,0.699776
25,15.0,0.0,0.259202,3.388174,0.697832
25,15.5,0.0,0.235478,3.477879,0.696565
25,16.0,0.0,0.213925,3.567176,0.695935
25,16.5,0.0,0.194345,3.65584,0.695903
25,17.0,0.0,0.176557,3.743668,0.696436
25,17.5,0.0,0.160397,3.830472,0.697499
25,18.0,0.0,0.145716,3.916082,0.699063
25,18.5,0.0,0.132379,4.000345,0.701097
25,19.0,0.0,0.120263,4.083122,0.703576
25,19.5,0.0,0.109255,4.164292,0.706472
25,20.0,0.0,0.099256,4.243747,0.709763
25,20.5,0.0,0.090171,4.321393,0.713425
25,21.0,0.0,0.081918,4.397151,0.717436
25,21.5,0.0,0.07442,4.470954,0.721776
25,22.0,0.0,0.067608,4.542747,0.726426
25,22.5,0.0,0.06142,4.612487,0.731366
25,23.0,0.0,0.055799,4.680141,0.73658
25,23.5,0.0,0.050692,4.745688,0.742051
25,24.0,0.0,0.046052,4.809114,0.747761
25,24.5,0.0,0.041837,4.870416,0.753697
25,25.0,0.0,0.038008,4.929596,0.759842
25,25.5,0.0,0.034529,4.986667,0.766183
25,26.0,0.0,0.031369,5.041645,0.772705
25,26.5,0.0,0.028497,5.094554,0.779397
25,27.0,0.0,0.025889,5.145423,0.786244
25,27.5,0.0,0.02352,5.194285,0.793234
25,28.0,0.0,0.021367,5.241177,0.800356
25,28.5,0.0,0.019411,5.286141,0.807597
25,29.0,0.0,0.017635,5.32922,0.814947
25,29.5,0.0,0.01602,5.370461,0.822395
25,30.0,0.0,0.014554,5.409913,0.82993
25,30.5,0.0,0.013222,5.447626,0.837542
25,31.0,0.0,0.012012,5.483651,0.845221
25,31.5,0.0,0.010912,5.518041,0.852958
25,32.0,0.0,0.009914,5.55085,0.860743
25,32.5,0.0,0.009006,5.58213,0.868568
25,33.0,0.0,0.008182,5.611935,0.876423
25,33.5,0.0,0.007433,5.640319,0.8843
25,34.0,0.0,0.006753,5.667335,0.892192
25,34.5,0.0,0.006135,5.693036,0.90009
25,35.0,0.0,0.005573,5.717472,0.907987
25,35.5,0.0,0.005063,5.740696,0.915875
25,36.0,0.0,0.0046,5.762756,0.923749
25,36.5,0.0,0.004179,5.783703,0.9316
25,37.0,0.0,0.003796,5.803583,0.939423
25,37.5,0.0,0.003449,5.822444,0.947211
25,38.0,0.0,0.003133,5.84033,0.95496
25,38.5,0.0,0.002846,5.857286,0.962662
25,39.0,0.0,0.002586,5.873353,0.970313
25,39.5,0.0,0.002349,5.888575,0.977907
25,40.0,0.0,0.002134,5.902989,0.985441
25,40.5,0.0,0.001939,5.916634,0.992909
25,41.0,0.0,0.001761,5.929548,1.000307
25,41.5,0.0,0.0016,5.941766,1.007631
25,42.0,0.0,0.001454,5.953322,1.014877
25,42.5,0.0,0.001321,5.96425,1.022043
25,43.0,0.0,0.0012,5.974579,1.029124
25,43.5,0.0,0.00109,5.984342,1.036117
25,44.0,0.0,0.00099,5.993566,1.043021
25,44.5,0.0,0.0009,6.00228,1.049832
25,45.0,0.0,0.000817,6.010509,1.056547
25,45.5,0.0,0.000742,6.018279,1.063166
25,46.0,0.0,0.000674,6.025614,1.069685
25,46.5,0.0,0.000613,6.032537,1.076104
25,47.0,0.0,0.000557,6.039069,1.082421
25,47.5,0.0,0.000506,6.045233,1.088634
25,48.0,0.0,0.000459,6.051047,1.094742
25,48.5,0.0,0.000417,6.05653,1.100745
25,49.0,0.0,0.000379,6.061701,1.106642
25,49.5,0.0,0.000344,6.066576,1.112431
25,50.0,0.0,0.000313,6.071172,1.118114
26,0.0,3.58445,0.0,9.032132,1.067208
26,0.5,1.881225,1.552137,8.344366,1.024959
26,1.0,0.987322,2.124081,7.335788,0.983625
26,1.5,0.518175,2.219528,6.4225,0.942709
26,2.0,0.271954,2.096904,5.688349,0.902204
26,2.5,0.142729,1.886832,5.128989,0.862313
26,3.0,0.074908,1.653646,4.717502,0.823332
26,3.5,0.039314,1.427549,4.424755,0.785561
26,4.0,0.020633,1.221387,4.225379,0.749261
26,4.5,0.010829,1.039368,4.098882,0.714627
26,5.0,0.005683,0.881561,4.029194,0.681784
26,5.5,0.002983,0.746197,4.003832,0.650788
26,6.0,0.001565,0.630827,4.013086,0.621641
26,6.5,0.000822,0.53288,4.049356,0.594302
26,7.0,0.000431,0.449925,4.106631,0.568701
26,7.5,0.000226,0.379769,4.180109,0.544749
26,8.0,0.000119,0.320494,4.265913,0.522347
26,8.5,6.2e-05,0.270439,4.360884,0.501389
26,9.0,3.3e-05,0.228185,4.462433,0.481771
26,9.5,1.7e-05,0.192524,4.568423,0.46339
26,10.0,9e-06,0.162432,4.67709,0.446149
26,10.5,5e-06,0.137041,4.786977,0.429957
26,11.0,2e-06,0.115618,4.896886,0.41473
26,11.5,1e-06,0.097543,5.005834,0.400388
26,12.0,1e-06,0.082294,5.113024,0.38686
26,12.5,0.0,0.069428,5.217818,0.374081
26,13.0,0.0,0.058574,5.319714,0.36199
26,13.5,0.0,0.049416,5.418324,0.350534
26,14.0,0.0,0.04169,5.513359,0.339663
26,14.5,0.0,0.035173,5.604617,0.329333
26,15.0,0.0,0.029674,5.691964,0.319502
26,15.5,0.0,0.025034,5.775328,0.310135
26,16.0,0.0,0.02112,5.854686,0.301198
26,16.5,0.0,0.017818,5.930055,0.292661
26,17.0,0.0,0.015033,6.001488,0.284495
26,17.5,0.0,0.012682,6.069064,0.276677
26,18.0,0.0,0.0107,6.132883,0.269182
26,18.5,0.0,0.009027,6.193062,0.261991
26,19.0,0.0,0.007616,6.24973,0.255084
26,19.5,0.0,0.006425,6.303026,0.248443
26,20.0,0.0,0.00542,6.353093,0.242054
26,20.5,0.0,0.004573,6.400078,0.2359
26,21.0,0.0,0.003858,6.44413,0.229969
26,21.5,0.0,0.003255,6.485397,0.224248
26,22.0,0.0,0.002746,6.524025,0.218726
26,22.5,0.0,0.002317,6.560157,0.213392
26,23.0,0.0,0.001955,6.593934,0.208236
26,23.5,0.0,0.001649,6.625489,0.20325
26,24.0,0.0,0.001391,6.654955,0.198425
26,24.5,0.0,0.001174,6.682456,0.193753
26,25.0,0.0,0.00099,6.708111,0.189226
26,25.5,0.0,0.000835,6.732036,0.184839
26,26.0,0.0,0.000705,6.754338,0.180584
26,26.5,0.0,0.000595,6.775122,0.176457
26,27.0,0.0,0.000502,6.794484,0.17245
26,27.5,0.0,0.000423,6.812517,0.16856
26,28.0,0.0,0.000357,6.829308,0.164782
26,28.5,0.0,0.000301,6.844939,0.16111
26,29.0,0.0,0.000254,6.859488,0.15754
26,29.5,0.0,0.000214,6.873026,0.154069
26,30.0,0.0,0.000181,6.885621,0.150693
26,30.5,0.0,0.000153,6.897338,0.147407
26,31.0,0.0,0.000129,6.908237,0.14421
26,31.5,0.0,0.000109,6.918372,0.141096
26,32.0,0.0,9.2e-05,6.927797,0.138065
26,32.5,0.0,7.7e-05,6.93656,0.135111
26,33.0,0.0,6.5e-05,6.944708,0.132234
26,33.5,0.0,5.5e-05,6.952282,0.129429
26,34.0,0.0,4.6e-05,6.959322,0.126695
26,34.5,0.0,3.9e-05,6.965866,0.12403
26,35.0,0.0,3.3e-05,6.971948,0.121431
26,35.5,0.0,2.8e-05,6.9776,0.118895
26,36.0,0.0,2.4e-05,6.982853,0.116422
26,36.5,0.0,2e-05,6.987734,0.114008
26,37.0,0.0,1.7e-05,6.99227,0.111653
26,37.5,0.0,1.4e-05,6.996485,0.109353
26,38.0,0.0,1.2e-05,7.000401,0.107109
26,38.5,0.0,1e-05,7.004039,0.104917
26,39.0,0.0,8e-06,7.00742,0.102776
26,39.5,0.0,7e-06,7.010561,0.100686
26,40.0,0.0,6e-06,7.013479,0.098644
26,40.5,0.0,5e-06,7.016189,0.096648
26,41.0,0.0,4e-06,7.018708,0.094699
26,41.5,0.0,4e-06,7.021047,0.092794
26,42.0,0.0,3e-06,7.023221,0.090932
26,42.5,0.0,3e-06,7.02524,0.089112
26,43.0,0.0,2e-06,7.027115,0.087332
26,43.5,0.0,2e-06,7.028857,0.085593
26,44.0,0.0,2e-06,7.030476,0.083892
26,44.5,0.0,1e-06,7.031979,0.082229
26,45.0,0.0,1e-06,7.033376,0.080602
26,45.5,0.0,1e-06,7.034673,0.079011
26,46.0,0.0,1e-06,7.035878,0.077454
26,46.5,0.0,1e-06,7.036997,0.075932
26,47.0,0.0,1e-06,7.038036,0.074442
26,47.5,0.0,0.0,7.039002,0.072984
26,48.0,0.0,0.0,7.039899,0.071558
26,48.5,0.0,0.0,7.040732,0.070162
26,49.0,0.0,0.0,7.041506,0.068796
26,49.5,0.0,0.0,7.042225,0.067459
26,50.0,0.0,0.0,7.042892,0.066151
27,0.0,5.289669,0.0,8.125699,0.701992
27,0.5,2.91032,2.22308,7.584155,0.713137
27,1.0,1.601227,3.185386,6.710106,0.722412
27,1.5,0.880978,3.484625,5.898039,0.729164
27,2.0,0.484705,3.446059,5.23489,0.733249
27,2.5,0.266679,3.245478,4.723507,0.734817
27,3.0,0.146724,2.976799,4.343409,0.734194
27,3.5,0.080726,2.689227,4.070318,0.731806
27,4.0,0.044415,2.407657,3.882342,0.728103
27,4.5,0.024436,2.143859,3.761475,0.723518
27,5.0,0.013445,1.902614,3.693472,0.71843
27,5.5,0.007397,1.685052,3.667242,0.71316
27,6.0,0.00407,1.490472,3.674184,0.70796
27,6.5,0.002239,1.317322,3.70761,0.703025
27,7.0,0.001232,1.163716,3.762274,0.6985
27,7.5,0.000678,1.027708,3.834019,0.694486
27,8.0,0.000373,0.907424,3.919504,0.691049
27,8.5,0.000205,0.801122,4.016008,0.688233
27,9.0,0.000113,0.707222,4.121281,0.686057
27,9.5,6.2e-05,0.624299,4.233436,0.684528
27,10.0,3.4e-05,0.551083,4.350871,0.683642
27,10.5,1.9e-05,0.486445,4.472213,0.683385
27,11.0,1e-05,0.429384,4.596271,0.68374
27,11.5,6e-06,0.379013,4.722011,0.684684
27,12.0,3e-06,0.33455,4.848528,0.686192
27,12.5,2e-06,0.295302,4.97503,0.68824
27,13.0,1e-06,0.260659,5.100827,0.6908
27,13.5,1e-06,0.230079,5.225315,0.693845
27,14.0,0.0,0.203086,5.347973,0.697349
27,14.5,0.0,0.179261,5.468352,0.701286
27,15.0,0.0,0.15823,5.586071,0.705629
27,15.5,0.0,0.139667,5.70081,0.710355
27,16.0,0.0,0.123281,5.812303,0.715439
27,16.5,0.0,0.108818,5.920338,0.720858
27,17.0,0.0,0.096052,6.024748,0.726591
27,17.5,0.0,0.084783,6.125409,0.732615
27,18.0,0.0,0.074836,6.222234,0.73891
27,18.5,0.0,0.066057,6.315172,0.745457
27,19.0,0.0,0.058307,6.404199,0.752236
27,19.5,0.0,0.051466,6.48932,0.759229
27,20.0,0.0,0.045428,6.570564,0.76642
27,20.5,0.0,0.040099,6.647978,0.77379
27,21.0,0.0,0.035394,6.721629,0.781325
27,21.5,0.0,0.031242,6.791596,0.789008
27,22.0,0.0,0.027577,6.857972,0.796824
27,22.5,0.0,0.024341,6.920858,0.80476
27,23.0,0.0,0.021486,6.980366,0.812802
27,23.5,0.0,0.018965,7.036611,0.820936
27,24.0,0.0,0.01674,7.089715,0.829149
27,24.5,0.0,0.014776,7.1398,0.83743
27,25.0,0.0,0.013043,7.186993,0.845767
27,25.5,0.0,0.011513,7.231419,0.854148
27,26.0,0.0,0.010162,7.273205,0.862563
27,26.5,0.0,0.00897,7.312475,0.871001
27,27.0,0.0,0.007917,7.349351,0.879452
27,27.5,0.0,0.006989,7.383955,0.887907
27,28.0,0.0,0.006169,7.416404,0.896358
27,28.5,0.0,0.005445,7.446812,0.904794
27,29.0,0.0,0.004806,7.475289,0.913208
27,29.5,0.0,0.004242,7.501943,0.921592
27,30.0,0.0,0.003745,7.526877,0.929939
27,30.5,0.0,0.003305,7.550189,0.938241
27,31.0,0.0,0.002918,7.571974,0.946493
27,31.5,0.0,0.002575,7.592322,0.954686
27,32.0,0.0,0.002273,7.61132,0.962816
27,32.5,0.0,0.002006,7.62905,0.970877
27,33.0,0.0,0.001771,7.645589,0.978864
27,33.5,0.0,0.001563,7.661013,0.986772
27,34.0,0.0,0.00138,7.67539,0.994595
27,34.5,0.0,0.001218,7.688788,1.002331
27,35.0,0.0,0.001075,7.701269,1.009974
27,35.5,0.0,0.000949,7.712892,1.017522
27,36.0,0.0,0.000838,7.723714,1.02497
27,36.5,0.0,0.000739,7.733785,1.032317
27,37.0,0.0,0.000653,7.743158,1.039559
27,37.5,0.0,0.000576,7.751876,1.046694
27,38.0,0.0,0.000508,7.759985,1.053719
27,38.5,0.0,0.000449,7.767525,1.060633
27,39.0,0.0,0.000396,7.774535,1.067433
27,39.5,0.0,0.00035,7.78105,1.074119
27,40.0,0.0,0.000309,7.787105,1.080689
27,40.5,0.0,0.000272,7.79273,1.087143
27,41.0,0.0,0.00024,7.797956,1.093479
27,41.5,0.0,0.000212,7.80281,1.099696
27,42.0,0.0,0.000187,7.807318,1.105795
27,42.5,0.0,0.000165,7.811503,1.111775
27,43.0,0.0,0.000146,7.815389,1.117636
27,43.5,0.0,0.000129,7.818997,1.123378
27,44.0,0.0,0.000114,7.822345,1.129001
27,44.5,0.0,0.0001,7.825452,1.134506
27,45.0,0.0,8.9e-05,7.828335,1.139894
27,45.5,0.0,7.8e-05,7.83101,1.145164
27,46.0,0.0,6.9e-05,7.833492,1.150318
27,46.5,0.0,6.1e-05,7.835795,1.155357
27,47.0,0.0,5.4e-05,7.837931,1.160281
27,47.5,0.0,4.7e-05,7.839911,1.165092
27,48.0,0.0,4.2e-05,7.841749,1.169791
27,48.5,0.0,3.7e-05,7.843452,1.174379
27,49.0,0.0,3.3e-05,7.845032,1.178857
27,49.5,0.0,2.9e-05,7.846496,1.183227
27,50.0,0.0,2.5e-05,7.847854,1.187491
28,0.0,5.471572,0.0,10.91315,0.901842
28,0.5,3.418486,1.83315,9.598784,0.972799
28,1.0,2.135775,2.625734,7.856113,1.039663
28,1.5,1.334373,2.836069,6.363395,1.098283
28,2.0,0.833679,2.737438,5.215893,1.145993
28,2.5,0.520859,2.490036,4.373685,1.181594
28,3.0,0.325418,2.185432,3.772274,1.205336
28,3.5,0.203312,1.873959,3.352905,1.218613
28,4.0,0.127024,1.581506,3.069116,1.223505
28,4.5,0.079361,1.319766,2.886116,1.222306
28,5.0,0.049583,1.092418,2.778399,1.217192
28,5.5,0.030978,0.898838,2.727331,1.210025
28,6.0,0.019354,0.736271,2.719197,1.202285
28,6.5,0.012092,0.601089,2.743763,1.195083
28,7.0,0.007555,0.489485,2.793244,1.189208
28,7.5,0.00472,0.397834,2.861605,1.18519
28,8.0,0.002949,0.322868,2.94408,1.18336
28,8.5,0.001842,0.261733,3.036847,1.183902
28,9.0,0.001151,0.21199,3.136806,1.186892
28,9.5,0.000719,0.171587,3.241427,1.192335
28,10.0,0.000449,0.138813,3.348645,1.200184
28,10.5,0.000281,0.112254,3.456775,1.210359
28,11.0,0.000175,0.090749,3.564453,1.222761
28,11.5,0.00011,0.073347,3.67059,1.237274
28,12.0,6.8e-05,0.059271,3.774325,1.253779
28,12.5,4.3e-05,0.04789,3.874998,1.272153
28,13.0,2.7e-05,0.03869,3.972111,1.29227
28,13.5,1.7e-05,0.031254,4.065311,1.314007
28,14.0,1e-05,0.025246,4.154358,1.337239
28,14.5,7e-06,0.020392,4.239112,1.361847
28,15.0,4e-06,0.016471,4.319512,1.387711
28,15.5,3e-06,0.013303,4.395559,1.414714
28,16.0,2e-06,0.010744,4.467306,1.44274
28,16.5,1e-06,0.008677,4.534845,1.471677
28,17.0,1e-06,0.007008,4.598301,1.501413
28,17.5,0.0,0.00566,4.657816,1.531839
28,18.0,0.0,0.004571,4.713553,1.562848
28,18.5,0.0,0.003692,4.765682,1.594337
28,19.0,0.0,0.002981,4.81438,1.626202
28,19.5,0.0,0.002408,4.859827,1.658345
28,20.0,0.0,0.001944,4.902202,1.69067
28,20.5,0.0,0.00157,4.94168,1.723083
28,21.0,0.0,0.001268,4.978436,1.755497
28,21.5,0.0,0.001024,5.012635,1.787825
28,22.0,0.0,0.000827,5.044438,1.819986
28,22.5,0.0,0.000668,5.074,1.851903
28,23.0,0.0,0.000539,5.101468,1.883505
28,23.5,0.0,0.000436,5.126979,1.914724
28,24.0,0.0,0.000352,5.150667,1.945497
28,24.5,0.0,0.000284,5.172654,1.975768
28,25.0,0.0,0.000229,5.19306,2.005483
28,25.5,0.0,0.000185,5.211992,2.034597
28,26.0,0.0,0.00015,5.229555,2.063068
28,26.5,0.0,0.000121,5.245844,2.090858
28,27.0,0.0,9.8e-05,5.26095,2.117936
28,27.5,0.0,7.9e-05,5.274957,2.144276
28,28.0,0.0,6.4e-05,5.287944,2.169856
28,28.5,0.0,5.1e-05,5.299983,2.194659
28,29.0,0.0,4.2e-05,5.311143,2.218671
28,29.5,0.0,3.4e-05,5.321487,2.241883
28,30.0,0.0,2.7e-05,5.331075,2.264291
28,30.5,0.0,2.2e-05,5.339961,2.285894
28,31.0,0.0,1.8e-05,5.348195,2.306692
28,31.5,0.0,1.4e-05,5.355827,2.326691
28,32.0,0.0,1.2e-05,5.362898,2.345899
28,32.5,0.0,9e-06,5.369451,2.364325
28,33.0,0.0,8e-06,5.375523,2.381982
28,33.5,0.0,6e-06,5.38115,2.398885
28,34.0,0.0,5e-06,5.386363,2.415048
28,34.5,0.0,4e-06,5.391193,2.430491
28,35.0,0.0,3e-06,5.395669,2.44523
28,35.5,0.0,3e-06,5.399815,2.459286
28,36.0,0.0,2e-06,5.403657,2.472679
28,36.5,0.0,2e-06,5.407217,2.485431
28,37.0,0.0,1e-06,5.410515,2.497562
28,37.5,0.0,1e-06,5.41357,2.509094
28,38.0,0.0,1e-06,5.416401,2.520049
28,38.5,0.0,1e-06,5.419024,2.53045
28,39.0,0.0,1e-06,5.421454,2.540318
28,39.5,0.0,0.0,5.423705,2.549675
28,40.0,0.0,0.0,5.425791,2.558542
28,40.5,0.0,0.0,5.427723,2.56694
28,41.0,0.0,0.0,5.429513,2.57489
28,41.5,0.0,0.0,5.431171,2.582412
28,42.0,0.0,0.0,5.432708,2.589526
28,42.5,0.0,0.0,5.434131,2.596251
28,43.0,0.0,0.0,5.43545,2.602605
28,43.5,0.0,0.0,5.436672,2.608607
28,44.0,0.0,0.0,5.437804,2.614274
28,44.5,0.0,0.0,5.438852,2.619623
28,45.0,0.0,0.0,5.439824,2.624669
28,45.5,0.0,0.0,5.440724,2.629429
28,46.0,0.0,0.0,5.441558,2.633917
28,46.5,0.0,0.0,5.44233,2.638147
28,47.0,0.0,0.0,5.443046,2.642134
28,47.5,0.0,0.0,5.443709,2.645889
28,48.0,0.0,0.0,5.444323,2.649426
28,48.5,0.0,0.0,5.444892,2.652757
28,49.0,0.0,0.0,5.445419,2.655893
28,49.5,0.0,0.0,5.445908,2.658844
28,50.0,0.0,0.0,5.44636,2.661621
29,0.0,5.439237,0.0,6.919318,0.632661
29,0.5,4.044885,1.24442,6.425834,0.621302
29,1.0,3.007975,1.923393,5.745879,0.609083
29,1.5,2.236878,2.230676,5.106636,0.595749
29,2.0,1.663453,2.300689,4.566068,0.581314
29,2.5,1.237025,2.225646,4.131527,0.565932
29,3.0,0.919913,2.067903,3.793759,0.549833
29,3.5,0.684092,1.868848,3.53894,0.533285
29,4.0,0.508725,1.655261,3.353197,0.516558
29,4.5,0.378313,1.44385,3.224182,0.499902
29,5.0,0.281332,1.244469,3.141452,0.483528
29,5.5,0.209212,1.062385,3.096364,0.467606
29,6.0,0.155581,0.89986,3.081812,0.452259
29,6.5,0.115697,0.75725,3.091937,0.437573
29,7.0,0.086038,0.633758,3.121869,0.423598
29,7.5,0.063982,0.527936,3.167519,0.410355
29,8.0,0.04758,0.438024,3.225421,0.397844
29,8.5,0.035383,0.362166,3.292618,0.386049
29,9.0,0.026313,0.298539,3.366575,0.374942
29,9.5,0.019567,0.245438,3.445126,0.36449
29,10.0,0.014551,0.201309,3.526426,0.354651
29,10.5,0.010821,0.164772,3.608922,0.345386
29,11.0,0.008047,0.134617,3.691319,0.336653
29,11.5,0.005984,0.109799,3.772558,0.32841
29,12.0,0.00445,0.089424,3.851795,0.320621
29,12.5,0.003309,0.072733,3.928368,0.313247
29,13.0,0.002461,0.059086,4.001784,0.306255
29,13.5,0.00183,0.047948,4.07169,0.299613
29,14.0,0.001361,0.038872,4.137856,0.293292
29,14.5,0.001012,0.031485,4.200152,0.287267
29,15.0,0.000753,0.025481,4.258532,0.281512
29,15.5,0.00056,0.020607,4.313018,0.276006
29,16.0,0.000416,0.016654,4.363686,0.270729
29,16.5,0.00031,0.013451,4.410651,0.265663
29,17.0,0.00023,0.010858,4.45406,0.260793
29,17.5,0.000171,0.008761,4.494078,0.256104
29,18.0,0.000127,0.007065,4.530887,0.251583
29,18.5,9.5e-05,0.005695,4.564677,0.247217
29,19.0,7e-05,0.004589,4.595639,0.242996
29,19.5,5.2e-05,0.003696,4.623964,0.238911
29,20.0,3.9e-05,0.002976,4.64984,0.234952
29,20.5,2.9e-05,0.002396,4.673448,0.231112
29,21.0,2.2e-05,0.001928,4.694963,0.227384
29,21.5,1.6e-05,0.001551,4.71455,0.22376
29,22.0,1.2e-05,0.001248,4.732366,0.220236
29,22.5,9e-06,0.001003,4.748558,0.216805
29,23.0,7e-06,0.000807,4.763264,0.213462
29,23.5,5e-06,0.000648,4.776611,0.210204
29,24.0,4e-06,0.000521,4.788718,0.207026
29,24.5,3e-06,0.000419,4.799695,0.203923
29,25.0,2e-06,0.000336,4.809643,0.200894
29,25.5,1e-06,0.00027,4.818654,0.197933
29,26.0,1e-06,0.000217,4.826814,0.19504
29,26.5,1e-06,0.000174,4.8342,0.192209
29,27.0,1e-06,0.00014,4.840885,0.18944
29,27.5,0.0,0.000112,4.846933,0.18673
29,28.0,0.0,9e-05,4.852404,0.184075
29,28.5,0.0,7.2e-05,4.857351,0.181476
29,29.0,0.0,5.8e-05,4.861825,0.178928
29,29.5,0.0,4.7e-05,4.865869,0.176432
29,30.0,0.0,3.7e-05,4.869525,0.173984
29,30.5,0.0,3e-05,4.87283,0.171584
29,31.0,0.0,2.4e-05,4.875816,0.169229
29,31.5,0.0,1.9e-05,4.878514,0.166919
29,32.0,0.0,1.6e-05,4.880952,0.164652
29,32.5,0.0,1.2e-05,4.883155,0.162427
29,33.0,0.0,1e-05,4.885145,0.160242
29,33.5,0.0,8e-06,4.886943,0.158097
29,34.0,0.0,6e-06,4.888566,0.15599
29,34.5,0.0,5e-06,4.890033,0.15392
29,35.0,0.0,4e-06,4.891358,0.151887
29,35.5,0.0,3e-06,4.892554,0.149889
29,36.0,0.0,3e-06,4.893635,0.147925
29,36.5,0.0,2e-06,4.894611,0.145995
29,37.0,0.0,2e-06,4.895492,0.144098
29,37.5,0.0,1e-06,4.896288,0.142233
29,38.0,0.0,1e-06,4.897007,0.140398
29,38.5,0.0,1e-06,4.897656,0.138595
29,39.0,0.0,1e-06,4.898242,0.136821
29,39.5,0.0,1e-06,4.898772,0.135076
29,40.0,0.0,0.0,4.89925,0.133359
29,40.5,0.0,0.0,4.899681,0.13167
29,41.0,0.0,0.0,4.900071,0.130008
29,41.5,0.0,0.0,4.900423,0.128373
29,42.0,0.0,0.0,4.900741,0.126763
29,42.5,0.0,0.0,4.901027,0.125179
29,43.0,0.0,0.0,4.901287,0.12362
29,43.5,0.0,0.0,4.90152,0.122085
29,44.0,0.0,0.0,4.901732,0.120574
29,44.5,0.0,0.0,4.901922,0.119086
29,45.0,0.0,0.0,4.902095,0.117621
29,45.5,0.0,0.0,4.90225,0.116178
29,46.0,0.0,0.0,4.902391,0.114758
29,46.5,0.0,0.0,4.902517,0.113358
29,47.0,0.0,0.0,4.902632,0.11198
29,47.5,0.0,0.0,4.902735,0.110622
29,48.0,0.0,0.0,4.902828,0.109285
29,48.5,0.0,0.0,4.902913,0.107967
29,49.0,0.0,0.0,4.902989,0.106668
29,49.5,0.0,0.0,4.903057,0.105389
29,50.0,0.0,0.0,4.903119,0.104129
30,0.0,4.731569,0.0,6.798209,1.218701
30,0.5,3.595223,1.053216,6.504354,1.270452
30,1.0,2.731785,1.709494,5.976623,1.319244
30,1.5,2.075712,2.083851,5.415497,1.363168
30,2.0,1.577204,2.260989,4.903447,1.401192
30,2.5,1.198419,2.302945,4.469298,1.432935
30,3.0,0.910603,2.254849,4.117543,1.458535
30,3.5,0.69191,2.149263,3.842318,1.478525
30,4.0,0.525739,2.009433,3.63409,1.49369
30,4.5,0.399476,1.851732,3.48276,1.504949
30,5.0,0.303537,1.687486,3.378991,1.513246
30,5.5,0.230639,1.52434,3.314665,1.519479
30,6.0,0.175248,1.367273,3.282943,1.524453
30,6.5,0.13316,1.21935,3.278143,1.528857
30,7.0,0.10118,1.082283,3.295565,1.53326
30,7.5,0.07688,0.956836,3.331314,1.538117
30,8.0,0.058417,0.843132,3.382141,1.543779
30,8.5,0.044387,0.740863,3.445309,1.550507
30,9.0,0.033727,0.649453,3.51849,1.558489
30,9.5,0.025627,0.568168,3.599685,1.567847
30,10.0,0.019472,0.496193,3.68716,1.578655
30,10.5,0.014796,0.432689,3.779405,1.590944
30,11.0,0.011242,0.376826,3.875093,1.604715
30,11.5,0.008542,0.327809,3.973063,1.619941
30,12.0,0.006491,0.284893,4.072293,1.636576
30,12.5,0.004932,0.247387,4.171894,1.654557
30,13.0,0.003748,0.214663,4.271088,1.673812
30,13.5,0.002847,0.186149,4.369208,1.694256
30,14.0,0.002164,0.161332,4.465682,1.7158
30,14.5,0.001644,0.139757,4.56003,1.738349
30,15.0,0.001249,0.121015,4.651853,1.761805
30,15.5,0.000949,0.104748,4.740828,1.786069
30,16.0,0.000721,0.090639,4.8267,1.81104
30,16.5,0.000548,0.078407,4.909274,1.836617
30,17.0,0.000416,0.067809,4.988411,1.862701
30,17.5,0.000316,0.058631,5.064022,1.889194
30,18.0,0.00024,0.050686,5.136059,1.916001
30,18.5,0.000183,0.04381,5.20451,1.943028
30,19.0,0.000139,0.037861,5.269396,1.970185
30,19.5,0.000105,0.032715,5.330765,1.997388
30,20.0,8e-05,0.028266,5.388686,2.024554
30,20.5,6.1e-05,0.024419,5.443247,2.051605
30,21.0,4.6e-05,0.021094,5.49455,2.078469
30,21.5,3.5e-05,0.018221,5.54271,2.105078
30,22.0,2.7e-05,0.015737,5.587849,2.131368
30,22.5,2e-05,0.013592,5.630094,2.157282
30,23.0,1.5e-05,0.011738,5.669579,2.182767
30,23.5,1.2e-05,0.010137,5.706437,2.207775
30,24.0,9e-06,0.008753,5.740802,2.232263
30,24.5,7e-06,0.007559,5.772809,2.256194
30,25.0,5e-06,0.006527,5.802589,2.279536
30,25.5,4e-06,0.005635,5.830269,2.302261
30,26.0,3e-06,0.004866,5.855977,2.324346
30,26.5,2e-06,0.004201,5.879832,2.345772
30,27.0,2e-06,0.003627,5.90195,2.366524
30,27.5,1e-06,0.003132,5.922444,2.386593
30,28.0,1e-06,0.002704,5.941419,2.405971
30,28.5,1e-06,0.002334,5.958978,2.424655
30,29.0,1e-06,0.002015,5.975216,2.442644
30,29.5,0.0,0.00174,5.990225,2.459943
30,30.0,0.0,0.001502,6.00409,2.476555
30,30.5,0.0,0.001297,6.016892,2.492488
30,31.0,0.0,0.00112,6.028707,2.507753
30,31.5,0.0,0.000967,6.039608,2.522361
30,32.0,0.0,0.000835,6.04966,2.536325
30,32.5,0.0,0.00072,6.058926,2.54966
30,33.0,0.0,0.000622,6.067465,2.562382
30,33.5,0.0,0.000537,6.075331,2.574507
30,34.0,0.0,0.000464,6.082576,2.586054
30,34.5,0.0,0.0004,6.089245,2.597041
30,35.0,0.0,0.000345,6.095384,2.607485
30,35.5,0.0,0.000298,6.101033,2.617407
30,36.0,0.0,0.000257,6.106229,2.626825
30,36.5,0.0,0.000222,6.111009,2.635758
30,37.0,0.0,0.000192,6.115404,2.644226
30,37.5,0.0,0.000166,6.119445,2.652248
30,38.0,0.0,0.000143,6.12316,2.659843
30,38.5,0.0,0.000123,6.126574,2.667029
30,39.0,0.0,0.000107,6.129711,2.673824
30,39.5,0.0,9.2e-05,6.132593,2.680246
30,40.0,0.0,7.9e-05,6.135241,2.686313
30,40.5,0.0,6.9e-05,6.137673,2.692041
30,41.0,0.0,5.9e-05,6.139907,2.697447
30,41.5,0.0,5.1e-05,6.141958,2.702547
30,42.0,0.0,4.4e-05,6.143841,2.707355
30,42.5,0.0,3.8e-05,6.14557,2.711888
30,43.0,0.0,3.3e-05,6.147158,2.716158
30,43.5,0.0,2.8e-05,6.148615,2.720181
30,44.0,0.0,2.5e-05,6.149952,2.723968
30,44.5,0.0,2.1e-05,6.15118,2.727532
30,45.0,0.0,1.8e-05,6.152306,2.730886
30,45.5,0.0,1.6e-05,6.15334,2.734041
30,46.0,0.0,1.4e-05,6.154288,2.737007
30,46.5,0.0,1.2e-05,6.155158,2.739796
30,47.0,0.0,1e-05,6.155956,2.742418
30,47.5,0.0,9e-06,6.156689,2.74488
30,48.0,0.0,8e-06,6.157361,2.747194
30,48.5,0.0,7e-06,6.157977,2.749367
30,49.0,0.0,6e-06,6.158542,2.751407
30,49.5,0.0,5e-06,6.159061,2.753323
30,50.0,0.0,4e-06,6.159537,2.75512
31,0.0,5.687365,0.0,6.10845,1.015087
31,0.5,3.661945,1.854784,5.717246,1.021452
31,1.0,2.357831,2.7651,5.144999,1.026002
31,1.5,1.518145,3.110763,4.613665,1.028307
31,2.0,0.977494,3.12967,4.169143,1.02832
31,2.5,0.629383,2.969364,3.814726,1.026195
31,3.0,0.405243,2.720071,3.541316,1.022208
31,3.5,0.260925,2.435842,3.336927,1.01671
31,4.0,0.168003,2.148057,3.189969,1.010079
31,4.5,0.108173,1.874022,3.090291,1.002686
31,5.0,0.06965,1.622425,3.029372,0.994873
31,5.5,0.044846,1.396778,3.000184,0.986937
31,6.0,0.028875,1.197585,2.996965,0.979122
31,6.5,0.018592,1.023675,3.014973,0.971621
31,7.0,0.011971,0.873034,3.05028,0.96458
31,7.5,0.007708,0.743294,3.099598,0.958101
31,8.0,0.004963,0.632024,3.160148,0.952251
31,8.5,0.003195,0.536892,3.229557,0.947069
31,9.0,0.002057,0.455747,3.305784,0.94257
31,9.5,0.001325,0.386652,3.387067,0.938754
31,10.0,0.000853,0.327896,3.471882,0.935604
31,10.5,0.000549,0.27798,3.55891,0.933098
31,11.0,0.000354,0.235606,3.647017,0.931204
31,11.5,0.000228,0.199654,3.735233,0.929889
31,12.0,0.000147,0.169166,3.822738,0.929115
31,12.5,9.4e-05,0.143317,3.908844,0.928846
31,13.0,6.1e-05,0.121409,3.992987,0.929043
31,13.5,3.9e-05,0.102844,4.07471,0.929669
31,14.0,2.5e-05,0.087113,4.153654,0.930689
31,14.5,1.6e-05,0.073786,4.229545,0.932068
31,15.0,1e-05,0.062496,4.302187,0.933773
31,15.5,7e-06,0.052933,4.371448,0.935773
31,16.0,4e-06,0.044832,4.437252,0.938041
31,16.5,3e-06,0.03797,4.499572,0.940547
31,17.0,2e-06,0.032159,4.558422,0.943268
31,17.5,1e-06,0.027237,4.613847,0.946179
31,18.0,1e-06,0.023068,4.665921,0.949258
31,18.5,0.0,0.019537,4.714738,0.952485
31,19.0,0.0,0.016546,4.76041,0.955842
31,19.5,0.0,0.014013,4.803061,0.959311
31,20.0,0.0,0.011868,4.842822,0.962876
31,20.5,0.0,0.010052,4.879832,0.966521
31,21.0,0.0,0.008513,4.914233,0.970234
31,21.5,0.0,0.00721,4.946165,0.974002
31,22.0,0.0,0.006106,4.975771,0.977813
31,22.5,0.0,0.005171,5.00319,0.981658
31,23.0,0.0,0.00438,5.028556,0.985525
31,23.5,0.0,0.003709,5.052002,0.989406
31,24.0,0.0,0.003141,5.073655,0.993293
31,24.5,0.0,0.002661,5.093635,0.99718
31,25.0,0.0,0.002253,5.112058,1.001057
31,25.5,0.0,0.001908,5.129034,1.004921
31,26.0,0.0,0.001616,5.144667,1.008765
31,26.5,0.0,0.001369,5.159055,1.012584
31,27.0,0.0,0.001159,5.172289,1.016374
31,27.5,0.0,0.000982,5.184457,1.02013
31,28.0,0.0,0.000832,5.19564,1.023849
31,28.5,0.0,0.000704,5.205912,1.027528
31,29.0,0.0,0.000596,5.215344,1.031163
31,29.5,0.0,0.000505,5.224002,1.034752
31,30.0,0.0,0.000428,5.231946,1.038293
31,30.5,0.0,0.000362,5.239234,1.041784
31,31.0,0.0,0.000307,5.245918,1.045223
31,31.5,0.0,0.00026,5.252046,1.048608
31,32.0,0.0,0.00022,5.257662,1.051938
31,32.5,0.0,0.000186,5.26281,1.055213
31,33.0,0.0,0.000158,5.267526,1.05843
31,33.5,0.0,0.000134,5.271846,1.061591
31,34.0,0.0,0.000113,5.275803,1.064693
31,34.5,0.0,9.6e-05,5.279426,1.067737
31,35.0,0.0,8.1e-05,5.282743,1.070723
31,35.5,0.0,6.9e-05,5.28578,1.07365
31,36.0,0.0,5.8e-05,5.28856,1.076518
31,36.5,0.0,4.9e-05,5.291105,1.079328
31,37.0,0.0,4.2e-05,5.293433,1.082079
31,37.5,0.0,3.5e-05,5.295564,1.084773
31,38.0,0.0,3e-05,5.297513,1.087408
31,38.5,0.0,2.5e-05,5.299297,1.089987
31,39.0,0.0,2.1e-05,5.300928,1.092508
31,39.5,0.0,1.8e-05,5.302421,1.094973
31,40.0,0.0,1.5e-05,5.303786,1.097383
31,40.5,0.0,1.3e-05,5.305034,1.099737
31,41.0,0.0,1.1e-05,5.306176,1.102037
31,41.5,0.0,9e-06,5.30722,1.104284
31,42.0,0.0,8e-06,5.308175,1.106477
31,42.5,0.0,7e-06,5.309048,1.108619
31,43.0,0.0,6e-06,5.309847,1.110709
31,43.5,0.0,5e-06,5.310577,1.112749
31,44.0,0.0,4e-06,5.311244,1.114739
31,44.5,0.0,3e-06,5.311854,1.116681
31,45.0,0.0,3e-06,5.312412,1.118574
31,45.5,0.0,2e-06,5.312922,1.120421
31,46.0,0.0,2e-06,5.313389,1.122221
31,46.5,0.0,2e-06,5.313815,1.123976
31,47.0,0.0,2e-06,5.314205,1.125687
31,47.5,0.0,1e-06,5.314561,1.127354
31,48.0,0.0,1e-06,5.314886,1.128979
31,48.5,0.0,1e-06,5.315184,1.130562
31,49.0,0.0,1e-06,5.315456,1.132104
31,49.5,0.0,1e-06,5.315705,1.133606
31,50.0,0.0,1e-06,5.315932,1.135069
32,0.0,5.748686,0.0,9.536894,0.638367
32,0.5,3.04864,2.414735,8.772699,0.645041
32,1.0,1.616753,3.247228,7.692626,0.650381
32,1.5,0.857396,3.323777,6.750251,0.654048
32,2.0,0.454694,3.067153,6.009926,0.656019
32,2.5,0.241133,2.688994,5.457556,0.656437
32,3.0,0.127877,2.291302,5.062313,0.655553
32,3.5,0.067816,1.919834,4.793411,0.653668
32,4.0,0.035964,1.592068,4.62455,0.651094
32,4.5,0.019072,1.311745,4.534469,0.648124
32,5.0,0.010114,1.076344,4.506323,0.645006
32,5.5,0.005364,0.880862,4.526805,0.641942
32,6.0,0.002845,0.719659,4.585349,0.639086
32,6.5,0.001509,0.587311,4.67348,0.636548
32,7.0,0.0008,0.478961,4.784332,0.634399
32,7.5,0.000424,0.390419,4.912283,0.632683
32,8.0,0.000225,0.31815,5.052701,0.631421
32,8.5,0.000119,0.259207,5.20175,0.630617
32,9.0,6.3e-05,0.211158,5.356254,0.630263
32,9.5,3.4e-05,0.172001,5.513587,0.630344
32,10.0,1.8e-05,0.140098,5.671591,0.630838
32,10.5,9e-06,0.114108,5.828512,0.631722
32,11.0,5e-06,0.092938,5.982936,0.63297
32,11.5,3e-06,0.075694,6.133748,0.634556
32,12.0,1e-06,0.061649,6.280084,0.636454
32,12.5,1e-06,0.05021,6.421296,0.638639
32,13.0,0.0,0.040893,6.556917,0.641088
32,13.5,0.0,0.033305,6.686635,0.643777
32,14.0,0.0,0.027125,6.810263,0.646685
32,14.5,0.0,0.022091,6.92772,0.649793
32,15.0,0.0,0.017992,7.03901,0.653081
32,15.5,0.0,0.014653,7.144202,0.656532
32,16.0,0.0,0.011934,7.243422,0.660131
32,16.5,0.0,0.00972,7.336834,0.663862
32,17.0,0.0,0.007916,7.424636,0.667712
32,17.5,0.0,0.006447,7.507043,0.671667
32,18.0,0.0,0.005251,7.58429,0.675716
32,18.5,0.0,0.004276,7.656618,0.679847
32,19.0,0.0,0.003483,7.724273,0.684051
32,19.5,0.0,0.002837,7.787502,0.688318
32,20.0,0.0,0.00231,7.846548,0.692639
32,20.5,0.0,0.001882,7.90165,0.697006
32,21.0,0.0,0.001532,7.95304,0.701411
32,21.5,0.0,0.001248,8.000943,0.705847
32,22.0,0.0,0.001016,8.045575,0.710308
32,22.5,0.0,0.000828,8.087142,0.714787
32,23.0,0.0,0.000674,8.125839,0.719279
32,23.5,0.0,0.000549,8.161854,0.723778
32,24.0,0.0,0.000447,8.195363,0.72828
32,24.5,0.0,0.000364,8.226532,0.73278
32,25.0,0.0,0.000297,8.255518,0.737273
32,25.5,0.0,0.000242,8.282469,0.741756
32,26.0,0.0,0.000197,8.307523,0.746225
32,26.5,0.0,0.00016,8.33081,0.750676
32,27.0,0.0,0.000131,8.352453,0.755106
32,27.5,0.0,0.000106,8.372564,0.759512
32,28.0,0.0,8.7e-05,8.391251,0.763892
32,28.5,0.0,7.1e-05,8.408612,0.768243
32,29.0,0.0,5.7e-05,8.42474,0.772561
32,29.5,0.0,4.7e-05,8.439722,0.776846
32,30.0,0.0,3.8e-05,8.453638,0.781096
32,30.5,0.0,3.1e-05,8.466564,0.785307
32,31.0,0.0,2.5e-05,8.478569,0.789479
32,31.5,0.0,2.1e-05,8.489719,0.79361
32,32.0,0.0,1.7e-05,8.500074,0.797699
32,32.5,0.0,1.4e-05,8.50969,0.801743
32,33.0,0.0,1.1e-05,8.51862,0.805743
32,33.5,0.0,9e-06,8.526912,0.809696
32,34.0,0.0,7e-06,8.534612,0.813603
32,34.5,0.0,6e-06,8.541763,0.817461
32,35.0,0.0,5e-06,8.548402,0.82127
32,35.5,0.0,4e-06,8.554568,0.825031
32,36.0,0.0,3e-06,8.560292,0.828741
32,36.5,0.0,3e-06,8.565608,0.8324
32,37.0,0.0,2e-06,8.570543,0.836009
32,37.5,0.0,2e-06,8.575126,0.839566
32,38.0,0.0,1e-06,8.579381,0.843071
32,38.5,0.0,1e-06,8.583332,0.846525
32,39.0,0.0,1e-06,8.587,0.849926
32,39.5,0.0,1e-06,8.590406,0.853275
32,40.0,0.0,1e-06,8.593568,0.856572
32,40.5,0.0,1e-06,8.596505,0.859817
32,41.0,0.0,0.0,8.599231,0.86301
32,41.5,0.0,0.0,8.601762,0.86615
32,42.0,0.0,0.0,8.604112,0.869239
32,42.5,0.0,0.0,8.606294,0.872276
32,43.0,0.0,0.0,8.60832,0.875261
32,43.5,0.0,0.0,8.610201,0.878195
32,44.0,0.0,0.0,8.611947,0.881078
32,44.5,0.0,0.0,8.613569,0.88391
32,45.0,0.0,0.0,8.615074,0.886692
32,45.5,0.0,0.0,8.616472,0.889425
32,46.0,0.0,0.0,8.61777,0.892107
32,46.5,0.0,0.0,8.618975,0.894741
32,47.0,0.0,0.0,8.620093,0.897326
32,47.5,0.0,0.0,8.621132,0.899862
32,48.0,0.0,0.0,8.622097,0.902351
32,48.5,0.0,0.0,8.622992,0.904793
32,49.0,0.0,0.0,8.623823,0.907188
32,49.5,0.0,0.0,8.624595,0.909537
32,50.0,0.0,0.0,8.625312,0.911841
33,0.0,5.336489,0.0,6.239602,1.054844
33,0.5,3.127505,2.081261,5.847313,1.0842
33,1.0,1.832907,3.083577,5.072499,1.110096
33,1.5,1.074194,3.476281,4.345214,1.130822
33,2.0,0.629543,3.532056,3.756886,1.145805
33,2.5,0.36895,3.408589,3.309925,1.155176
33,3.0,0.216227,3.196387,2.983218,1.15955
33,3.5,0.126722,2.946791,2.752519,1.159836
33,4.0,0.074267,2.688363,2.596597,1.157056
33,4.5,0.043525,2.436474,2.498514,1.152207
33,5.0,0.025508,2.198911,2.445305,1.146179
33,5.5,0.014949,1.97914,2.427235,1.139712
33,6.0,0.008761,1.77821,2.437047,1.133397
33,6.5,0.005135,1.595858,2.469334,1.127684
33,7.0,0.003009,1.431141,2.520048,1.122904
33,7.5,0.001764,1.282804,2.586132,1.119294
33,8.0,0.001034,1.149477,2.665249,1.117017
33,8.5,0.000606,1.029795,2.755578,1.116176
33,9.0,0.000355,0.922449,2.855676,1.116833
33,9.5,0.000208,0.826219,2.964367,1.119019
33,10.0,0.000122,0.739985,3.080671,1.122739
33,10.5,7.1e-05,0.662727,3.203747,1.127983
33,11.0,4.2e-05,0.59352,3.332853,1.134727
33,11.5,2.5e-05,0.531531,3.46732,1.142939
33,12.0,1.4e-05,0.476012,3.606532,1.15258
33,12.5,8e-06,0.426289,3.74991,1.163607
33,13.0,5e-06,0.381758,3.896908,1.175972
33,13.5,3e-06,0.341877,4.047,1.189625
33,14.0,2e-06,0.306163,4.199683,1.204515
33,14.5,1e-06,0.274179,4.354472,1.220589
33,15.0,1e-06,0.245536,4.5109,1.237793
33,15.5,0.0,0.219885,4.668517,1.256071
33,16.0,0.0,0.196914,4.826892,1.275368
33,16.5,0.0,0.176342,4.985614,1.295626
33,17.0,0.0,0.15792,5.144292,1.316788
33,17.5,0.0,0.141422,5.302554,1.338796
33,18.0,0.0,0.126648,5.460052,1.361591
33,18.5,0.0,0.113417,5.616461,1.385114
33,19.0,0.0,0.101568,5.771478,1.409306
33,19.5,0.0,0.090957,5.924824,1.434105
33,20.0,0.0,0.081455,6.076242,1.459452
33,20.5,0.0,0.072945,6.225501,1.485286
33,21.0,0.0,0.065325,6.372391,1.511546
33,21.5,0.0,0.0585,6.516726,1.538173
33,22.0,0.0,0.052389,6.658341,1.565107
33,22.5,0.0,0.046916,6.797093,1.592288
33,23.0,0.0,0.042015,6.932858,1.619658
33,23.5,0.0,0.037625,7.065534,1.647158
33,24.0,0.0,0.033695,7.195034,1.674734
33,24.5,0.0,0.030175,7.321291,1.702328
33,25.0,0.0,0.027022,7.444253,1.729889
33,25.5,0.0,0.024199,7.563884,1.757365
33,26.0,0.0,0.021671,7.68016,1.784705
33,26.5,0.0,0.019407,7.793072,1.811862
33,27.0,0.0,0.01738,7.902621,1.838791
33,27.5,0.0,0.015564,8.008819,1.865449
33,28.0,0.0,0.013938,8.11169,1.891796
33,28.5,0.0,0.012482,8.211262,1.917794
33,29.0,0.0,0.011178,8.307575,1.943408
33,29.5,0.0,0.01001,8.400673,1.968606
33,30.0,0.0,0.008964,8.490607,1.993359
33,30.5,0.0,0.008028,8.577434,2.01764
33,31.0,0.0,0.007189,8.661213,2.041426
33,31.5,0.0,0.006438,8.742009,2.064696
33,32.0,0.0,0.005766,8.819889,2.087432
33,32.5,0.0,0.005163,8.894924,2.109618
33,33.0,0.0,0.004624,8.967184,2.131242
33,33.5,0.0,0.004141,9.036743,2.152293
33,34.0,0.0,0.003708,9.103675,2.172764
33,34.5,0.0,0.003321,9.168056,2.192648
33,35.0,0.0,0.002974,9.229961,2.211943
33,35.5,0.0,0.002663,9.289465,2.230647
33,36.0,0.0,0.002385,9.346643,2.24876
33,36.5,0.0,0.002136,9.40157,2.266285
33,37.0,0.0,0.001913,9.454321,2.283226
33,37.5,0.0,0.001713,9.504967,2.299588
33,38.0,0.0,0.001534,9.553581,2.315377
33,38.5,0.0,0.001374,9.600233,2.330602
33,39.0,0.0,0.00123,9.644993,2.345272
33,39.5,0.0,0.001102,9.687928,2.359396
33,40.0,0.0,0.000987,9.729106,2.372986
33,40.5,0.0,0.000884,9.76859,2.386053
33,41.0,0.0,0.000791,9.806444,2.398609
33,41.5,0.0,0.000709,9.842729,2.410668
33,42.0,0.0,0.000635,9.877505,2.422241
33,42.5,0.0,0.000568,9.91083,2.433343
33,43.0,0.0,0.000509,9.942759,2.443987
33,43.5,0.0,0.000456,9.973349,2.454187
33,44.0,0.0,0.000408,10.002651,2.463957
33,44.5,0.0,0.000365,10.030716,2.47331
33,45.0,0.0,0.000327,10.057594,2.482262
33,45.5,0.0,0.000293,10.083332,2.490825
33,46.0,0.0,0.000262,10.107977,2.499014
33,46.5,0.0,0.000235,10.131572,2.506842
33,47.0,0.0,0.00021,10.154161,2.514322
33,47.5,0.0,0.000189,10.175785,2.521468
33,48.0,0.0,0.000169,10.196484,2.528293
33,48.5,0.0,0.000151,10.216295,2.534808
33,49.0,0.0,0.000135,10.235256,2.541027
33,49.5,0.0,0.000121,10.253402,2.546962
33,50.0,0.0,0.000109,10.270768,2.552624
34,0.0,7.215348,0.0,10.32212,0.977535
34,0.5,4.245793,2.660968,9.097747,1.025678
34,1.0,2.498391,3.733824,7.620318,1.069767
34,1.5,1.470151,3.963498,6.347519,1.107758
34,2.0,0.865094,3.771416,5.342772,1.138466
34,2.5,0.509055,3.391778,4.57864,1.161428
34,3.0,0.299548,2.951166,4.009491,1.176842
34,3.5,0.176266,2.514915,3.592136,1.185438
34,4.0,0.103722,2.114017,3.290975,1.188291
34,4.5,0.061034,1.760633,3.078208,1.186627
34,5.0,0.035915,1.456974,2.932612,1.181659
34,5.5,0.021134,1.200305,2.838107,1.174486
34,6.0,0.012436,0.985735,2.782493,1.166035
34,6.5,0.007318,0.807708,2.756466,1.157044
34,7.0,0.004306,0.660774,2.752868,1.148077
34,7.5,0.002534,0.539949,2.76615,1.13954
34,8.0,0.001491,0.440855,2.791971,1.131716
34,8.5,0.000877,0.359733,2.826915,1.124785
34,9.0,0.000516,0.293414,2.868287,1.118852
34,9.5,0.000304,0.239248,2.913952,1.113966
34,10.0,0.000179,0.195038,2.962227,1.110132
34,10.5,0.000105,0.158972,3.011788,1.107331
34,11.0,6.2e-05,0.12956,3.061602,1.105522
34,11.5,3.6e-05,0.105581,3.110875,1.104652
34,12.0,2.1e-05,0.086035,3.159004,1.10466
34,12.5,1.3e-05,0.070104,3.205543,1.105483
34,13.0,7e-06,0.057122,3.250174,1.107056
34,13.5,4e-06,0.046542,3.292681,1.109314
34,14.0,3e-06,0.037922,3.332929,1.112194
34,14.5,2e-06,0.030897,3.37085,1.115637
34,15.0,1e-06,0.025174,3.406427,1.119585
34,15.5,1e-06,0.020511,3.439681,1.123984
34,16.0,0.0,0.016711,3.470664,1.128785
34,16.5,0.0,0.013615,3.499451,1.133938
34,17.0,0.0,0.011093,3.52613,1.139402
34,17.5,0.0,0.009038,3.550803,1.145135
34,18.0,0.0,0.007364,3.573576,1.151099
34,18.5,0.0,0.006,3.594561,1.15726
34,19.0,0.0,0.004888,3.613868,1.163586
34,19.5,0.0,0.003983,3.631608,1.170046
34,20.0,0.0,0.003245,3.647889,1.176615
34,20.5,0.0,0.002644,3.662814,1.183267
34,21.0,0.0,0.002154,3.676485,1.18998
34,21.5,0.0,0.001755,3.688995,1.196733
34,22.0,0.0,0.00143,3.700436,1.203507
34,22.5,0.0,0.001165,3.71089,1.210284
34,23.0,0.0,0.000949,3.720438,1.217049
34,23.5,0.0,0.000773,3.729153,1.223789
34,24.0,0.0,0.00063,3.737104,1.230489
34,24.5,0.0,0.000513,3.744356,1.237139
34,25.0,0.0,0.000418,3.750966,1.243728
34,25.5,0.0,0.000341,3.75699,1.250248
34,26.0,0.0,0.000278,3.762478,1.256689
34,26.5,0.0,0.000226,3.767477,1.263044
34,27.0,0.0,0.000184,3.772028,1.269307
34,27.5,0.0,0.00015,3.776171,1.275473
34,28.0,0.0,0.000122,3.779942,1.281537
34,28.5,0.0,0.0001,3.783373,1.287493
34,29.0,0.0,8.1e-05,3.786496,1.29334
34,29.5,0.0,6.6e-05,3.789336,1.299073
34,30.0,0.0,5.4e-05,3.791919,1.304691
34,30.5,0.0,4.4e-05,3.794269,1.310191
34,31.0,0.0,3.6e-05,3.796406,1.315572
34,31.5,0.0,2.9e-05,3.798349,1.320832
34,32.0,0.0,2.4e-05,3.800116,1.325973
34,32.5,0.0,1.9e-05,3.801722,1.330991
34,33.0,0.0,1.6e-05,3.803183,1.335889
34,33.5,0.0,1.3e-05,3.80451,1.340666
34,34.0,0.0,1e-05,3.805717,1.345322
34,34.5,0.0,9e-06,3.806814,1.349859
34,35.0,0.0,7e-06,3.807811,1.354277
34,35.5,0.0,6e-06,3.808717,1.358577
34,36.0,0.0,5e-06,3.809541,1.362761
34,36.5,0.0,4e-06,3.810289,1.36683
34,37.0,0.0,3e-06,3.81097,1.370786
34,37.5,0.0,2e-06,3.811588,1.374631
34,38.0,0.0,2e-06,3.81215,1.378366
34,38.5,0.0,2e-06,3.81266,1.381992
34,39.0,0.0,1e-06,3.813124,1.385513
34,39.5,0.0,1e-06,3.813546,1.38893
34,40.0,0.0,1e-06,3.813929,1.392245
34,40.5,0.0,1e-06,3.814277,1.395461
34,41.0,0.0,1e-06,3.814593,1.398579
34,41.5,0.0,0.0,3.814881,1.401601
34,42.0,0.0,0.0,3.815142,1.404531
34,42.5,0.0,0.0,3.815379,1.407369
34,43.0,0.0,0.0,3.815595,1.410119
34,43.5,0.0,0.0,3.815791,1.412782
34,44.0,0.0,0.0,3.815969,1.41536
34,44.5,0.0,0.0,3.816131,1.417856
34,45.0,0.0,0.0,3.816278,1.420272
34,45.5,0.0,0.0,3.816411,1.422611
34,46.0,0.0,0.0,3.816533,1.424873
34,46.5,0.0,0.0,3.816643,1.427062
34,47.0,0.0,0.0,3.816743,1.429178
34,47.5,0.0,0.0,3.816834,1.431226
34,48.0,0.0,0.0,3.816917,1.433205
34,48.5,0.0,0.0,3.816992,1.435119
34,49.0,0.0,0.0,3.817061,1.436969
34,49.5,0.0,0.0,3.817123,1.438757
34,50.0,0.0,0.0,3.817179,1.440485
35,0.0,4.477167,0.0,6.097188,1.691483
35,0.5,2.703115,1.60105,5.665866,1.681093
35,1.0,1.63202,2.287779,4.941464,1.667692
35,1.5,0.985341,2.471419,4.291308,1.6503
35,2.0,0.594905,2.391698,3.782265,1.629052
35,2.5,0.359177,2.186293,3.409419,1.604634
35,3.0,0.216855,1.932503,3.150839,1.578011
35,3.5,0.130928,1.672188,2.9836,1.550226
35,4.0,0.079048,1.426657,2.8882,1.522254
35,4.5,0.047726,1.2055,2.849197,1.494909
35,5.0,0.028815,1.011807,2.854671,1.468818
35,5.5,0.017397,0.845215,2.895446,1.444419
35,6.0,0.010504,0.703666,2.964389,1.421984
35,6.5,0.006342,0.584399,3.055844,1.401656
35,7.0,0.003829,0.484495,3.16523,1.383477
35,7.5,0.002312,0.401159,3.288749,1.367417
35,8.0,0.001396,0.331851,3.423192,1.353397
35,8.5,0.000843,0.274332,3.565809,1.341307
35,9.0,0.000509,0.226671,3.71422,1.33102
35,9.5,0.000307,0.187224,3.866361,1.322401
35,10.0,0.000185,0.154601,4.020442,1.315311
35,10.5,0.000112,0.127638,4.174918,1.309617
35,11.0,6.8e-05,0.105363,4.32847,1.30519
35,11.5,4.1e-05,0.086966,4.479983,1.301909
35,12.0,2.5e-05,0.071776,4.628527,1.299662
35,12.5,1.5e-05,0.059236,4.773345,1.298344
35,13.0,9e-06,0.048885,4.913831,1.297859
35,13.5,5e-06,0.040342,5.049515,1.298119
35,14.0,3e-06,0.033291,5.18005,1.299045
35,14.5,2e-06,0.027472,5.305193,1.300562
35,15.0,1e-06,0.022669,5.424792,1.302605
35,15.5,1e-06,0.018707,5.538775,1.305114
35,16.0,0.0,0.015436,5.647134,1.308033
35,16.5,0.0,0.012738,5.749916,1.311313
35,17.0,0.0,0.010511,5.847212,1.314909
35,17.5,0.0,0.008673,5.93915,1.318779
35,18.0,0.0,0.007157,6.025884,1.322887
35,18.5,0.0,0.005906,6.107591,1.327197
35,19.0,0.0,0.004873,6.184462,1.331681
35,19.5,0.0,0.004021,6.256699,1.336309
35,20.0,0.0,0.003318,6.32451,1.341057
35,20.5,0.0,0.002738,6.388108,1.345901
35,21.0,0.0,0.002259,6.447705,1.35082
35,21.5,0.0,0.001864,6.503509,1.355796
35,22.0,0.0,0.001538,6.555728,1.360811
35,22.5,0.0,0.001269,6.604563,1.36585
35,23.0,0.0,0.001048,6.650208,1.370899
35,23.5,0.0,0.000864,6.692852,1.375944
35,24.0,0.0,0.000713,6.732674,1.380975
35,24.5,0.0,0.000589,6.769847,1.385982
35,25.0,0.0,0.000486,6.804535,1.390954
35,25.5,0.0,0.000401,6.836895,1.395883
35,26.0,0.0,0.000331,6.867074,1.400763
35,26.5,0.0,0.000273,6.895213,1.405587
35,27.0,0.0,0.000225,6.921445,1.410348
35,27.5,0.0,0.000186,6.945892,1.415042
35,28.0,0.0,0.000153,6.968674,1.419664
35,28.5,0.0,0.000127,6.989899,1.42421
35,29.0,0.0,0.000104,7.009673,1.428677
35,29.5,0.0,8.6e-05,7.028091,1.433062
35,30.0,0.0,7.1e-05,7.045245,1.437363
35,30.5,0.0,5.9e-05,7.06122,1.441577
35,31.0,0.0,4.8e-05,7.076096,1.445703
35,31.5,0.0,4e-05,7.089947,1.44974
35,32.0,0.0,3.3e-05,7.102844,1.453687
35,32.5,0.0,2.7e-05,7.11485,1.457543
35,33.0,0.0,2.2e-05,7.126028,1.461307
35,33.5,0.0,1.9e-05,7.136433,1.464981
35,34.0,0.0,1.5e-05,7.146119,1.468562
35,34.5,0.0,1.3e-05,7.155135,1.472053
35,35.0,0.0,1e-05,7.163527,1.475454
35,35.5,0.0,9e-06,7.171338,1.478765
35,36.0,0.0,7e-06,7.178608,1.481986
35,36.5,0.0,6e-06,7.185374,1.48512
35,37.0,0.0,5e-06,7.191672,1.488167
35,37.5,0.0,4e-06,7.197533,1.491127
35,38.0,0.0,3e-06,7.202988,1.494003
35,38.5,0.0,3e-06,7.208064,1.496796
35,39.0,0.0,2e-06,7.212789,1.499507
35,39.5,0.0,2e-06,7.217186,1.502137
35,40.0,0.0,2e-06,7.221277,1.504688
35,40.5,0.0,1e-06,7.225085,1.507162
35,41.0,0.0,1e-06,7.228629,1.50956
35,41.5,0.0,1e-06,7.231926,1.511884
35,42.0,0.0,1e-06,7.234995,1.514136
35,42.5,0.0,1e-06,7.237851,1.516316
35,43.0,0.0,0.0,7.240509,1.518427
35,43.5,0.0,0.0,7.242982,1.520471
35,44.0,0.0,0.0,7.245283,1.522448
35,44.5,0.0,0.0,7.247425,1.524362
35,45.0,0.0,0.0,7.249418,1.526213
35,45.5,0.0,0.0,7.251273,1.528002
35,46.0,0.0,0.0,7.252999,1.529733
35,46.5,0.0,0.0,7.254605,1.531406
35,47.0,0.0,0.0,7.256099,1.533023
35,47.5,0.0,0.0,7.25749,1.534585
35,48.0,0.0,0.0,7.258784,1.536094
35,48.5,0.0,0.0,7.259988,1.537552
35,49.0,0.0,0.0,7.261109,1.53896
35,49.5,0.0,0.0,7.262152,1.54032
35,50.0,0.0,0.0,7.263122,1.541632
36,0.0,4.909062,0.0,11.587713,1.022651
36,0.5,2.596546,2.174072,10.560355,1.07096
36,1.0,1.373388,3.092419,9.119197,1.116285
36,1.5,0.726425,3.371245,7.799899,1.156881
36,2.0,0.384227,3.33385,6.712079,1.191762
36,2.5,0.203229,3.14889,5.852126,1.220486
36,3.0,0.107494,2.903473,5.186583,1.243072
36,3.5,0.056857,2.6418,4.678346,1.25991
36,4.0,0.030073,2.385575,4.294653,1.271649
36,4.5,0.015907,2.144781,4.008816,1.279087
36,5.0,0.008413,1.923363,3.799827,1.283071
36,5.5,0.00445,1.722212,3.651394,1.284424
36,6.0,0.002354,1.540732,3.550936,1.2839
36,6.5,0.001245,1.377655,3.48873,1.282155
36,7.0,0.000659,1.231458,3.457221,1.279744
36,7.5,0.000348,1.100575,3.450495,1.27712
36,8.0,0.000184,0.983495,3.463882,1.274642
36,8.5,9.7e-05,0.878815,3.493656,1.27259
36,9.0,5.2e-05,0.785246,3.536812,1.271177
36,9.5,2.7e-05,0.701625,3.590897,1.270557
36,10.0,1.4e-05,0.626899,3.653889,1.27084
36,10.5,8e-06,0.560128,3.7241,1.2721
36,11.0,4e-06,0.500467,3.800109,1.274381
36,11.5,2e-06,0.447159,3.880705,1.277704
36,12.0,1e-06,0.399528,3.964853,1.282071
36,12.5,1e-06,0.356971,4.051658,1.287475
36,13.0,0.0,0.318946,4.140342,1.293892
36,13.5,0.0,0.284972,4.23023,1.301295
36,14.0,0.0,0.254617,4.320731,1.309649
36,14.5,0.0,0.227495,4.411331,1.318914
36,15.0,0.0,0.203262,4.50158,1.329048
36,15.5,0.0,0.181611,4.591086,1.340006
36,16.0,0.0,0.162266,4.679509,1.35174
36,16.5,0.0,0.144981,4.766557,1.364204
36,17.0,0.0,0.129538,4.85198,1.377348
36,17.5,0.0,0.115739,4.935565,1.391123
36,18.0,0.0,0.103411,5.017135,1.405482
36,18.5,0.0,0.092395,5.096543,1.420375
36,19.0,0.0,0.082553,5.173672,1.435754
36,19.5,0.0,0.07376,5.248428,1.451571
36,20.0,0.0,0.065903,5.320743,1.467779
36,20.5,0.0,0.058883,5.390569,1.484333
36,21.0,0.0,0.052611,5.457875,1.501186
36,21.5,0.0,0.047007,5.522648,1.518295
36,22.0,0.0,0.041999,5.584888,1.535616
36,22.5,0.0,0.037526,5.644611,1.553107
36,23.0,0.0,0.033528,5.701842,1.570728
36,23.5,0.0,0.029957,5.756614,1.58844
36,24.0,0.0,0.026766,5.808972,1.606204
36,24.5,0.0,0.023915,5.858965,1.623983
36,25.0,0.0,0.021367,5.90665,1.641744
36,25.5,0.0,0.019091,5.952088,1.659453
36,26.0,0.0,0.017058,5.995343,1.677078
36,26.5,0.0,0.015241,6.036484,1.69459
36,27.0,0.0,0.013617,6.07558,1.711959
36,27.5,0.0,0.012167,6.112703,1.729161
36,28.0,0.0,0.010871,6.147926,1.74617
36,28.5,0.0,0.009713,6.181322,1.762963
36,29.0,0.0,0.008678,6.212964,1.77952
36,29.5,0.0,0.007754,6.242924,1.795821
36,30.0,0.0,0.006928,6.271275,1.811848
36,30.5,0.0,0.00619,6.298087,1.827586
36,31.0,0.0,0.005531,6.32343,1.84302
36,31.5,0.0,0.004941,6.347372,1.858139
36,32.0,0.0,0.004415,6.369978,1.87293
36,32.5,0.0,0.003945,6.391314,1.887385
36,33.0,0.0,0.003525,6.411441,1.901496
36,33.5,0.0,0.003149,6.43042,1.915256
36,34.0,0.0,0.002814,6.448309,1.92866
36,34.5,0.0,0.002514,6.465163,1.941705
36,35.0,0.0,0.002246,6.481038,1.954388
36,35.5,0.0,0.002007,6.495985,1.966707
36,36.0,0.0,0.001793,6.510053,1.978662
36,36.5,0.0,0.001602,6.52329,1.990254
36,37.0,0.0,0.001431,6.535741,2.001484
36,37.5,0.0,0.001279,6.54745,2.012355
36,38.0,0.0,0.001143,6.558458,2.022869
36,38.5,0.0,0.001021,6.568803,2.033032
36,39.0,0.0,0.000912,6.578524,2.042847
36,39.5,0.0,0.000815,6.587657,2.05232
36,40.0,0.0,0.000728,6.596234,2.061456
36,40.5,0.0,0.000651,6.604288,2.070262
36,41.0,0.0,0.000581,6.611849,2.078744
36,41.5,0.0,0.000519,6.618946,2.086908
36,42.0,0.0,0.000464,6.625607,2.094763
36,42.5,0.0,0.000415,6.631856,2.102316
36,43.0,0.0,0.000371,6.637719,2.109574
36,43.5,0.0,0.000331,6.643219,2.116545
36,44.0,0.0,0.000296,6.648377,2.123237
36,44.5,0.0,0.000264,6.653214,2.129658
36,45.0,0.0,0.000236,6.657749,2.135816
36,45.5,0.0,0.000211,6.662,2.141719
36,46.0,0.0,0.000188,6.665985,2.147376
36,46.5,0.0,0.000168,6.66972,2.152794
36,47.0,0.0,0.00015,6.67322,2.157981
36,47.5,0.0,0.000134,6.6765,2.162945
36,48.0,0.0,0.00012,6.679573,2.167694
36,48.5,0.0,0.000107,6.682452,2.172235
36,49.0,0.0,9.6e-05,6.685149,2.176577
36,49.5,0.0,8.6e-05,6.687675,2.180726
36,50.0,0.0,7.7e-05,6.690042,2.184689
37,0.0,5.272034,0.0,6.106598,1.094368
37,0.5,2.64343,2.422143,5.828473,1.051886
37,1.0,1.325432,3.30246,5.33716,1.009754
37,1.5,0.664579,3.455798,4.87439,0.967424
37,2.0,0.333224,3.284364,4.493313,0.925109
37,2.5,0.167081,2.984347,4.198711,0.883254
37,3.0,0.083775,2.649388,3.981408,0.842336
37,3.5,0.042005,2.322366,3.829171,0.802779
37,4.0,0.021062,2.021271,3.730342,0.764907
37,4.5,0.01056,1.752092,3.674893,0.728943
37,5.0,0.005295,1.515225,3.654545,0.695016
37,5.5,0.002655,1.308617,3.662572,0.663175
37,6.0,0.001331,1.1293,3.693525,0.633407
37,6.5,0.000667,0.974113,3.742975,0.605658
37,7.0,0.000335,0.840031,3.807295,0.57984
37,7.5,0.000168,0.724293,3.883484,0.555846
37,8.0,8.4e-05,0.624447,3.969042,0.533562
37,8.5,4.2e-05,0.538337,4.061863,0.512868
37,9.0,2.1e-05,0.464087,4.16016,0.493643
37,9.5,1.1e-05,0.400071,4.262412,0.475772
37,10.0,5e-06,0.344882,4.367316,0.459145
37,10.5,3e-06,0.297305,4.473758,0.443658
37,11.0,1e-06,0.25629,4.580782,0.429214
37,11.5,1e-06,0.220932,4.687575,0.415725
37,12.0,0.0,0.190453,4.793447,0.403108
37,12.5,0.0,0.164178,4.897815,0.391288
37,13.0,0.0,0.141528,5.000194,0.380198
37,13.5,0.0,0.122003,5.100184,0.369775
37,14.0,0.0,0.105171,5.197462,0.359963
37,14.5,0.0,0.090662,5.291772,0.35071
37,15.0,0.0,0.078154,5.382917,0.34197
37,15.5,0.0,0.067372,5.470753,0.333702
37,16.0,0.0,0.058077,5.555181,0.325867
37,16.5,0.0,0.050065,5.636143,0.318431
37,17.0,0.0,0.043158,5.713614,0.311363
37,17.5,0.0,0.037204,5.787598,0.304633
37,18.0,0.0,0.032071,5.858126,0.298217
37,18.5,0.0,0.027647,5.925247,0.29209
37,19.0,0.0,0.023833,5.989029,0.286232
37,19.5,0.0,0.020545,6.049552,0.280624
37,20.0,0.0,0.01771,6.10691,0.275247
37,20.5,0.0,0.015267,6.161203,0.270085
37,21.0,0.0,0.013161,6.212539,0.265125
37,21.5,0.0,0.011345,6.26103,0.260352
37,22.0,0.0,0.00978,6.30679,0.255754
37,22.5,0.0,0.008431,6.349937,0.25132
37,23.0,0.0,0.007268,6.390587,0.24704
37,23.5,0.0,0.006265,6.428857,0.242904
37,24.0,0.0,0.005401,6.464862,0.238904
37,24.5,0.0,0.004656,6.498714,0.235031
37,25.0,0.0,0.004013,6.530524,0.231278
37,25.5,0.0,0.00346,6.560399,0.227639
37,26.0,0.0,0.002982,6.588443,0.224107
37,26.5,0.0,0.002571,6.614756,0.220676
37,27.0,0.0,0.002216,6.639435,0.217341
37,27.5,0.0,0.00191,6.662572,0.214098
37,28.0,0.0,0.001647,6.684255,0.210941
37,28.5,0.0,0.00142,6.704569,0.207866
37,29.0,0.0,0.001224,6.723594,0.204869
37,29.5,0.0,0.001055,6.741408,0.201948
37,30.0,0.0,0.000909,6.758083,0.199097
37,30.5,0.0,0.000784,6.773688,0.196314
37,31.0,0.0,0.000676,6.788288,0.193596
37,31.5,0.0,0.000583,6.801946,0.190941
37,32.0,0.0,0.000502,6.814719,0.188345
37,32.5,0.0,0.000433,6.826663,0.185806
37,33.0,0.0,0.000373,6.83783,0.183322
37,33.5,0.0,0.000322,6.848268,0.180891
37,34.0,0.0,0.000277,6.858024,0.178511
37,34.5,0.0,0.000239,6.867142,0.17618
37,35.0,0.0,0.000206,6.875662,0.173895
37,35.5,0.0,0.000178,6.883622,0.171656
37,36.0,0.0,0.000153,6.891058,0.169461
37,36.5,0.0,0.000132,6.898004,0.167308
37,37.0,0.0,0.000114,6.904493,0.165196
37,37.5,0.0,9.8e-05,6.910553,0.163123
37,38.0,0.0,8.5e-05,6.916212,0.161089
37,38.5,0.0,7.3e-05,6.921497,0.159092
37,39.0,0.0,6.3e-05,6.926432,0.157131
37,39.5,0.0,5.4e-05,6.93104,0.155205
37,40.0,0.0,4.7e-05,6.935342,0.153312
37,40.5,0.0,4e-05,6.939359,0.151452
37,41.0,0.0,3.5e-05,6.943109,0.149625
37,41.5,0.0,3e-05,6.946609,0.147828
37,42.0,0.0,2.6e-05,6.949877,0.146061
37,42.5,0.0,2.2e-05,6.952927,0.144324
37,43.0,0.0,1.9e-05,6.955775,0.142615
37,43.5,0.0,1.7e-05,6.958432,0.140935
37,44.0,0.0,1.4e-05,6.960913,0.139281
37,44.5,0.0,1.2e-05,6.963228,0.137654
37,45.0,0.0,1.1e-05,6.965389,0.136052
37,45.5,0.0,9e-06,6.967406,0.134476
37,46.0,0.0,8e-06,6.969288,0.132924
37,46.5,0.0,7e-06,6.971045,0.131396
37,47.0,0.0,6e-06,6.972685,0.129892
37,47.5,0.0,5e-06,6.974215,0.12841
37,48.0,0.0,4e-06,6.975642,0.126951
37,48.5,0.0,4e-06,6.976975,0.125514
37,49.0,0.0,3e-06,6.978218,0.124098
37,49.5,0.0,3e-06,6.979379,0.122703
37,50.0,0.0,2e-06,6.980461,0.121328
38,0.0,2.725701,0.0,5.767452,1.949259
38,0.5,1.738729,0.894745,5.834132,2.093807
38,1.0,1.109138,1.31423,5.750227,2.240534
38,1.5,0.707521,1.45612,5.62332,2.386847
38,2.0,0.451329,1.442185,5.499206,2.531066
38,2.5,0.287903,1.346508,5.397703,2.672088
38,3.0,0.183654,1.213361,5.326425,2.809234
38,3.5,0.117153,1.068504,5.286994,2.942144
38,4.0,0.074732,0.926308,5.278079,3.070683
38,4.5,0.047672,0.794228,5.29697,3.194867
38,5.0,0.03041,0.675596,5.340404,3.314801
38,5.5,0.019399,0.571355,5.405006,3.430624
38,6.0,0.012374,0.481123,5.487513,3.542482
38,6.5,0.007894,0.403841,5.58489,3.650502
38,7.0,0.005035,0.338155,5.694381,3.754787
38,7.5,0.003212,0.282636,5.813521,3.855408
38,8.0,0.002049,0.235905,5.940131,3.95241
38,8.5,0.001307,0.196693,6.072309,4.045819
38,9.0,0.000834,0.163867,6.208401,4.135642
38,9.5,0.000532,0.136435,6.346986,4.221881
38,10.0,0.000339,0.113543,6.486851,4.304538
38,10.5,0.000216,0.094457,6.626969,4.383615
38,11.0,0.000138,0.078558,6.766477,4.459128
38,11.5,8.8e-05,0.065322,6.904656,4.531099
38,12.0,5.6e-05,0.054307,7.040917,4.599568
38,12.5,3.6e-05,0.045143,7.17478,4.664586
38,13.0,2.3e-05,0.037523,7.30586,4.726219
38,13.5,1.5e-05,0.031186,7.433858,4.784548
38,14.0,9e-06,0.025918,7.558542,4.839662
38,14.5,6e-06,0.021539,7.679742,4.891666
38,15.0,4e-06,0.0179,7.797341,4.940669
38,15.5,2e-06,0.014875,7.911263,4.986791
38,16.0,2e-06,0.012361,8.021469,5.030154
38,16.5,1e-06,0.010271,8.127949,5.070886
38,17.0,1e-06,0.008535,8.230721,5.109115
38,17.5,0.0,0.007092,8.32982,5.14497
38,18.0,0.0,0.005893,8.425299,5.17858
38,18.5,0.0,0.004897,8.517225,5.210071
38,19.0,0.0,0.004069,8.605673,5.239566
38,19.5,0.0,0.003381,8.690729,5.267184
38,20.0,0.0,0.00281,8.772483,5.293042
38,20.5,0.0,0.002335,8.851029,5.31725
38,21.0,0.0,0.00194,8.926466,5.339914
38,21.5,0.0,0.001612,8.998892,5.361134
38,22.0,0.0,0.001339,9.068409,5.381005
38,22.5,0.0,0.001113,9.135116,5.399618
38,23.0,0.0,0.000925,9.199112,5.417056
38,23.5,0.0,0.000768,9.260497,5.4334
38,24.0,0.0,0.000638,9.319366,5.448724
38,24.5,0.0,0.000531,9.375815,5.463098
38,25.0,0.0,0.000441,9.429935,5.476586
38,25.5,0.0,0.000366,9.481818,5.48925
38,26.0,0.0,0.000304,9.53155,5.501145
38,26.5,0.0,0.000253,9.579218,5.512324
38,27.0,0.0,0.00021,9.624902,5.522837
38,27.5,0.0,0.000175,9.668683,5.532727
38,28.0,0.0,0.000145,9.710638,5.542038
38,28.5,0.0,0.000121,9.75084,5.550807
38,29.0,0.0,0.0001,9.789361,5.559072
38,29.5,0.0,8.3e-05,9.826271,5.566866
38,30.0,0.0,6.9e-05,9.861634,5.574219
38,30.5,0.0,5.7e-05,9.895516,5.58116
38,31.0,0.0,4.8e-05,9.927978,5.587717
38,31.5,0.0,4e-05,9.959077,5.593913
38,32.0,0.0,3.3e-05,9.988871,5.599772
38,32.5,0.0,2.7e-05,10.017414,5.605315
38,33.0,0.0,2.3e-05,10.044759,5.610562
38,33.5,0.0,1.9e-05,10.070955,5.61553
38,34.0,0.0,1.6e-05,10.096049,5.620238
38,34.5,0.0,1.3e-05,10.120089,5.6247
38,35.0,0.0,1.1e-05,10.143119,5.628932
38,35.5,0.0,9e-06,10.16518,5.632947
38,36.0,0.0,7e-06,10.186313,5.636757
38,36.5,0.0,6e-06,10.206558,5.640376
38,37.0,0.0,5e-06,10.225951,5.643813
38,37.5,0.0,4e-06,10.244528,5.647079
38,38.0,0.0,4e-06,10.262323,5.650184
38,38.5,0.0,3e-06,10.27937,5.653137
38,39.0,0.0,2e-06,10.2957,5.655945
38,39.5,0.0,2e-06,10.311342,5.658618
38,40.0,0.0,2e-06,10.326326,5.661162
38,40.5,0.0,1e-06,10.34068,5.663584
38,41.0,0.0,1e-06,10.354429,5.665891
38,41.5,0.0,1e-06,10.3676,5.668089
38,42.0,0.0,1e-06,10.380217,5.670183
38,42.5,0.0,1e-06,10.392302,5.672179
38,43.0,0.0,1e-06,10.403879,5.674082
38,43.5,0.0,0.0,10.414969,5.675897
38,44.0,0.0,0.0,10.425591,5.677628
38,44.5,0.0,0.0,10.435767,5.679279
38,45.0,0.0,0.0,10.445514,5.680855
38,45.5,0.0,0.0,10.454852,5.682358
38,46.0,0.0,0.0,10.463796,5.683793
38,46.5,0.0,0.0,10.472363,5.685163
38,47.0,0.0,0.0,10.48057,5.686472
38,47.5,0.0,0.0,10.488432,5.687721
38,48.0,0.0,0.0,10.495962,5.688914
38,48.5,0.0,0.0,10.503176,5.690054
38,49.0,0.0,0.0,10.510086,5.691142
38,49.5,0.0,0.0,10.516705,5.692183
38,50.0,0.0,0.0,10.523045,5.693177
39,0.0,4.278065,0.0,7.943656,1.545121
39,0.5,2.493299,1.668202,7.331542,1.594272
39,1.0,1.453119,2.444186,6.424389,1.635559
39,1.5,0.846892,2.723267,5.568725,1.666164
39,2.0,0.493577,2.733121,4.849887,1.685063
39,2.5,0.287662,2.604043,4.275216,1.692421
39,3.0,0.167652,2.409855,3.828188,1.68927
39,3.5,0.097709,2.191716,3.487064,1.677206
39,4.0,0.056946,1.971967,3.231346,1.658097
39,4.5,0.033189,1.762176,3.043677,1.633844
39,5.0,0.019343,1.567802,2.910035,1.606209
39,5.5,0.011273,1.390896,2.819331,1.576719
39,6.0,0.00657,1.231656,2.762873,1.546623
39,6.5,0.003829,1.089317,2.733857,1.516899
39,7.0,0.002232,0.962654,2.726936,1.488281
39,7.5,0.001301,0.850271,2.737882,1.461292
39,8.0,0.000758,0.750745,2.763318,1.436285
39,8.5,0.000442,0.662718,2.800524,1.413483
39,9.0,0.000257,0.584923,2.847281,1.393006
39,9.5,0.00015,0.516208,2.901759,1.374898
39,10.0,8.7e-05,0.455536,2.962434,1.359151
39,10.5,5.1e-05,0.401978,3.028021,1.345719
39,11.0,3e-05,0.354706,3.09743,1.334527
39,11.5,1.7e-05,0.312987,3.169725,1.325486
39,12.0,1e-05,0.276172,3.244104,1.318495
39,12.5,6e-06,0.243685,3.319871,1.31345
39,13.0,3e-06,0.215018,3.396423,1.310243
39,13.5,2e-06,0.189723,3.473239,1.308766
39,14.0,1e-06,0.167403,3.549866,1.308916
39,14.5,1e-06,0.147709,3.625913,1.310589
39,15.0,0.0,0.130332,3.701044,1.313687
39,15.5,0.0,0.114999,3.774973,1.318115
39,16.0,0.0,0.10147,3.847456,1.323784
39,16.5,0.0,0.089532,3.91829,1.330606
39,17.0,0.0,0.078999,3.987308,1.338498
39,17.5,0.0,0.069705,4.054372,1.347381
39,18.0,0.0,0.061504,4.119378,1.35718
39,18.5,0.0,0.054268,4.182242,1.367822
39,19.0,0.0,0.047884,4.242906,1.379237
39,19.5,0.0,0.04225,4.301333,1.39136
39,20.0,0.0,0.03728,4.357501,1.404126
39,20.5,0.0,0.032894,4.411407,1.417474
39,21.0,0.0,0.029024,4.463059,1.431347
39,21.5,0.0,0.025609,4.512479,1.445686
39,22.0,0.0,0.022596,4.559697,1.460439
39,22.5,0.0,0.019938,4.604754,1.475553
39,23.0,0.0,0.017592,4.647696,1.490977
39,23.5,0.0,0.015523,4.688576,1.506666
39,24.0,0.0,0.013696,4.727453,1.522571
39,24.5,0.0,0.012085,4.764386,1.53865
39,25.0,0.0,0.010663,4.799442,1.55486
39,25.5,0.0,0.009409,4.832685,1.571162
39,26.0,0.0,0.008302,4.864185,1.587516
39,26.5,0.0,0.007325,4.894009,1.603888
39,27.0,0.0,0.006463,4.922225,1.620243
39,27.5,0.0,0.005703,4.948903,1.636548
39,28.0,0.0,0.005032,4.97411,1.652774
39,28.5,0.0,0.00444,4.997913,1.66889
39,29.0,0.0,0.003918,5.020378,1.684872
39,29.5,0.0,0.003457,5.041567,1.700694
39,30.0,0.0,0.00305,5.061545,1.716333
39,30.5,0.0,0.002691,5.08037,1.731768
39,31.0,0.0,0.002375,5.098102,1.746979
39,31.5,0.0,0.002095,5.114797,1.76195
39,32.0,0.0,0.001849,5.13051,1.776664
39,32.5,0.0,0.001631,5.145293,1.791108
39,33.0,0.0,0.001439,5.159196,1.805268
39,33.5,0.0,0.00127,5.172268,1.819133
39,34.0,0.0,0.001121,5.184553,1.832695
39,34.5,0.0,0.000989,5.196097,1.845945
39,35.0,0.0,0.000872,5.206941,1.858876
39,35.5,0.0,0.00077,5.217124,1.871482
39,36.0,0.0,0.000679,5.226685,1.883761
39,36.5,0.0,0.000599,5.23566,1.895709
39,37.0,0.0,0.000529,5.244083,1.907323
39,37.5,0.0,0.000467,5.251986,1.918604
39,38.0,0.0,0.000412,5.259399,1.92955
39,38.5,0.0,0.000363,5.266353,1.940164
39,39.0,0.0,0.000321,5.272873,1.950447
39,39.5,0.0,0.000283,5.278988,1.960402
39,40.0,0.0,0.00025,5.284719,1.970031
39,40.5,0.0,0.00022,5.290092,1.979339
39,41.0,0.0,0.000194,5.295128,1.988331
39,41.5,0.0,0.000171,5.299846,1.99701
39,42.0,0.0,0.000151,5.304268,2.005383
39,42.5,0.0,0.000133,5.30841,2.013455
39,43.0,0.0,0.000118,5.312291,2.021232
39,43.5,0.0,0.000104,5.315926,2.028721
39,44.0,0.0,9.2e-05,5.319331,2.035929
39,44.5,0.0,8.1e-05,5.322519,2.042861
39,45.0,0.0,7.1e-05,5.325505,2.049526
39,45.5,0.0,6.3e-05,5.328301,2.055931
39,46.0,0.0,5.6e-05,5.330919,2.062082
39,46.5,0.0,4.9e-05,5.33337,2.067986
39,47.0,0.0,4.3e-05,5.335664,2.073652
39,47.5,0.0,3.8e-05,5.337812,2.079087
39,48.0,0.0,3.4e-05,5.339823,2.084297
39,48.5,0.0,3e-05,5.341705,2.08929
39,49.0,0.0,2.6e-05,5.343466,2.094074
39,49.5,0.0,2.3e-05,5.345115,2.098655
39,50.0,0.0,2e-05,5.346658,2.10304
40,0.0,4.563919,0.0,5.279914,0.839651
40,0.5,3.114847,1.363968,5.078839,0.822995
40,1.0,2.125864,2.146877,4.761282,0.805223
40,1.5,1.450889,2.549275,4.429821,0.785888
40,2.0,0.990223,2.706291,4.127204,0.765005
40,2.5,0.675821,2.708597,3.868833,0.742827
40,3.0,0.461244,2.61669,3.657482,0.719717
40,3.5,0.314796,2.470627,3.490333,0.696076
40,4.0,0.214847,2.296645,3.362406,0.672287
40,4.5,0.146631,2.111668,3.268204,0.64869
40,5.0,0.100075,1.926375,3.202464,0.625565
40,5.5,0.068301,1.747273,3.160458,0.603127
40,6.0,0.046615,1.578106,3.13808,0.581534
40,6.5,0.031814,1.420814,3.131823,0.56089
40,7.0,0.021713,1.276164,3.138725,0.541256
40,7.5,0.014819,1.14419,3.156291,0.522658
40,8.0,0.010114,1.024474,3.182423,0.505095
40,8.5,0.006903,0.916342,3.215359,0.488549
40,9.0,0.004711,0.818982,3.253612,0.472985
40,9.5,0.003215,0.731531,3.295934,0.458361
40,10.0,0.002194,0.653121,3.341269,0.444627
40,10.5,0.001498,0.582913,3.388727,0.431732
40,11.0,0.001022,0.520115,3.437557,0.419623
40,11.5,0.000698,0.463988,3.487128,0.408249
40,12.0,0.000476,0.413854,3.536909,0.397557
40,12.5,0.000325,0.369093,3.586458,0.3875
40,13.0,0.000222,0.329144,3.635408,0.378031
40,13.5,0.000151,0.293498,3.683456,0.369107
40,14.0,0.000103,0.261699,3.730356,0.360686
40,14.5,7.1e-05,0.233336,3.775912,0.35273
40,15.0,4.8e-05,0.20804,3.81997,0.345204
40,15.5,3.3e-05,0.185482,3.862412,0.338075
40,16.0,2.2e-05,0.165367,3.903154,0.331313
40,16.5,1.5e-05,0.147432,3.942139,0.324891
40,17.0,1e-05,0.13144,3.979331,0.318782
40,17.5,7e-06,0.117182,4.014718,0.312964
40,18.0,5e-06,0.10447,4.048303,0.307414
40,18.5,3e-06,0.093136,4.080104,0.302113
40,19.0,2e-06,0.083032,4.11015,0.297042
40,19.5,2e-06,0.074024,4.138481,0.292185
40,20.0,1e-06,0.065993,4.165145,0.287528
40,20.5,1e-06,0.058833,4.190196,0.283054
40,21.0,0.0,0.05245,4.213691,0.278752
40,21.5,0.0,0.046759,4.235693,0.274611
40,22.0,0.0,0.041686,4.256266,0.270618
40,22.5,0.0,0.037163,4.275477,0.266765
40,23.0,0.0,0.033131,4.293392,0.263041
40,23.5,0.0,0.029536,4.310077,0.25944
40,24.0,0.0,0.026332,4.325599,0.255952
40,24.5,0.0,0.023475,4.340023,0.252571
40,25.0,0.0,0.020928,4.353411,0.249291
40,25.5,0.0,0.018657,4.365826,0.246105
40,26.0,0.0,0.016633,4.377327,0.243007
40,26.5,0.0,0.014828,4.387972,0.239994
40,27.0,0.0,0.013219,4.397816,0.23706
40,27.5,0.0,0.011785,4.406912,0.2342
40,28.0,0.0,0.010506,4.41531,0.231412
40,28.5,0.0,0.009366,4.423057,0.22869
40,29.0,0.0,0.00835,4.430199,0.226032
40,29.5,0.0,0.007444,4.436778,0.223435
40,30.0,0.0,0.006636,4.442835,0.220896
40,30.5,0.0,0.005916,4.448408,0.218411
40,31.0,0.0,0.005274,4.453532,0.215979
40,31.5,0.0,0.004702,4.45824,0.213597
40,32.0,0.0,0.004192,4.462565,0.211264
40,32.5,0.0,0.003737,4.466535,0.208976
40,33.0,0.0,0.003332,4.470177,0.206732
40,33.5,0.0,0.00297,4.473517,0.204531
40,34.0,0.0,0.002648,4.476578,0.20237
40,34.5,0.0,0.002361,4.479383,0.200249
40,35.0,0.0,0.002105,4.481951,0.198165
40,35.5,0.0,0.001876,4.484302,0.196118
40,36.0,0.0,0.001673,4.486454,0.194106
40,36.5,0.0,0.001491,4.488421,0.192128
40,37.0,0.0,0.001329,4.49022,0.190183
40,37.5,0.0,0.001185,4.491865,0.18827
40,38.0,0.0,0.001057,4.493367,0.186388
40,38.5,0.0,0.000942,4.494739,0.184536
40,39.0,0.0,0.00084,4.495992,0.182713
40,39.5,0.0,0.000749,4.497135,0.180918
40,40.0,0.0,0.000667,4.498179,0.17915
40,40.5,0.0,0.000595,4.499131,0.17741
40,41.0,0.0,0.00053,4.499999,0.175695
40,41.5,0.0,0.000473,4.50079,0.174006
40,42.0,0.0,0.000422,4.501511,0.172342
40,42.5,0.0,0.000376,4.502169,0.170701
40,43.0,0.0,0.000335,4.502767,0.169085
40,43.5,0.0,0.000299,4.503313,0.167491
40,44.0,0.0,0.000266,4.503809,0.165919
40,44.5,0.0,0.000237,4.504261,0.16437
40,45.0,0.0,0.000212,4.504673,0.162841
40,45.5,0.0,0.000189,4.505047,0.161334
40,46.0,0.0,0.000168,4.505388,0.159847
40,46.5,0.0,0.00015,4.505698,0.158381
40,47.0,0.0,0.000134,4.50598,0.156934
40,47.5,0.0,0.000119,4.506236,0.155506
40,48.0,0.0,0.000106,4.506469,0.154097
40,48.5,0.0,9.5e-05,4.50668,0.152706
40,49.0,0.0,8.4e-05,4.506873,0.151334
40,49.5,0.0,7.5e-05,4.507047,0.149979
40,50.0,0.0,6.7e-05,4.507206,0.148641
41,0.0,4.73193,0.0,6.151348,0.914096
41,0.5,2.751412,1.880129,5.764486,0.892063
41,1.0,1.599827,2.800989,5.239716,0.869454
41,1.5,0.93023,3.179874,4.745073,0.846002
41,2.0,0.540888,3.257977,4.320312,0.821759
41,2.5,0.314503,3.174223,3.970268,0.796911
41,3.0,0.18287,3.008199,3.688677,0.771705
41,3.5,0.106331,2.805092,3.466194,0.746406
41,4.0,0.061827,2.590193,3.293353,0.721266
41,4.5,0.03595,2.377312,3.161629,0.696509
41,5.0,0.020903,2.173664,3.063729,0.672325
41,5.5,0.012154,1.982706,2.993572,0.648859
41,6.0,0.007067,1.805778,2.946154,0.62622
41,6.5,0.004109,1.643047,2.917383,0.60448
41,7.0,0.002389,1.494059,2.903915,0.583684
41,7.5,0.001389,1.358046,2.903017,0.563851
41,8.0,0.000808,1.234104,2.912449,0.544979
41,8.5,0.00047,1.121293,2.930362,0.527054
41,9.0,0.000273,1.018689,2.955224,0.51005
41,9.5,0.000159,0.925412,2.985759,0.493934
41,10.0,9.2e-05,0.840642,3.020893,0.478668
41,10.5,5.4e-05,0.763615,3.059721,0.464211
41,11.0,3.1e-05,0.693635,3.10147,0.450519
41,11.5,1.8e-05,0.630061,3.145482,0.437551
41,12.0,1.1e-05,0.572309,3.19119,0.425263
41,12.5,6e-06,0.519849,3.238103,0.413615
41,13.0,4e-06,0.472196,3.285799,0.402565
41,13.5,2e-06,0.428911,3.333909,0.392078
41,14.0,1e-06,0.389593,3.382114,0.382115
41,14.5,1e-06,0.353878,3.430138,0.372644
41,15.0,0.0,0.321438,3.477743,0.363631
41,15.5,0.0,0.291972,3.524721,0.355048
41,16.0,0.0,0.265206,3.570897,0.346865
41,16.5,0.0,0.240894,3.61612,0.339057
41,17.0,0.0,0.218811,3.660265,0.331599
41,17.5,0.0,0.198753,3.703227,0.324469
41,18.0,0.0,0.180533,3.744921,0.317645
41,18.5,0.0,0.163983,3.78528,0.311107
41,19.0,0.0,0.14895,3.824252,0.304838
41,19.5,0.0,0.135296,3.861799,0.298821
41,20.0,0.0,0.122893,3.897896,0.293039
41,20.5,0.0,0.111627,3.93253,0.287479
41,21.0,0.0,0.101394,3.965696,0.282126
41,21.5,0.0,0.092099,3.997401,0.276968
41,22.0,0.0,0.083656,4.027656,0.271994
41,22.5,0.0,0.075987,4.056482,0.267193
41,23.0,0.0,0.069022,4.083904,0.262555
41,23.5,0.0,0.062694,4.109953,0.25807
41,24.0,0.0,0.056947,4.134661,0.25373
41,24.5,0.0,0.051727,4.158068,0.249527
41,25.0,0.0,0.046985,4.180214,0.245453
41,25.5,0.0,0.042678,4.201141,0.241502
41,26.0,0.0,0.038765,4.220894,0.237666
41,26.5,0.0,0.035212,4.239518,0.233941
41,27.0,0.0,0.031984,4.257058,0.23032
41,27.5,0.0,0.029052,4.273561,0.226799
41,28.0,0.0,0.026388,4.289073,0.223372
41,28.5,0.0,0.023969,4.303641,0.220034
41,29.0,0.0,0.021772,4.317309,0.216783
41,29.5,0.0,0.019776,4.330122,0.213612
41,30.0,0.0,0.017963,4.342123,0.21052
41,30.5,0.0,0.016317,4.353355,0.207503
41,31.0,0.0,0.014821,4.36386,0.204557
41,31.5,0.0,0.013462,4.373677,0.201679
41,32.0,0.0,0.012228,4.382845,0.198866
41,32.5,0.0,0.011107,4.391401,0.196116
41,33.0,0.0,0.010089,4.399381,0.193427
41,33.5,0.0,0.009164,4.406819,0.190795
41,34.0,0.0,0.008324,4.413747,0.188219
41,34.5,0.0,0.007561,4.420197,0.185697
41,35.0,0.0,0.006868,4.426198,0.183226
41,35.5,0.0,0.006238,4.431779,0.180805
41,36.0,0.0,0.005666,4.436966,0.178432
41,36.5,0.0,0.005147,4.441785,0.176106
41,37.0,0.0,0.004675,4.44626,0.173824
41,37.5,0.0,0.004246,4.450413,0.171586
41,38.0,0.0,0.003857,4.454266,0.16939
41,38.5,0.0,0.003504,4.457838,0.167234
41,39.0,0.0,0.003182,4.46115,0.165118
41,39.5,0.0,0.002891,4.464218,0.16304
41,40.0,0.0,0.002626,4.46706,0.160999
41,40.5,0.0,0.002385,4.469691,0.158994
41,41.0,0.0,0.002166,4.472126,0.157025
41,41.5,0.0,0.001968,4.474378,0.155089
41,42.0,0.0,0.001787,4.476462,0.153186
41,42.5,0.0,0.001624,4.478388,0.151315
41,43.0,0.0,0.001475,4.480168,0.149476
41,43.5,0.0,0.00134,4.481813,0.147667
41,44.0,0.0,0.001217,4.483333,0.145888
41,44.5,0.0,0.001105,4.484735,0.144137
41,45.0,0.0,0.001004,4.486031,0.142415
41,45.5,0.0,0.000912,4.487226,0.140721
41,46.0,0.0,0.000828,4.488329,0.139053
41,46.5,0.0,0.000752,4.489346,0.137412
41,47.0,0.0,0.000683,4.490284,0.135796
41,47.5,0.0,0.000621,4.491149,0.134206
41,48.0,0.0,0.000564,4.491946,0.132639
41,48.5,0.0,0.000512,4.49268,0.131097
41,49.0,0.0,0.000465,4.493357,0.129578
41,49.5,0.0,0.000423,4.49398,0.128082
41,50.0,0.0,0.000384,4.494555,0.126609
42,0.0,4.223218,0.0,5.174101,0.664702
42,0.5,2.536071,1.589161,5.03388,0.754105
42,1.0,1.522928,2.376121,4.65282,0.850352
42,1.5,0.914528,2.698976,4.254678,0.951107
42,2.0,0.54918,2.758898,3.910392,1.054745
42,2.5,0.329787,2.675033,3.637064,1.16017
42,3.0,0.198039,2.517443,3.432234,1.266776
42,3.5,0.118924,2.326872,3.28712,1.374375
42,4.0,0.071415,2.126598,3.19183,1.483097
42,4.5,0.042885,1.929536,3.137288,1.593281
42,5.0,0.025753,1.74249,3.115793,1.705376
42,5.5,0.015465,1.568693,3.121041,1.819862
42,6.0,0.009287,1.409326,3.14795,1.937183
42,6.5,0.005577,1.264416,3.192442,2.057713
42,7.0,0.003349,1.133369,3.251237,2.181722
42,7.5,0.002011,1.015283,3.321679,2.309366
42,8.0,0.001208,0.909129,3.401595,2.440675
42,8.5,0.000725,0.81385,3.489188,2.57555
42,9.0,0.000435,0.728423,3.582949,2.713768
42,9.5,0.000262,0.651883,3.681602,2.854989
42,10.0,0.000157,0.583337,3.784049,2.998761
42,10.5,9.4e-05,0.521969,3.889337,3.144537
42,11.0,5.7e-05,0.467041,3.996633,3.291693
42,11.5,3.4e-05,0.417882,4.105202,3.439539
42,12.0,2e-05,0.373891,4.214394,3.58735
42,12.5,1.2e-05,0.334527,4.323633,3.734378
42,13.0,7e-06,0.299305,4.432406,3.879878
42,13.5,4e-06,0.267791,4.540259,4.023126
42,14.0,3e-06,0.239593,4.64679,4.163441
42,14.5,2e-06,0.214365,4.751648,4.300198
42,15.0,1e-06,0.191792,4.854525,4.43284
42,15.5,1e-06,0.171597,4.955156,4.560889
42,16.0,0.0,0.153527,5.053314,4.683954
42,16.5,0.0,0.137361,5.148808,4.801725
42,17.0,0.0,0.122897,5.241482,4.913982
42,17.5,0.0,0.109955,5.331212,5.020584
42,18.0,0.0,0.098377,5.417899,5.121467
42,18.5,0.0,0.088018,5.501474,5.216634
42,19.0,0.0,0.078749,5.581891,5.306149
42,19.5,0.0,0.070457,5.659125,5.390126
42,20.0,0.0,0.063038,5.733171,5.468721
42,20.5,0.0,0.0564,5.804041,5.542125
42,21.0,0.0,0.050461,5.871765,5.610553
42,21.5,0.0,0.045147,5.936384,5.674237
42,22.0,0.0,0.040393,5.997952,5.733423
42,22.5,0.0,0.03614,6.056531,5.788361
42,23.0,0.0,0.032334,6.112196,5.839304
42,23.5,0.0,0.028929,6.165024,5.886502
42,24.0,0.0,0.025883,6.215102,5.930198
42,24.5,0.0,0.023157,6.262518,5.970631
42,25.0,0.0,0.020719,6.307367,6.008027
42,25.5,0.0,0.018537,6.349743,6.042603
42,26.0,0.0,0.016585,6.389745,6.074563
42,26.5,0.0,0.014839,6.427469,6.104102
42,27.0,0.0,0.013276,6.463015,6.1314
42,27.5,0.0,0.011878,6.496479,6.156627
42,28.0,0.0,0.010627,6.527958,6.179942
42,28.5,0.0,0.009508,6.557547,6.201489
42,29.0,0.0,0.008507,6.585339,6.221407
42,29.5,0.0,0.007611,6.611424,6.23982
42,30.0,0.0,0.00681,6.635891,6.256845
42,30.5,0.0,0.006093,6.658826,6.272589
42,31.0,0.0,0.005451,6.680312,6.287151
42,31.5,0.0,0.004877,6.700427,6.300623
42,32.0,0.0,0.004364,6.71925,6.313089
42,32.5,0.0,0.003904,6.736854,6.324626
42,33.0,0.0,0.003493,6.753308,6.335304
42,33.5,0.0,0.003125,6.768682,6.345191
42,34.0,0.0,0.002796,6.783038,6.354345
42,34.5,0.0,0.002502,6.796439,6.362824
42,35.0,0.0,0.002238,6.808942,6.370677
42,35.5,0.0,0.002003,6.820604,6.377952
42,36.0,0.0,0.001792,6.831475,6.384693
42,36.5,0.0,0.001603,6.841606,6.390939
42,37.0,0.0,0.001434,6.851045,6.396727
42,37.5,0.0,0.001283,6.859834,6.402092
42,38.0,0.0,0.001148,6.868017,6.407065
42,38.5,0.0,0.001027,6.875633,6.411675
42,39.0,0.0,0.000919,6.882718,6.415948
42,39.5,0.0,0.000822,6.889308,6.419909
42,40.0,0.0,0.000736,6.895436,6.423582
42,40.5,0.0,0.000658,6.901133,6.426988
42,41.0,0.0,0.000589,6.906427,6.430145
42,41.5,0.0,0.000527,6.911345,6.433072
42,42.0,0.0,0.000471,6.915915,6.435786
42,42.5,0.0,0.000422,6.920158,6.438302
42,43.0,0.0,0.000377,6.924098,6.440636
42,43.5,0.0,0.000338,6.927755,6.442799
42,44.0,0.0,0.000302,6.93115,6.444804
42,44.5,0.0,0.00027,6.9343,6.446664
42,45.0,0.0,0.000242,6.937222,6.448387
42,45.5,0.0,0.000216,6.939932,6.449985
42,46.0,0.0,0.000194,6.942446,6.451466
42,46.5,0.0,0.000173,6.944777,6.45284
42,47.0,0.0,0.000155,6.946939,6.454112
42,47.5,0.0,0.000139,6.948942,6.455292
42,48.0,0.0,0.000124,6.950799,6.456385
42,48.5,0.0,0.000111,6.95252,6.457398
42,49.0,0.0,9.9e-05,6.954114,6.458337
42,49.5,0.0,8.9e-05,6.955591,6.459207
42,50.0,0.0,7.9e-05,6.956959,6.460013
43,0.0,5.088862,0.0,4.717571,0.938901
43,0.5,3.446378,1.523944,4.670616,0.942382
43,1.0,2.334023,2.353918,4.369835,0.944321
43,1.5,1.580692,2.74071,4.022759,0.943551
43,2.0,1.070507,2.850608,3.7077,0.939824
43,2.5,0.724989,2.79315,3.450271,0.933363
43,3.0,0.490991,2.63984,3.25424,0.924652
43,3.5,0.332519,2.436787,3.114887,0.914294
43,4.0,0.225195,2.213205,3.024854,0.902908
43,4.5,0.152511,1.987134,2.97661,0.891066
43,5.0,0.103286,1.769278,2.963381,0.87926
43,5.5,0.06995,1.565572,2.979397,0.867885
43,6.0,0.047373,1.378897,3.019856,0.857244
43,6.5,0.032083,1.210218,3.080791,0.847559
43,7.0,0.021728,1.05933,3.158908,0.838978
43,7.5,0.014715,0.925351,3.25145,0.831596
43,8.0,0.009965,0.80704,3.356076,0.82546
43,8.5,0.006749,0.702997,3.470773,0.820589
43,9.0,0.004571,0.611789,3.593785,0.816973
43,9.5,0.003095,0.532024,3.723562,0.814587
43,10.0,0.002096,0.462395,3.858724,0.813393
43,10.5,0.00142,0.401701,3.998032,0.813347
43,11.0,0.000961,0.348854,4.140372,0.814397
43,11.5,0.000651,0.302878,4.284737,0.816491
43,12.0,0.000441,0.262906,4.430224,0.819577
43,12.5,0.000299,0.228172,4.576017,0.8236
43,13.0,0.000202,0.198002,4.721388,0.82851
43,13.5,0.000137,0.171804,4.865692,0.834254
43,14.0,9.3e-05,0.149061,5.008355,0.840784
43,14.5,6.3e-05,0.129321,5.14888,0.848054
43,15.0,4.3e-05,0.112189,5.286834,0.856018
43,15.5,2.9e-05,0.097324,5.421848,0.864633
43,16.0,2e-05,0.084426,5.553611,0.873858
43,16.5,1.3e-05,0.073235,5.681869,0.883654
43,17.0,9e-06,0.063527,5.806413,0.893982
43,17.5,6e-06,0.055105,5.927085,0.904807
43,18.0,4e-06,0.047799,6.043765,0.916092
43,18.5,3e-06,0.041461,6.156371,0.927806
43,19.0,2e-06,0.035963,6.264855,0.939914
43,19.5,1e-06,0.031195,6.369197,0.952387
43,20.0,1e-06,0.027058,6.469405,0.965193
43,20.5,1e-06,0.02347,6.565508,0.978303
43,21.0,0.0,0.020358,6.657554,0.991688
43,21.5,0.0,0.017658,6.745609,1.005321
43,22.0,0.0,0.015316,6.829752,1.019175
43,22.5,0.0,0.013285,6.910075,1.033224
43,23.0,0.0,0.011523,6.986676,1.047441
43,23.5,0.0,0.009995,7.059664,1.061803
43,24.0,0.0,0.00867,7.129151,1.076285
43,24.5,0.0,0.00752,7.195256,1.090864
43,25.0,0.0,0.006523,7.258099,1.105517
43,25.5,0.0,0.005658,7.317801,1.120222
43,26.0,0.0,0.004907,7.374485,1.134958
43,26.5,0.0,0.004257,7.428273,1.149704
43,27.0,0.0,0.003692,7.479287,1.16444
43,27.5,0.0,0.003202,7.527647,1.179149
43,28.0,0.0,0.002778,7.57347,1.19381
43,28.5,0.0,0.002409,7.616871,1.208406
43,29.0,0.0,0.00209,7.657963,1.222922
43,29.5,0.0,0.001813,7.696855,1.23734
43,30.0,0.0,0.001572,7.733652,1.251645
43,30.5,0.0,0.001364,7.768458,1.265824
43,31.0,0.0,0.001183,7.80137,1.279862
43,31.5,0.0,0.001026,7.832483,1.293747
43,32.0,0.0,0.00089,7.861889,1.307467
43,32.5,0.0,0.000772,7.889676,1.321011
43,33.0,0.0,0.00067,7.915927,1.334369
43,33.5,0.0,0.000581,7.940722,1.34753
43,34.0,0.0,0.000504,7.964138,1.360487
43,34.5,0.0,0.000437,7.986248,1.373232
43,35.0,0.0,0.000379,8.007122,1.385757
43,35.5,0.0,0.000329,8.026827,1.398056
43,36.0,0.0,0.000285,8.045425,1.410123
43,36.5,0.0,0.000247,8.062976,1.421954
43,37.0,0.0,0.000215,8.079538,1.433544
43,37.5,0.0,0.000186,8.095166,1.44489
43,38.0,0.0,0.000161,8.109909,1.455989
43,38.5,0.0,0.00014,8.123818,1.466839
43,39.0,0.0,0.000121,8.136937,1.477438
43,39.5,0.0,0.000105,8.149313,1.487785
43,40.0,0.0,9.1e-05,8.160984,1.497879
43,40.5,0.0,7.9e-05,8.171992,1.507721
43,41.0,0.0,6.9e-05,8.182373,1.51731
43,41.5,0.0,6e-05,8.192162,1.526649
43,42.0,0.0,5.2e-05,8.201393,1.535737
43,42.5,0.0,4.5e-05,8.210097,1.544578
43,43.0,0.0,3.9e-05,8.218304,1.553172
43,43.5,0.0,3.4e-05,8.226042,1.561523
43,44.0,0.0,2.9e-05,8.233338,1.569633
43,44.5,0.0,2.5e-05,8.240215,1.577505
43,45.0,0.0,2.2e-05,8.2467,1.585143
43,45.5,0.0,1.9e-05,8.252812,1.59255
43,46.0,0.0,1.7e-05,8.258575,1.599729
43,46.5,0.0,1.4e-05,8.264007,1.606686
43,47.0,0.0,1.2e-05,8.269128,1.613423
43,47.5,0.0,1.1e-05,8.273955,1.619945
43,48.0,0.0,9e-06,8.278506,1.626256
43,48.5,0.0,8e-06,8.282795,1.632361
43,49.0,0.0,7e-06,8.286838,1.638264
43,49.5,0.0,6e-06,8.290649,1.64397
43,50.0,0.0,5e-06,8.29424,1.649484
44,0.0,4.625789,0.0,5.128482,1.181317
44,0.5,2.757289,1.756841,4.560613,1.267529
44,1.0,1.643534,2.613987,3.776703,1.349924
44,1.5,0.97966,2.955413,3.099861,1.424601
44,2.0,0.583945,3.00777,2.582074,1.489222
44,2.5,0.348071,2.904173,2.206593,1.542893
44,3.0,0.207474,2.7222,1.943117,1.586027
44,3.5,0.123669,2.506515,1.763606,1.619985
44,4.0,0.073715,2.282334,1.645864,1.646626
44,4.5,0.043939,2.063432,1.573373,1.667914
44,5.0,0.026191,1.856902,1.534155,1.685661
44,5.5,0.015612,1.665973,1.519614,1.701397
44,6.0,0.009306,1.49168,1.523583,1.716345
44,6.5,0.005547,1.333847,1.541607,1.731436
44,7.0,0.003306,1.191661,1.570437,1.747358
44,7.5,0.001971,1.064005,1.607665,1.764602
44,8.0,0.001175,0.949652,1.651476,1.783505
44,8.5,0.0007,0.847366,1.700472,1.804286
44,9.0,0.000417,0.755966,1.75355,1.827076
44,9.5,0.000249,0.674345,1.809821,1.851938
44,10.0,0.000148,0.60149,1.86855,1.878882
44,10.5,8.8e-05,0.536479,1.929116,1.907878
44,11.0,5.3e-05,0.478477,1.990985,1.938867
44,11.5,3.1e-05,0.426736,2.053691,1.971763
44,12.0,1.9e-05,0.380585,2.116823,2.006462
44,12.5,1.1e-05,0.339421,2.180013,2.042844
44,13.0,7e-06,0.302707,2.242935,2.080776
44,13.5,4e-06,0.269964,2.305297,2.120115
44,14.0,2e-06,0.240761,2.366839,2.160709
44,14.5,1e-06,0.214717,2.427332,2.2024
44,15.0,1e-06,0.19149,2.486573,2.245027
44,15.5,1e-06,0.170775,2.544387,2.288425
44,16.0,0.0,0.152301,2.600625,2.332427
44,16.5,0.0,0.135826,2.65516,2.376868
44,17.0,0.0,0.121132,2.707891,2.421584
44,17.5,0.0,0.108028,2.758734,2.466414
44,18.0,0.0,0.096342,2.807628,2.511202
44,18.5,0.0,0.08592,2.85453,2.555797
44,19.0,0.0,0.076625,2.899413,2.600056
44,19.5,0.0,0.068336,2.942266,2.643844
44,20.0,0.0,0.060944,2.983092,2.687035
44,20.5,0.0,0.054351,3.021905,2.729511
44,21.0,0.0,0.048471,3.058734,2.771166
44,21.5,0.0,0.043228,3.093611,2.811904
44,22.0,0.0,0.038552,3.126582,2.851639
44,22.5,0.0,0.034381,3.157698,2.890299
44,23.0,0.0,0.030662,3.187013,2.927818
44,23.5,0.0,0.027345,3.214589,2.964145
44,24.0,0.0,0.024387,3.24049,2.999237
44,24.5,0.0,0.021749,3.264784,3.033062
44,25.0,0.0,0.019396,3.287538,3.065597
44,25.5,0.0,0.017298,3.308822,3.096829
44,26.0,0.0,0.015426,3.328707,3.12675
44,26.5,0.0,0.013758,3.347262,3.155364
44,27.0,0.0,0.012269,3.364556,3.182679
44,27.5,0.0,0.010942,3.380658,3.208709
44,28.0,0.0,0.009758,3.395634,3.233475
44,28.5,0.0,0.008703,3.409549,3.257003
44,29.0,0.0,0.007761,3.422466,3.27932
44,29.5,0.0,0.006922,3.434445,3.300459
44,30.0,0.0,0.006173,3.445545,3.320457
44,30.5,0.0,0.005505,3.455822,3.33935
44,31.0,0.0,0.00491,3.465328,3.357178
44,31.5,0.0,0.004379,3.474116,3.373982
44,32.0,0.0,0.003905,3.482233,3.389802
44,32.5,0.0,0.003482,3.489726,3.404682
44,33.0,0.0,0.003106,3.496637,3.418663
44,33.5,0.0,0.00277,3.503008,3.431787
44,34.0,0.0,0.00247,3.508877,3.444096
44,34.5,0.0,0.002203,3.514281,3.45563
44,35.0,0.0,0.001965,3.519254,3.46643
44,35.5,0.0,0.001752,3.523827,3.476534
44,36.0,0.0,0.001563,3.52803,3.48598
44,36.5,0.0,0.001394,3.531891,3.494806
44,37.0,0.0,0.001243,3.535437,3.503046
44,37.5,0.0,0.001108,3.538692,3.510734
44,38.0,0.0,0.000988,3.541678,3.517904
44,38.5,0.0,0.000881,3.544416,3.524586
44,39.0,0.0,0.000786,3.546925,3.53081
44,39.5,0.0,0.000701,3.549225,3.536604
44,40.0,0.0,0.000625,3.551331,3.541996
44,40.5,0.0,0.000558,3.553259,3.547011
44,41.0,0.0,0.000497,3.555024,3.551673
44,41.5,0.0,0.000443,3.556639,3.556006
44,42.0,0.0,0.000396,3.558115,3.56003
44,42.5,0.0,0.000353,3.559466,3.563767
44,43.0,0.0,0.000315,3.5607,3.567235
44,43.5,0.0,0.000281,3.561827,3.570454
44,44.0,0.0,0.00025,3.562857,3.573439
44,44.5,0.0,0.000223,3.563798,3.576206
44,45.0,0.0,0.000199,3.564657,3.578772
44,45.5,0.0,0.000177,3.56544,3.581149
44,46.0,0.0,0.000158,3.566156,3.583351
44,46.5,0.0,0.000141,3.566808,3.58539
44,47.0,0.0,0.000126,3.567403,3.587278
44,47.5,0.0,0.000112,3.567945,3.589026
44,48.0,0.0,0.0001,3.56844,3.590643
44,48.5,0.0,8.9e-05,3.568891,3.592139
44,49.0,0.0,8e-05,3.569302,3.593523
44,49.5,0.0,7.1e-05,3.569676,3.594803
44,50.0,0.0,6.3e-05,3.570017,3.595985
45,0.0,4.50837,0.0,5.796872,1.215869
45,0.5,2.039569,2.325627,5.329198,1.4033
45,1.0,0.922693,3.14284,4.717908,1.603337
45,1.5,0.417423,3.301378,4.18896,1.811209
45,2.0,0.188841,3.183261,3.770877,2.022842
45,2.5,0.085431,2.959161,3.453177,2.234775
45,3.0,0.038649,2.704352,3.21796,2.444266
45,3.5,0.017484,2.451146,3.048181,2.649326
45,4.0,0.00791,2.212597,2.929646,2.848644
45,4.5,0.003578,1.993202,2.851103,3.041453
45,5.0,0.001619,1.793733,2.803811,3.227391
45,5.5,0.000732,1.613399,2.781022,3.406364
45,6.0,0.000331,1.450821,2.777522,3.578442
45,6.5,0.00015,1.304458,2.789262,3.743783
45,7.0,6.8e-05,1.172783,2.813073,3.902582
45,7.5,3.1e-05,1.054366,2.846449,4.055036
45,8.0,1.4e-05,0.94789,2.887391,4.201329
45,8.5,6e-06,0.852159,2.934281,4.341627
45,9.0,3e-06,0.766093,2.985797,4.476075
45,9.5,1e-06,0.688718,3.040845,4.604797
45,10.0,1e-06,0.619158,3.098513,4.727907
45,10.5,0.0,0.556622,3.15803,4.845509
45,11.0,0.0,0.500403,3.218743,4.957701
45,11.5,0.0,0.449862,3.280093,5.064585
45,12.0,0.0,0.404425,3.341602,5.166263
45,12.5,0.0,0.363578,3.40286,5.262846
45,13.0,0.0,0.326856,3.463515,5.354452
45,13.5,0.0,0.293843,3.523267,5.441208
45,14.0,0.0,0.264165,3.581861,5.52325
45,14.5,0.0,0.237484,3.639083,5.600722
45,15.0,0.0,0.213498,3.694754,5.673776
45,15.5,0.0,0.191934,3.74873,5.742573
45,16.0,0.0,0.172549,3.800893,5.807275
45,16.5,0.0,0.155121,3.851156,5.868053
45,17.0,0.0,0.139454,3.899451,5.925076
45,17.5,0.0,0.125369,3.945735,5.978518
45,18.0,0.0,0.112706,3.989981,6.028551
45,18.5,0.0,0.101323,4.032183,6.075346
45,19.0,0.0,0.091089,4.072345,6.119071
45,19.5,0.0,0.081889,4.110487,6.159893
45,20.0,0.0,0.073618,4.14664,6.197973
45,20.5,0.0,0.066183,4.180842,6.233466
45,21.0,0.0,0.059498,4.213142,6.266526
45,21.5,0.0,0.053489,4.243593,6.297297
45,22.0,0.0,0.048086,4.272256,6.325919
45,22.5,0.0,0.04323,4.299194,6.352526
45,23.0,0.0,0.038863,4.324473,6.377245
45,23.5,0.0,0.034938,4.348163,6.400197
45,24.0,0.0,0.031409,4.370334,6.421498
45,24.5,0.0,0.028237,4.391058,6.441257
45,25.0,0.0,0.025385,4.410404,6.459575
45,25.5,0.0,0.022821,4.428444,6.47655
45,26.0,0.0,0.020516,4.445247,6.492274
45,26.5,0.0,0.018444,4.460882,6.506833
45,27.0,0.0,0.016581,4.475414,6.520306
45,27.5,0.0,0.014906,4.488909,6.53277
45,28.0,0.0,0.013401,4.501428,6.544296
45,28.5,0.0,0.012047,4.513033,6.55495
45,29.0,0.0,0.010831,4.52378,6.564795
45,29.5,0.0,0.009737,4.533726,6.573887
45,30.0,0.0,0.008753,4.542921,6.582283
45,30.5,0.0,0.007869,4.551417,6.590032
45,31.0,0.0,0.007074,4.559262,6.597181
45,31.5,0.0,0.00636,4.566499,6.603775
45,32.0,0.0,0.005717,4.573172,6.609854
45,32.5,0.0,0.00514,4.579321,6.615457
45,33.0,0.0,0.004621,4.584983,6.62062
45,33.5,0.0,0.004154,4.590194,6.625374
45,34.0,0.0,0.003735,4.594987,6.629752
45,34.5,0.0,0.003357,4.599393,6.633781
45,35.0,0.0,0.003018,4.603442,6.637489
45,35.5,0.0,0.002713,4.607159,6.640899
45,36.0,0.0,0.002439,4.610572,6.644034
45,36.5,0.0,0.002193,4.613703,6.646916
45,37.0,0.0,0.001971,4.616574,6.649565
45,37.5,0.0,0.001772,4.619206,6.651997
45,38.0,0.0,0.001593,4.621617,6.654232
45,38.5,0.0,0.001432,4.623826,6.656283
45,39.0,0.0,0.001288,4.625848,6.658165
45,39.5,0.0,0.001158,4.627699,6.659892
45,40.0,0.0,0.001041,4.629392,6.661476
45,40.5,0.0,0.000936,4.63094,6.662929
45,41.0,0.0,0.000841,4.632355,6.66426
45,41.5,0.0,0.000756,4.633649,6.66548
45,42.0,0.0,0.00068,4.634831,6.666598
45,42.5,0.0,0.000611,4.63591,6.667622
45,43.0,0.0,0.000549,4.636896,6.66856
45,43.5,0.0,0.000494,4.637795,6.669418
45,44.0,0.0,0.000444,4.638616,6.670203
45,44.5,0.0,0.000399,4.639365,6.670922
45,45.0,0.0,0.000359,4.640048,6.671579
45,45.5,0.0,0.000323,4.640671,6.67218
45,46.0,0.0,0.00029,4.641239,6.672729
45,46.5,0.0,0.000261,4.641756,6.673231
45,47.0,0.0,0.000234,4.642228,6.67369
45,47.5,0.0,0.000211,4.642657,6.674109
45,48.0,0.0,0.000189,4.643048,6.674492
45,48.5,0.0,0.00017,4.643405,6.674842
45,49.0,0.0,0.000153,4.643729,6.675161
45,49.5,0.0,0.000138,4.644024,6.675452
45,50.0,0.0,0.000124,4.644292,6.675718
46,0.0,3.511377,0.0,7.333547,0.707003
46,0.5,2.098449,1.345288,6.726277,0.735949
46,1.0,1.254063,2.032211,5.924632,0.761934
46,1.5,0.749446,2.335869,5.177957,0.78368
46,2.0,0.44788,2.419779,4.548825,0.80059
46,2.5,0.267659,2.380852,4.04194,0.812542
46,3.0,0.159957,2.276265,3.643673,0.81978
46,3.5,0.095593,2.139514,3.336124,0.822802
46,4.0,0.057127,1.99,3.102187,0.822254
46,4.5,0.03414,1.838758,2.927161,0.818841
46,5.0,0.020403,1.691866,2.798995,0.813249
46,5.5,0.012193,1.552491,2.708038,0.806105
46,6.0,0.007287,1.422096,2.646654,0.797952
46,6.5,0.004355,1.301166,2.608824,0.789241
46,7.0,0.002602,1.189633,2.589807,0.780334
46,7.5,0.001555,1.087133,2.585861,0.771514
46,8.0,0.000929,0.993148,2.594015,0.762998
46,8.5,0.000555,0.907101,2.6119,0.754944
46,9.0,0.000332,0.828396,2.637612,0.747467
46,9.5,0.000198,0.756453,2.669608,0.740646
46,10.0,0.000119,0.690718,2.706629,0.73453
46,10.5,7.1e-05,0.630671,2.747638,0.72915
46,11.0,4.2e-05,0.57583,2.791772,0.724518
46,11.5,2.5e-05,0.525749,2.838311,0.720636
46,12.0,1.5e-05,0.480019,2.886645,0.717497
46,12.5,9e-06,0.438263,2.936257,0.715086
46,13.0,5e-06,0.400138,2.986706,0.713385
46,13.5,3e-06,0.365328,3.037613,0.712373
46,14.0,2e-06,0.333546,3.088651,0.712025
46,14.5,1e-06,0.304528,3.139539,0.712316
46,15.0,1e-06,0.278035,3.190036,0.713222
46,15.5,0.0,0.253846,3.239931,0.714716
46,16.0,0.0,0.231762,3.289046,0.716773
46,16.5,0.0,0.211599,3.337228,0.719366
46,17.0,0.0,0.19319,3.384346,0.722472
46,17.5,0.0,0.176382,3.430294,0.726065
46,18.0,0.0,0.161037,3.474981,0.730122
46,18.5,0.0,0.147027,3.518334,0.734618
46,19.0,0.0,0.134236,3.560295,0.739533
46,19.5,0.0,0.122557,3.600823,0.744843
46,20.0,0.0,0.111895,3.639885,0.750527
46,20.5,0.0,0.10216,3.677461,0.756564
46,21.0,0.0,0.093272,3.713542,0.762933
46,21.5,0.0,0.085157,3.748128,0.769616
46,22.0,0.0,0.077749,3.781224,0.776593
46,22.5,0.0,0.070985,3.812846,0.783844
46,23.0,0.0,0.064809,3.843013,0.791353
46,23.5,0.0,0.059171,3.871751,0.7991
46,24.0,0.0,0.054023,3.89909,0.807069
46,24.5,0.0,0.049323,3.925064,0.815242
46,25.0,0.0,0.045032,3.949709,0.823603
46,25.5,0.0,0.041114,3.973066,0.832136
46,26.0,0.0,0.037537,3.995176,0.840826
46,26.5,0.0,0.034271,4.016082,0.849656
46,27.0,0.0,0.03129,4.035829,0.858612
46,27.5,0.0,0.028568,4.054462,0.86768
46,28.0,0.0,0.026082,4.072026,0.876844
46,28.5,0.0,0.023813,4.088567,0.886093
46,29.0,0.0,0.021741,4.10413,0.895411
46,29.5,0.0,0.01985,4.118761,0.904787
46,30.0,0.0,0.018123,4.132503,0.914207
46,30.5,0.0,0.016546,4.1454,0.923659
46,31.0,0.0,0.015107,4.157495,0.933133
46,31.5,0.0,0.013792,4.168828,0.942616
46,32.0,0.0,0.012592,4.179441,0.952097
46,32.5,0.0,0.011497,4.189372,0.961566
46,33.0,0.0,0.010497,4.198659,0.971014
46,33.5,0.0,0.009584,4.207337,0.98043
46,34.0,0.0,0.00875,4.215442,0.989805
46,34.5,0.0,0.007989,4.223007,0.999131
46,35.0,0.0,0.007294,4.230063,1.008399
46,35.5,0.0,0.006659,4.236642,1.017602
46,36.0,0.0,0.00608,4.242772,1.026731
46,36.5,0.0,0.005551,4.248481,1.03578
46,37.0,0.0,0.005068,4.253795,1.044743
46,37.5,0.0,0.004627,4.258739,1.053612
46,38.0,0.0,0.004224,4.263337,1.062383
46,38.5,0.0,0.003857,4.267611,1.07105
46,39.0,0.0,0.003521,4.271582,1.079609
46,39.5,0.0,0.003215,4.27527,1.088053
46,40.0,0.0,0.002935,4.278693,1.09638
46,40.5,0.0,0.00268,4.28187,1.104586
46,41.0,0.0,0.002447,4.284818,1.112667
46,41.5,0.0,0.002234,4.28755,1.12062
46,42.0,0.0,0.00204,4.290083,1.128442
46,42.5,0.0,0.001862,4.292431,1.136131
46,43.0,0.0,0.0017,4.294605,1.143686
46,43.5,0.0,0.001552,4.296618,1.151103
46,44.0,0.0,0.001417,4.298482,1.158382
46,44.5,0.0,0.001294,4.300207,1.165522
46,45.0,0.0,0.001181,4.301803,1.172521
46,45.5,0.0,0.001079,4.303279,1.17938
46,46.0,0.0,0.000985,4.304643,1.186097
46,46.5,0.0,0.000899,4.305905,1.192672
46,47.0,0.0,0.000821,4.307071,1.199106
46,47.5,0.0,0.000749,4.308148,1.205399
46,48.0,0.0,0.000684,4.309143,1.211551
46,48.5,0.0,0.000625,4.310061,1.217563
46,49.0,0.0,0.00057,4.31091,1.223436
46,49.5,0.0,0.000521,4.311692,1.22917
46,50.0,0.0,0.000475,4.312415,1.234768
47,0.0,4.934179,0.0,6.908014,0.798518
47,0.5,2.951121,1.879295,6.501157,0.807489
47,1.0,1.765058,2.824805,5.743186,0.813568
47,1.5,1.055677,3.228774,4.998237,0.815601
47,2.0,0.631398,3.324191,4.365465,0.813332
47,2.5,0.377638,3.248949,3.860167,0.807005
47,3.0,0.225864,3.084203,3.470436,0.797166
47,3.5,0.135089,2.877298,3.177407,0.784521
47,4.0,0.080796,2.65547,2.962539,0.769812
47,4.5,0.048324,2.434033,2.809927,0.753743
47,5.0,0.028903,2.221259,2.706693,0.73693
47,5.5,0.017287,2.021297,2.642698,0.719881
47,6.0,0.010339,1.835903,2.610058,0.702998
47,6.5,0.006184,1.665471,2.602673,0.686582
47,7.0,0.003698,1.509643,2.615819,0.670854
47,7.5,0.002212,1.367669,2.645819,0.655966
47,8.0,0.001323,1.238614,2.689793,0.642014
47,8.5,0.000791,1.121477,2.745458,0.629058
47,9.0,0.000473,1.015263,2.810987,0.617124
47,9.5,0.000283,0.919016,2.884895,0.606216
47,10.0,0.000169,0.831837,2.965957,0.596323
47,10.5,0.000101,0.752896,3.053145,0.587424
47,11.0,6.1e-05,0.681426,3.145584,0.579488
47,11.5,3.6e-05,0.616729,3.242516,0.572482
47,12.0,2.2e-05,0.558167,3.343274,0.566368
47,12.5,1.3e-05,0.505162,3.447263,0.56111
47,13.0,8e-06,0.457188,3.553947,0.556668
47,13.5,5e-06,0.413768,3.662836,0.553006
47,14.0,3e-06,0.374471,3.77348,0.550088
47,14.5,2e-06,0.338906,3.885465,0.547878
47,15.0,1e-06,0.306718,3.998403,0.546343
47,15.5,1e-06,0.277587,4.111937,0.545453
47,16.0,0.0,0.251222,4.225733,0.545176
47,16.5,0.0,0.227362,4.33948,0.545485
47,17.0,0.0,0.205768,4.452889,0.546353
47,17.5,0.0,0.186224,4.565694,0.547756
47,18.0,0.0,0.168537,4.677647,0.54967
47,18.5,0.0,0.15253,4.788523,0.552074
47,19.0,0.0,0.138043,4.898113,0.554946
47,19.5,0.0,0.124932,5.00623,0.558268
47,20.0,0.0,0.113066,5.112704,0.562021
47,20.5,0.0,0.102327,5.217381,0.566188
47,21.0,0.0,0.092609,5.320127,0.570752
47,21.5,0.0,0.083813,5.420823,0.575698
47,22.0,0.0,0.075853,5.519365,0.581012
47,22.5,0.0,0.068648,5.615667,0.586678
47,23.0,0.0,0.062128,5.709653,0.592684
47,23.5,0.0,0.056227,5.801263,0.599016
47,24.0,0.0,0.050887,5.890451,0.605663
47,24.5,0.0,0.046054,5.977179,0.612611
47,25.0,0.0,0.04168,6.061423,0.619849
47,25.5,0.0,0.037721,6.143169,0.627365
47,26.0,0.0,0.034138,6.22241,0.635149
47,26.5,0.0,0.030896,6.29915,0.643188
47,27.0,0.0,0.027962,6.373401,0.651473
47,27.5,0.0,0.025306,6.44518,0.659993
47,28.0,0.0,0.022902,6.514512,0.668737
47,28.5,0.0,0.020727,6.581428,0.677694
47,29.0,0.0,0.018759,6.645962,0.686854
47,29.5,0.0,0.016977,6.708154,0.696206
47,30.0,0.0,0.015364,6.768048,0.705742
47,30.5,0.0,0.013905,6.825692,0.715449
47,31.0,0.0,0.012585,6.881134,0.725319
47,31.5,0.0,0.011389,6.934427,0.73534
47,32.0,0.0,0.010308,6.985625,0.745502
47,32.5,0.0,0.009329,7.034784,0.755796
47,33.0,0.0,0.008443,7.081959,0.766212
47,33.5,0.0,0.007641,7.12721,0.776738
47,34.0,0.0,0.006915,7.170593,0.787366
47,34.5,0.0,0.006258,7.212167,0.798084
47,35.0,0.0,0.005664,7.25199,0.808884
47,35.5,0.0,0.005126,7.290121,0.819755
47,36.0,0.0,0.004639,7.326617,0.830687
47,36.5,0.0,0.004198,7.361535,0.841671
47,37.0,0.0,0.0038,7.394932,0.852696
47,37.5,0.0,0.003439,7.426863,0.863754
47,38.0,0.0,0.003112,7.457382,0.874834
47,38.5,0.0,0.002817,7.486543,0.885928
47,39.0,0.0,0.002549,7.514397,0.897025
47,39.5,0.0,0.002307,7.540998,0.908119
47,40.0,0.0,0.002088,7.566393,0.919198
47,40.5,0.0,0.00189,7.590631,0.930255
47,41.0,0.0,0.00171,7.61376,0.941281
47,41.5,0.0,0.001548,7.635825,0.952268
47,42.0,0.0,0.001401,7.65687,0.963208
47,42.5,0.0,0.001268,7.676938,0.974093
47,43.0,0.0,0.001147,7.696072,0.984915
47,43.5,0.0,0.001038,7.71431,0.995668
47,44.0,0.0,0.00094,7.731692,1.006344
47,44.5,0.0,0.00085,7.748255,1.016936
47,45.0,0.0,0.00077,7.764035,1.027438
47,45.5,0.0,0.000697,7.779066,1.037844
47,46.0,0.0,0.00063,7.793382,1.048148
47,46.5,0.0,0.000571,7.807016,1.058344
47,47.0,0.0,0.000516,7.819997,1.068428
47,47.5,0.0,0.000467,7.832355,1.078393
47,48.0,0.0,0.000423,7.84412,1.088236
47,48.5,0.0,0.000383,7.855317,1.097952
47,49.0,0.0,0.000346,7.865974,1.107537
47,49.5,0.0,0.000313,7.876115,1.116987
47,50.0,0.0,0.000284,7.885764,1.126299
48,0.0,4.610511,0.0,6.106633,0.905885
48,0.5,2.674075,1.809043,6.24279,1.104189
48,1.0,1.550952,2.644078,6.211036,1.339131
48,1.5,0.899545,2.939556,6.130532,1.612772
48,2.0,0.521732,2.944452,6.047178,1.926457
48,2.5,0.302602,2.800526,5.980097,2.280211
48,3.0,0.175508,2.58766,5.936733,2.672284
48,3.5,0.101794,2.35013,5.919034,3.098838
48,4.0,0.05904,2.111802,5.926319,3.553848
48,4.5,0.034243,1.884918,5.956699,4.029294
48,5.0,0.019861,1.675168,6.007799,4.51564
48,5.5,0.011519,1.484611,6.07713,5.00258
48,6.0,0.006681,1.313344,6.16227,5.479924
48,6.5,0.003875,1.160458,6.260952,5.938457
48,7.0,0.002247,1.024573,6.371095,6.370626
48,7.5,0.001304,0.90414,6.49081,6.770957
48,8.0,0.000756,0.797596,6.618393,7.136158
48,8.5,0.000438,0.703452,6.752314,7.464971
48,9.0,0.000254,0.620331,6.891201,7.757836
48,9.5,0.000148,0.54698,7.033825,8.016471
48,10.0,8.6e-05,0.482272,7.179092,8.24345
48,10.5,5e-05,0.425202,7.326022,8.44182
48,11.0,2.9e-05,0.374875,7.47375,8.614806
48,11.5,1.7e-05,0.330499,7.621506,8.765589
48,12.0,1e-05,0.291372,7.768614,8.897161
48,12.5,6e-06,0.256876,7.914481,9.012244
48,13.0,3e-06,0.226463,8.05859,9.113251
48,13.5,2e-06,0.199649,8.200496,9.202283
48,14.0,1e-06,0.17601,8.339817,9.281138
48,14.5,1e-06,0.15517,8.476231,9.351345
48,15.0,0.0,0.136797,8.609468,9.414186
48,15.5,0.0,0.1206,8.739309,9.470736
48,16.0,0.0,0.10632,8.865577,9.521888
48,16.5,0.0,0.093731,8.988135,9.568386
48,17.0,0.0,0.082633,9.106883,9.610848
48,17.5,0.0,0.072849,9.221751,9.649787
48,18.0,0.0,0.064223,9.332699,9.68563
48,18.5,0.0,0.056619,9.439709,9.718735
48,19.0,0.0,0.049915,9.542788,9.749403
48,19.5,0.0,0.044004,9.64196,9.777887
48,20.0,0.0,0.038794,9.737266,9.804403
48,20.5,0.0,0.034201,9.828763,9.829133
48,21.0,0.0,0.030151,9.916516,9.852238
48,21.5,0.0,0.026581,10.000603,9.873855
48,22.0,0.0,0.023434,10.081109,9.894103
48,22.5,0.0,0.020659,10.158127,9.913091
48,23.0,0.0,0.018213,10.231754,9.930911
48,23.5,0.0,0.016056,10.302091,9.947648
48,24.0,0.0,0.014155,10.369242,9.963378
48,24.5,0.0,0.012479,10.433315,9.978169
48,25.0,0.0,0.011002,10.494416,9.992085
48,25.5,0.0,0.009699,10.552653,10.005181
48,26.0,0.0,0.00855,10.608134,10.017512
48,26.5,0.0,0.007538,10.660965,10.029124
48,27.0,0.0,0.006645,10.711253,10.040064
48,27.5,0.0,0.005859,10.759101,10.050372
48,28.0,0.0,0.005165,10.80461,10.060087
48,28.5,0.0,0.004553,10.84788,10.069244
48,29.0,0.0,0.004014,10.889009,10.077878
48,29.5,0.0,0.003539,10.928091,10.086019
48,30.0,0.0,0.00312,10.965217,10.093698
48,30.5,0.0,0.00275,11.000477,10.10094
48,31.0,0.0,0.002425,11.033955,10.107772
48,31.5,0.0,0.002138,11.065735,10.114218
48,32.0,0.0,0.001885,11.095897,10.120301
48,32.5,0.0,0.001661,11.124518,10.126041
48,33.0,0.0,0.001465,11.15167,10.131458
48,33.5,0.0,0.001291,11.177426,10.136572
48,34.0,0.0,0.001138,11.201853,10.141399
48,34.5,0.0,0.001004,11.225017,10.145956
48,35.0,0.0,0.000885,11.246979,10.150258
48,35.5,0.0,0.00078,11.267799,10.154321
48,36.0,0.0,0.000688,11.287535,10.158158
48,36.5,0.0,0.000606,11.30624,10.161781
48,37.0,0.0,0.000534,11.323967,10.165203
48,37.5,0.0,0.000471,11.340765,10.168436
48,38.0,0.0,0.000415,11.356681,10.171489
48,38.5,0.0,0.000366,11.371761,10.174374
48,39.0,0.0,0.000323,11.386047,10.177099
48,39.5,0.0,0.000285,11.39958,10.179674
48,40.0,0.0,0.000251,11.412399,10.182107
48,40.5,0.0,0.000221,11.42454,10.184406
48,41.0,0.0,0.000195,11.436039,10.186579
48,41.5,0.0,0.000172,11.44693,10.188632
48,42.0,0.0,0.000152,11.457243,10.190572
48,42.5,0.0,0.000134,11.467009,10.192407
48,43.0,0.0,0.000118,11.476257,10.19414
48,43.5,0.0,0.000104,11.485013,10.195779
48,44.0,0.0,9.2e-05,11.493304,10.197328
48,44.5,0.0,8.1e-05,11.501154,10.198793
48,45.0,0.0,7.1e-05,11.508586,10.200177
48,45.5,0.0,6.3e-05,11.515622,10.201486
48,46.0,0.0,5.5e-05,11.522283,10.202724
48,46.5,0.0,4.9e-05,11.52859,10.203894
48,47.0,0.0,4.3e-05,11.534559,10.205
48,47.5,0.0,3.8e-05,11.54021,10.206047
48,48.0,0.0,3.3e-05,11.54556,10.207036
48,48.5,0.0,2.9e-05,11.550624,10.207972
48,49.0,0.0,2.6e-05,11.555417,10.208856
48,49.5,0.0,2.3e-05,11.559954,10.209693
48,50.0,0.0,2e-05,11.564249,10.210484
49,0.0,3.480171,0.0,6.749482,0.854094
49,0.5,2.406847,0.982566,6.185861,0.857834
49,1.0,1.664548,1.509557,5.350861,0.858202
49,1.5,1.151183,1.745158,4.552121,0.854032
49,2.0,0.796145,1.799243,3.886268,0.84499
49,2.5,0.550605,1.744693,3.366397,0.83134
49,3.0,0.380792,1.629288,2.976207,0.813764
49,3.5,0.263351,1.483855,2.69219,0.793183
49,4.0,0.182131,1.327843,2.491974,0.770587
49,4.5,0.12596,1.17312,2.356863,0.7469
49,5.0,0.087112,1.026559,2.272074,0.722909
49,5.5,0.060246,0.891783,2.226201,0.699232
49,6.0,0.041665,0.770345,2.210509,0.676321
49,6.5,0.028815,0.662515,2.218296,0.654481
49,7.0,0.019928,0.567796,2.244371,0.633902
49,7.5,0.013782,0.485274,2.284665,0.61468
49,8.0,0.009532,0.413828,2.335942,0.596849
49,8.5,0.006592,0.352273,2.395591,0.580391
49,9.0,0.004559,0.299445,2.461479,0.565263
49,9.5,0.003153,0.254244,2.531846,0.551398
49,10.0,0.002181,0.215663,2.605229,0.538719
49,10.5,0.001508,0.182798,2.680406,0.527145
49,11.0,0.001043,0.154845,2.756357,0.516592
49,11.5,0.000721,0.1311,2.832234,0.506978
49,12.0,0.000499,0.110951,2.907335,0.498226
49,12.5,0.000345,0.093867,2.981085,0.490262
49,13.0,0.000239,0.079391,3.053021,0.483016
49,13.5,0.000165,0.067134,3.122774,0.476425
49,14.0,0.000114,0.056758,3.190063,0.47043
49,14.5,7.9e-05,0.047979,3.254675,0.464977
49,15.0,5.5e-05,0.040552,3.316465,0.460017
49,15.5,3.8e-05,0.034272,3.375337,0.455505
49,16.0,2.6e-05,0.028962,3.431245,0.4514
49,16.5,1.8e-05,0.024473,3.484178,0.447666
49,17.0,1.2e-05,0.020679,3.534158,0.444268
49,17.5,9e-06,0.017472,3.581235,0.441177
49,18.0,6e-06,0.014762,3.625476,0.438365
49,18.5,4e-06,0.012472,3.666968,0.435807
49,19.0,3e-06,0.010537,3.705808,0.433479
49,19.5,2e-06,0.008902,3.742104,0.431363
49,20.0,1e-06,0.00752,3.775969,0.429438
49,20.5,1e-06,0.006353,3.80752,0.427688
49,21.0,1e-06,0.005367,3.836878,0.426097
49,21.5,0.0,0.004534,3.864161,0.424651
49,22.0,0.0,0.00383,3.889489,0.423338
49,22.5,0.0,0.003236,3.912977,0.422147
49,23.0,0.0,0.002734,3.934739,0.421065
49,23.5,0.0,0.002309,3.954884,0.420085
49,24.0,0.0,0.001951,3.973518,0.419196
49,24.5,0.0,0.001648,3.990742,0.418392
49,25.0,0.0,0.001392,4.006652,0.417665
49,25.5,0.0,0.001176,4.021338,0.417007
49,26.0,0.0,0.000993,4.034889,0.416414
49,26.5,0.0,0.000839,4.047384,0.415879
49,27.0,0.0,0.000709,4.058901,0.415398
49,27.5,0.0,0.000599,4.069512,0.414966
49,28.0,0.0,0.000506,4.079284,0.414579
49,28.5,0.0,0.000427,4.08828,0.414232
49,29.0,0.0,0.000361,4.096559,0.413923
49,29.5,0.0,0.000305,4.104175,0.413647
49,30.0,0.0,0.000258,4.11118,0.413403
49,30.5,0.0,0.000218,4.117621,0.413187
49,31.0,0.0,0.000184,4.123542,0.412998
49,31.5,0.0,0.000155,4.128983,0.412832
49,32.0,0.0,0.000131,4.133983,0.412688
49,32.5,0.0,0.000111,4.138577,0.412563
49,33.0,0.0,9.4e-05,4.142796,0.412457
49,33.5,0.0,7.9e-05,4.14667,0.412366
49,34.0,0.0,6.7e-05,4.150228,0.412291
49,34.5,0.0,5.6e-05,4.153495,0.41223
49,35.0,0.0,4.8e-05,4.156494,0.412181
49,35.5,0.0,4e-05,4.159246,0.412144
49,36.0,0.0,3.4e-05,4.161772,0.412116
49,36.5,0.0,2.9e-05,4.164091,0.412099
49,37.0,0.0,2.4e-05,4.166218,0.412089
49,37.5,0.0,2.1e-05,4.16817,0.412088
49,38.0,0.0,1.7e-05,4.169961,0.412093
49,38.5,0.0,1.5e-05,4.171603,0.412105
49,39.0,0.0,1.2e-05,4.17311,0.412123
49,39.5,0.0,1e-05,4.174493,0.412146
49,40.0,0.0,9e-06,4.175761,0.412174
49,40.5,0.0,7e-06,4.176924,0.412205
49,41.0,0.0,6e-06,4.177991,0.412241
49,41.5,0.0,5e-06,4.178969,0.412281
49,42.0,0.0,4e-06,4.179866,0.412323
49,42.5,0.0,4e-06,4.180688,0.412368
49,43.0,0.0,3e-06,4.181443,0.412416
49,43.5,0.0,3e-06,4.182135,0.412466
49,44.0,0.0,2e-06,4.182769,0.412517
49,44.5,0.0,2e-06,4.183351,0.412571
49,45.0,0.0,2e-06,4.183884,0.412626
49,45.5,0.0,1e-06,4.184373,0.412683
49,46.0,0.0,1e-06,4.184821,0.41274
49,46.5,0.0,1e-06,4.185232,0.412799
49,47.0,0.0,1e-06,4.185609,0.412859
49,47.5,0.0,1e-06,4.185954,0.412919
49,48.0,0.0,1e-06,4.186271,0.41298
49,48.5,0.0,1e-06,4.186562,0.413041
49,49.0,0.0,0.0,4.186828,0.413103
49,49.5,0.0,0.0,4.187072,0.413165
49,50.0,0.0,0.0,4.187296,0.413228
50,0.0,3.506953,0.0,6.482137,0.734912
50,0.5,1.632662,1.735053,5.932667,0.760798
50,1.0,0.760086,2.31845,5.178789,0.783079
50,1.5,0.353858,2.394704,4.514532,0.800588
50,2.0,0.164739,2.260119,3.98775,0.813144
50,2.5,0.076694,2.04937,3.588196,0.821099
50,3.0,0.035705,1.822313,3.293266,0.825103
50,3.5,0.016622,1.604338,3.080859,0.825931
50,4.0,0.007739,1.405107,2.932596,0.824366
50,4.5,0.003603,1.227243,2.834035,0.821131
50,5.0,0.001677,1.070333,2.774065,0.816845
50,5.5,0.000781,0.932759,2.744181,0.812019
50,6.0,0.000364,0.812532,2.737849,0.80706
50,6.5,0.000169,0.707644,2.750004,0.802277
50,7.0,7.9e-05,0.616224,2.776684,0.797904
50,7.5,3.7e-05,0.53658,2.814746,0.794107
50,8.0,1.7e-05,0.467213,2.861671,0.791002
50,8.5,8e-06,0.406807,2.915413,0.788667
50,9.0,4e-06,0.354208,2.974298,0.787146
50,9.5,2e-06,0.308407,3.03694,0.78646
50,10.0,1e-06,0.268528,3.102186,0.786616
50,10.5,0.0,0.233806,3.169073,0.787605
50,11.0,0.0,0.203573,3.236795,0.789409
50,11.5,0.0,0.177249,3.304677,0.792006
50,12.0,0.0,0.154329,3.372154,0.795366
50,12.5,0.0,0.134373,3.43876,0.799458
50,13.0,0.0,0.116998,3.504107,0.80425
50,13.5,0.0,0.101869,3.567883,0.809707
50,14.0,0.0,0.088696,3.629835,0.815795
50,14.5,0.0,0.077227,3.689768,0.822478
50,15.0,0.0,0.067241,3.74753,0.829723
50,15.5,0.0,0.058546,3.803015,0.837495
50,16.0,0.0,0.050976,3.856148,0.845762
50,16.5,0.0,0.044384,3.906888,0.85449
50,17.0,0.0,0.038645,3.955219,0.863648
50,17.5,0.0,0.033648,4.001146,0.873206
50,18.0,0.0,0.029297,4.044695,0.883133
50,18.5,0.0,0.025508,4.085906,0.893399
50,19.0,0.0,0.02221,4.124832,0.903977
50,19.5,0.0,0.019338,4.161537,0.914839
50,20.0,0.0,0.016838,4.196092,0.925957
50,20.5,0.0,0.01466,4.228574,0.937306
50,21.0,0.0,0.012765,4.259066,0.948861
50,21.5,0.0,0.011114,4.287652,0.960597
50,22.0,0.0,0.009677,4.314419,0.97249
50,22.5,0.0,0.008426,4.339455,0.984517
50,23.0,0.0,0.007336,4.362847,0.996656
50,23.5,0.0,0.006387,4.384681,1.008886
50,24.0,0.0,0.005562,4.405043,1.021186
50,24.5,0.0,0.004842,4.424015,1.033536
50,25.0,0.0,0.004216,4.441678,1.045917
50,25.5,0.0,0.003671,4.458109,1.05831
50,26.0,0.0,0.003196,4.473384,1.070698
50,26.5,0.0,0.002783,4.487574,1.083064
50,27.0,0.0,0.002423,4.500749,1.095393
50,27.5,0.0,0.00211,4.512973,1.107668
50,28.0,0.0,0.001837,4.524309,1.119876
50,28.5,0.0,0.001599,4.534817,1.132002
50,29.0,0.0,0.001393,4.544551,1.144034
50,29.5,0.0,0.001213,4.553565,1.15596
50,30.0,0.0,0.001056,4.561908,1.167768
50,30.5,0.0,0.000919,4.569628,1.179447
50,31.0,0.0,0.0008,4.576767,1.190989
50,31.5,0.0,0.000697,4.583368,1.202383
50,32.0,0.0,0.000607,4.589468,1.213622
50,32.5,0.0,0.000528,4.595105,1.224698
50,33.0,0.0,0.00046,4.600311,1.235603
50,33.5,0.0,0.000401,4.605118,1.246332
50,34.0,0.0,0.000349,4.609556,1.256879
50,34.5,0.0,0.000304,4.613651,1.267239
50,35.0,0.0,0.000264,4.617431,1.277407
50,35.5,0.0,0.00023,4.620917,1.28738
50,36.0,0.0,0.0002,4.624132,1.297155
50,36.5,0.0,0.000175,4.627097,1.306728
50,37.0,0.0,0.000152,4.62983,1.316099
50,37.5,0.0,0.000132,4.632349,1.325265
50,38.0,0.0,0.000115,4.634671,1.334224
50,38.5,0.0,0.0001,4.636811,1.342978
50,39.0,0.0,8.7e-05,4.638782,1.351524
50,39.5,0.0,7.6e-05,4.640599,1.359863
50,40.0,0.0,6.6e-05,4.642271,1.367997
50,40.5,0.0,5.8e-05,4.643812,1.375925
50,41.0,0.0,5e-05,4.64523,1.383649
50,41.5,0.0,4.4e-05,4.646536,1.39117
50,42.0,0.0,3.8e-05,4.647739,1.39849
50,42.5,0.0,3.3e-05,4.648846,1.405611
50,43.0,0.0,2.9e-05,4.649865,1.412535
50,43.5,0.0,2.5e-05,4.650803,1.419266
50,44.0,0.0,2.2e-05,4.651666,1.425804
50,44.5,0.0,1.9e-05,4.65246,1.432155
50,45.0,0.0,1.7e-05,4.653191,1.438319
50,45.5,0.0,1.4e-05,4.653864,1.444301
50,46.0,0.0,1.3e-05,4.654482,1.450103
50,46.5,0.0,1.1e-05,4.655052,1.455729
50,47.0,0.0,1e-05,4.655575,1.461183
50,47.5,0.0,8e-06,4.656057,1.466468
50,48.0,0.0,7e-06,4.6565,1.471587
50,48.5,0.0,6e-06,4.656908,1.476545
50,49.0,0.0,5e-06,4.657282,1.481344
50,49.5,0.0,5e-06,4.657627,1.485989
50,50.0,0.0,4e-06,4.657944,1.490483
51,0.0,3.777414,0.0,7.834998,1.06127
51,0.5,2.418578,1.260202,6.866366,1.143896
51,1.0,1.548552,1.900395,5.636955,1.221462
51,1.5,0.991497,2.16566,4.591617,1.289701
51,2.0,0.634829,2.209997,3.777231,1.345926
51,2.5,0.406464,2.129481,3.165233,1.388869
51,3.0,0.260248,1.983428,2.714577,1.418635
51,3.5,0.16663,1.807912,2.387891,1.436448
51,4.0,0.106689,1.624379,2.155042,1.444246
51,4.5,0.06831,1.445124,1.992939,1.444267
51,5.0,0.043737,1.276774,1.88431,1.43872
51,5.5,0.028004,1.122493,1.816384,1.429586
51,6.0,0.01793,0.983369,1.779756,1.418518
51,6.5,0.01148,0.859285,1.767487,1.406836
51,7.0,0.00735,0.749462,1.774423,1.395546
51,7.5,0.004706,0.652787,1.796696,1.385399
51,8.0,0.003013,0.568016,1.831357,1.376931
51,8.5,0.001929,0.493893,1.876113,1.370516
51,9.0,0.001235,0.429212,1.929141,1.366404
51,9.5,0.000791,0.372854,1.988955,1.364749
51,10.0,0.000506,0.323803,2.054313,1.365637
51,10.5,0.000324,0.281144,2.124153,1.369102
51,11.0,0.000208,0.244066,2.197548,1.375141
51,11.5,0.000133,0.211854,2.273677,1.38372
51,12.0,8.5e-05,0.183878,2.351804,1.394789
51,12.5,5.4e-05,0.159586,2.431265,1.408279
51,13.0,3.5e-05,0.138496,2.511461,1.424112
51,13.5,2.2e-05,0.12019,2.59185,1.4422
51,14.0,1.4e-05,0.1043,2.671946,1.462449
51,14.5,9e-06,0.09051,2.751315,1.484759
51,15.0,6e-06,0.078542,2.829573,1.509025
51,15.5,4e-06,0.068155,2.906385,1.535138
51,16.0,2e-06,0.059142,2.981463,1.562986
51,16.5,2e-06,0.05132,3.054559,1.592452
51,17.0,1e-06,0.044533,3.125472,1.623418
51,17.5,1e-06,0.038643,3.194037,1.655761
51,18.0,0.0,0.033532,3.260125,1.689357
51,18.5,0.0,0.029097,3.323642,1.724081
51,19.0,0.0,0.025249,3.384521,1.759803
51,19.5,0.0,0.021909,3.442726,1.796394
51,20.0,0.0,0.019011,3.498242,1.833724
51,20.5,0.0,0.016497,3.551077,1.871664
51,21.0,0.0,0.014315,3.601257,1.910083
51,21.5,0.0,0.012422,3.648824,1.948854
51,22.0,0.0,0.010779,3.693831,1.987851
51,22.5,0.0,0.009353,3.736346,2.026951
51,23.0,0.0,0.008116,3.776442,2.066035
51,23.5,0.0,0.007043,3.814202,2.104987
51,24.0,0.0,0.006111,3.849712,2.143698
51,24.5,0.0,0.005303,3.883063,2.182063
51,25.0,0.0,0.004601,3.914349,2.219984
51,25.5,0.0,0.003993,3.943664,2.257369
51,26.0,0.0,0.003465,3.971103,2.294135
51,26.5,0.0,0.003006,3.99676,2.330204
51,27.0,0.0,0.002609,4.02073,2.365506
51,27.5,0.0,0.002264,4.043102,2.39998
51,28.0,0.0,0.001964,4.063968,2.433572
51,28.5,0.0,0.001705,4.083413,2.466235
51,29.0,0.0,0.001479,4.101521,2.49793
51,29.5,0.0,0.001283,4.118373,2.528625
51,30.0,0.0,0.001114,4.134045,2.558297
51,30.5,0.0,0.000966,4.148613,2.586926
51,31.0,0.0,0.000839,4.162145,2.614501
51,31.5,0.0,0.000728,4.17471,2.641017
51,32.0,0.0,0.000631,4.186371,2.666473
51,32.5,0.0,0.000548,4.197188,2.690874
51,33.0,0.0,0.000475,4.207217,2.714228
51,33.5,0.0,0.000413,4.216512,2.73655
51,34.0,0.0,0.000358,4.225125,2.757856
51,34.5,0.0,0.000311,4.233101,2.778165
51,35.0,0.0,0.00027,4.240486,2.797502
51,35.5,0.0,0.000234,4.247321,2.81589
51,36.0,0.0,0.000203,4.253646,2.833357
51,36.5,0.0,0.000176,4.259497,2.849931
51,37.0,0.0,0.000153,4.264907,2.865642
51,37.5,0.0,0.000133,4.26991,2.88052
51,38.0,0.0,0.000115,4.274534,2.894597
51,38.5,0.0,0.0001,4.278808,2.907904
51,39.0,0.0,8.7e-05,4.282757,2.920473
51,39.5,0.0,7.5e-05,4.286405,2.932335
51,40.0,0.0,6.5e-05,4.289774,2.943522
51,40.5,0.0,5.7e-05,4.292886,2.954065
51,41.0,0.0,4.9e-05,4.295759,2.963994
51,41.5,0.0,4.3e-05,4.298411,2.973339
51,42.0,0.0,3.7e-05,4.30086,2.982129
51,42.5,0.0,3.2e-05,4.30312,2.990392
51,43.0,0.0,2.8e-05,4.305205,2.998156
51,43.5,0.0,2.4e-05,4.30713,3.005447
51,44.0,0.0,2.1e-05,4.308905,3.01229
51,44.5,0.0,1.8e-05,4.310544,3.01871
51,45.0,0.0,1.6e-05,4.312055,3.024731
51,45.5,0.0,1.4e-05,4.313448,3.030374
51,46.0,0.0,1.2e-05,4.314734,3.035662
51,46.5,0.0,1e-05,4.31592,3.040615
51,47.0,0.0,9e-06,4.317013,3.045253
51,47.5,0.0,8e-06,4.318021,3.049593
51,48.0,0.0,7e-06,4.318951,3.053655
51,48.5,0.0,6e-06,4.319808,3.057454
51,49.0,0.0,5e-06,4.320598,3.061007
51,49.5,0.0,4e-06,4.321326,3.064329
51,50.0,0.0,4e-06,4.321997,3.067433
52,0.0,5.734151,0.0,9.077234,0.837121
52,0.5,2.397213,3.045273,8.045501,0.866463
52,1.0,1.002176,3.863424,6.763915,0.892695
52,1.5,0.418969,3.818474,5.706203,0.914735
52,2.0,0.175154,3.470511,4.908356,0.932264
52,2.5,0.073225,3.045049,4.327598,0.945448
52,3.0,0.030612,2.629016,3.913874,0.954781
52,3.5,0.012798,2.252508,3.62545,0.960934
52,4.0,0.00535,1.922787,3.430559,0.964642
52,4.5,0.002237,1.638371,3.305734,0.966607
52,5.0,0.000935,1.394792,3.233741,0.96745
52,5.5,0.000391,1.186911,3.201858,0.967691
52,6.0,0.000163,1.009798,3.200586,0.967743
52,6.5,6.8e-05,0.859025,3.222733,0.967922
52,7.0,2.9e-05,0.730725,3.26277,0.968459
52,7.5,1.2e-05,0.621573,3.316382,0.969519
52,8.0,5e-06,0.528718,3.380155,0.971212
52,8.5,2e-06,0.449732,3.451354,0.973604
52,9.0,1e-06,0.382545,3.52777,0.976731
52,9.5,0.0,0.325394,3.607605,0.980603
52,10.0,0.0,0.276782,3.68939,0.985214
52,10.5,0.0,0.235432,3.771928,0.990545
52,11.0,0.0,0.200259,3.854242,0.996567
52,11.5,0.0,0.170341,3.935542,1.003246
52,12.0,0.0,0.144893,4.015195,1.010543
52,12.5,0.0,0.123246,4.092701,1.018419
52,13.0,0.0,0.104834,4.167674,1.026831
52,13.5,0.0,0.089172,4.239824,1.035738
52,14.0,0.0,0.07585,4.308943,1.045096
52,14.5,0.0,0.064518,4.374891,1.054866
52,15.0,0.0,0.054879,4.437588,1.065007
52,15.5,0.0,0.046681,4.497002,1.075479
52,16.0,0.0,0.039707,4.553139,1.086245
52,16.5,0.0,0.033775,4.606042,1.097269
52,17.0,0.0,0.028729,4.655775,1.108516
52,17.5,0.0,0.024437,4.702428,1.119953
52,18.0,0.0,0.020786,4.746102,1.131548
52,18.5,0.0,0.017681,4.786914,1.143271
52,19.0,0.0,0.015039,4.824987,1.155093
52,19.5,0.0,0.012792,4.860451,1.166987
52,20.0,0.0,0.010881,4.893437,1.178928
52,20.5,0.0,0.009256,4.924078,1.19089
52,21.0,0.0,0.007873,4.952508,1.202852
52,21.5,0.0,0.006697,4.978857,1.214792
52,22.0,0.0,0.005696,5.003252,1.22669
52,22.5,0.0,0.004845,5.025817,1.238526
52,23.0,0.0,0.004121,5.046672,1.250285
52,23.5,0.0,0.003506,5.06593,1.261948
52,24.0,0.0,0.002982,5.083701,1.273502
52,24.5,0.0,0.002536,5.100087,1.284933
52,25.0,0.0,0.002158,5.115189,1.296227
52,25.5,0.0,0.001835,5.129097,1.307374
52,26.0,0.0,0.001561,5.141901,1.318363
52,26.5,0.0,0.001328,5.15368,1.329184
52,27.0,0.0,0.001129,5.164513,1.339829
52,27.5,0.0,0.000961,5.174471,1.35029
52,28.0,0.0,0.000817,5.183621,1.360561
52,28.5,0.0,0.000695,5.192025,1.370637
52,29.0,0.0,0.000591,5.199743,1.380511
52,29.5,0.0,0.000503,5.206826,1.39018
52,30.0,0.0,0.000428,5.213327,1.399641
52,30.5,0.0,0.000364,5.21929,1.408891
52,31.0,0.0,0.00031,5.22476,1.417927
52,31.5,0.0,0.000263,5.229775,1.426749
52,32.0,0.0,0.000224,5.234373,1.435355
52,32.5,0.0,0.00019,5.238588,1.443745
52,33.0,0.0,0.000162,5.24245,1.451919
52,33.5,0.0,0.000138,5.245988,1.459878
52,34.0,0.0,0.000117,5.24923,1.467622
52,34.5,0.0,0.0001,5.252199,1.475154
52,35.0,0.0,8.5e-05,5.254918,1.482475
52,35.5,0.0,7.2e-05,5.257408,1.489587
52,36.0,0.0,6.1e-05,5.259688,1.496493
52,36.5,0.0,5.2e-05,5.261775,1.503195
52,37.0,0.0,4.4e-05,5.263686,1.509696
52,37.5,0.0,3.8e-05,5.265435,1.515999
52,38.0,0.0,3.2e-05,5.267035,1.522108
52,38.5,0.0,2.7e-05,5.2685,1.528026
52,39.0,0.0,2.3e-05,5.269841,1.533756
52,39.5,0.0,2e-05,5.271067,1.539303
52,40.0,0.0,1.7e-05,5.272189,1.54467
52,40.5,0.0,1.4e-05,5.273216,1.549862
52,41.0,0.0,1.2e-05,5.274155,1.554882
52,41.5,0.0,1e-05,5.275014,1.559733
52,42.0,0.0,9e-06,5.2758,1.564422
52,42.5,0.0,7e-06,5.276519,1.568951
52,43.0,0.0,6e-06,5.277177,1.573324
52,43.5,0.0,5e-06,5.277779,1.577546
52,44.0,0.0,5e-06,5.278329,1.581621
52,44.5,0.0,4e-06,5.278832,1.585553
52,45.0,0.0,3e-06,5.279292,1.589345
52,45.5,0.0,3e-06,5.279713,1.593003
52,46.0,0.0,2e-06,5.280097,1.596529
52,46.5,0.0,2e-06,5.280449,1.599929
52,47.0,0.0,2e-06,5.280771,1.603205
52,47.5,0.0,1e-06,5.281065,1.606361
52,48.0,0.0,1e-06,5.281334,1.609402
52,48.5,0.0,1e-06,5.28158,1.612331
52,49.0,0.0,1e-06,5.281805,1.615152
52,49.5,0.0,1e-06,5.282011,1.617867
52,50.0,0.0,1e-06,5.282199,1.620481
53,0.0,4.711472,0.0,8.332494,0.89134
53,0.5,3.043776,1.534294,8.11093,0.884986
53,1.0,1.966386,2.302088,7.510693,0.878077
53,1.5,1.270354,2.607229,6.878286,0.870251
53,2.0,0.820694,2.641274,6.316474,0.861446
53,2.5,0.530197,2.523929,5.853268,0.851742
53,3.0,0.342526,2.329071,5.489641,0.841295
53,3.5,0.221284,2.101472,5.216882,0.830307
53,4.0,0.142957,1.867531,5.023556,0.818995
53,4.5,0.092355,1.642148,4.898328,0.80757
53,5.0,0.059665,1.433105,4.831006,0.796224
53,5.5,0.038546,1.243856,4.812816,0.785122
53,6.0,0.024902,1.075287,4.83634,0.774396
53,6.5,0.016087,0.92682,4.895345,0.764149
53,7.0,0.010393,0.797102,4.984581,0.754453
53,7.5,0.006714,0.684418,5.099587,0.745356
53,8.0,0.004338,0.586944,5.23654,0.736886
53,8.5,0.002802,0.50289,5.392128,0.72905
53,9.0,0.00181,0.430575,5.563444,0.721847
53,9.5,0.00117,0.368468,5.747923,0.715262
53,10.0,0.000756,0.315195,5.943275,0.709276
53,10.5,0.000488,0.269544,6.147452,0.703861
53,11.0,0.000315,0.230454,6.358616,0.698991
53,11.5,0.000204,0.197,6.575112,0.694635
53,12.0,0.000132,0.16838,6.795454,0.690763
53,12.5,8.5e-05,0.143905,7.01831,0.687343
53,13.0,5.5e-05,0.122978,7.24249,0.684346
53,13.5,3.5e-05,0.105089,7.466934,0.681744
53,14.0,2.3e-05,0.089798,7.690708,0.679508
53,14.5,1.5e-05,0.07673,7.912988,0.677612
53,15.0,1e-05,0.065562,8.133057,0.676032
53,15.5,6e-06,0.056018,8.350296,0.674746
53,16.0,4e-06,0.047863,8.564173,0.67373
53,16.5,3e-06,0.040895,8.77424,0.672966
53,17.0,2e-06,0.034941,8.980123,0.672435
53,17.5,1e-06,0.029854,9.181514,0.672119
53,18.0,1e-06,0.025507,9.378167,0.672002
53,18.5,0.0,0.021793,9.56989,0.67207
53,19.0,0.0,0.01862,9.75654,0.672308
53,19.5,0.0,0.015909,9.938016,0.672704
53,20.0,0.0,0.013592,10.114254,0.673246
53,20.5,0.0,0.011613,10.285225,0.673923
53,21.0,0.0,0.009922,10.450926,0.674725
53,21.5,0.0,0.008477,10.611381,0.675641
53,22.0,0.0,0.007243,10.766634,0.676664
53,22.5,0.0,0.006188,10.916746,0.677786
53,23.0,0.0,0.005287,11.061795,0.678998
53,23.5,0.0,0.004517,11.20187,0.680293
53,24.0,0.0,0.00386,11.33707,0.681665
53,24.5,0.0,0.003298,11.467504,0.683108
53,25.0,0.0,0.002817,11.593284,0.684615
53,25.5,0.0,0.002407,11.714532,0.686182
53,26.0,0.0,0.002057,11.831368,0.687804
53,26.5,0.0,0.001757,11.943919,0.689475
53,27.0,0.0,0.001501,12.05231,0.691191
53,27.5,0.0,0.001283,12.156669,0.692949
53,28.0,0.0,0.001096,12.257122,0.694744
53,28.5,0.0,0.000936,12.353796,0.696573
53,29.0,0.0,0.0008,12.446815,0.698432
53,29.5,0.0,0.000683,12.536303,0.700318
53,30.0,0.0,0.000584,12.622381,0.702228
53,30.5,0.0,0.000499,12.705167,0.704159
53,31.0,0.0,0.000426,12.784778,0.706109
53,31.5,0.0,0.000364,12.861326,0.708074
53,32.0,0.0,0.000311,12.934923,0.710054
53,32.5,0.0,0.000266,13.005677,0.712044
53,33.0,0.0,0.000227,13.07369,0.714044
53,33.5,0.0,0.000194,13.139066,0.716052
53,34.0,0.0,0.000166,13.201902,0.718064
53,34.5,0.0,0.000142,13.262294,0.720081
53,35.0,0.0,0.000121,13.320333,0.722099
53,35.5,0.0,0.000103,13.376109,0.724118
53,36.0,0.0,8.8e-05,13.429708,0.726136
53,36.5,0.0,7.5e-05,13.481213,0.728151
53,37.0,0.0,6.4e-05,13.530704,0.730163
53,37.5,0.0,5.5e-05,13.578258,0.73217
53,38.0,0.0,4.7e-05,13.62395,0.73417
53,38.5,0.0,4e-05,13.667852,0.736164
53,39.0,0.0,3.4e-05,13.710033,0.738149
53,39.5,0.0,2.9e-05,13.75056,0.740125
53,40.0,0.0,2.5e-05,13.789497,0.742091
53,40.5,0.0,2.1e-05,13.826906,0.744045
53,41.0,0.0,1.8e-05,13.862846,0.745989
53,41.5,0.0,1.6e-05,13.897375,0.747919
53,42.0,0.0,1.3e-05,13.930547,0.749837
53,42.5,0.0,1.1e-05,13.962416,0.75174
53,43.0,0.0,1e-05,13.993033,0.75363
53,43.5,0.0,8e-06,14.022446,0.755504
53,44.0,0.0,7e-06,14.050702,0.757362
53,44.5,0.0,6e-06,14.077848,0.759205
53,45.0,0.0,5e-06,14.103926,0.761031
53,45.5,0.0,4e-06,14.128979,0.76284
53,46.0,0.0,4e-06,14.153046,0.764632
53,46.5,0.0,3e-06,14.176167,0.766407
53,47.0,0.0,3e-06,14.198378,0.768163
53,47.5,0.0,2e-06,14.219715,0.769901
53,48.0,0.0,2e-06,14.240212,0.771621
53,48.5,0.0,2e-06,14.259903,0.773322
53,49.0,0.0,1e-06,14.278819,0.775004
53,49.5,0.0,1e-06,14.296991,0.776666
53,50.0,0.0,1e-06,14.314448,0.77831
54,0.0,3.99418,0.0,6.49003,0.900379
54,0.5,2.741486,1.16216,6.23941,0.933886
54,1.0,1.881674,1.805192,5.720698,0.965169
54,1.5,1.291525,2.112488,5.166286,0.992652
54,2.0,0.886464,2.207182,4.66439,1.015549
54,2.5,0.608443,2.171419,4.243191,1.033617
54,3.0,0.417617,2.05952,3.905532,1.047028
54,3.5,0.28664,1.906988,3.644265,1.056256
54,4.0,0.196741,1.736642,3.449126,1.061966
54,4.5,0.135037,1.562805,3.309712,1.06491
54,5.0,0.092685,1.394146,3.216652,1.065848
54,5.5,0.063617,1.235607,3.161936,1.065489
54,6.0,0.043665,1.089704,3.13889,1.06446
54,6.5,0.02997,0.957411,3.142015,1.063289
54,7.0,0.020571,0.838736,3.166787,1.062406
54,7.5,0.014119,0.733118,3.209471,1.06215
54,8.0,0.009691,0.639676,3.266965,1.062777
54,8.5,0.006652,0.557379,3.336668,1.064477
54,9.0,0.004565,0.485148,3.416377,1.067383
54,9.5,0.003134,0.421922,3.504214,1.071583
54,10.0,0.002151,0.366692,3.59856,1.077129
54,10.5,0.001476,0.318525,3.698012,1.084045
54,11.0,0.001013,0.276571,3.801348,1.092335
54,11.5,0.000695,0.240065,3.9075,1.101986
54,12.0,0.000477,0.208324,4.015533,1.112972
54,12.5,0.000328,0.180743,4.124627,1.12526
54,13.0,0.000225,0.156788,4.234069,1.138808
54,13.5,0.000154,0.135991,4.343234,1.15357
54,14.0,0.000106,0.117941,4.451584,1.169495
54,14.5,7.3e-05,0.102278,4.558652,1.186531
54,15.0,5e-05,0.08869,4.664044,1.204622
54,15.5,3.4e-05,0.076903,4.767422,1.223713
54,16.0,2.4e-05,0.06668,4.868509,1.243743
54,16.5,1.6e-05,0.057814,4.967072,1.264656
54,17.0,1.1e-05,0.050126,5.06293,1.28639
54,17.5,8e-06,0.04346,5.155935,1.308885
54,18.0,5e-06,0.037679,5.245981,1.33208
54,18.5,4e-06,0.032667,5.33299,1.355915
54,19.0,2e-06,0.028321,5.416914,1.380326
54,19.5,2e-06,0.024553,5.497729,1.405253
54,20.0,1e-06,0.021287,5.575432,1.430634
54,20.5,1e-06,0.018455,5.650038,1.456408
54,21.0,1e-06,0.015999,5.72158,1.482514
54,21.5,0.0,0.013871,5.790102,1.508891
54,22.0,0.0,0.012025,5.855661,1.53548
54,22.5,0.0,0.010425,5.91832,1.562222
54,23.0,0.0,0.009038,5.978154,1.589061
54,23.5,0.0,0.007835,6.03524,1.615939
54,24.0,0.0,0.006793,6.089663,1.642803
54,24.5,0.0,0.005889,6.141509,1.6696
54,25.0,0.0,0.005105,6.190866,1.696278
54,25.5,0.0,0.004426,6.237825,1.722791
54,26.0,0.0,0.003837,6.282478,1.749091
54,26.5,0.0,0.003327,6.324914,1.775135
54,27.0,0.0,0.002884,6.365225,1.800881
54,27.5,0.0,0.0025,6.403499,1.82629
54,28.0,0.0,0.002167,6.439826,1.851328
54,28.5,0.0,0.001879,6.47429,1.875961
54,29.0,0.0,0.001629,6.506975,1.900158
54,29.5,0.0,0.001412,6.537964,1.923893
54,30.0,0.0,0.001224,6.567335,1.947141
54,30.5,0.0,0.001061,6.595166,1.96988
54,31.0,0.0,0.00092,6.62153,1.992092
54,31.5,0.0,0.000798,6.6465,2.01376
54,32.0,0.0,0.000692,6.670142,2.034871
54,32.5,0.0,0.0006,6.692525,2.055414
54,33.0,0.0,0.00052,6.71371,2.07538
54,33.5,0.0,0.000451,6.733759,2.094765
54,34.0,0.0,0.000391,6.75273,2.113562
54,34.5,0.0,0.000339,6.770677,2.131772
54,35.0,0.0,0.000294,6.787655,2.149394
54,35.5,0.0,0.000255,6.803713,2.16643
54,36.0,0.0,0.000221,6.818899,2.182883
54,36.5,0.0,0.000191,6.83326,2.198759
54,37.0,0.0,0.000166,6.846838,2.214065
54,37.5,0.0,0.000144,6.859676,2.228808
54,38.0,0.0,0.000125,6.871813,2.242997
54,38.5,0.0,0.000108,6.883286,2.256643
54,39.0,0.0,9.4e-05,6.894132,2.269756
54,39.5,0.0,8.1e-05,6.904382,2.282347
54,40.0,0.0,7e-05,6.91407,2.29443
54,40.5,0.0,6.1e-05,6.923226,2.306016
54,41.0,0.0,5.3e-05,6.931879,2.317119
54,41.5,0.0,4.6e-05,6.940056,2.327753
54,42.0,0.0,4e-05,6.947783,2.337932
54,42.5,0.0,3.4e-05,6.955085,2.347669
54,43.0,0.0,3e-05,6.961984,2.356978
54,43.5,0.0,2.6e-05,6.968502,2.365874
54,44.0,0.0,2.2e-05,6.974661,2.374372
54,44.5,0.0,1.9e-05,6.98048,2.382484
54,45.0,0.0,1.7e-05,6.985978,2.390225
54,45.5,0.0,1.5e-05,6.991172,2.397609
54,46.0,0.0,1.3e-05,6.996079,2.404649
54,46.5,0.0,1.1e-05,7.000715,2.411359
54,47.0,0.0,1e-05,7.005094,2.417752
54,47.5,0.0,8e-06,7.009231,2.423841
54,48.0,0.0,7e-06,7.01314,2.429638
54,48.5,0.0,6e-06,7.016832,2.435155
54,49.0,0.0,5e-06,7.020319,2.440404
54,49.5,0.0,5e-06,7.023614,2.445397
54,50.0,0.0,4e-06,7.026726,2.450145
55,0.0,6.548281,0.0,6.929027,1.199812
55,0.5,4.57053,1.880173,6.70708,1.182507
55,1.0,3.190111,3.020029,6.196601,1.164882
55,1.5,2.226615,3.658981,5.631478,1.14638
55,2.0,1.554119,3.962681,5.103993,1.126811
55,2.5,1.084735,4.045435,4.647208,1.106184
55,3.0,0.757117,3.985827,4.268182,1.084638
55,3.5,0.528448,3.837619,3.962862,1.062389
55,4.0,0.368843,3.637349,3.723015,1.039696
55,4.5,0.257443,3.409621,3.539449,1.016831
55,5.0,0.179688,3.170796,3.403443,0.994056
55,5.5,0.125418,2.931552,3.307289,0.971603
55,6.0,0.087538,2.698669,3.244426,0.94967
55,6.5,0.0611,2.476272,3.209381,0.928417
55,7.0,0.042646,2.266682,3.197635,0.907964
55,7.5,0.029766,2.071018,3.205473,0.888395
55,8.0,0.020776,1.889603,3.229843,0.869764
55,8.5,0.014501,1.722247,3.268229,0.852102
55,9.0,0.010121,1.568439,3.318543,0.835416
55,9.5,0.007064,1.427482,3.379045,0.819699
55,10.0,0.004931,1.298577,3.448265,0.804933
55,10.5,0.003442,1.180882,3.524955,0.79109
55,11.0,0.002402,1.073555,3.608041,0.778134
55,11.5,0.001677,0.975774,3.69659,0.766029
55,12.0,0.00117,0.886754,3.789782,0.754734
55,12.5,0.000817,0.805754,3.88689,0.744208
55,13.0,0.00057,0.732082,3.987267,0.734409
55,13.5,0.000398,0.665096,4.090325,0.725297
55,14.0,0.000278,0.604205,4.195533,0.71683
55,14.5,0.000194,0.548865,4.302408,0.708971
55,15.0,0.000135,0.498577,4.410505,0.701682
55,15.5,9.4e-05,0.452884,4.519418,0.694929
55,16.0,6.6e-05,0.411371,4.628773,0.688677
55,16.5,4.6e-05,0.373657,4.738226,0.682896
55,17.0,3.2e-05,0.339397,4.847462,0.677555
55,17.5,2.2e-05,0.308276,4.956191,0.672626
55,18.0,1.6e-05,0.280006,5.064149,0.668083
55,18.5,1.1e-05,0.254327,5.171093,0.663902
55,19.0,8e-06,0.231003,5.276807,0.660058
55,19.5,5e-06,0.209816,5.381092,0.656531
55,20.0,4e-06,0.190573,5.483771,0.6533
55,20.5,3e-06,0.173094,5.584686,0.650346
55,21.0,2e-06,0.157218,5.6837,0.647652
55,21.5,1e-06,0.142798,5.780689,0.645201
55,22.0,1e-06,0.1297,5.87555,0.642977
55,22.5,1e-06,0.117804,5.968194,0.640966
55,23.0,0.0,0.106999,6.058545,0.639154
55,23.5,0.0,0.097184,6.146545,0.637529
55,24.0,0.0,0.08827,6.232146,0.636079
55,24.5,0.0,0.080174,6.315313,0.634793
55,25.0,0.0,0.07282,6.396022,0.63366
55,25.5,0.0,0.066141,6.474259,0.63267
55,26.0,0.0,0.060074,6.550022,0.631815
55,26.5,0.0,0.054564,6.623314,0.631086
55,27.0,0.0,0.049559,6.694148,0.630474
55,27.5,0.0,0.045013,6.762544,0.629972
55,28.0,0.0,0.040885,6.828528,0.629574
55,28.5,0.0,0.037134,6.892131,0.629272
55,29.0,0.0,0.033728,6.953392,0.629061
55,29.5,0.0,0.030635,7.01235,0.628933
55,30.0,0.0,0.027825,7.06905,0.628885
55,30.5,0.0,0.025273,7.123542,0.62891
55,31.0,0.0,0.022954,7.175876,0.629003
55,31.5,0.0,0.020849,7.226106,0.629161
55,32.0,0.0,0.018937,7.274286,0.629379
55,32.5,0.0,0.0172,7.320472,0.629652
55,33.0,0.0,0.015622,7.364724,0.629977
55,33.5,0.0,0.014189,7.407099,0.63035
55,34.0,0.0,0.012888,7.447655,0.630768
55,34.5,0.0,0.011706,7.486452,0.631227
55,35.0,0.0,0.010632,7.523549,0.631725
55,35.5,0.0,0.009657,7.559005,0.632258
55,36.0,0.0,0.008771,7.592876,0.632825
55,36.5,0.0,0.007966,7.625222,0.633421
55,37.0,0.0,0.007236,7.656098,0.634046
55,37.5,0.0,0.006572,7.68556,0.634696
55,38.0,0.0,0.005969,7.713663,0.635369
55,38.5,0.0,0.005422,7.74046,0.636064
55,39.0,0.0,0.004924,7.766003,0.636779
55,39.5,0.0,0.004473,7.790344,0.637511
55,40.0,0.0,0.004062,7.813532,0.638259
55,40.5,0.0,0.00369,7.835615,0.639022
55,41.0,0.0,0.003351,7.85664,0.639798
55,41.5,0.0,0.003044,7.876652,0.640585
55,42.0,0.0,0.002765,7.895696,0.641382
55,42.5,0.0,0.002511,7.913814,0.642188
55,43.0,0.0,0.002281,7.931046,0.643002
55,43.5,0.0,0.002072,7.947433,0.643823
55,44.0,0.0,0.001882,7.963013,0.644649
55,44.5,0.0,0.001709,7.977822,0.645479
55,45.0,0.0,0.001552,7.991895,0.646313
55,45.5,0.0,0.00141,8.005268,0.64715
55,46.0,0.0,0.001281,8.017972,0.647989
55,46.5,0.0,0.001163,8.030038,0.648828
55,47.0,0.0,0.001056,8.041498,0.649668
55,47.5,0.0,0.00096,8.052379,0.650508
55,48.0,0.0,0.000872,8.062709,0.651347
55,48.5,0.0,0.000792,8.072516,0.652184
55,49.0,0.0,0.000719,8.081823,0.653019
55,49.5,0.0,0.000653,8.090655,0.653852
55,50.0,0.0,0.000593,8.099036,0.654681
56,0.0,3.557381,0.0,3.950291,1.285289
56,0.5,2.466212,1.030869,3.981395,1.255817
56,1.0,1.709742,1.63993,3.863144,1.22709
56,1.5,1.185307,1.967386,3.697469,1.197709
56,2.0,0.821733,2.109323,3.530867,1.167349
56,2.5,0.56968,2.131363,3.383715,1.136176
56,3.0,0.39494,2.078104,3.263629,1.104574
56,3.5,0.273799,1.979664,3.172024,1.072996
56,4.0,0.189815,1.856204,3.107441,1.041878
56,4.5,0.131593,1.721055,3.067232,1.011602
56,5.0,0.091229,1.582878,3.04841,0.982472
56,5.5,0.063246,1.447161,3.04805,0.954716
56,6.0,0.043846,1.317237,3.063467,0.928486
56,6.5,0.030397,1.195002,3.092272,0.903877
56,7.0,0.021073,1.081391,3.132374,0.880931
56,7.5,0.014609,0.976717,3.181956,0.859652
56,8.0,0.010128,0.880893,3.239439,0.840012
56,8.5,0.007022,0.793587,3.303453,0.821967
56,9.0,0.004868,0.714324,3.372805,0.805454
56,9.5,0.003375,0.642558,3.446448,0.790402
56,10.0,0.00234,0.57771,3.523466,0.776735
56,10.5,0.001622,0.519206,3.60305,0.764376
56,11.0,0.001124,0.466487,3.684484,0.753245
56,11.5,0.00078,0.419025,3.767136,0.743266
56,12.0,0.00054,0.376325,3.850445,0.734364
56,12.5,0.000375,0.337929,3.933917,0.726468
56,13.0,0.00026,0.30342,4.017111,0.719511
56,13.5,0.00018,0.272412,4.099644,0.713427
56,14.0,0.000125,0.244557,4.181177,0.708157
56,14.5,8.7e-05,0.21954,4.261417,0.703644
56,15.0,6e-05,0.197075,4.340108,0.699836
56,15.5,4.2e-05,0.176904,4.417035,0.696684
56,16.0,2.9e-05,0.158793,4.492015,0.69414
56,16.5,2e-05,0.142534,4.564896,0.692163
56,17.0,1.4e-05,0.127939,4.635554,0.690713
56,17.5,1e-05,0.114836,4.703894,0.689752
56,18.0,7e-06,0.103075,4.769842,0.689246
56,18.5,5e-06,0.092517,4.833347,0.689162
56,19.0,3e-06,0.083041,4.894377,0.689471
56,19.5,2e-06,0.074535,4.952917,0.690144
56,20.0,2e-06,0.0669,5.008969,0.691156
56,20.5,1e-06,0.060047,5.062547,0.69248
56,21.0,1e-06,0.053896,5.113679,0.694096
56,21.5,1e-06,0.048375,5.162401,0.69598
56,22.0,0.0,0.043419,5.20876,0.698113
56,22.5,0.0,0.038972,5.252809,0.700476
56,23.0,0.0,0.034979,5.29461,0.703051
56,23.5,0.0,0.031396,5.334226,0.705821
56,24.0,0.0,0.02818,5.371728,0.708771
56,24.5,0.0,0.025293,5.407189,0.711885
56,25.0,0.0,0.022702,5.440682,0.715151
56,25.5,0.0,0.020376,5.472285,0.718554
56,26.0,0.0,0.018289,5.502076,0.722083
56,26.5,0.0,0.016415,5.530131,0.725725
56,27.0,0.0,0.014734,5.556529,0.72947
56,27.5,0.0,0.013224,5.581345,0.733306
56,28.0,0.0,0.01187,5.604656,0.737226
56,28.5,0.0,0.010654,5.626536,0.741218
56,29.0,0.0,0.009562,5.647057,0.745275
56,29.5,0.0,0.008583,5.66629,0.749388
56,30.0,0.0,0.007703,5.684303,0.753549
56,30.5,0.0,0.006914,5.701163,0.75775
56,31.0,0.0,0.006206,5.716934,0.761986
56,31.5,0.0,0.00557,5.731678,0.76625
56,32.0,0.0,0.005,5.745452,0.770534
56,32.5,0.0,0.004487,5.758315,0.774834
56,33.0,0.0,0.004028,5.770319,0.779144
56,33.5,0.0,0.003615,5.781517,0.783459
56,34.0,0.0,0.003245,5.791958,0.787773
56,34.5,0.0,0.002912,5.801688,0.792083
56,35.0,0.0,0.002614,5.810752,0.796385
56,35.5,0.0,0.002346,5.819191,0.800673
56,36.0,0.0,0.002106,5.827046,0.804946
56,36.5,0.0,0.00189,5.834354,0.809198
56,37.0,0.0,0.001697,5.841151,0.813427
56,37.5,0.0,0.001523,5.847469,0.81763
56,38.0,0.0,0.001367,5.853341,0.821803
56,38.5,0.0,0.001227,5.858797,0.825945
56,39.0,0.0,0.001101,5.863864,0.830054
56,39.5,0.0,0.000988,5.868568,0.834125
56,40.0,0.0,0.000887,5.872934,0.838159
56,40.5,0.0,0.000796,5.876986,0.842152
56,41.0,0.0,0.000715,5.880744,0.846104
56,41.5,0.0,0.000641,5.88423,0.850012
56,42.0,0.0,0.000576,5.887461,0.853875
56,42.5,0.0,0.000517,5.890457,0.857693
56,43.0,0.0,0.000464,5.893233,0.861462
56,43.5,0.0,0.000416,5.895805,0.865184
56,44.0,0.0,0.000374,5.898187,0.868856
56,44.5,0.0,0.000335,5.900393,0.872478
56,45.0,0.0,0.000301,5.902436,0.87605
56,45.5,0.0,0.00027,5.904327,0.87957
56,46.0,0.0,0.000242,5.906077,0.883039
56,46.5,0.0,0.000218,5.907697,0.886455
56,47.0,0.0,0.000195,5.909195,0.889818
56,47.5,0.0,0.000175,5.910581,0.893129
56,48.0,0.0,0.000157,5.911863,0.896387
56,48.5,0.0,0.000141,5.913048,0.899592
56,49.0,0.0,0.000127,5.914144,0.902743
56,49.5,0.0,0.000114,5.915158,0.905842
56,50.0,0.0,0.000102,5.916094,0.908887
57,0.0,4.620766,0.0,5.1939,1.747777
57,0.5,2.412618,2.077643,4.57148,1.736989
57,1.0,1.259689,2.944307,3.68635,1.716137
57,1.5,0.657715,3.201589,2.977585,1.683081
57,2.0,0.34341,3.161194,2.476277,1.639149
57,2.5,0.179303,2.983718,2.140825,1.587271
57,3.0,0.093619,2.751087,1.925573,1.530827
57,3.5,0.048881,2.504353,1.794677,1.472853
57,4.0,0.025522,2.263407,1.722619,1.415681
57,4.5,0.013326,2.037254,1.691898,1.360896
57,5.0,0.006958,1.829361,1.690668,1.309454
57,5.5,0.003633,1.64043,1.710918,1.26185
57,6.0,0.001897,1.46984,1.7472,1.218261
57,6.5,0.00099,1.316379,1.795761,1.178669
57,7.0,0.000517,1.178622,1.853972,1.142936
57,7.5,0.00027,1.055114,1.919952,1.11086
57,8.0,0.000141,0.944462,1.99231,1.082211
57,8.5,7.4e-05,0.84537,2.069987,1.056748
57,9.0,3.8e-05,0.75665,2.152141,1.034234
57,9.5,2e-05,0.677229,2.238073,1.014442
57,10.0,1e-05,0.606138,2.327183,0.99716
57,10.5,5e-06,0.542506,2.418936,0.982189
57,11.0,3e-06,0.485552,2.51284,0.969348
57,11.5,1e-06,0.434577,2.608438,0.958469
57,12.0,1e-06,0.388953,2.705293,0.9494
57,12.5,0.0,0.348118,2.802993,0.941999
57,13.0,0.0,0.311571,2.901139,0.936141
57,13.5,0.0,0.27886,2.999355,0.931707
57,14.0,0.0,0.249583,3.097281,0.928591
57,14.5,0.0,0.22338,3.194578,0.926694
57,15.0,0.0,0.199928,3.290927,0.925926
57,15.5,0.0,0.178938,3.386032,0.926205
57,16.0,0.0,0.160152,3.479621,0.927453
57,16.5,0.0,0.143338,3.571447,0.9296
57,17.0,0.0,0.12829,3.661287,0.93258
57,17.5,0.0,0.114821,3.748944,0.936333
57,18.0,0.0,0.102766,3.834248,0.9408
57,18.5,0.0,0.091977,3.917052,0.94593
57,19.0,0.0,0.082321,3.997234,0.951671
57,19.5,0.0,0.073678,4.074698,0.957979
57,20.0,0.0,0.065943,4.149367,0.964807
57,20.5,0.0,0.05902,4.221189,0.972116
57,21.0,0.0,0.052823,4.290129,0.979865
57,21.5,0.0,0.047278,4.356172,0.988017
57,22.0,0.0,0.042314,4.419321,0.996537
57,22.5,0.0,0.037872,4.479592,1.005391
57,23.0,0.0,0.033896,4.537016,1.014547
57,23.5,0.0,0.030337,4.591637,1.023974
57,24.0,0.0,0.027152,4.643508,1.033643
57,24.5,0.0,0.024301,4.692693,1.043527
57,25.0,0.0,0.02175,4.739262,1.053599
57,25.5,0.0,0.019467,4.783292,1.063833
57,26.0,0.0,0.017423,4.824866,1.074205
57,26.5,0.0,0.015594,4.86407,1.084691
57,27.0,0.0,0.013957,4.900994,1.095271
57,27.5,0.0,0.012491,4.935729,1.105922
57,28.0,0.0,0.01118,4.968368,1.116625
57,28.5,0.0,0.010006,4.999005,1.127359
57,29.0,0.0,0.008956,5.027733,1.138108
57,29.5,0.0,0.008015,5.054643,1.148855
57,30.0,0.0,0.007174,5.079827,1.159581
57,30.5,0.0,0.006421,5.103374,1.170273
57,31.0,0.0,0.005747,5.125371,1.180916
57,31.5,0.0,0.005143,5.145904,1.191495
57,32.0,0.0,0.004603,5.165054,1.201999
57,32.5,0.0,0.00412,5.182901,1.212416
57,33.0,0.0,0.003688,5.199521,1.222733
57,33.5,0.0,0.0033,5.214987,1.232941
57,34.0,0.0,0.002954,5.229371,1.243031
57,34.5,0.0,0.002644,5.242739,1.252993
57,35.0,0.0,0.002366,5.255155,1.26282
57,35.5,0.0,0.002118,5.26668,1.272504
57,36.0,0.0,0.001895,5.277372,1.282038
57,36.5,0.0,0.001696,5.287285,1.291417
57,37.0,0.0,0.001518,5.296472,1.300635
57,37.5,0.0,0.001359,5.304982,1.309688
57,38.0,0.0,0.001216,5.312859,1.318571
57,38.5,0.0,0.001089,5.320149,1.327282
57,39.0,0.0,0.000974,5.326892,1.335817
57,39.5,0.0,0.000872,5.333126,1.344173
57,40.0,0.0,0.00078,5.338887,1.352349
57,40.5,0.0,0.000699,5.344209,1.360344
57,41.0,0.0,0.000625,5.349123,1.368156
57,41.5,0.0,0.00056,5.35366,1.375785
57,42.0,0.0,0.000501,5.357846,1.383231
57,42.5,0.0,0.000448,5.361707,1.390494
57,43.0,0.0,0.000401,5.365268,1.397574
57,43.5,0.0,0.000359,5.36855,1.404472
57,44.0,0.0,0.000321,5.371575,1.41119
57,44.5,0.0,0.000288,5.374361,1.417728
57,45.0,0.0,0.000257,5.376928,1.424089
57,45.5,0.0,0.00023,5.379291,1.430275
57,46.0,0.0,0.000206,5.381466,1.436287
57,46.5,0.0,0.000185,5.383468,1.442128
57,47.0,0.0,0.000165,5.385309,1.4478
57,47.5,0.0,0.000148,5.387003,1.453306
57,48.0,0.0,0.000132,5.388561,1.458649
57,48.5,0.0,0.000118,5.389994,1.463831
57,49.0,0.0,0.000106,5.39131,1.468856
57,49.5,0.0,9.5e-05,5.39252,1.473726
57,50.0,0.0,8.5e-05,5.393631,1.478446
58,0.0,5.245228,0.0,4.378808,0.98163
58,0.5,2.470665,2.490067,4.219804,0.991037
58,1.0,1.16376,3.221394,3.856346,0.996565
58,1.5,0.548167,3.202605,3.53758,0.997243
58,2.0,0.258204,2.894908,3.306218,0.99377
58,2.5,0.121622,2.504122,3.158804,0.987355
58,3.0,0.057288,2.117795,3.081584,0.979263
58,3.5,0.026984,1.769436,3.060376,0.970604
58,4.0,0.01271,1.468466,3.083082,0.962256
58,4.5,0.005987,1.214092,3.13997,0.954865
58,5.0,0.00282,1.001636,3.223317,0.948871
58,5.5,0.001328,0.825351,3.326976,0.944554
58,6.0,0.000626,0.67962,3.445991,0.942071
58,6.5,0.000295,0.559397,3.576314,0.941492
58,7.0,0.000139,0.460338,3.714595,0.942824
58,7.5,6.5e-05,0.37877,3.858039,0.946032
58,8.0,3.1e-05,0.311633,4.004303,0.951056
58,8.5,1.5e-05,0.256385,4.151429,0.957816
58,9.0,7e-06,0.210926,4.297785,0.966226
58,9.5,3e-06,0.173525,4.442025,0.976192
58,10.0,2e-06,0.142755,4.583055,0.987621
58,10.5,1e-06,0.11744,4.720005,1.000419
58,11.0,0.0,0.096615,4.852197,1.014494
58,11.5,0.0,0.079482,4.979128,1.029757
58,12.0,0.0,0.065387,5.100438,1.046121
58,12.5,0.0,0.053792,5.215899,1.063502
58,13.0,0.0,0.044253,5.325386,1.081818
58,13.5,0.0,0.036405,5.428866,1.100991
58,14.0,0.0,0.029949,5.52638,1.120945
58,14.5,0.0,0.024638,5.618028,1.141606
58,15.0,0.0,0.020269,5.703959,1.162901
58,15.5,0.0,0.016675,5.784356,1.184761
58,16.0,0.0,0.013718,5.859431,1.207118
58,16.5,0.0,0.011285,5.929417,1.229905
58,17.0,0.0,0.009284,5.994555,1.253059
58,17.5,0.0,0.007638,6.055097,1.276517
58,18.0,0.0,0.006283,6.111296,1.300217
58,18.5,0.0,0.005169,6.163405,1.324101
58,19.0,0.0,0.004252,6.211671,1.348112
58,19.5,0.0,0.003498,6.256338,1.372196
58,20.0,0.0,0.002878,6.29764,1.396298
58,20.5,0.0,0.002368,6.335801,1.420369
58,21.0,0.0,0.001948,6.371037,1.444359
58,21.5,0.0,0.001602,6.403552,1.468224
58,22.0,0.0,0.001318,6.43354,1.491918
58,22.5,0.0,0.001084,6.461185,1.515402
58,23.0,0.0,0.000892,6.486658,1.538635
58,23.5,0.0,0.000734,6.51012,1.561583
58,24.0,0.0,0.000604,6.531723,1.584211
58,24.5,0.0,0.000497,6.551607,1.606489
58,25.0,0.0,0.000409,6.569904,1.62839
58,25.5,0.0,0.000336,6.586737,1.649887
58,26.0,0.0,0.000277,6.602219,1.670957
58,26.5,0.0,0.000228,6.616455,1.691582
58,27.0,0.0,0.000187,6.629543,1.711742
58,27.5,0.0,0.000154,6.641574,1.731423
58,28.0,0.0,0.000127,6.652632,1.750612
58,28.5,0.0,0.000104,6.662793,1.7693
58,29.0,0.0,8.6e-05,6.67213,1.787476
58,29.5,0.0,7.1e-05,6.680708,1.805136
58,30.0,0.0,5.8e-05,6.688589,1.822275
58,30.5,0.0,4.8e-05,6.695828,1.838891
58,31.0,0.0,3.9e-05,6.702477,1.854983
58,31.5,0.0,3.2e-05,6.708583,1.870553
58,32.0,0.0,2.7e-05,6.714192,1.885604
58,32.5,0.0,2.2e-05,6.719342,1.900138
58,33.0,0.0,1.8e-05,6.724071,1.914163
58,33.5,0.0,1.5e-05,6.728414,1.927683
58,34.0,0.0,1.2e-05,6.732401,1.940707
58,34.5,0.0,1e-05,6.736062,1.953243
58,35.0,0.0,8e-06,6.739424,1.9653
58,35.5,0.0,7e-06,6.74251,1.976888
58,36.0,0.0,6e-06,6.745343,1.988017
58,36.5,0.0,5e-06,6.747945,1.998699
58,37.0,0.0,4e-06,6.750333,2.008945
58,37.5,0.0,3e-06,6.752525,2.018767
58,38.0,0.0,3e-06,6.754537,2.028176
58,38.5,0.0,2e-06,6.756385,2.037186
58,39.0,0.0,2e-06,6.758081,2.045807
58,39.5,0.0,1e-06,6.759638,2.054054
58,40.0,0.0,1e-06,6.761067,2.061938
58,40.5,0.0,1e-06,6.762379,2.069471
58,41.0,0.0,1e-06,6.763583,2.076666
58,41.5,0.0,1e-06,6.764689,2.083535
58,42.0,0.0,1e-06,6.765703,2.090091
58,42.5,0.0,0.0,6.766635,2.096344
58,43.0,0.0,0.0,6.76749,2.102308
58,43.5,0.0,0.0,6.768274,2.107992
58,44.0,0.0,0.0,6.768995,2.113408
58,44.5,0.0,0.0,6.769656,2.118568
58,45.0,0.0,0.0,6.770263,2.123482
58,45.5,0.0,0.0,6.77082,2.12816
58,46.0,0.0,0.0,6.771332,2.132612
58,46.5,0.0,0.0,6.771801,2.136848
58,47.0,0.0,0.0,6.772232,2.140877
58,47.5,0.0,0.0,6.772627,2.144709
58,48.0,0.0,0.0,6.77299,2.148352
58,48.5,0.0,0.0,6.773323,2.151815
58,49.0,0.0,0.0,6.773629,2.155106
58,49.5,0.0,0.0,6.77391,2.158233
58,50.0,0.0,0.0,6.774168,2.161204
59,0.0,5.303933,0.0,6.595346,0.653446
59,0.5,3.474526,1.731483,6.379675,0.691975
59,1.0,2.276109,2.695299,5.952351,0.730637
59,1.5,1.491045,3.173009,5.499124,0.768563
59,2.0,0.976761,3.347406,5.091699,0.805264
59,2.5,0.639861,3.336745,4.753097,0.840513
59,3.0,0.419163,3.217152,4.485474,0.874277
59,3.5,0.274588,3.037285,4.282638,0.90667
59,4.0,0.179878,2.827927,4.135733,0.937899
59,4.5,0.117835,2.60826,4.035737,0.968226
59,5.0,0.077192,2.389965,3.974461,0.997928
59,5.5,0.050567,2.17989,3.944861,1.027277
59,6.0,0.033126,1.981804,3.941032,1.056526
59,6.5,0.0217,1.797525,3.958091,1.085897
59,7.0,0.014216,1.627656,3.992022,1.115577
59,7.5,0.009312,1.472066,4.039523,1.145724
59,8.0,0.0061,1.330193,4.097868,1.176462
59,8.5,0.003996,1.201237,4.164805,1.207884
59,9.0,0.002618,1.084289,4.238455,1.24006
59,9.5,0.001715,0.978403,4.317247,1.273036
59,10.0,0.001123,0.882647,4.399858,1.306834
59,10.5,0.000736,0.796123,4.485167,1.341461
59,11.0,0.000482,0.717991,4.572225,1.376907
59,11.5,0.000316,0.647468,4.66022,1.413147
59,12.0,0.000207,0.583833,4.748461,1.450144
59,12.5,0.000136,0.526426,4.83636,1.487849
59,13.0,8.9e-05,0.474648,4.923414,1.526205
59,13.5,5.8e-05,0.427951,5.009198,1.565145
59,14.0,3.8e-05,0.385842,5.093352,1.604595
59,14.5,2.5e-05,0.347871,5.175578,1.644477
59,15.0,1.6e-05,0.313634,5.255628,1.684705
59,15.5,1.1e-05,0.282764,5.3333,1.725191
59,16.0,7e-06,0.254932,5.408437,1.765844
59,16.5,5e-06,0.229838,5.480914,1.806572
59,17.0,3e-06,0.207214,5.550642,1.847279
59,17.5,2e-06,0.186816,5.617561,1.887874
59,18.0,1e-06,0.168426,5.681636,1.928263
59,18.5,1e-06,0.151846,5.742855,1.968356
59,19.0,1e-06,0.136898,5.801226,2.008067
59,19.5,0.0,0.123422,5.856774,2.04731
59,20.0,0.0,0.111272,5.909538,2.086006
59,20.5,0.0,0.100318,5.959571,2.12408
59,21.0,0.0,0.090443,6.006937,2.161463
59,21.5,0.0,0.081539,6.051707,2.19809
59,22.0,0.0,0.073512,6.09396,2.233904
59,22.5,0.0,0.066276,6.133782,2.268852
59,23.0,0.0,0.059751,6.171261,2.30289
59,23.5,0.0,0.053869,6.20649,2.335977
59,24.0,0.0,0.048566,6.239563,2.368082
59,24.5,0.0,0.043785,6.270575,2.399176
59,25.0,0.0,0.039475,6.299622,2.429241
59,25.5,0.0,0.035589,6.3268,2.458261
59,26.0,0.0,0.032086,6.352201,2.486227
59,26.5,0.0,0.028927,6.375919,2.513134
59,27.0,0.0,0.026079,6.398045,2.538984
59,27.5,0.0,0.023512,6.418666,2.563782
59,28.0,0.0,0.021197,6.437868,2.587537
59,28.5,0.0,0.019111,6.455734,2.610263
59,29.0,0.0,0.017229,6.472344,2.631975
59,29.5,0.0,0.015533,6.487774,2.652694
59,30.0,0.0,0.014004,6.502098,2.672441
59,30.5,0.0,0.012626,6.515384,2.69124
59,31.0,0.0,0.011383,6.527701,2.709117
59,31.5,0.0,0.010262,6.539111,2.7261
59,32.0,0.0,0.009252,6.549674,2.742217
59,32.5,0.0,0.008341,6.559448,2.757498
59,33.0,0.0,0.00752,6.568486,2.771974
59,33.5,0.0,0.00678,6.576839,2.785673
59,34.0,0.0,0.006112,6.584554,2.798629
59,34.5,0.0,0.005511,6.591677,2.81087
59,35.0,0.0,0.004968,6.59825,2.822428
59,35.5,0.0,0.004479,6.604312,2.833334
59,36.0,0.0,0.004038,6.6099,2.843617
59,36.5,0.0,0.003641,6.61505,2.853306
59,37.0,0.0,0.003282,6.619793,2.862429
59,37.5,0.0,0.002959,6.62416,2.871016
59,38.0,0.0,0.002668,6.628179,2.879093
59,38.5,0.0,0.002405,6.631876,2.886686
59,39.0,0.0,0.002168,6.635277,2.893821
59,39.5,0.0,0.001955,6.638402,2.900521
59,40.0,0.0,0.001762,6.641274,2.906811
59,40.5,0.0,0.001589,6.643913,2.912714
59,41.0,0.0,0.001433,6.646336,2.918249
59,41.5,0.0,0.001292,6.648561,2.92344
59,42.0,0.0,0.001164,6.650602,2.928304
59,42.5,0.0,0.00105,6.652475,2.932861
59,43.0,0.0,0.000946,6.654193,2.93713
59,43.5,0.0,0.000853,6.655769,2.941126
59,44.0,0.0,0.000769,6.657213,2.944866
59,44.5,0.0,0.000694,6.658536,2.948365
59,45.0,0.0,0.000625,6.659749,2.951639
59,45.5,0.0,0.000564,6.66086,2.9547
59,46.0,0.0,0.000508,6.661877,2.957562
59,46.5,0.0,0.000458,6.662809,2.960237
59,47.0,0.0,0.000413,6.663661,2.962737
59,47.5,0.0,0.000372,6.664441,2.965073
59,48.0,0.0,0.000336,6.665155,2.967254
59,48.5,0.0,0.000303,6.665808,2.969291
59,49.0,0.0,0.000273,6.666406,2.971193
59,49.5,0.0,0.000246,6.666952,2.972968
59,50.0,0.0,0.000222,6.667451,2.974626
60,0.0,4.229436,0.0,4.929472,1.112918
60,0.5,2.619736,1.492222,4.937418,1.135917
60,1.0,1.622679,2.219054,4.734427,1.157803
60,1.5,1.005097,2.497929,4.490037,1.177551
60,2.0,0.622563,2.522007,4.267932,1.194912
60,2.5,0.385619,2.407934,4.089947,1.210029
60,3.0,0.238854,2.225358,3.960459,1.22325
60,3.5,0.147948,2.01516,3.876752,1.235022
60,4.0,0.09164,1.800703,3.833586,1.245812
60,4.5,0.056762,1.594757,3.825203,1.256059
60,5.0,0.035159,1.403758,3.846144,1.266152
60,5.5,0.021778,1.23041,3.891544,1.276414
60,6.0,0.013489,1.07528,3.957181,1.287103
60,6.5,0.008355,0.937753,4.039432,1.298416
60,7.0,0.005175,0.816613,4.135195,1.310496
60,7.5,0.003206,0.71038,4.241809,1.323437
60,8.0,0.001986,0.61751,4.356986,1.3373
60,8.5,0.00123,0.536499,4.478749,1.352111
60,9.0,0.000762,0.465941,4.605381,1.367874
60,9.5,0.000472,0.404554,4.735394,1.384573
60,10.0,0.000292,0.351188,4.867491,1.402178
60,10.5,0.000181,0.30482,5.000546,1.420647
60,11.0,0.000112,0.264549,5.133584,1.439929
60,11.5,6.9e-05,0.229582,5.265763,1.459968
60,12.0,4.3e-05,0.199227,5.396363,1.480703
60,12.5,2.7e-05,0.172879,5.524769,1.502068
60,13.0,1.7e-05,0.150013,5.650467,1.523999
60,13.5,1e-05,0.130168,5.773032,1.546426
60,14.0,6e-06,0.112947,5.892114,1.569283
60,14.5,4e-06,0.098004,6.00744,1.592501
60,15.0,2e-06,0.085037,6.118796,1.616013
60,15.5,2e-06,0.073785,6.226029,1.639755
60,16.0,1e-06,0.064022,6.329034,1.663661
60,16.5,1e-06,0.055551,6.427751,1.687669
60,17.0,0.0,0.0482,6.522157,1.71172
60,17.5,0.0,0.041822,6.612265,1.735754
60,18.0,0.0,0.036288,6.698113,1.759719
60,18.5,0.0,0.031486,6.779766,1.783559
60,19.0,0.0,0.02732,6.857309,1.807227
60,19.5,0.0,0.023705,6.930841,1.830676
60,20.0,0.0,0.020568,7.000476,1.853862
60,20.5,0.0,0.017846,7.066339,1.876745
60,21.0,0.0,0.015485,7.128561,1.899288
60,21.5,0.0,0.013436,7.18728,1.921457
60,22.0,0.0,0.011658,7.242639,1.943221
60,22.5,0.0,0.010115,7.29478,1.964554
60,23.0,0.0,0.008777,7.343848,1.985431
60,23.5,0.0,0.007615,7.389986,2.00583
60,24.0,0.0,0.006608,7.433337,2.025734
60,24.5,0.0,0.005733,7.474041,2.045126
60,25.0,0.0,0.004975,7.512233,2.063996
60,25.5,0.0,0.004316,7.548048,2.082332
60,26.0,0.0,0.003745,7.581614,2.100126
60,26.5,0.0,0.00325,7.613056,2.117375
60,27.0,0.0,0.00282,7.642493,2.134075
60,27.5,0.0,0.002447,7.670041,2.150226
60,28.0,0.0,0.002123,7.69581,2.165827
60,28.5,0.0,0.001842,7.719905,2.180883
60,29.0,0.0,0.001598,7.742427,2.195398
60,29.5,0.0,0.001387,7.763471,2.209377
60,30.0,0.0,0.001203,7.783127,2.222828
60,30.5,0.0,0.001044,7.801482,2.23576
60,31.0,0.0,0.000906,7.818617,2.24818
60,31.5,0.0,0.000786,7.834608,2.260101
60,32.0,0.0,0.000682,7.849529,2.271533
60,32.5,0.0,0.000592,7.863448,2.282487
60,33.0,0.0,0.000513,7.876429,2.292976
60,33.5,0.0,0.000445,7.888534,2.303013
60,34.0,0.0,0.000387,7.899818,2.312611
60,34.5,0.0,0.000335,7.910337,2.321783
60,35.0,0.0,0.000291,7.920141,2.330542
60,35.5,0.0,0.000253,7.929276,2.338903
60,36.0,0.0,0.000219,7.937787,2.346878
60,36.5,0.0,0.00019,7.945716,2.354482
60,37.0,0.0,0.000165,7.953101,2.361728
60,37.5,0.0,0.000143,7.959979,2.368629
60,38.0,0.0,0.000124,7.966385,2.375199
60,38.5,0.0,0.000108,7.97235,2.381451
60,39.0,0.0,9.3e-05,7.977904,2.387398
60,39.5,0.0,8.1e-05,7.983074,2.393051
60,40.0,0.0,7e-05,7.987888,2.398424
60,40.5,0.0,6.1e-05,7.992368,2.403529
60,41.0,0.0,5.3e-05,7.996539,2.408377
60,41.5,0.0,4.6e-05,8.000421,2.412979
60,42.0,0.0,4e-05,8.004033,2.417346
60,42.5,0.0,3.5e-05,8.007395,2.42149
60,43.0,0.0,3e-05,8.010524,2.42542
60,43.5,0.0,2.6e-05,8.013435,2.429146
60,44.0,0.0,2.3e-05,8.016144,2.432678
60,44.5,0.0,2e-05,8.018665,2.436025
60,45.0,0.0,1.7e-05,8.02101,2.439195
60,45.5,0.0,1.5e-05,8.023192,2.442199
60,46.0,0.0,1.3e-05,8.025221,2.445043
60,46.5,0.0,1.1e-05,8.02711,2.447735
60,47.0,0.0,1e-05,8.028867,2.450284
60,47.5,0.0,8e-06,8.030501,2.452695
60,48.0,0.0,7e-06,8.032021,2.454977
60,48.5,0.0,6e-06,8.033435,2.457136
60,49.0,0.0,5e-06,8.034751,2.459177
60,49.5,0.0,5e-06,8.035974,2.461108
60,50.0,0.0,4e-06,8.037112,2.462933
61,0.0,5.285361,0.0,8.661541,1.322894
61,0.5,3.098178,2.082489,7.694589,1.316222
61,1.0,1.816093,3.122561,6.349173,1.305215
61,1.5,1.064559,3.567257,5.187836,1.288483
61,2.0,0.624024,3.677265,4.296276,1.265802
61,2.5,0.365791,3.604156,3.645153,1.237724
61,3.0,0.21442,3.435642,3.183069,1.205326
61,3.5,0.125689,3.222103,2.862604,1.169948
61,4.0,0.073676,2.992127,2.646168,1.132944
61,4.5,0.043188,2.761607,2.505702,1.095501
61,5.0,0.025316,2.53907,2.420821,1.058562
61,5.5,0.01484,2.328795,2.37689,1.02281
61,6.0,0.008699,2.132632,2.363435,0.988697
61,6.5,0.005099,1.951066,2.37295,0.956493
61,7.0,0.002989,1.783831,2.400022,0.926332
61,7.5,0.001752,1.630272,2.440718,0.898249
61,8.0,0.001027,1.489546,2.49215,0.872219
61,8.5,0.000602,1.360741,2.552164,0.848174
61,9.0,0.000353,1.242942,2.619131,0.826022
61,9.5,0.000207,1.135263,2.691792,0.805657
61,10.0,0.000121,1.036867,2.769153,0.78697
61,10.5,7.1e-05,0.946972,2.850411,0.76985
61,11.0,4.2e-05,0.864856,2.9349,0.75419
61,11.5,2.4e-05,0.789851,3.022053,0.739885
61,12.0,1.4e-05,0.721346,3.111376,0.726838
61,12.5,8e-06,0.658779,3.202428,0.714958
61,13.0,5e-06,0.601637,3.294813,0.704159
61,13.5,3e-06,0.54945,3.388162,0.694363
61,14.0,2e-06,0.50179,3.482137,0.685495
61,14.5,1e-06,0.458263,3.57642,0.677488
61,15.0,1e-06,0.418512,3.670712,0.67028
61,15.5,0.0,0.382208,3.764735,0.663812
61,16.0,0.0,0.349054,3.858225,0.65803
61,16.5,0.0,0.318776,3.950938,0.652887
61,17.0,0.0,0.291124,4.042644,0.648336
61,17.5,0.0,0.265871,4.133133,0.644335
61,18.0,0.0,0.242808,4.222209,0.640845
61,18.5,0.0,0.221746,4.309694,0.637831
61,19.0,0.0,0.202511,4.395429,0.635258
61,19.5,0.0,0.184944,4.479269,0.633097
61,20.0,0.0,0.168901,4.561088,0.631319
61,20.5,0.0,0.15425,4.640776,0.629896
61,21.0,0.0,0.14087,4.718239,0.628805
61,21.5,0.0,0.12865,4.7934,0.628021
61,22.0,0.0,0.11749,4.866195,0.627525
61,22.5,0.0,0.107299,4.936576,0.627295
61,23.0,0.0,0.097991,5.004508,0.627313
61,23.5,0.0,0.089491,5.069969,0.627561
61,24.0,0.0,0.081728,5.132951,0.628024
61,24.5,0.0,0.074639,5.193454,0.628686
61,25.0,0.0,0.068164,5.251491,0.629532
61,25.5,0.0,0.062251,5.307082,0.63055
61,26.0,0.0,0.056851,5.360257,0.631726
61,26.5,0.0,0.05192,5.411055,0.633049
61,27.0,0.0,0.047416,5.459518,0.634508
61,27.5,0.0,0.043303,5.505696,0.636092
61,28.0,0.0,0.039547,5.549645,0.637792
61,28.5,0.0,0.036116,5.591424,0.639597
61,29.0,0.0,0.032983,5.631095,0.641501
61,29.5,0.0,0.030122,5.668725,0.643493
61,30.0,0.0,0.027509,5.704381,0.645567
61,30.5,0.0,0.025123,5.738132,0.647715
61,31.0,0.0,0.022944,5.77005,0.649931
61,31.5,0.0,0.020954,5.800205,0.652208
61,32.0,0.0,0.019136,5.82867,0.654539
61,32.5,0.0,0.017476,5.855515,0.65692
61,33.0,0.0,0.01596,5.880812,0.659345
61,33.5,0.0,0.014576,5.90463,0.661808
61,34.0,0.0,0.013311,5.927038,0.664304
61,34.5,0.0,0.012157,5.948104,0.666831
61,35.0,0.0,0.011102,5.967893,0.669382
61,35.5,0.0,0.010139,5.98647,0.671954
61,36.0,0.0,0.00926,6.003897,0.674544
61,36.5,0.0,0.008456,6.020234,0.677147
61,37.0,0.0,0.007723,6.035541,0.67976
61,37.5,0.0,0.007053,6.049872,0.682381
61,38.0,0.0,0.006441,6.063283,0.685007
61,38.5,0.0,0.005882,6.075825,0.687633
61,39.0,0.0,0.005372,6.087548,0.690259
61,39.5,0.0,0.004906,6.098499,0.692882
61,40.0,0.0,0.004481,6.108724,0.695499
61,40.5,0.0,0.004092,6.118267,0.698108
61,41.0,0.0,0.003737,6.127169,0.700707
61,41.5,0.0,0.003413,6.135468,0.703295
61,42.0,0.0,0.003117,6.143202,0.70587
61,42.5,0.0,0.002846,6.150407,0.70843
61,43.0,0.0,0.002599,6.157115,0.710974
61,43.5,0.0,0.002374,6.163359,0.7135
61,44.0,0.0,0.002168,6.169168,0.716008
61,44.5,0.0,0.00198,6.17457,0.718495
61,45.0,0.0,0.001808,6.179593,0.720962
61,45.5,0.0,0.001651,6.18426,0.723406
61,46.0,0.0,0.001508,6.188596,0.725828
61,46.5,0.0,0.001377,6.192623,0.728226
61,47.0,0.0,0.001258,6.196362,0.730599
61,47.5,0.0,0.001149,6.199831,0.732948
61,48.0,0.0,0.001049,6.20305,0.73527
61,48.5,0.0,0.000958,6.206036,0.737567
61,49.0,0.0,0.000875,6.208804,0.739837
61,49.5,0.0,0.000799,6.211371,0.74208
61,50.0,0.0,0.00073,6.213749,0.744296
62,0.0,4.527709,0.0,6.870052,1.03781
62,0.5,2.83115,1.604278,6.575413,1.044889
62,1.0,1.770302,2.448088,6.012495,1.04977
62,1.5,1.10696,2.832208,5.438816,1.051624
62,2.0,0.692176,2.94314,4.933206,1.050255
62,2.5,0.432813,2.896086,4.515089,1.045808
62,3.0,0.270636,2.761806,4.182192,1.038635
62,3.5,0.169227,2.5834,3.924825,1.029211
62,4.0,0.105817,2.386781,3.731634,1.01806
62,4.5,0.066167,2.187223,3.591872,1.005701
62,5.0,0.041374,1.993435,3.496175,0.992615
62,5.5,0.025871,1.810109,3.436697,0.979219
62,6.0,0.016177,1.639498,3.406998,0.965863
62,6.5,0.010115,1.482397,3.401835,0.952824
62,7.0,0.006325,1.338751,3.416954,0.940316
62,7.5,0.003955,1.208029,3.448895,0.928499
62,8.0,0.002473,1.089451,3.494829,0.917483
62,8.5,0.001546,0.982124,3.552427,0.907342
62,9.0,0.000967,0.885129,3.619755,0.898119
62,9.5,0.000605,0.797561,3.695187,0.889833
62,10.0,0.000378,0.718563,3.777346,0.882487
62,10.5,0.000236,0.64733,3.86505,0.876068
62,11.0,0.000148,0.583122,3.957275,0.870556
62,11.5,9.2e-05,0.525259,4.053127,0.865923
62,12.0,5.8e-05,0.473124,4.151814,0.862137
62,12.5,3.6e-05,0.426154,4.252637,0.859162
62,13.0,2.3e-05,0.383842,4.354971,0.856962
62,13.5,1.4e-05,0.345727,4.458254,0.855499
62,14.0,9e-06,0.311395,4.561984,0.854734
62,14.5,6e-06,0.280471,4.66571,0.854632
62,15.0,3e-06,0.252617,4.769026,0.855155
62,15.5,2e-06,0.227528,4.871568,0.856267
62,16.0,1e-06,0.204931,4.973014,0.857936
62,16.5,1e-06,0.184578,5.073075,0.860127
62,17.0,1e-06,0.166247,5.171499,0.862808
62,17.5,0.0,0.149735,5.268062,0.86595
62,18.0,0.0,0.134864,5.362573,0.869524
62,18.5,0.0,0.121469,5.454866,0.873501
62,19.0,0.0,0.109405,5.544804,0.877854
62,19.5,0.0,0.098539,5.632272,0.882558
62,20.0,0.0,0.088753,5.717177,0.88759
62,20.5,0.0,0.079938,5.799447,0.892925
62,21.0,0.0,0.071998,5.879029,0.898541
62,21.5,0.0,0.064848,5.955889,0.904417
62,22.0,0.0,0.058407,6.030006,0.910532
62,22.5,0.0,0.052606,6.101376,0.916867
62,23.0,0.0,0.047381,6.170006,0.923403
62,23.5,0.0,0.042676,6.235915,0.930122
62,24.0,0.0,0.038437,6.299133,0.937007
62,24.5,0.0,0.03462,6.359697,0.944041
62,25.0,0.0,0.031181,6.417654,0.951209
62,25.5,0.0,0.028084,6.473057,0.958495
62,26.0,0.0,0.025295,6.525964,0.965885
62,26.5,0.0,0.022783,6.576438,0.973365
62,27.0,0.0,0.02052,6.624547,0.980921
62,27.5,0.0,0.018482,6.67036,0.988541
62,28.0,0.0,0.016646,6.713951,0.996212
62,28.5,0.0,0.014993,6.755394,1.003924
62,29.0,0.0,0.013504,6.794764,1.011663
62,29.5,0.0,0.012163,6.832137,1.019421
62,30.0,0.0,0.010955,6.867591,1.027187
62,30.5,0.0,0.009867,6.9012,1.03495
62,31.0,0.0,0.008887,6.933041,1.042703
62,31.5,0.0,0.008004,6.963189,1.050436
62,32.0,0.0,0.007209,6.991716,1.058141
62,32.5,0.0,0.006493,7.018694,1.06581
62,33.0,0.0,0.005848,7.044195,1.073436
62,33.5,0.0,0.005267,7.068287,1.081012
62,34.0,0.0,0.004744,7.091036,1.088531
62,34.5,0.0,0.004273,7.112508,1.095987
62,35.0,0.0,0.003849,7.132765,1.103375
62,35.5,0.0,0.003466,7.151868,1.110689
62,36.0,0.0,0.003122,7.169875,1.117924
62,36.5,0.0,0.002812,7.186842,1.125076
62,37.0,0.0,0.002533,7.202824,1.13214
62,37.5,0.0,0.002281,7.217872,1.139113
62,38.0,0.0,0.002055,7.232037,1.145991
62,38.5,0.0,0.001851,7.245365,1.15277
62,39.0,0.0,0.001667,7.257902,1.159449
62,39.5,0.0,0.001501,7.269692,1.166023
62,40.0,0.0,0.001352,7.280776,1.172492
62,40.5,0.0,0.001218,7.291193,1.178852
62,41.0,0.0,0.001097,7.300981,1.185103
62,41.5,0.0,0.000988,7.310175,1.191243
62,42.0,0.0,0.00089,7.31881,1.19727
62,42.5,0.0,0.000801,7.326918,1.203183
62,43.0,0.0,0.000722,7.334529,1.208982
62,43.5,0.0,0.00065,7.341671,1.214666
62,44.0,0.0,0.000586,7.348374,1.220235
62,44.5,0.0,0.000527,7.354661,1.225689
62,45.0,0.0,0.000475,7.360559,1.231027
62,45.5,0.0,0.000428,7.36609,1.23625
62,46.0,0.0,0.000385,7.371275,1.241358
62,46.5,0.0,0.000347,7.376137,1.246351
62,47.0,0.0,0.000313,7.380694,1.251231
62,47.5,0.0,0.000282,7.384965,1.255998
62,48.0,0.0,0.000254,7.388966,1.260652
62,48.5,0.0,0.000228,7.392716,1.265196
62,49.0,0.0,0.000206,7.396228,1.269629
62,49.5,0.0,0.000185,7.399518,1.273953
62,50.0,0.0,0.000167,7.4026,1.27817
63,0.0,2.887796,0.0,7.105691,1.514806
63,0.5,2.00188,0.828425,7.084975,1.493931
63,1.0,1.387744,1.303349,6.929415,1.473437
63,1.5,0.962013,1.545135,6.7232,1.452689
63,2.0,0.666887,1.635793,6.508528,1.431467
63,2.5,0.4623,1.630914,6.306752,1.409767
63,3.0,0.320476,1.56793,6.12815,1.387704
63,3.5,0.22216,1.471815,5.976931,1.36545
63,4.0,0.154006,1.359023,5.853959,1.343206
63,4.5,0.10676,1.240208,5.758288,1.321169
63,5.0,0.074008,1.12209,5.688044,1.299527
63,5.5,0.051304,1.008742,5.640939,1.278442
63,6.0,0.035565,0.902476,5.614557,1.258054
63,6.5,0.024654,0.80444,5.606519,1.238471
63,7.0,0.017091,0.715032,5.614572,1.219779
63,7.5,0.011848,0.634177,5.636627,1.202035
63,8.0,0.008213,0.561515,5.67078,1.185279
63,8.5,0.005694,0.496526,5.715305,1.16953
63,9.0,0.003947,0.438608,5.768654,1.15479
63,9.5,0.002736,0.387136,5.829441,1.141053
63,10.0,0.001897,0.341489,5.896432,1.128299
63,10.5,0.001315,0.301077,5.968528,1.116502
63,11.0,0.000911,0.265344,6.044755,1.105633
63,11.5,0.000632,0.233781,6.124251,1.095655
63,12.0,0.000438,0.205924,6.206254,1.08653
63,12.5,0.000304,0.181352,6.290093,1.078219
63,13.0,0.00021,0.159689,6.375179,1.070683
63,13.5,0.000146,0.140597,6.460995,1.063881
63,14.0,0.000101,0.123776,6.547089,1.057774
63,14.5,7e-05,0.10896,6.633069,1.052323
63,15.0,4.9e-05,0.095912,6.718595,1.047491
63,15.5,3.4e-05,0.084423,6.803373,1.043242
63,16.0,2.3e-05,0.074307,6.887153,1.039541
63,16.5,1.6e-05,0.065402,6.969722,1.036355
63,17.0,1.1e-05,0.057562,7.0509,1.033653
63,17.5,8e-06,0.050662,7.130537,1.031404
63,18.0,5e-06,0.044588,7.208512,1.029581
63,18.5,4e-06,0.039242,7.284723,1.028155
63,19.0,3e-06,0.034536,7.359094,1.027102
63,19.5,2e-06,0.030395,7.431563,1.026398
63,20.0,1e-06,0.02675,7.502088,1.02602
63,20.5,1e-06,0.023542,7.570638,1.025946
63,21.0,1e-06,0.020719,7.637197,1.026156
63,21.5,0.0,0.018234,7.701759,1.02663
63,22.0,0.0,0.016047,7.764326,1.027352
63,22.5,0.0,0.014123,7.82491,1.028302
63,23.0,0.0,0.012429,7.88353,1.029467
63,23.5,0.0,0.010938,7.94021,1.030829
63,24.0,0.0,0.009626,7.994978,1.032376
63,24.5,0.0,0.008472,8.04787,1.034093
63,25.0,0.0,0.007456,8.09892,1.035967
63,25.5,0.0,0.006562,8.148169,1.037986
63,26.0,0.0,0.005775,8.19566,1.040139
63,26.5,0.0,0.005082,8.241435,1.042416
63,27.0,0.0,0.004473,8.28554,1.044805
63,27.5,0.0,0.003936,8.32802,1.047297
63,28.0,0.0,0.003464,8.368922,1.049883
63,28.5,0.0,0.003049,8.408294,1.052554
63,29.0,0.0,0.002683,8.446181,1.055303
63,29.5,0.0,0.002361,8.482631,1.05812
63,30.0,0.0,0.002078,8.517689,1.061
63,30.5,0.0,0.001829,8.551403,1.063935
63,31.0,0.0,0.001609,8.583816,1.066918
63,31.5,0.0,0.001416,8.614974,1.069944
63,32.0,0.0,0.001247,8.644919,1.073006
63,32.5,0.0,0.001097,8.673695,1.076099
63,33.0,0.0,0.000965,8.701344,1.079218
63,33.5,0.0,0.00085,8.727906,1.082358
63,34.0,0.0,0.000748,8.75342,1.085514
63,34.5,0.0,0.000658,8.777926,1.088681
63,35.0,0.0,0.000579,8.801461,1.091857
63,35.5,0.0,0.00051,8.824061,1.095036
63,36.0,0.0,0.000449,8.845761,1.098215
63,36.5,0.0,0.000395,8.866596,1.101391
63,37.0,0.0,0.000347,8.886598,1.10456
63,37.5,0.0,0.000306,8.9058,1.10772
63,38.0,0.0,0.000269,8.924232,1.110867
63,38.5,0.0,0.000237,8.941925,1.114
63,39.0,0.0,0.000208,8.958907,1.117114
63,39.5,0.0,0.000183,8.975205,1.120209
63,40.0,0.0,0.000161,8.990847,1.123282
63,40.5,0.0,0.000142,9.005859,1.126331
63,41.0,0.0,0.000125,9.020265,1.129355
63,41.5,0.0,0.00011,9.034089,1.13235
63,42.0,0.0,9.7e-05,9.047355,1.135317
63,42.5,0.0,8.5e-05,9.060084,1.138253
63,43.0,0.0,7.5e-05,9.072298,1.141157
63,43.5,0.0,6.6e-05,9.084018,1.144027
63,44.0,0.0,5.8e-05,9.095263,1.146864
63,44.5,0.0,5.1e-05,9.106052,1.149665
63,45.0,0.0,4.5e-05,9.116404,1.15243
63,45.5,0.0,4e-05,9.126335,1.155158
63,46.0,0.0,3.5e-05,9.135864,1.157848
63,46.5,0.0,3.1e-05,9.145006,1.1605
63,47.0,0.0,2.7e-05,9.153776,1.163113
63,47.5,0.0,2.4e-05,9.162191,1.165687
63,48.0,0.0,2.1e-05,9.170263,1.168221
63,48.5,0.0,1.8e-05,9.178008,1.170714
63,49.0,0.0,1.6e-05,9.185437,1.173168
63,49.5,0.0,1.4e-05,9.192565,1.17558
63,50.0,0.0,1.3e-05,9.199402,1.177952
64,0.0,6.938825,0.0,6.374004,0.995395
64,0.5,4.805077,1.991691,5.929484,0.99181
64,1.0,3.327474,3.126022,5.140196,0.983822
64,1.5,2.304248,3.696751,4.367843,0.969824
64,2.0,1.595672,3.903602,3.720525,0.949706
64,2.5,1.104989,3.881631,3.214564,0.924221
64,3.0,0.765195,3.721519,2.835053,0.894588
64,3.5,0.529891,3.483561,2.559324,0.862186
64,4.0,0.366945,3.207321,2.365609,0.828326
64,4.5,0.254106,2.918277,2.235698,0.794122
64,5.0,0.175967,2.632384,2.155255,0.760443
64,5.5,0.121855,2.359216,2.113317,0.727917
64,6.0,0.084384,2.104105,2.101609,0.696964
64,6.5,0.058435,1.869606,2.113896,0.66784
64,7.0,0.040466,1.656493,2.14546,0.640673
64,7.5,0.028022,1.464426,2.192692,0.615503
64,8.0,0.019405,1.292405,2.252785,0.59231
64,8.5,0.013438,1.139061,2.323515,0.57103
64,9.0,0.009306,1.00286,2.403081,0.551575
64,9.5,0.006444,0.88222,2.489987,0.533843
64,10.0,0.004462,0.775592,2.582965,0.517725
64,10.5,0.00309,0.681506,2.680919,0.503109
64,11.0,0.00214,0.598596,2.78288,0.489887
64,11.5,0.001482,0.525607,2.887986,0.477955
64,12.0,0.001026,0.461404,2.995458,0.467211
64,12.5,0.000711,0.404964,3.104587,0.457564
64,13.0,0.000492,0.355374,3.214731,0.448926
64,13.5,0.000341,0.311819,3.325303,0.441217
64,14.0,0.000236,0.273575,3.435771,0.434363
64,14.5,0.000163,0.240004,3.545653,0.428297
64,15.0,0.000113,0.21054,3.654515,0.422955
64,15.5,7.8e-05,0.184685,3.76197,0.418281
64,16.0,5.4e-05,0.161999,3.867677,0.414223
64,16.5,3.8e-05,0.142095,3.971336,0.410733
64,17.0,2.6e-05,0.124634,4.072688,0.407768
64,17.5,1.8e-05,0.109316,4.171513,0.405289
64,18.0,1.2e-05,0.09588,4.267628,0.40326
64,18.5,9e-06,0.084094,4.360883,0.401646
64,19.0,6e-06,0.073757,4.451161,0.400419
64,19.5,4e-06,0.064689,4.538373,0.39955
64,20.0,3e-06,0.056736,4.622456,0.399015
64,20.5,2e-06,0.049761,4.703374,0.398789
64,21.0,1e-06,0.043643,4.781111,0.398853
64,21.5,1e-06,0.038277,4.855669,0.399185
64,22.0,1e-06,0.033571,4.92707,0.399768
64,22.5,0.0,0.029443,4.99535,0.400585
64,23.0,0.0,0.025823,5.060555,0.401621
64,23.5,0.0,0.022648,5.122747,0.402862
64,24.0,0.0,0.019863,5.181994,0.404294
64,24.5,0.0,0.017421,5.238373,0.405906
64,25.0,0.0,0.015279,5.291965,0.407685
64,25.5,0.0,0.0134,5.34286,0.40962
64,26.0,0.0,0.011752,5.391148,0.411704
64,26.5,0.0,0.010307,5.436923,0.413924
64,27.0,0.0,0.00904,5.48028,0.416274
64,27.5,0.0,0.007928,5.521316,0.418746
64,28.0,0.0,0.006954,5.560127,0.42133
64,28.5,0.0,0.006099,5.59681,0.42402
64,29.0,0.0,0.005349,5.631459,0.42681
64,29.5,0.0,0.004691,5.664167,0.429693
64,30.0,0.0,0.004114,5.695027,0.432663
64,30.5,0.0,0.003608,5.724127,0.435714
64,31.0,0.0,0.003165,5.751555,0.438841
64,31.5,0.0,0.002776,5.777395,0.442039
64,32.0,0.0,0.002434,5.801727,0.445302
64,32.5,0.0,0.002135,5.824632,0.448627
64,33.0,0.0,0.001872,5.846184,0.452008
64,33.5,0.0,0.001642,5.866457,0.455442
64,34.0,0.0,0.00144,5.885519,0.458925
64,34.5,0.0,0.001263,5.903438,0.462452
64,35.0,0.0,0.001108,5.920277,0.46602
64,35.5,0.0,0.000972,5.936098,0.469626
64,36.0,0.0,0.000852,5.950957,0.473267
64,36.5,0.0,0.000747,5.96491,0.476938
64,37.0,0.0,0.000655,5.978009,0.480637
64,37.5,0.0,0.000575,5.990304,0.484362
64,38.0,0.0,0.000504,6.001841,0.488108
64,38.5,0.0,0.000442,6.012667,0.491874
64,39.0,0.0,0.000388,6.022822,0.495657
64,39.5,0.0,0.00034,6.032346,0.499455
64,40.0,0.0,0.000298,6.041279,0.503265
64,40.5,0.0,0.000262,6.049654,0.507084
64,41.0,0.0,0.000229,6.057506,0.510911
64,41.5,0.0,0.000201,6.064866,0.514743
64,42.0,0.0,0.000177,6.071765,0.518579
64,42.5,0.0,0.000155,6.078231,0.522417
64,43.0,0.0,0.000136,6.08429,0.526253
64,43.5,0.0,0.000119,6.089967,0.530088
64,44.0,0.0,0.000104,6.095286,0.533919
64,44.5,0.0,9.2e-05,6.100269,0.537744
64,45.0,0.0,8e-05,6.104937,0.541561
64,45.5,0.0,7e-05,6.10931,0.54537
64,46.0,0.0,6.2e-05,6.113405,0.549169
64,46.5,0.0,5.4e-05,6.117241,0.552956
64,47.0,0.0,4.8e-05,6.120833,0.55673
64,47.5,0.0,4.2e-05,6.124196,0.56049
64,48.0,0.0,3.7e-05,6.127346,0.564234
64,48.5,0.0,3.2e-05,6.130295,0.567961
64,49.0,0.0,2.8e-05,6.133057,0.571671
64,49.5,0.0,2.5e-05,6.135642,0.575361
64,50.0,0.0,2.2e-05,6.138063,0.579031
65,0.0,4.916502,0.0,7.012631,1.085091
65,0.5,2.89172,1.696646,6.419459,1.148022
65,1.0,1.700812,2.213479,5.650868,1.206731
65,1.5,1.00036,2.172793,4.986267,1.259185
65,2.0,0.588378,1.901924,4.471896,1.304763
65,2.5,0.346064,1.565686,4.096762,1.343769
65,3.0,0.203543,1.241166,3.836472,1.377097
65,3.5,0.119717,0.95948,3.666295,1.405941
65,4.0,0.070414,0.728737,3.564854,1.431546
65,4.5,0.041415,0.546406,3.514742,1.455045
65,5.0,0.024359,0.405767,3.502171,1.477377
65,5.5,0.014327,0.299119,3.516395,1.499263
65,6.0,0.008427,0.21925,3.54914,1.521221
65,6.5,0.004956,0.15999,3.594117,1.543595
65,7.0,0.002915,0.116336,3.646607,1.566594
65,7.5,0.001715,0.084356,3.703125,1.590323
65,8.0,0.001008,0.061029,3.761147,1.614812
65,8.5,0.000593,0.044072,3.818885,1.640041
65,9.0,0.000349,0.03178,3.875111,1.665952
65,9.5,0.000205,0.02289,3.929016,1.692465
65,10.0,0.000121,0.01647,3.9801,1.719487
65,10.5,7.1e-05,0.011842,4.028089,1.746918
65,11.0,4.2e-05,0.008509,4.072869,1.774653
65,11.5,2.5e-05,0.00611,4.114438,1.80259
65,12.0,1.4e-05,0.004386,4.15287,1.830629
65,12.5,8e-06,0.003148,4.18829,1.858674
65,13.0,5e-06,0.002258,4.220853,1.886632
65,13.5,3e-06,0.001619,4.250731,1.914421
65,14.0,2e-06,0.001161,4.278103,1.94196
65,14.5,1e-06,0.000833,4.303148,1.969177
65,15.0,1e-06,0.000597,4.326042,1.996005
65,15.5,0.0,0.000428,4.346955,2.022386
65,16.0,0.0,0.000307,4.366045,2.048267
65,16.5,0.0,0.00022,4.383464,2.0736
65,17.0,0.0,0.000158,4.399352,2.098345
65,17.5,0.0,0.000113,4.413839,2.122467
65,18.0,0.0,8.1e-05,4.427046,2.145937
65,18.5,0.0,5.8e-05,4.439083,2.168731
65,19.0,0.0,4.2e-05,4.450052,2.190829
65,19.5,0.0,3e-05,4.460048,2.212218
65,20.0,0.0,2.1e-05,4.469155,2.232887
65,20.5,0.0,1.5e-05,4.477452,2.25283
65,21.0,0.0,1.1e-05,4.485011,2.272046
65,21.5,0.0,8e-06,4.491897,2.290535
65,22.0,0.0,6e-06,4.498169,2.308302
65,22.5,0.0,4e-06,4.503882,2.325353
65,23.0,0.0,3e-06,4.509087,2.341697
65,23.5,0.0,2e-06,4.513827,2.357346
65,24.0,0.0,1e-06,4.518145,2.372314
65,24.5,0.0,1e-06,4.522078,2.386615
65,25.0,0.0,1e-06,4.525661,2.400266
65,25.5,0.0,1e-06,4.528923,2.413283
65,26.0,0.0,0.0,4.531895,2.425686
65,26.5,0.0,0.0,4.534602,2.437492
65,27.0,0.0,0.0,4.537068,2.448723
65,27.5,0.0,0.0,4.539313,2.459396
65,28.0,0.0,0.0,4.541359,2.469534
65,28.5,0.0,0.0,4.543222,2.479155
65,29.0,0.0,0.0,4.544918,2.488281
65,29.5,0.0,0.0,4.546464,2.496931
65,30.0,0.0,0.0,4.547871,2.505125
65,30.5,0.0,0.0,4.549154,2.512883
65,31.0,0.0,0.0,4.550321,2.520223
65,31.5,0.0,0.0,4.551385,2.527166
65,32.0,0.0,0.0,4.552354,2.533729
65,32.5,0.0,0.0,4.553236,2.53993
65,33.0,0.0,0.0,4.55404,2.545787
65,33.5,0.0,0.0,4.554772,2.551316
65,34.0,0.0,0.0,4.555438,2.556534
65,34.5,0.0,0.0,4.556045,2.561456
65,35.0,0.0,0.0,4.556598,2.566097
65,35.5,0.0,0.0,4.557102,2.570473
65,36.0,0.0,0.0,4.557561,2.574596
65,36.5,0.0,0.0,4.557979,2.578481
65,37.0,0.0,0.0,4.558359,2.582139
65,37.5,0.0,0.0,4.558706,2.585584
65,38.0,0.0,0.0,4.559022,2.588826
65,38.5,0.0,0.0,4.559309,2.591878
65,39.0,0.0,0.0,4.559571,2.594749
65,39.5,0.0,0.0,4.55981,2.597449
65,40.0,0.0,0.0,4.560027,2.599989
65,40.5,0.0,0.0,4.560225,2.602377
65,41.0,0.0,0.0,4.560405,2.604622
65,41.5,0.0,0.0,4.56057,2.606732
65,42.0,0.0,0.0,4.560719,2.608715
65,42.5,0.0,0.0,4.560855,2.610578
65,43.0,0.0,0.0,4.560979,2.612328
65,43.5,0.0,0.0,4.561092,2.613972
65,44.0,0.0,0.0,4.561195,2.615516
65,44.5,0.0,0.0,4.561289,2.616966
65,45.0,0.0,0.0,4.561374,2.618327
65,45.5,0.0,0.0,4.561452,2.619605
65,46.0,0.0,0.0,4.561523,2.620805
65,46.5,0.0,0.0,4.561588,2.62193
65,47.0,0.0,0.0,4.561646,2.622987
65,47.5,0.0,0.0,4.5617,2.623979
65,48.0,0.0,0.0,4.561749,2.624909
65,48.5,0.0,0.0,4.561793,2.625782
65,49.0,0.0,0.0,4.561833,2.626601
65,49.5,0.0,0.0,4.56187,2.627369
65,50.0,0.0,0.0,4.561904,2.62809
66,0.0,4.366657,0.0,6.440482,1.039536
66,0.5,3.231409,1.038174,6.003512,1.126018
66,1.0,2.391304,1.641862,5.294568,1.212449
66,1.5,1.76961,1.950113,4.59681,1.295811
66,2.0,1.309545,2.061689,3.996698,1.373816
66,2.5,0.969088,2.046197,3.511406,1.444868
66,3.0,0.717143,1.952217,3.133149,1.508122
66,3.5,0.5307,1.813236,2.846509,1.563472
66,4.0,0.392728,1.65196,2.635319,1.611434
66,4.5,0.290626,1.483448,2.485171,1.652976
66,5.0,0.215069,1.317376,2.384086,1.689316
66,5.5,0.159155,1.159666,2.322436,1.72176
66,6.0,0.117778,1.013665,2.292599,1.751572
66,6.5,0.087158,0.880972,2.288564,1.779896
66,7.0,0.064498,0.762034,2.305571,1.807713
66,7.5,0.04773,0.656565,2.339809,1.835835
66,8.0,0.035321,0.563828,2.388183,1.864904
66,8.5,0.026138,0.482843,2.448134,1.895411
66,9.0,0.019343,0.412513,2.517507,1.927711
66,9.5,0.014314,0.351716,2.594462,1.962045
66,10.0,0.010593,0.299363,2.677398,1.998557
66,10.5,0.007839,0.254423,2.764915,2.037311
66,11.0,0.005801,0.215954,2.85578,2.078305
66,11.5,0.004293,0.183098,2.948902,2.12148
66,12.0,0.003177,0.155092,3.043317,2.166736
66,12.5,0.002351,0.131261,3.138183,2.213932
66,13.0,0.00174,0.111011,3.232762,2.262901
66,13.5,0.001287,0.093826,3.326417,2.313454
66,14.0,0.000953,0.079258,3.418607,2.365381
66,14.5,0.000705,0.06692,3.508873,2.418463
66,15.0,0.000522,0.056479,3.596839,2.472469
66,15.5,0.000386,0.047649,3.682201,2.527167
66,16.0,0.000286,0.040187,3.764718,2.582321
66,16.5,0.000211,0.033885,3.844212,2.6377
66,17.0,0.000156,0.028563,3.920554,2.693076
66,17.5,0.000116,0.024072,3.993661,2.74823
66,18.0,8.6e-05,0.020284,4.063491,2.802954
66,18.5,6.3e-05,0.017088,4.130036,2.857052
66,19.0,4.7e-05,0.014395,4.193316,2.910341
66,19.5,3.5e-05,0.012124,4.253376,2.962654
66,20.0,2.6e-05,0.01021,4.31028,3.013842
66,20.5,1.9e-05,0.008598,4.364107,3.063771
66,21.0,1.4e-05,0.007239,4.414951,3.112325
66,21.5,1e-05,0.006095,4.462913,3.159406
66,22.0,8e-06,0.005131,4.508104,3.204932
66,22.5,6e-06,0.00432,4.550636,3.248839
66,23.0,4e-06,0.003636,4.590626,3.291078
66,23.5,3e-06,0.003061,4.628194,3.331616
66,24.0,2e-06,0.002576,4.663455,3.370431
66,24.5,2e-06,0.002168,4.696528,3.407519
66,25.0,1e-06,0.001825,4.727528,3.442882
66,25.5,1e-06,0.001536,4.756565,3.476538
66,26.0,1e-06,0.001293,4.783751,3.508508
66,26.5,1e-06,0.001088,4.809188,3.538827
66,27.0,0.0,0.000916,4.83298,3.567533
66,27.5,0.0,0.000771,4.855224,3.594671
66,28.0,0.0,0.000648,4.876011,3.620289
66,28.5,0.0,0.000546,4.895431,3.644441
66,29.0,0.0,0.000459,4.913568,3.667183
66,29.5,0.0,0.000386,4.930502,3.688571
66,30.0,0.0,0.000325,4.946309,3.708665
66,30.5,0.0,0.000274,4.961061,3.727524
66,31.0,0.0,0.00023,4.974824,3.745207
66,31.5,0.0,0.000194,4.987662,3.761773
66,32.0,0.0,0.000163,4.999637,3.77728
66,32.5,0.0,0.000137,5.010803,3.791784
66,33.0,0.0,0.000115,5.021215,3.805342
66,33.5,0.0,9.7e-05,5.030921,3.818007
66,34.0,0.0,8.2e-05,5.039969,3.829831
66,34.5,0.0,6.9e-05,5.048402,3.840863
66,35.0,0.0,5.8e-05,5.056262,3.851152
66,35.5,0.0,4.9e-05,5.063586,3.860743
66,36.0,0.0,4.1e-05,5.070411,3.86968
66,36.5,0.0,3.5e-05,5.07677,3.878004
66,37.0,0.0,2.9e-05,5.082695,3.885755
66,37.5,0.0,2.4e-05,5.088215,3.892969
66,38.0,0.0,2.1e-05,5.093357,3.899682
66,38.5,0.0,1.7e-05,5.098147,3.905928
66,39.0,0.0,1.5e-05,5.102609,3.911736
66,39.5,0.0,1.2e-05,5.106766,3.917137
66,40.0,0.0,1e-05,5.110637,3.922159
66,40.5,0.0,9e-06,5.114243,3.926827
66,41.0,0.0,7e-06,5.117601,3.931165
66,41.5,0.0,6e-06,5.120729,3.935196
66,42.0,0.0,5e-06,5.123642,3.938941
66,42.5,0.0,4e-06,5.126354,3.942421
66,43.0,0.0,4e-06,5.128881,3.945654
66,43.5,0.0,3e-06,5.131234,3.948657
66,44.0,0.0,3e-06,5.133425,3.951446
66,44.5,0.0,2e-06,5.135465,3.954036
66,45.0,0.0,2e-06,5.137366,3.956442
66,45.5,0.0,2e-06,5.139135,3.958676
66,46.0,0.0,1e-06,5.140783,3.960751
66,46.5,0.0,1e-06,5.142317,3.962678
66,47.0,0.0,1e-06,5.143746,3.964467
66,47.5,0.0,1e-06,5.145077,3.966129
66,48.0,0.0,1e-06,5.146315,3.967672
66,48.5,0.0,1e-06,5.147469,3.969105
66,49.0,0.0,0.0,5.148543,3.970435
66,49.5,0.0,0.0,5.149544,3.971671
66,50.0,0.0,0.0,5.150475,3.972818
67,0.0,5.915063,0.0,5.084279,0.679001
67,0.5,4.051285,1.700204,4.882284,0.690667
67,1.0,2.774765,2.5914,4.424664,0.700299
67,1.5,1.900464,2.972428,3.95395,0.706874
67,2.0,1.301646,3.040905,3.543205,0.710103
67,2.5,0.89151,2.926252,3.210005,0.710106
67,3.0,0.610604,2.712141,2.952057,0.707264
67,3.5,0.418209,2.451703,2.760542,0.702107
67,4.0,0.286435,2.177826,2.625376,0.695227
67,4.5,0.196182,1.910096,2.537204,0.687208
67,5.0,0.134367,1.659458,2.488017,0.678582
67,5.5,0.092029,1.43134,2.471198,0.669804
67,6.0,0.063032,1.22772,2.481355,0.661247
67,6.5,0.043171,1.048495,2.514099,0.653202
67,7.0,0.029568,0.892369,2.565829,0.645885
67,7.5,0.020252,0.75743,2.633551,0.63945
67,8.0,0.013871,0.641502,2.714739,0.634002
67,8.5,0.0095,0.542374,2.807226,0.629602
67,9.0,0.006507,0.457924,2.909123,0.626283
67,9.5,0.004457,0.386188,3.018768,0.624054
67,10.0,0.003052,0.325393,3.134683,0.622905
67,10.5,0.002091,0.273967,3.255547,0.622817
67,11.0,0.001432,0.230531,3.38018,0.623761
67,11.5,0.000981,0.193887,3.507523,0.625703
67,12.0,0.000672,0.163004,3.636633,0.628609
67,12.5,0.00046,0.136996,3.766673,0.632439
67,13.0,0.000315,0.115107,3.896905,0.637157
67,13.5,0.000216,0.096696,4.026679,0.642726
67,14.0,0.000148,0.081215,4.155434,0.649109
67,14.5,0.000101,0.068203,4.282686,0.656272
67,15.0,6.9e-05,0.057269,4.408023,0.664182
67,15.5,4.7e-05,0.048084,4.531099,0.672807
67,16.0,3.3e-05,0.040368,4.65163,0.682118
67,16.5,2.2e-05,0.033889,4.769382,0.692085
67,17.0,1.5e-05,0.028448,4.884173,0.702682
67,17.5,1e-05,0.02388,4.995861,0.713881
67,18.0,7e-06,0.020044,5.104344,0.725659
67,18.5,5e-06,0.016824,5.209551,0.737989
67,19.0,3e-06,0.014122,5.311441,0.75085
67,19.5,2e-06,0.011853,5.409996,0.764216
67,20.0,2e-06,0.009948,5.505221,0.778067
67,20.5,1e-06,0.008349,5.597138,0.792379
67,21.0,1e-06,0.007008,5.685784,0.80713
67,21.5,1e-06,0.005882,5.771207,0.822298
67,22.0,0.0,0.004936,5.853467,0.837862
67,22.5,0.0,0.004143,5.932632,0.853798
67,23.0,0.0,0.003477,6.008775,0.870087
67,23.5,0.0,0.002918,6.081975,0.886704
67,24.0,0.0,0.002449,6.152315,0.903629
67,24.5,0.0,0.002056,6.219879,0.920838
67,25.0,0.0,0.001725,6.284754,0.938309
67,25.5,0.0,0.001448,6.347028,0.95602
67,26.0,0.0,0.001215,6.406788,0.973948
67,26.5,0.0,0.00102,6.464122,0.99207
67,27.0,0.0,0.000856,6.519115,1.010362
67,27.5,0.0,0.000718,6.571854,1.028803
67,28.0,0.0,0.000603,6.622422,1.047369
67,28.5,0.0,0.000506,6.6709,1.066036
67,29.0,0.0,0.000425,6.717369,1.084783
67,29.5,0.0,0.000356,6.761906,1.103587
67,30.0,0.0,0.000299,6.804588,1.122424
67,30.5,0.0,0.000251,6.845487,1.141274
67,31.0,0.0,0.000211,6.884675,1.160113
67,31.5,0.0,0.000177,6.922221,1.178921
67,32.0,0.0,0.000148,6.958191,1.197676
67,32.5,0.0,0.000125,6.992649,1.216358
67,33.0,0.0,0.000105,7.025658,1.234946
67,33.5,0.0,8.8e-05,7.057276,1.253422
67,34.0,0.0,7.4e-05,7.087561,1.271767
67,34.5,0.0,6.2e-05,7.116568,1.289962
67,35.0,0.0,5.2e-05,7.14435,1.307991
67,35.5,0.0,4.4e-05,7.170959,1.325837
67,36.0,0.0,3.7e-05,7.196442,1.343484
67,36.5,0.0,3.1e-05,7.220848,1.360918
67,37.0,0.0,2.6e-05,7.244222,1.378125
67,37.5,0.0,2.2e-05,7.266606,1.395092
67,38.0,0.0,1.8e-05,7.288042,1.411806
67,38.5,0.0,1.5e-05,7.30857,1.428257
67,39.0,0.0,1.3e-05,7.328229,1.444434
67,39.5,0.0,1.1e-05,7.347054,1.460329
67,40.0,0.0,9e-06,7.365082,1.475932
67,40.5,0.0,8e-06,7.382346,1.491237
67,41.0,0.0,6e-06,7.398877,1.506238
67,41.5,0.0,5e-06,7.414708,1.520927
67,42.0,0.0,4e-06,7.429867,1.535302
67,42.5,0.0,4e-06,7.444384,1.549357
67,43.0,0.0,3e-06,7.458284,1.56309
67,43.5,0.0,3e-06,7.471595,1.576499
67,44.0,0.0,2e-06,7.484342,1.589581
67,44.5,0.0,2e-06,7.496547,1.602337
67,45.0,0.0,2e-06,7.508235,1.614766
67,45.5,0.0,1e-06,7.519427,1.626869
67,46.0,0.0,1e-06,7.530144,1.638646
67,46.5,0.0,1e-06,7.540406,1.650101
67,47.0,0.0,1e-06,7.550233,1.661233
67,47.5,0.0,1e-06,7.559643,1.672048
67,48.0,0.0,1e-06,7.568653,1.682547
67,48.5,0.0,0.0,7.577281,1.692735
67,49.0,0.0,0.0,7.585543,1.702616
67,49.5,0.0,0.0,7.593454,1.712193
67,50.0,0.0,0.0,7.60103,1.721472
68,0.0,4.609358,0.0,8.215562,0.785417
68,0.5,3.181963,1.315055,8.090538,0.802484
68,1.0,2.196595,2.032547,7.706854,0.818867
68,1.5,1.516368,2.36507,7.263118,0.834077
68,2.0,1.046789,2.455397,6.836826,0.847902
68,2.5,0.722627,2.398681,6.458973,0.86028
68,3.0,0.498849,2.257689,6.140055,0.871249
68,3.5,0.344369,2.073258,5.881083,0.880922
68,4.0,0.237727,1.871447,5.678746,0.889461
68,4.5,0.164109,1.668418,5.527949,0.897055
68,5.0,0.113289,1.47377,5.423075,0.903909
68,5.5,0.078206,1.292795,5.358604,0.910225
68,6.0,0.053988,1.128003,5.329384,0.916196
68,6.5,0.037269,0.980151,5.330741,0.921997
68,7.0,0.025728,0.848928,5.358492,0.927782
68,7.5,0.017761,0.733404,5.40892,0.933682
68,8.0,0.012261,0.632326,5.478733,0.939807
68,8.5,0.008464,0.544308,5.565015,0.946243
68,9.0,0.005843,0.467946,5.665186,0.953058
68,9.5,0.004033,0.401888,5.776963,0.960303
68,10.0,0.002784,0.344874,5.89832,0.968012
68,10.5,0.001922,0.295755,6.027465,0.976209
68,11.0,0.001327,0.253499,6.16281,0.984907
68,11.5,0.000916,0.217189,6.302953,0.994108
68,12.0,0.000632,0.186017,6.446658,1.003809
68,12.5,0.000437,0.159275,6.592837,1.014001
68,13.0,0.000301,0.136348,6.740536,1.024671
68,13.5,0.000208,0.116701,6.888924,1.035803
68,14.0,0.000144,0.09987,7.037279,1.047375
68,14.5,9.9e-05,0.085457,7.184976,1.059367
68,15.0,6.8e-05,0.073117,7.331478,1.071755
68,15.5,4.7e-05,0.062554,7.476331,1.084515
68,16.0,3.3e-05,0.053514,7.619148,1.097622
68,16.5,2.3e-05,0.045779,7.759607,1.111051
68,17.0,1.6e-05,0.03916,7.897441,1.124775
68,17.5,1.1e-05,0.033497,8.032435,1.13877
68,18.0,7e-06,0.028652,8.164415,1.153009
68,18.5,5e-06,0.024507,8.293248,1.167466
68,19.0,4e-06,0.020962,8.418833,1.182116
68,19.5,2e-06,0.017929,8.5411,1.196935
68,20.0,2e-06,0.015335,8.660004,1.211897
68,20.5,1e-06,0.013116,8.77552,1.22698
68,21.0,1e-06,0.011218,8.887646,1.242158
68,21.5,1e-06,0.009595,8.996392,1.25741
68,22.0,0.0,0.008206,9.101785,1.272713
68,22.5,0.0,0.007019,9.203862,1.288045
68,23.0,0.0,0.006003,9.302668,1.303386
68,23.5,0.0,0.005134,9.39826,1.318715
68,24.0,0.0,0.004391,9.490698,1.334013
68,24.5,0.0,0.003756,9.580049,1.349261
68,25.0,0.0,0.003212,9.666382,1.364441
68,25.5,0.0,0.002747,9.749772,1.379536
68,26.0,0.0,0.00235,9.830294,1.39453
68,26.5,0.0,0.00201,9.908026,1.409407
68,27.0,0.0,0.001719,9.983045,1.424153
68,27.5,0.0,0.00147,10.055432,1.438753
68,28.0,0.0,0.001257,10.125263,1.453196
68,28.5,0.0,0.001075,10.192617,1.467468
68,29.0,0.0,0.00092,10.257573,1.481559
68,29.5,0.0,0.000787,10.320205,1.495458
68,30.0,0.0,0.000673,10.380591,1.509156
68,30.5,0.0,0.000575,10.438803,1.522644
68,31.0,0.0,0.000492,10.494915,1.535913
68,31.5,0.0,0.000421,10.548996,1.548958
68,32.0,0.0,0.00036,10.601117,1.561771
68,32.5,0.0,0.000308,10.651344,1.574347
68,33.0,0.0,0.000263,10.699744,1.586681
68,33.5,0.0,0.000225,10.746379,1.598769
68,34.0,0.0,0.000193,10.791313,1.610607
68,34.5,0.0,0.000165,10.834604,1.622193
68,35.0,0.0,0.000141,10.876312,1.633525
68,35.5,0.0,0.00012,10.916492,1.644599
68,36.0,0.0,0.000103,10.9552,1.655417
68,36.5,0.0,8.8e-05,10.992488,1.665977
68,37.0,0.0,7.5e-05,11.028407,1.676279
68,37.5,0.0,6.4e-05,11.063007,1.686324
68,38.0,0.0,5.5e-05,11.096336,1.696113
68,38.5,0.0,4.7e-05,11.128439,1.705647
68,39.0,0.0,4e-05,11.159361,1.714927
68,39.5,0.0,3.4e-05,11.189145,1.723957
68,40.0,0.0,3e-05,11.217833,1.732738
68,40.5,0.0,2.5e-05,11.245464,1.741273
68,41.0,0.0,2.2e-05,11.272078,1.749566
68,41.5,0.0,1.8e-05,11.297711,1.757619
68,42.0,0.0,1.6e-05,11.3224,1.765437
68,42.5,0.0,1.4e-05,11.346178,1.773022
68,43.0,0.0,1.2e-05,11.36908,1.78038
68,43.5,0.0,1e-05,11.391138,1.787513
68,44.0,0.0,8e-06,11.412382,1.794427
68,44.5,0.0,7e-06,11.432843,1.801125
68,45.0,0.0,6e-06,11.452549,1.807612
68,45.5,0.0,5e-06,11.471528,1.813893
68,46.0,0.0,5e-06,11.489807,1.819972
68,46.5,0.0,4e-06,11.507411,1.825854
68,47.0,0.0,3e-06,11.524366,1.831543
68,47.5,0.0,3e-06,11.540696,1.837044
68,48.0,0.0,2e-06,11.556423,1.842363
68,48.5,0.0,2e-06,11.571569,1.847503
68,49.0,0.0,2e-06,11.586156,1.852469
68,49.5,0.0,2e-06,11.600205,1.857266
68,50.0,0.0,1e-06,11.613736,1.861899
69,0.0,3.807316,0.0,6.609327,0.698352
69,0.5,2.571899,1.13316,6.411333,0.699943
69,1.0,1.737357,1.726922,5.993357,0.700158
69,1.5,1.173611,1.98233,5.546659,0.69843
69,2.0,0.792792,2.031251,5.143674,0.694678
69,2.5,0.535543,1.959417,4.808293,0.689077
69,3.0,0.361767,1.821904,4.54379,0.681934
69,3.5,0.244379,1.653507,4.345029,0.673616
69,4.0,0.165082,1.475689,4.203976,0.664495
69,4.5,0.111515,1.301215,4.112149,0.654916
69,5.0,0.07533,1.137235,4.061634,0.645178
69,5.5,0.050887,0.987333,4.045438,0.635529
69,6.0,0.034375,0.85287,4.057532,0.626163
69,6.5,0.023221,0.733868,4.092775,0.617226
69,7.0,0.015686,0.629578,4.1468,0.608824
69,7.5,0.010596,0.538848,4.215897,0.601024
69,8.0,0.007158,0.460352,4.296907,0.593868
69,8.5,0.004835,0.392726,4.387137,0.587375
69,9.0,0.003266,0.334656,4.484287,0.581547
69,9.5,0.002206,0.284919,4.586394,0.576376
69,10.0,0.00149,0.242403,4.691784,0.571843
69,10.5,0.001007,0.206116,4.799035,0.567922
69,11.0,0.00068,0.175183,4.906945,0.564586
69,11.5,0.000459,0.14884,5.014504,0.561804
69,12.0,0.00031,0.126424,5.120874,0.559544
69,12.5,0.00021,0.107359,5.225363,0.557775
69,13.0,0.000142,0.091154,5.327413,0.556465
69,13.5,9.6e-05,0.077384,5.426579,0.555583
69,14.0,6.5e-05,0.065687,5.522515,0.5551
69,14.5,4.4e-05,0.055752,5.614964,0.554989
69,15.0,2.9e-05,0.047317,5.703742,0.555222
69,15.5,2e-05,0.040156,5.788729,0.555775
69,16.0,1.3e-05,0.034077,5.869859,0.556625
69,16.5,9e-06,0.028918,5.947114,0.557748
69,17.0,6e-06,0.024539,6.020511,0.559125
69,17.5,4e-06,0.020822,6.0901,0.560736
69,18.0,3e-06,0.017668,6.155956,0.562563
69,18.5,2e-06,0.014992,6.218174,0.56459
69,19.0,1e-06,0.012721,6.276864,0.566799
69,19.5,1e-06,0.010794,6.332151,0.569178
69,20.0,1e-06,0.009158,6.384164,0.571712
69,20.5,0.0,0.007771,6.433042,0.574388
69,21.0,0.0,0.006593,6.478925,0.577194
69,21.5,0.0,0.005594,6.521954,0.580119
69,22.0,0.0,0.004747,6.562273,0.583153
69,22.5,0.0,0.004028,6.600021,0.586286
69,23.0,0.0,0.003417,6.635337,0.589509
69,23.5,0.0,0.002899,6.668354,0.592812
69,24.0,0.0,0.00246,6.699205,0.596189
69,24.5,0.0,0.002087,6.728014,0.599632
69,25.0,0.0,0.001771,6.754904,0.603132
69,25.5,0.0,0.001503,6.779989,0.606685
69,26.0,0.0,0.001275,6.803383,0.610284
69,26.5,0.0,0.001082,6.825189,0.613922
69,27.0,0.0,0.000918,6.845509,0.617594
69,27.5,0.0,0.000779,6.864437,0.621296
69,28.0,0.0,0.000661,6.882064,0.625022
69,28.5,0.0,0.000561,6.898475,0.628768
69,29.0,0.0,0.000476,6.913749,0.63253
69,29.5,0.0,0.000404,6.927962,0.636303
69,30.0,0.0,0.000342,6.941186,0.640083
69,30.5,0.0,0.000291,6.953486,0.643868
69,31.0,0.0,0.000247,6.964925,0.647654
69,31.5,0.0,0.000209,6.975561,0.651438
69,32.0,0.0,0.000177,6.985451,0.655216
69,32.5,0.0,0.000151,6.994644,0.658987
69,33.0,0.0,0.000128,7.003188,0.662747
69,33.5,0.0,0.000108,7.011129,0.666494
69,34.0,0.0,9.2e-05,7.018509,0.670226
69,34.5,0.0,7.8e-05,7.025366,0.673941
69,35.0,0.0,6.6e-05,7.031737,0.677636
69,35.5,0.0,5.6e-05,7.037656,0.68131
69,36.0,0.0,4.8e-05,7.043155,0.684962
69,36.5,0.0,4e-05,7.048263,0.688588
69,37.0,0.0,3.4e-05,7.053007,0.692189
69,37.5,0.0,2.9e-05,7.057414,0.695763
69,38.0,0.0,2.5e-05,7.061506,0.699307
69,38.5,0.0,2.1e-05,7.065307,0.702822
69,39.0,0.0,1.8e-05,7.068837,0.706306
69,39.5,0.0,1.5e-05,7.072115,0.709758
69,40.0,0.0,1.3e-05,7.075159,0.713176
69,40.5,0.0,1.1e-05,7.077986,0.716561
69,41.0,0.0,9e-06,7.08061,0.719912
69,41.5,0.0,8e-06,7.083047,0.723227
69,42.0,0.0,7e-06,7.08531,0.726506
69,42.5,0.0,6e-06,7.087411,0.729748
69,43.0,0.0,5e-06,7.089362,0.732953
69,43.5,0.0,4e-06,7.091173,0.736121
69,44.0,0.0,3e-06,7.092854,0.739251
69,44.5,0.0,3e-06,7.094416,0.742342
69,45.0,0.0,2e-06,7.095865,0.745395
69,45.5,0.0,2e-06,7.09721,0.748408
69,46.0,0.0,2e-06,7.09846,0.751383
69,46.5,0.0,2e-06,7.099619,0.754318
69,47.0,0.0,1e-06,7.100696,0.757214
69,47.5,0.0,1e-06,7.101695,0.76007
69,48.0,0.0,1e-06,7.102623,0.762887
69,48.5,0.0,1e-06,7.103485,0.765664
69,49.0,0.0,1e-06,7.104284,0.768401
69,49.5,0.0,1e-06,7.105027,0.771099
69,50.0,0.0,0.0,7.105716,0.773757
70,0.0,4.603738,0.0,5.367555,0.991944
70,0.5,3.07641,1.403246,5.076604,1.052342
70,1.0,2.055785,2.132482,4.596083,1.110191
70,1.5,1.373761,2.442289,4.11718,1.163182
70,2.0,0.918005,2.498184,3.706025,1.210212
70,2.5,0.613449,2.406859,3.377988,1.251044
70,3.0,0.409932,2.23627,3.128747,1.286062
70,3.5,0.273934,2.028992,2.947514,1.31605
70,4.0,0.183054,1.811055,2.822513,1.34199
70,4.5,0.122324,1.597794,2.74303,1.364907
70,5.0,0.081742,1.397705,2.700002,1.385772
70,5.5,0.054624,1.214973,2.685999,1.405443
70,6.0,0.036502,1.051122,2.695009,1.424643
70,6.5,0.024392,0.90609,2.722177,1.443957
70,7.0,0.0163,0.778913,2.763568,1.463844
70,7.5,0.010892,0.668163,2.815974,1.484647
70,8.0,0.007279,0.572218,2.876759,1.506619
70,8.5,0.004864,0.489426,2.943745,1.52993
70,9.0,0.00325,0.418198,3.015121,1.554686
70,9.5,0.002172,0.35706,3.08938,1.580941
70,10.0,0.001451,0.304676,3.165268,1.608707
70,10.5,0.00097,0.259854,3.24174,1.637961
70,11.0,0.000648,0.221545,3.317933,1.668653
70,11.5,0.000433,0.188829,3.39314,1.700709
70,12.0,0.000289,0.160908,3.466788,1.734041
70,12.5,0.000193,0.137091,3.538421,1.768545
70,13.0,0.000129,0.116783,3.607681,1.804107
70,13.5,8.6e-05,0.099473,3.674299,1.840604
70,14.0,5.8e-05,0.084721,3.73808,1.877907
70,14.5,3.9e-05,0.072152,3.798894,1.915883
70,15.0,2.6e-05,0.061445,3.856663,1.954397
70,15.5,1.7e-05,0.052324,3.911356,1.993314
70,16.0,1.2e-05,0.044556,3.96298,2.032498
70,16.5,8e-06,0.03794,4.011571,2.071815
70,17.0,5e-06,0.032306,4.057194,2.111137
70,17.5,3e-06,0.027508,4.099929,2.150336
70,18.0,2e-06,0.023422,4.139877,2.189293
70,18.5,2e-06,0.019943,4.177145,2.227894
70,19.0,1e-06,0.016981,4.211851,2.266031
70,19.5,1e-06,0.014459,4.244119,2.303605
70,20.0,0.0,0.012311,4.274075,2.340524
70,20.5,0.0,0.010482,4.301845,2.376704
70,21.0,0.0,0.008925,4.327555,2.412072
70,21.5,0.0,0.007599,4.351331,2.446561
70,22.0,0.0,0.00647,4.373292,2.480115
70,22.5,0.0,0.005509,4.393558,2.512685
70,23.0,0.0,0.004691,4.412241,2.544231
70,23.5,0.0,0.003994,4.42945,2.574721
70,24.0,0.0,0.0034,4.445288,2.604133
70,24.5,0.0,0.002895,4.459854,2.632448
70,25.0,0.0,0.002465,4.47324,2.659658
70,25.5,0.0,0.002099,4.485534,2.68576
70,26.0,0.0,0.001787,4.496818,2.710755
70,26.5,0.0,0.001522,4.50717,2.734653
70,27.0,0.0,0.001296,4.516661,2.757466
70,27.5,0.0,0.001103,4.525359,2.779211
70,28.0,0.0,0.000939,4.533327,2.799909
70,28.5,0.0,0.0008,4.540623,2.819583
70,29.0,0.0,0.000681,4.5473,2.838261
70,29.5,0.0,0.00058,4.55341,2.855971
70,30.0,0.0,0.000494,4.558998,2.872744
70,30.5,0.0,0.00042,4.564108,2.888613
70,31.0,0.0,0.000358,4.568778,2.903609
70,31.5,0.0,0.000305,4.573047,2.917767
70,32.0,0.0,0.000259,4.576946,2.931122
70,32.5,0.0,0.000221,4.580508,2.943707
70,33.0,0.0,0.000188,4.583761,2.955557
70,33.5,0.0,0.00016,4.586731,2.966706
70,34.0,0.0,0.000136,4.589442,2.977188
70,34.5,0.0,0.000116,4.591916,2.987034
70,35.0,0.0,9.9e-05,4.594174,2.996278
70,35.5,0.0,8.4e-05,4.596234,3.00495
70,36.0,0.0,7.2e-05,4.598113,3.013082
70,36.5,0.0,6.1e-05,4.599827,3.020701
70,37.0,0.0,5.2e-05,4.601391,3.027837
70,37.5,0.0,4.4e-05,4.602816,3.034517
70,38.0,0.0,3.8e-05,4.604116,3.040767
70,38.5,0.0,3.2e-05,4.605302,3.046611
70,39.0,0.0,2.7e-05,4.606382,3.052075
70,39.5,0.0,2.3e-05,4.607367,3.057179
70,40.0,0.0,2e-05,4.608264,3.061947
70,40.5,0.0,1.7e-05,4.609083,3.066398
70,41.0,0.0,1.4e-05,4.609828,3.070552
70,41.5,0.0,1.2e-05,4.610508,3.074428
70,42.0,0.0,1e-05,4.611127,3.078043
70,42.5,0.0,9e-06,4.611691,3.081414
70,43.0,0.0,8e-06,4.612205,3.084555
70,43.5,0.0,6e-06,4.612673,3.087483
70,44.0,0.0,5e-06,4.6131,3.090211
70,44.5,0.0,5e-06,4.613488,3.092752
70,45.0,0.0,4e-06,4.613843,3.095117
70,45.5,0.0,3e-06,4.614165,3.09732
70,46.0,0.0,3e-06,4.614459,3.09937
70,46.5,0.0,2e-06,4.614726,3.101278
70,47.0,0.0,2e-06,4.61497,3.103053
70,47.5,0.0,2e-06,4.615192,3.104704
70,48.0,0.0,2e-06,4.615394,3.106239
70,48.5,0.0,1e-06,4.615578,3.107668
70,49.0,0.0,1e-06,4.615746,3.108995
70,49.5,0.0,1e-06,4.615899,3.11023
70,50.0,0.0,1e-06,4.616038,3.111377
71,0.0,6.79428,0.0,6.970758,1.138804
71,0.5,4.457895,2.170948,6.547191,1.127224
71,1.0,2.924935,3.314088,5.868915,1.112429
71,1.5,1.919122,3.8193,5.205789,1.093407
71,2.0,1.259183,3.937672,4.637036,1.070152
71,2.5,0.826181,3.829841,4.177702,1.043188
71,3.0,0.542078,3.597625,3.82027,1.013327
71,3.5,0.355671,3.304717,3.550415,0.981495
71,4.0,0.233364,2.990197,3.353138,0.948607
71,4.5,0.153116,2.677347,3.214981,0.915478
71,5.0,0.100463,2.379389,3.124622,0.882784
71,5.5,0.065916,2.103211,3.072824,0.851047
71,6.0,0.043249,1.851777,3.052146,0.82064
71,6.5,0.028377,1.625676,3.056617,0.791813
71,7.0,0.018619,1.424118,3.08143,0.76471
71,7.5,0.012216,1.245555,3.122694,0.739394
71,8.0,0.008015,1.088082,3.177223,0.715871
71,8.5,0.005259,0.949669,3.242389,0.694103
71,9.0,0.003451,0.828308,3.315996,0.674022
71,9.5,0.002264,0.722094,3.396192,0.655544
71,10.0,0.001485,0.629261,3.481403,0.638574
71,10.5,0.000975,0.548207,3.570284,0.623012
71,11.0,0.00064,0.477492,3.661676,0.608759
71,11.5,0.00042,0.415831,3.754583,0.595714
71,12.0,0.000275,0.36209,3.848145,0.583785
71,12.5,0.000181,0.315264,3.941623,0.572881
71,13.0,0.000119,0.274476,4.034385,0.56292
71,13.5,7.8e-05,0.238952,4.125894,0.553822
71,14.0,5.1e-05,0.208018,4.215696,0.545515
71,14.5,3.3e-05,0.181083,4.303414,0.537933
71,15.0,2.2e-05,0.157632,4.38874,0.531015
71,15.5,1.4e-05,0.137216,4.471426,0.524705
71,16.0,9e-06,0.119443,4.551277,0.51895
71,16.5,6e-06,0.10397,4.62815,0.513705
71,17.0,4e-06,0.090502,4.701942,0.508926
71,17.5,3e-06,0.078778,4.772589,0.504574
71,18.0,2e-06,0.068572,4.840058,0.500613
71,18.5,1e-06,0.059688,4.904348,0.497012
71,19.0,1e-06,0.051955,4.965479,0.493739
71,19.5,0.0,0.045224,5.023493,0.490768
71,20.0,0.0,0.039365,5.07845,0.488074
71,20.5,0.0,0.034265,5.130422,0.485635
71,21.0,0.0,0.029825,5.179496,0.483428
71,21.5,0.0,0.025961,5.225763,0.481436
71,22.0,0.0,0.022598,5.269326,0.479641
71,22.5,0.0,0.01967,5.31029,0.478026
71,23.0,0.0,0.017121,5.348765,0.476578
71,23.5,0.0,0.014903,5.384861,0.475282
71,24.0,0.0,0.012972,5.41869,0.474127
71,24.5,0.0,0.011292,5.450364,0.473101
71,25.0,0.0,0.009829,5.479993,0.472193
71,25.5,0.0,0.008555,5.507685,0.471395
71,26.0,0.0,0.007447,5.533547,0.470697
71,26.5,0.0,0.006482,5.55768,0.47009
71,27.0,0.0,0.005642,5.580186,0.469569
71,27.5,0.0,0.004911,5.60116,0.469125
71,28.0,0.0,0.004275,5.620694,0.468753
71,28.5,0.0,0.003721,5.638876,0.468446
71,29.0,0.0,0.003239,5.655791,0.4682
71,29.5,0.0,0.002819,5.671519,0.468008
71,30.0,0.0,0.002454,5.686137,0.467867
71,30.5,0.0,0.002136,5.699717,0.467773
71,31.0,0.0,0.001859,5.712327,0.467721
71,31.5,0.0,0.001618,5.724031,0.467709
71,32.0,0.0,0.001409,5.734892,0.467731
71,32.5,0.0,0.001226,5.744966,0.467787
71,33.0,0.0,0.001067,5.754306,0.467872
71,33.5,0.0,0.000929,5.762965,0.467984
71,34.0,0.0,0.000809,5.770989,0.468121
71,34.5,0.0,0.000704,5.778423,0.46828
71,35.0,0.0,0.000613,5.785308,0.46846
71,35.5,0.0,0.000533,5.791683,0.468658
71,36.0,0.0,0.000464,5.797586,0.468873
71,36.5,0.0,0.000404,5.803049,0.469103
71,37.0,0.0,0.000352,5.808104,0.469347
71,37.5,0.0,0.000306,5.812782,0.469604
71,38.0,0.0,0.000266,5.817109,0.469871
71,38.5,0.0,0.000232,5.821111,0.470148
71,39.0,0.0,0.000202,5.824812,0.470434
71,39.5,0.0,0.000176,5.828234,0.470728
71,40.0,0.0,0.000153,5.831397,0.471028
71,40.5,0.0,0.000133,5.834322,0.471335
71,41.0,0.0,0.000116,5.837024,0.471647
71,41.5,0.0,0.000101,5.839522,0.471964
71,42.0,0.0,8.8e-05,5.841831,0.472284
71,42.5,0.0,7.6e-05,5.843963,0.472608
71,43.0,0.0,6.7e-05,5.845934,0.472934
71,43.5,0.0,5.8e-05,5.847754,0.473263
71,44.0,0.0,5e-05,5.849435,0.473594
71,44.5,0.0,4.4e-05,5.850988,0.473925
71,45.0,0.0,3.8e-05,5.852422,0.474258
71,45.5,0.0,3.3e-05,5.853747,0.474592
71,46.0,0.0,2.9e-05,5.85497,0.474925
71,46.5,0.0,2.5e-05,5.856099,0.475259
71,47.0,0.0,2.2e-05,5.857142,0.475592
71,47.5,0.0,1.9e-05,5.858105,0.475924
71,48.0,0.0,1.7e-05,5.858993,0.476256
71,48.5,0.0,1.4e-05,5.859814,0.476586
71,49.0,0.0,1.3e-05,5.860571,0.476916
71,49.5,0.0,1.1e-05,5.861271,0.477244
71,50.0,0.0,1e-05,5.861916,0.47757
72,0.0,5.240088,0.0,3.394,1.07177
72,0.5,3.636281,1.48898,3.527286,1.123247
72,1.0,2.523343,2.325597,3.454001,1.175919
72,1.5,1.751037,2.735486,3.316793,1.226993
72,2.0,1.215106,2.871792,3.177702,1.27533
72,2.5,0.843205,2.837811,3.062143,1.320689
72,3.0,0.585129,2.702642,2.978621,1.363372
72,3.5,0.406042,2.51199,2.92803,1.403983
72,4.0,0.281767,2.295629,2.908089,1.443273
72,4.5,0.195528,2.072528,2.915435,1.482025
72,5.0,0.135684,1.854385,2.946554,1.520985
72,5.5,0.094156,1.648046,2.998167,1.560827
72,6.0,0.065338,1.457156,3.067344,1.602129
72,6.5,0.04534,1.283286,3.151509,1.645373
72,7.0,0.031463,1.126696,3.248402,1.690945
72,7.5,0.021833,0.986843,3.356026,1.739142
72,8.0,0.015151,0.862722,3.472602,1.790179
72,8.5,0.010514,0.753094,3.596527,1.844197
72,9.0,0.007296,0.656627,3.726351,1.901269
72,9.5,0.005063,0.571984,3.86075,1.961406
72,10.0,0.003513,0.497885,3.998514,2.024564
72,10.5,0.002438,0.433132,4.138537,2.090644
72,11.0,0.001692,0.376624,4.279814,2.159504
72,11.5,0.001174,0.327367,4.42143,2.230954
72,12.0,0.000815,0.284468,4.562563,2.304769
72,12.5,0.000565,0.247132,4.702476,2.380687
72,13.0,0.000392,0.214656,4.840518,2.458416
72,13.5,0.000272,0.186419,4.976121,2.537639
72,14.0,0.000189,0.161878,5.108793,2.618021
72,14.5,0.000131,0.140554,5.238117,2.69921
72,15.0,9.1e-05,0.122029,5.363746,2.78085
72,15.5,6.3e-05,0.105939,5.485398,2.862578
72,16.0,4.4e-05,0.091967,5.602853,2.94404
72,16.5,3e-05,0.079834,5.715944,3.024886
72,17.0,2.1e-05,0.0693,5.824556,3.104786
72,17.5,1.5e-05,0.060154,5.928619,3.183426
72,18.0,1e-05,0.052214,6.028101,3.260516
72,18.5,7e-06,0.045321,6.123009,3.335794
72,19.0,5e-06,0.039338,6.213379,3.409026
72,19.5,3e-06,0.034144,6.299272,3.48001
72,20.0,2e-06,0.029636,6.380773,3.548575
72,20.5,2e-06,0.025723,6.457985,3.614584
72,21.0,1e-06,0.022326,6.531027,3.677928
72,21.5,1e-06,0.019378,6.60003,3.738532
72,22.0,1e-06,0.016819,6.665134,3.796347
72,22.5,0.0,0.014598,6.726485,3.851351
72,23.0,0.0,0.012671,6.784235,3.903547
72,23.5,0.0,0.010997,6.83854,3.952959
72,24.0,0.0,0.009545,6.889554,3.999629
72,24.5,0.0,0.008285,6.937434,4.043616
72,25.0,0.0,0.00719,6.982333,4.084992
72,25.5,0.0,0.006241,7.024404,4.123841
72,26.0,0.0,0.005417,7.063796,4.160255
72,26.5,0.0,0.004701,7.100653,4.194333
72,27.0,0.0,0.004081,7.135117,4.226178
72,27.5,0.0,0.003542,7.167322,4.255897
72,28.0,0.0,0.003074,7.197401,4.283598
72,28.5,0.0,0.002668,7.225478,4.309387
72,29.0,0.0,0.002316,7.251673,4.333374
72,29.5,0.0,0.00201,7.276102,4.355662
72,30.0,0.0,0.001744,7.298873,4.376355
72,30.5,0.0,0.001514,7.320091,4.395551
72,31.0,0.0,0.001314,7.339854,4.413347
72,31.5,0.0,0.001141,7.358254,4.429834
72,32.0,0.0,0.00099,7.375381,4.4451
72,32.5,0.0,0.000859,7.391318,4.459228
72,33.0,0.0,0.000746,7.406142,4.472297
72,33.5,0.0,0.000647,7.419928,4.484382
72,34.0,0.0,0.000562,7.432745,4.495553
72,34.5,0.0,0.000488,7.444659,4.505876
72,35.0,0.0,0.000423,7.45573,4.515413
72,35.5,0.0,0.000367,7.466017,4.524221
72,36.0,0.0,0.000319,7.475572,4.532355
72,36.5,0.0,0.000277,7.484446,4.539864
72,37.0,0.0,0.00024,7.492687,4.546797
72,37.5,0.0,0.000208,7.500338,4.553195
72,38.0,0.0,0.000181,7.507441,4.559101
72,38.5,0.0,0.000157,7.514033,4.564552
72,39.0,0.0,0.000136,7.520151,4.569581
72,39.5,0.0,0.000118,7.525829,4.574223
72,40.0,0.0,0.000103,7.531096,4.578506
72,40.5,0.0,8.9e-05,7.535983,4.582458
72,41.0,0.0,7.7e-05,7.540516,4.586105
72,41.5,0.0,6.7e-05,7.544721,4.58947
72,42.0,0.0,5.8e-05,7.548621,4.592576
72,42.5,0.0,5.1e-05,7.552238,4.595442
72,43.0,0.0,4.4e-05,7.555591,4.598087
72,43.5,0.0,3.8e-05,7.558701,4.600528
72,44.0,0.0,3.3e-05,7.561585,4.602781
72,44.5,0.0,2.9e-05,7.564258,4.60486
72,45.0,0.0,2.5e-05,7.566736,4.60678
72,45.5,0.0,2.2e-05,7.569034,4.608551
72,46.0,0.0,1.9e-05,7.571164,4.610187
72,46.5,0.0,1.6e-05,7.573138,4.611697
72,47.0,0.0,1.4e-05,7.574967,4.613092
72,47.5,0.0,1.2e-05,7.576663,4.614379
72,48.0,0.0,1.1e-05,7.578235,4.615568
72,48.5,0.0,9e-06,7.579692,4.616666
72,49.0,0.0,8e-06,7.581042,4.617681
72,49.5,0.0,7e-06,7.582293,4.618617
72,50.0,0.0,6e-06,7.583452,4.619483
73,0.0,5.315547,0.0,9.319329,0.995386
73,0.5,4.362686,0.908847,9.188957,0.999806
73,1.0,3.580635,1.57468,8.833355,1.003192
73,1.5,2.938773,2.04812,8.374762,1.00489
73,2.0,2.411971,2.370091,7.885906,1.004545
73,2.5,1.979603,2.573616,7.408727,1.002005
73,3.0,1.624741,2.685278,6.966048,0.997262
73,3.5,1.333491,2.726426,6.568941,0.990424
73,4.0,1.094451,2.71415,6.221393,0.981679
73,4.5,0.89826,2.662085,5.923255,0.971268
73,5.0,0.737239,2.581063,5.672091,0.959467
73,5.5,0.605082,2.479651,5.464324,0.946566
73,6.0,0.496616,2.36458,5.295927,0.932848
73,6.5,0.407593,2.241105,5.162831,0.918585
73,7.0,0.334528,2.11329,5.06115,0.904024
73,7.5,0.274561,1.984246,4.987295,0.889384
73,8.0,0.225343,1.856322,4.938018,0.874856
73,8.5,0.184948,1.731257,4.910419,0.860598
73,9.0,0.151795,1.610306,4.901925,0.846743
73,9.5,0.124584,1.494347,4.910266,0.833395
73,10.0,0.102251,1.383954,4.933441,0.820636
73,10.5,0.083922,1.279471,4.969681,0.808526
73,11.0,0.068878,1.181062,5.017425,0.79711
73,11.5,0.056531,1.088754,5.075287,0.786415
73,12.0,0.046397,1.00247,5.142032,0.776458
73,12.5,0.03808,0.922057,5.216554,0.767245
73,13.0,0.031254,0.847308,5.29786,0.758774
73,13.5,0.025651,0.77798,5.385052,0.751038
73,14.0,0.021053,0.713804,5.477315,0.744024
73,14.5,0.017279,0.654497,5.573909,0.737714
73,15.0,0.014182,0.599772,5.674157,0.73209
73,15.5,0.01164,0.54934,5.777437,0.727129
73,16.0,0.009553,0.502918,5.883181,0.722811
73,16.5,0.007841,0.46023,5.990865,0.71911
73,17.0,0.006435,0.421011,6.100008,0.716003
73,17.5,0.005282,0.385008,6.210169,0.713466
73,18.0,0.004335,0.351981,6.320941,0.711475
73,18.5,0.003558,0.321703,6.431951,0.710007
73,19.0,0.00292,0.29396,6.542858,0.709039
73,19.5,0.002397,0.268553,6.653352,0.708549
73,20.0,0.001967,0.245296,6.763148,0.708514
73,20.5,0.001614,0.224015,6.87199,0.708914
73,21.0,0.001325,0.204549,6.979647,0.709729
73,21.5,0.001087,0.186749,7.08591,0.710938
73,22.0,0.000893,0.170477,7.190594,0.712524
73,22.5,0.000733,0.155605,7.293535,0.714468
73,23.0,0.000601,0.142017,7.394589,0.716753
73,23.5,0.000493,0.129605,7.49363,0.719361
73,24.0,0.000405,0.118267,7.590551,0.722277
73,24.5,0.000332,0.107914,7.68526,0.725485
73,25.0,0.000273,0.09846,7.777683,0.72897
73,25.5,0.000224,0.08983,7.867757,0.732718
73,26.0,0.000184,0.081951,7.955435,0.736715
73,26.5,0.000151,0.074761,8.040681,0.740947
73,27.0,0.000124,0.068198,8.123472,0.745402
73,27.5,0.000102,0.062209,8.203792,0.750067
73,28.0,8.3e-05,0.056744,8.281638,0.75493
73,28.5,6.8e-05,0.051757,8.357014,0.75998
73,29.0,5.6e-05,0.047208,8.429932,0.765204
73,29.5,4.6e-05,0.043057,8.50041,0.770592
73,30.0,3.8e-05,0.03927,8.568475,0.776134
73,30.5,3.1e-05,0.035816,8.634157,0.781819
73,31.0,2.5e-05,0.032665,8.697491,0.787636
73,31.5,2.1e-05,0.029791,8.758518,0.793578
73,32.0,1.7e-05,0.027169,8.817281,0.799633
73,32.5,1.4e-05,0.024777,8.873826,0.805792
73,33.0,1.2e-05,0.022596,8.928205,0.812048
73,33.5,9e-06,0.020607,8.980468,0.81839
73,34.0,8e-06,0.018792,9.030668,0.824812
73,34.5,6e-06,0.017138,9.078861,0.831304
73,35.0,5e-06,0.015628,9.125104,0.837858
73,35.5,4e-06,0.014252,9.169451,0.844468
73,36.0,4e-06,0.012997,9.211961,0.851125
73,36.5,3e-06,0.011852,9.252692,0.857822
73,37.0,2e-06,0.010808,9.2917,0.864552
73,37.5,2e-06,0.009856,9.329042,0.871309
73,38.0,2e-06,0.008988,9.364776,0.878085
73,38.5,1e-06,0.008196,9.398958,0.884875
73,39.0,1e-06,0.007474,9.431643,0.891671
73,39.5,1e-06,0.006815,9.462885,0.898469
73,40.0,1e-06,0.006215,9.492738,0.905263
73,40.5,1e-06,0.005667,9.521254,0.912046
73,41.0,0.0,0.005168,9.548486,0.918814
73,41.5,0.0,0.004713,9.574483,0.925562
73,42.0,0.0,0.004297,9.599293,0.932284
73,42.5,0.0,0.003919,9.622966,0.938976
73,43.0,0.0,0.003573,9.645546,0.945634
73,43.5,0.0,0.003258,9.66708,0.952253
73,44.0,0.0,0.002971,9.68761,0.958828
73,44.5,0.0,0.00271,9.707179,0.965357
73,45.0,0.0,0.002471,9.725828,0.971835
73,45.5,0.0,0.002253,9.743596,0.97826
73,46.0,0.0,0.002054,9.760522,0.984627
73,46.5,0.0,0.001873,9.776642,0.990933
73,47.0,0.0,0.001708,9.791991,0.997176
73,47.5,0.0,0.001558,9.806605,1.003353
73,48.0,0.0,0.001421,9.820515,1.009462
73,48.5,0.0,0.001295,9.833754,1.015499
73,49.0,0.0,0.001181,9.846352,1.021463
73,49.5,0.0,0.001077,9.858339,1.027352
73,50.0,0.0,0.000982,9.869741,1.033164
74,0.0,5.124409,0.0,7.463002,0.71422
74,0.5,3.507942,1.501124,7.073811,0.746384
74,1.0,2.401381,2.331539,6.460177,0.777504
74,1.5,1.643879,2.72872,5.833134,0.806665
74,2.0,1.125326,2.851827,5.267934,0.833303
74,2.5,0.770348,2.80686,4.787301,0.85711
74,3.0,0.527346,2.663814,4.392356,0.877988
74,3.5,0.360998,2.468375,4.075703,0.896017
74,4.0,0.247123,2.249879,3.827227,0.911419
74,4.5,0.169169,2.026726,3.636662,0.924509
74,5.0,0.115806,1.810051,3.494628,0.93566
74,5.5,0.079276,1.606207,3.392976,0.945263
74,6.0,0.054269,1.418439,3.324803,0.953699
74,6.5,0.03715,1.24801,3.28433,0.961324
74,7.0,0.025431,1.094954,3.266747,0.968454
74,7.5,0.017409,0.958571,3.268053,0.975361
74,8.0,0.011917,0.837753,3.284906,0.982274
74,8.5,0.008158,0.731197,3.314509,0.989379
74,9.0,0.005585,0.637537,3.354504,0.996824
74,9.5,0.003823,0.555426,3.402895,1.004723
74,10.0,0.002617,0.483585,3.457986,1.013163
74,10.5,0.001792,0.420828,3.518327,1.022205
74,11.0,0.001226,0.366073,3.58268,1.031889
74,11.5,0.00084,0.318345,3.649979,1.04224
74,12.0,0.000575,0.276773,3.719313,1.053269
74,12.5,0.000393,0.240585,3.789899,1.064976
74,13.0,0.000269,0.209097,3.861069,1.077351
74,13.5,0.000184,0.181709,3.932254,1.09038
74,14.0,0.000126,0.157893,4.002971,1.104039
74,14.5,8.6e-05,0.13719,4.072814,1.118303
74,15.0,5.9e-05,0.119194,4.141447,1.133143
74,15.5,4e-05,0.103554,4.208591,1.148525
74,16.0,2.8e-05,0.089963,4.27402,1.164416
74,16.5,1.9e-05,0.078153,4.337556,1.180779
74,17.0,1.3e-05,0.067893,4.399059,1.197578
74,17.5,9e-06,0.058978,4.458427,1.214775
74,18.0,6e-06,0.051233,4.515587,1.23233
74,18.5,4e-06,0.044505,4.570494,1.250205
74,19.0,3e-06,0.03866,4.623124,1.268362
74,19.5,2e-06,0.033583,4.673475,1.286761
74,20.0,1e-06,0.029172,4.72156,1.305365
74,20.5,1e-06,0.02534,4.767407,1.324135
74,21.0,1e-06,0.022012,4.811055,1.343035
74,21.5,0.0,0.019121,4.852552,1.362028
74,22.0,0.0,0.016609,4.891955,1.381078
74,22.5,0.0,0.014427,4.929324,1.400152
74,23.0,0.0,0.012532,4.964729,1.419214
74,23.5,0.0,0.010886,4.998237,1.438234
74,24.0,0.0,0.009456,5.029922,1.45718
74,24.5,0.0,0.008214,5.059858,1.476023
74,25.0,0.0,0.007135,5.088119,1.494734
74,25.5,0.0,0.006198,5.114778,1.513286
74,26.0,0.0,0.005384,5.13991,1.531655
74,26.5,0.0,0.004676,5.163588,1.549815
74,27.0,0.0,0.004062,5.185883,1.567747
74,27.5,0.0,0.003529,5.206863,1.585428
74,28.0,0.0,0.003065,5.226598,1.60284
74,28.5,0.0,0.002662,5.245151,1.619965
74,29.0,0.0,0.002313,5.262587,1.636788
74,29.5,0.0,0.002009,5.278966,1.653295
74,30.0,0.0,0.001745,5.294347,1.669473
74,30.5,0.0,0.001516,5.308785,1.685311
74,31.0,0.0,0.001317,5.322334,1.700799
74,31.5,0.0,0.001144,5.335044,1.71593
74,32.0,0.0,0.000993,5.346965,1.730696
74,32.5,0.0,0.000863,5.358143,1.745093
74,33.0,0.0,0.00075,5.368621,1.759115
74,33.5,0.0,0.000651,5.378441,1.772761
74,34.0,0.0,0.000566,5.387642,1.786027
74,34.5,0.0,0.000491,5.396262,1.798915
74,35.0,0.0,0.000427,5.404337,1.811424
74,35.5,0.0,0.000371,5.411898,1.823554
74,36.0,0.0,0.000322,5.418979,1.83531
74,36.5,0.0,0.00028,5.425608,1.846692
74,37.0,0.0,0.000243,5.431814,1.857706
74,37.5,0.0,0.000211,5.437622,1.868355
74,38.0,0.0,0.000183,5.443058,1.878645
74,38.5,0.0,0.000159,5.448145,1.888581
74,39.0,0.0,0.000138,5.452905,1.898169
74,39.5,0.0,0.00012,5.457358,1.907415
74,40.0,0.0,0.000104,5.461524,1.916327
74,40.5,0.0,9.1e-05,5.465422,1.924912
74,41.0,0.0,7.9e-05,5.469067,1.933176
74,41.5,0.0,6.8e-05,5.472477,1.941129
74,42.0,0.0,5.9e-05,5.475666,1.948776
74,42.5,0.0,5.2e-05,5.478649,1.956128
74,43.0,0.0,4.5e-05,5.481438,1.963191
74,43.5,0.0,3.9e-05,5.484046,1.969975
74,44.0,0.0,3.4e-05,5.486484,1.976486
74,44.5,0.0,2.9e-05,5.488765,1.982734
74,45.0,0.0,2.6e-05,5.490897,1.988727
74,45.5,0.0,2.2e-05,5.49289,1.994472
74,46.0,0.0,1.9e-05,5.494753,1.999978
74,46.5,0.0,1.7e-05,5.496496,2.005253
74,47.0,0.0,1.5e-05,5.498124,2.010306
74,47.5,0.0,1.3e-05,5.499647,2.015142
74,48.0,0.0,1.1e-05,5.50107,2.019772
74,48.5,0.0,1e-05,5.502401,2.024201
74,49.0,0.0,8e-06,5.503645,2.028437
74,49.5,0.0,7e-06,5.504807,2.032488
74,50.0,0.0,6e-06,5.505894,2.036361
75,0.0,5.556601,0.0,4.763753,1.055581
75,0.5,3.81769,1.571403,4.314961,1.059185
75,1.0,2.622962,2.374449,3.635588,1.055601
75,1.5,1.802119,2.698277,3.038934,1.043136
75,2.0,1.238154,2.732972,2.576524,1.022291
75,2.5,0.85068,2.602071,2.238077,0.994638
75,3.0,0.584464,2.384633,2.000114,0.962188
75,3.5,0.401559,2.130183,1.83987,0.926945
75,4.0,0.275893,1.868794,1.738825,0.890642
75,4.5,0.189554,1.617876,1.682897,0.85463
75,5.0,0.130234,1.386708,1.661696,0.819884
75,5.5,0.089478,1.179453,1.66762,0.787048
75,6.0,0.061476,0.997153,1.695078,0.756513
75,6.5,0.042237,0.839023,1.739882,0.728477
75,7.0,0.029019,0.703285,1.798804,0.703005
75,7.5,0.019938,0.587701,1.869264,0.68007
75,8.0,0.013698,0.489894,1.949119,0.659586
75,8.5,0.009412,0.407538,2.036527,0.641429
75,9.0,0.006466,0.338466,2.129859,0.625456
75,9.5,0.004443,0.280719,2.227655,0.611513
75,10.0,0.003052,0.232564,2.328589,0.599448
75,10.5,0.002097,0.192492,2.431463,0.589108
75,11.0,0.001441,0.159203,2.535201,0.580349
75,11.5,0.00099,0.131588,2.638844,0.573035
75,12.0,0.00068,0.108706,2.74155,0.567041
75,12.5,0.000467,0.089764,2.842593,0.562251
75,13.0,0.000321,0.074096,2.941362,0.558557
75,13.5,0.000221,0.061145,3.037348,0.555864
75,14.0,0.000152,0.050445,3.130145,0.554082
75,14.5,0.000104,0.041608,3.219441,0.553133
75,15.0,7.2e-05,0.034314,3.305003,0.552944
75,15.5,4.9e-05,0.028294,3.386676,0.55345
75,16.0,3.4e-05,0.023328,3.464368,0.554591
75,16.5,2.3e-05,0.019231,3.538044,0.556314
75,17.0,1.6e-05,0.015853,3.607714,0.558571
75,17.5,1.1e-05,0.013067,3.673431,0.561317
75,18.0,8e-06,0.01077,3.735275,0.564512
75,18.5,5e-06,0.008877,3.793356,0.56812
75,19.0,4e-06,0.007316,3.847801,0.572106
75,19.5,2e-06,0.006029,3.89875,0.576442
75,20.0,2e-06,0.004968,3.946358,0.581097
75,20.5,1e-06,0.004094,3.990781,0.586047
75,21.0,1e-06,0.003374,4.032182,0.591268
75,21.5,1e-06,0.00278,4.070724,0.596737
75,22.0,0.0,0.002291,4.106568,0.602434
75,22.5,0.0,0.001888,4.139873,0.60834
75,23.0,0.0,0.001556,4.170794,0.614437
75,23.5,0.0,0.001282,4.199481,0.620708
75,24.0,0.0,0.001056,4.226077,0.627138
75,24.5,0.0,0.00087,4.25072,0.633712
75,25.0,0.0,0.000717,4.273543,0.640416
75,25.5,0.0,0.000591,4.294668,0.647238
75,26.0,0.0,0.000487,4.314214,0.654165
75,26.5,0.0,0.000401,4.332293,0.661185
75,27.0,0.0,0.000331,4.349008,0.668288
75,27.5,0.0,0.000272,4.364457,0.675463
75,28.0,0.0,0.000224,4.378733,0.6827
75,28.5,0.0,0.000185,4.391921,0.68999
75,29.0,0.0,0.000152,4.404102,0.697324
75,29.5,0.0,0.000126,4.415349,0.704693
75,30.0,0.0,0.000103,4.425734,0.71209
75,30.5,0.0,8.5e-05,4.435319,0.719506
75,31.0,0.0,7e-05,4.444167,0.726935
75,31.5,0.0,5.8e-05,4.452331,0.734369
75,32.0,0.0,4.8e-05,4.459865,0.741801
75,32.5,0.0,3.9e-05,4.466816,0.749226
75,33.0,0.0,3.2e-05,4.473229,0.756637
75,33.5,0.0,2.7e-05,4.479145,0.764029
75,34.0,0.0,2.2e-05,4.484601,0.771395
75,34.5,0.0,1.8e-05,4.489634,0.778732
75,35.0,0.0,1.5e-05,4.494276,0.786034
75,35.5,0.0,1.2e-05,4.498556,0.793296
75,36.0,0.0,1e-05,4.502504,0.800514
75,36.5,0.0,8e-06,4.506145,0.807683
75,37.0,0.0,7e-06,4.509502,0.814801
75,37.5,0.0,6e-06,4.512597,0.821863
75,38.0,0.0,5e-06,4.515451,0.828865
75,38.5,0.0,4e-06,4.518083,0.835804
75,39.0,0.0,3e-06,4.520509,0.842678
75,39.5,0.0,3e-06,4.522746,0.849484
75,40.0,0.0,2e-06,4.524809,0.856218
75,40.5,0.0,2e-06,4.52671,0.862878
75,41.0,0.0,1e-06,4.528463,0.869463
75,41.5,0.0,1e-06,4.530079,0.875969
75,42.0,0.0,1e-06,4.53157,0.882395
75,42.5,0.0,1e-06,4.532943,0.88874
75,43.0,0.0,1e-06,4.53421,0.895001
75,43.5,0.0,1e-06,4.535377,0.901177
75,44.0,0.0,0.0,4.536453,0.907267
75,44.5,0.0,0.0,4.537446,0.913269
75,45.0,0.0,0.0,4.53836,0.919184
75,45.5,0.0,0.0,4.539203,0.925009
75,46.0,0.0,0.0,4.539981,0.930744
75,46.5,0.0,0.0,4.540697,0.936388
75,47.0,0.0,0.0,4.541358,0.941942
75,47.5,0.0,0.0,4.541967,0.947404
75,48.0,0.0,0.0,4.542528,0.952774
75,48.5,0.0,0.0,4.543046,0.958052
75,49.0,0.0,0.0,4.543523,0.963239
75,49.5,0.0,0.0,4.543963,0.968334
75,50.0,0.0,0.0,4.544368,0.973337
76,0.0,5.031531,0.0,7.814047,0.941301
76,0.5,3.207471,1.704223,7.037119,0.97701
76,1.0,2.044679,2.586302,5.942026,1.007404
76,1.5,1.30343,2.968782,4.971682,1.030216
76,2.0,0.830903,3.054338,4.216401,1.044718
76,2.5,0.529679,2.969588,3.663128,1.051307
76,3.0,0.337657,2.792972,3.273614,1.051142
76,3.5,0.215247,2.57249,3.009507,1.045767
76,4.0,0.137215,2.336981,2.839232,1.036776
76,4.5,0.087471,2.103277,2.738673,1.025607
76,5.0,0.05576,1.880742,2.69,1.013434
76,5.5,0.035546,1.674147,2.680196,1.001161
76,6.0,0.02266,1.485473,2.699763,0.989442
76,6.5,0.014445,1.315055,2.74172,0.97873
76,7.0,0.009208,1.162286,2.800867,0.969322
76,7.5,0.00587,1.026059,2.873265,0.961402
76,8.0,0.003742,0.905033,2.95587,0.955067
76,8.5,0.002385,0.797796,3.046273,0.950357
76,9.0,0.001521,0.702957,3.142533,0.947273
76,9.5,0.000969,0.619194,3.243047,0.945787
76,10.0,0.000618,0.545288,3.346473,0.945852
76,10.5,0.000394,0.480122,3.451668,0.947412
76,11.0,0.000251,0.422694,3.557652,0.950403
76,11.5,0.00016,0.372102,3.663578,0.954756
76,12.0,0.000102,0.327545,3.768713,0.960402
76,12.5,6.5e-05,0.288311,3.872427,0.967271
76,13.0,4.1e-05,0.253767,3.974176,0.975294
76,13.5,2.6e-05,0.223357,4.073501,0.984402
76,14.0,1.7e-05,0.196588,4.170015,0.99453
76,14.5,1.1e-05,0.173025,4.263401,1.005612
76,15.0,7e-06,0.152284,4.353405,1.017584
76,15.5,4e-06,0.134029,4.43983,1.030385
76,16.0,3e-06,0.117962,4.522535,1.043954
76,16.5,2e-06,0.103821,4.601422,1.058234
76,17.0,1e-06,0.091374,4.676438,1.073166
76,17.5,1e-06,0.08042,4.747569,1.088695
76,18.0,0.0,0.070778,4.814833,1.104767
76,18.5,0.0,0.062293,4.878277,1.121328
76,19.0,0.0,0.054825,4.937972,1.138325
76,19.5,0.0,0.048252,4.994011,1.15571
76,20.0,0.0,0.042467,5.046503,1.173431
76,20.5,0.0,0.037376,5.095572,1.191442
76,21.0,0.0,0.032895,5.14135,1.209694
76,21.5,0.0,0.028951,5.18398,1.228144
76,22.0,0.0,0.02548,5.223608,1.246745
76,22.5,0.0,0.022425,5.260384,1.265457
76,23.0,0.0,0.019737,5.294458,1.284238
76,23.5,0.0,0.017371,5.325983,1.303049
76,24.0,0.0,0.015288,5.355106,1.321851
76,24.5,0.0,0.013455,5.381975,1.340609
76,25.0,0.0,0.011842,5.406732,1.359288
76,25.5,0.0,0.010422,5.429514,1.377857
76,26.0,0.0,0.009173,5.450455,1.396283
76,26.5,0.0,0.008073,5.469682,1.41454
76,27.0,0.0,0.007105,5.487316,1.432598
76,27.5,0.0,0.006253,5.503474,1.450435
76,28.0,0.0,0.005504,5.518264,1.468026
76,28.5,0.0,0.004844,5.53179,1.485351
76,29.0,0.0,0.004263,5.544149,1.50239
76,29.5,0.0,0.003752,5.555433,1.519127
76,30.0,0.0,0.003302,5.565726,1.535544
76,30.5,0.0,0.002906,5.575109,1.55163
76,31.0,0.0,0.002558,5.583656,1.567372
76,31.5,0.0,0.002251,5.591435,1.582759
76,32.0,0.0,0.001981,5.598512,1.597783
76,32.5,0.0,0.001744,5.604945,1.612437
76,33.0,0.0,0.001535,5.61079,1.626716
76,33.5,0.0,0.001351,5.616096,1.640614
76,34.0,0.0,0.001189,5.620912,1.65413
76,34.5,0.0,0.001046,5.62528,1.667262
76,35.0,0.0,0.000921,5.629239,1.680009
76,35.5,0.0,0.00081,5.632827,1.692372
76,36.0,0.0,0.000713,5.636076,1.704352
76,36.5,0.0,0.000628,5.639017,1.715953
76,37.0,0.0,0.000552,5.641679,1.727178
76,37.5,0.0,0.000486,5.644086,1.73803
76,38.0,0.0,0.000428,5.646262,1.748516
76,38.5,0.0,0.000377,5.648229,1.75864
76,39.0,0.0,0.000331,5.650006,1.768409
76,39.5,0.0,0.000292,5.65161,1.777828
76,40.0,0.0,0.000257,5.653059,1.786906
76,40.5,0.0,0.000226,5.654366,1.795649
76,41.0,0.0,0.000199,5.655545,1.804066
76,41.5,0.0,0.000175,5.656609,1.812163
76,42.0,0.0,0.000154,5.657568,1.81995
76,42.5,0.0,0.000136,5.658433,1.827435
76,43.0,0.0,0.000119,5.659211,1.834625
76,43.5,0.0,0.000105,5.659913,1.84153
76,44.0,0.0,9.2e-05,5.660545,1.848157
76,44.5,0.0,8.1e-05,5.661114,1.854516
76,45.0,0.0,7.2e-05,5.661626,1.860615
76,45.5,0.0,6.3e-05,5.662087,1.866463
76,46.0,0.0,5.5e-05,5.662502,1.872067
76,46.5,0.0,4.9e-05,5.662875,1.877436
76,47.0,0.0,4.3e-05,5.663211,1.882578
76,47.5,0.0,3.8e-05,5.663513,1.887502
76,48.0,0.0,3.3e-05,5.663784,1.892214
76,48.5,0.0,2.9e-05,5.664028,1.896724
76,49.0,0.0,2.6e-05,5.664247,1.901038
76,49.5,0.0,2.3e-05,5.664444,1.905164
76,50.0,0.0,2e-05,5.66462,1.909109
77,0.0,6.523851,0.0,5.822479,0.589218
77,0.5,4.349771,2.02976,5.400635,0.640165
77,1.0,2.900205,3.135636,4.674487,0.690739
77,1.5,1.933709,3.655684,3.99506,0.738672
77,2.0,1.289298,3.811623,3.44429,0.782621
77,2.5,0.859638,3.748055,3.025543,0.821978
77,3.0,0.573163,3.558558,2.719846,0.856763
77,3.5,0.382156,3.303033,2.504681,0.887457
77,4.0,0.254802,3.019233,2.36003,0.914821
77,4.5,0.169889,2.73041,2.269795,0.939728
77,5.0,0.113273,2.450381,2.221595,0.963047
77,5.5,0.075525,2.186877,2.206113,0.985576
77,6.0,0.050356,1.943755,2.216383,1.00801
77,6.5,0.033575,1.722444,2.247188,1.030939
77,7.0,0.022386,1.522893,2.294589,1.05485
77,7.5,0.014926,1.344189,2.355564,1.080144
77,8.0,0.009952,1.184952,2.427749,1.107147
77,8.5,0.006635,1.043581,2.509251,1.136125
77,9.0,0.004424,0.918414,2.598512,1.167291
77,9.5,0.00295,0.807819,2.694215,1.200814
77,10.0,0.001967,0.710249,2.795223,1.236828
77,10.5,0.001311,0.624269,2.900526,1.275434
77,11.0,0.000874,0.548567,3.009221,1.316703
77,11.5,0.000583,0.481959,3.120482,1.360679
77,12.0,0.000389,0.423381,3.233555,1.407381
77,12.5,0.000259,0.371884,3.347743,1.456801
77,13.0,0.000173,0.326625,3.462409,1.508908
77,13.5,0.000115,0.286857,3.576964,1.563644
77,14.0,7.7e-05,0.25192,3.690874,1.620929
77,14.5,5.1e-05,0.22123,3.803654,1.680654
77,15.0,3.4e-05,0.194274,3.914866,1.742688
77,15.5,2.3e-05,0.170599,4.024125,1.806877
77,16.0,1.5e-05,0.149807,4.131088,1.87304
77,16.5,1e-05,0.131548,4.235462,1.940977
77,17.0,7e-06,0.115513,4.336996,2.010469
77,17.5,4e-06,0.101432,4.435481,2.081277
77,18.0,3e-06,0.089067,4.53075,2.153146
77,18.5,2e-06,0.078209,4.622671,2.225813
77,19.0,1e-06,0.068674,4.711147,2.299004
77,19.5,1e-06,0.060302,4.796113,2.372441
77,20.0,1e-06,0.052951,4.877533,2.445844
77,20.5,0.0,0.046495,4.955397,2.518937
77,21.0,0.0,0.040827,5.029717,2.591451
77,21.5,0.0,0.035849,5.100526,2.663126
77,22.0,0.0,0.031479,5.167877,2.733719
77,22.5,0.0,0.027641,5.231833,2.802999
77,23.0,0.0,0.024271,5.292476,2.870758
77,23.5,0.0,0.021312,5.349893,2.936806
77,24.0,0.0,0.018714,5.404183,3.000978
77,24.5,0.0,0.016432,5.455451,3.063131
77,25.0,0.0,0.014429,5.503807,3.123145
77,25.5,0.0,0.01267,5.549364,3.180925
77,26.0,0.0,0.011125,5.592239,3.236398
77,26.5,0.0,0.009769,5.632548,3.289513
77,27.0,0.0,0.008578,5.670409,3.340242
77,27.5,0.0,0.007532,5.705939,3.388572
77,28.0,0.0,0.006614,5.739253,3.434512
77,28.5,0.0,0.005807,5.770464,3.478085
77,29.0,0.0,0.005099,5.799683,3.519326
77,29.5,0.0,0.004478,5.827017,3.558284
77,30.0,0.0,0.003932,5.85257,3.59502
77,30.5,0.0,0.003452,5.876444,3.629599
77,31.0,0.0,0.003031,5.898735,3.662097
77,31.5,0.0,0.002662,5.919536,3.692592
77,32.0,0.0,0.002337,5.938937,3.721168
77,32.5,0.0,0.002052,5.957023,3.747911
77,33.0,0.0,0.001802,5.973874,3.772908
77,33.5,0.0,0.001582,5.989568,3.796246
77,34.0,0.0,0.001389,6.004178,3.818013
77,34.5,0.0,0.00122,6.017774,3.838294
77,35.0,0.0,0.001071,6.030421,3.857175
77,35.5,0.0,0.000941,6.04218,3.874738
77,36.0,0.0,0.000826,6.053111,3.891062
77,36.5,0.0,0.000725,6.063269,3.906224
77,37.0,0.0,0.000637,6.072705,3.920297
77,37.5,0.0,0.000559,6.081468,3.933352
77,38.0,0.0,0.000491,6.089604,3.945457
77,38.5,0.0,0.000431,6.097156,3.956674
77,39.0,0.0,0.000379,6.104164,3.967064
77,39.5,0.0,0.000332,6.110665,3.976685
77,40.0,0.0,0.000292,6.116696,3.985589
77,40.5,0.0,0.000256,6.122289,3.993828
77,41.0,0.0,0.000225,6.127474,4.001448
77,41.5,0.0,0.000198,6.13228,4.008495
77,42.0,0.0,0.000174,6.136736,4.015009
77,42.5,0.0,0.000152,6.140864,4.021029
77,43.0,0.0,0.000134,6.144689,4.026593
77,43.5,0.0,0.000117,6.148233,4.031733
77,44.0,0.0,0.000103,6.151515,4.03648
77,44.5,0.0,9.1e-05,6.154555,4.040865
77,45.0,0.0,8e-05,6.15737,4.044915
77,45.5,0.0,7e-05,6.159976,4.048654
77,46.0,0.0,6.1e-05,6.162389,4.052106
77,46.5,0.0,5.4e-05,6.164623,4.055292
77,47.0,0.0,4.7e-05,6.166691,4.058234
77,47.5,0.0,4.2e-05,6.168604,4.060949
77,48.0,0.0,3.6e-05,6.170375,4.063456
77,48.5,0.0,3.2e-05,6.172014,4.065768
77,49.0,0.0,2.8e-05,6.17353,4.067903
77,49.5,0.0,2.5e-05,6.174933,4.069873
77,50.0,0.0,2.2e-05,6.176231,4.071691
78,0.0,3.229618,0.0,6.001458,0.505043
78,0.5,2.219633,0.95269,5.83632,0.519603
78,1.0,1.525497,1.50744,5.43507,0.533223
78,1.5,1.048435,1.799195,4.985476,0.545154
78,2.0,0.720562,1.919595,4.566318,0.555043
78,2.5,0.495224,1.930639,4.206767,0.562793
78,3.0,0.340355,1.874053,3.913343,0.56849
78,3.5,0.233917,1.777722,3.682715,0.572346
78,4.0,0.160765,1.660106,3.507833,0.57465
78,4.5,0.11049,1.533258,3.380793,0.575724
78,5.0,0.075937,1.404896,3.294093,0.575892
78,5.5,0.052189,1.279816,3.24111,0.575458
78,6.0,0.035868,1.160861,3.216202,0.57469
78,6.5,0.024651,1.049579,3.214646,0.573819
78,7.0,0.016942,0.946671,3.232523,0.573038
78,7.5,0.011644,0.852291,3.266586,0.572501
78,8.0,0.008003,0.766255,3.314132,0.572329
78,8.5,0.0055,0.688178,3.372906,0.572617
78,9.0,0.00378,0.617558,3.441008,0.573435
78,9.5,0.002598,0.553844,3.516826,0.574836
78,10.0,0.001785,0.49647,3.598978,0.576855
78,10.5,0.001227,0.44488,3.686273,0.579517
78,11.0,0.000843,0.39854,3.777676,0.582837
78,11.5,0.00058,0.356952,3.872279,0.586823
78,12.0,0.000398,0.319651,3.969283,0.591476
78,12.5,0.000274,0.286213,4.067982,0.596794
78,13.0,0.000188,0.256248,4.167751,0.602773
78,13.5,0.000129,0.229404,4.268034,0.609404
78,14.0,8.9e-05,0.20536,4.368337,0.616677
78,14.5,6.1e-05,0.183829,4.468225,0.624581
78,15.0,4.2e-05,0.164549,4.567311,0.633106
78,15.5,2.9e-05,0.147288,4.665255,0.642236
78,16.0,2e-05,0.131835,4.761759,0.65196
78,16.5,1.4e-05,0.118001,4.856566,0.662263
78,17.0,9e-06,0.105618,4.949452,0.67313
78,17.5,6e-06,0.094533,5.040228,0.684548
78,18.0,4e-06,0.084611,5.128734,0.696499
78,18.5,3e-06,0.075731,5.214841,0.70897
78,19.0,2e-06,0.067782,5.298441,0.721943
78,19.5,1e-06,0.060667,5.379453,0.735402
78,20.0,1e-06,0.054299,5.457817,0.74933
78,20.5,1e-06,0.048599,5.533492,0.76371
78,21.0,0.0,0.043497,5.606452,0.778524
78,21.5,0.0,0.038931,5.676691,0.793752
78,22.0,0.0,0.034845,5.744214,0.809376
78,22.5,0.0,0.031187,5.809038,0.825376
78,23.0,0.0,0.027913,5.871194,0.841733
78,23.5,0.0,0.024983,5.93072,0.858424
78,24.0,0.0,0.02236,5.987662,0.87543
78,24.5,0.0,0.020013,6.042073,0.892728
78,25.0,0.0,0.017912,6.094014,0.910296
78,25.5,0.0,0.016032,6.143548,0.928111
78,26.0,0.0,0.014349,6.190744,0.94615
78,26.5,0.0,0.012843,6.235673,0.964391
78,27.0,0.0,0.011494,6.278409,0.982809
78,27.5,0.0,0.010288,6.319026,1.00138
78,28.0,0.0,0.009208,6.357601,1.02008
78,28.5,0.0,0.008241,6.394211,1.038885
78,29.0,0.0,0.007376,6.428933,1.057772
78,29.5,0.0,0.006602,6.461843,1.076716
78,30.0,0.0,0.005909,6.493016,1.095692
78,30.5,0.0,0.005288,6.522528,1.114678
78,31.0,0.0,0.004733,6.550451,1.13365
78,31.5,0.0,0.004236,6.576857,1.152585
78,32.0,0.0,0.003792,6.601817,1.17146
78,32.5,0.0,0.003394,6.625398,1.190254
78,33.0,0.0,0.003037,6.647667,1.208945
78,33.5,0.0,0.002719,6.668688,1.227512
78,34.0,0.0,0.002433,6.688522,1.245936
78,34.5,0.0,0.002178,6.707229,1.264196
78,35.0,0.0,0.001949,6.724868,1.282276
78,35.5,0.0,0.001745,6.741493,1.300157
78,36.0,0.0,0.001561,6.757157,1.317823
78,36.5,0.0,0.001397,6.771911,1.335258
78,37.0,0.0,0.001251,6.785803,1.352448
78,37.5,0.0,0.001119,6.798882,1.369379
78,38.0,0.0,0.001002,6.81119,1.386039
78,38.5,0.0,0.000897,6.82277,1.402416
78,39.0,0.0,0.000803,6.833662,1.418501
78,39.5,0.0,0.000718,6.843905,1.434283
78,40.0,0.0,0.000643,6.853536,1.449754
78,40.5,0.0,0.000575,6.862588,1.464907
78,41.0,0.0,0.000515,6.871096,1.479736
78,41.5,0.0,0.000461,6.87909,1.494236
78,42.0,0.0,0.000413,6.8866,1.508402
78,42.5,0.0,0.000369,6.893654,1.52223
78,43.0,0.0,0.000331,6.900278,1.535718
78,43.5,0.0,0.000296,6.906498,1.548865
78,44.0,0.0,0.000265,6.912338,1.56167
78,44.5,0.0,0.000237,6.91782,1.574132
78,45.0,0.0,0.000212,6.922964,1.586252
78,45.5,0.0,0.00019,6.927792,1.598032
78,46.0,0.0,0.00017,6.932322,1.609473
78,46.5,0.0,0.000152,6.936573,1.620578
78,47.0,0.0,0.000136,6.94056,1.63135
78,47.5,0.0,0.000122,6.9443,1.641793
78,48.0,0.0,0.000109,6.947807,1.651911
78,48.5,0.0,9.8e-05,6.951097,1.661708
78,49.0,0.0,8.7e-05,6.954181,1.671189
78,49.5,0.0,7.8e-05,6.957073,1.68036
78,50.0,0.0,7e-05,6.959785,1.689227
79,0.0,4.390158,0.0,7.782738,1.168557
79,0.5,2.691149,1.572474,7.519369,1.149325
79,1.0,1.649663,2.324473,7.010027,1.129198
79,1.5,1.011236,2.602083,6.485263,1.107584
79,2.0,0.619884,2.613608,6.022427,1.084483
79,2.5,0.379986,2.483404,5.643057,1.06017
79,3.0,0.23293,2.284821,5.34697,1.035044
79,3.5,0.142785,2.060328,5.125966,1.009542
79,4.0,0.087527,1.833802,4.969594,0.984077
79,4.5,0.053653,1.618012,4.86755,0.959011
79,5.0,0.032889,1.419171,4.810567,0.934639
79,5.5,0.020161,1.23969,4.790658,0.911181
79,6.0,0.012359,1.079839,4.801069,0.888795
79,6.5,0.007576,0.938736,4.836139,0.867577
79,7.0,0.004644,0.814937,4.891132,0.847579
79,7.5,0.002847,0.706771,4.96208,0.828813
79,8.0,0.001745,0.61254,5.045651,0.811267
79,8.5,0.00107,0.530613,5.139035,0.794907
79,9.0,0.000656,0.459486,5.239856,0.779683
79,9.5,0.000402,0.397796,5.346101,0.76554
79,10.0,0.000246,0.344329,5.456063,0.752417
79,10.5,0.000151,0.298012,5.568293,0.740249
79,11.0,9.3e-05,0.257903,5.681564,0.728974
79,11.5,5.7e-05,0.223179,5.794844,0.718529
79,12.0,3.5e-05,0.193122,5.907265,0.708853
79,12.5,2.1e-05,0.167107,6.018106,0.699891
79,13.0,1.3e-05,0.144594,6.126772,0.691586
79,13.5,8e-06,0.125112,6.23278,0.68389
79,14.0,5e-06,0.108253,6.335745,0.676755
79,14.5,3e-06,0.093666,6.435367,0.670137
79,15.0,2e-06,0.081044,6.531419,0.663996
79,15.5,1e-06,0.070122,6.623739,0.658294
79,16.0,1e-06,0.060672,6.712222,0.652996
79,16.5,0.0,0.052496,6.796809,0.648072
79,17.0,0.0,0.045421,6.87748,0.643491
79,17.5,0.0,0.0393,6.954253,0.639228
79,18.0,0.0,0.034003,7.027172,0.635256
79,18.5,0.0,0.029421,7.096306,0.631554
79,19.0,0.0,0.025456,7.161741,0.628101
79,19.5,0.0,0.022025,7.223581,0.624878
79,20.0,0.0,0.019057,7.281941,0.621866
79,20.5,0.0,0.016489,7.336945,0.619051
79,21.0,0.0,0.014266,7.388723,0.616416
79,21.5,0.0,0.012344,7.437409,0.613949
79,22.0,0.0,0.01068,7.483142,0.611637
79,22.5,0.0,0.009241,7.526058,0.609468
79,23.0,0.0,0.007995,7.566296,0.607432
79,23.5,0.0,0.006918,7.603992,0.605519
79,24.0,0.0,0.005986,7.639278,0.60372
79,24.5,0.0,0.005179,7.672287,0.602026
79,25.0,0.0,0.004481,7.703143,0.600431
79,25.5,0.0,0.003877,7.73197,0.598926
79,26.0,0.0,0.003355,7.758886,0.597506
79,26.5,0.0,0.002902,7.784003,0.596164
79,27.0,0.0,0.002511,7.807432,0.594895
79,27.5,0.0,0.002173,7.829274,0.593694
79,28.0,0.0,0.00188,7.84963,0.592556
79,28.5,0.0,0.001627,7.868592,0.591477
79,29.0,0.0,0.001407,7.886249,0.590452
79,29.5,0.0,0.001218,7.902685,0.589478
79,30.0,0.0,0.001054,7.917981,0.588551
79,30.5,0.0,0.000912,7.93221,0.587669
79,31.0,0.0,0.000789,7.945443,0.586828
79,31.5,0.0,0.000682,7.957747,0.586026
79,32.0,0.0,0.00059,7.969185,0.585259
79,32.5,0.0,0.000511,7.979815,0.584526
79,33.0,0.0,0.000442,7.989691,0.583825
79,33.5,0.0,0.000382,7.998866,0.583153
79,34.0,0.0,0.000331,8.007388,0.582509
79,34.5,0.0,0.000286,8.015301,0.58189
79,35.0,0.0,0.000248,8.022649,0.581296
79,35.5,0.0,0.000214,8.029471,0.580725
79,36.0,0.0,0.000185,8.035802,0.580174
79,36.5,0.0,0.00016,8.041679,0.579644
79,37.0,0.0,0.000139,8.047132,0.579133
79,37.5,0.0,0.00012,8.052192,0.57864
79,38.0,0.0,0.000104,8.056887,0.578164
79,38.5,0.0,9e-05,8.061242,0.577703
79,39.0,0.0,7.8e-05,8.065283,0.577257
79,39.5,0.0,6.7e-05,8.06903,0.576825
79,40.0,0.0,5.8e-05,8.072505,0.576407
79,40.5,0.0,5e-05,8.075728,0.576001
79,41.0,0.0,4.4e-05,8.078717,0.575607
79,41.5,0.0,3.8e-05,8.081489,0.575225
79,42.0,0.0,3.3e-05,8.084059,0.574853
79,42.5,0.0,2.8e-05,8.086441,0.574491
79,43.0,0.0,2.4e-05,8.08865,0.574139
79,43.5,0.0,2.1e-05,8.090698,0.573796
79,44.0,0.0,1.8e-05,8.092597,0.573462
79,44.5,0.0,1.6e-05,8.094356,0.573136
79,45.0,0.0,1.4e-05,8.095988,0.572819
79,45.5,0.0,1.2e-05,8.0975,0.572509
79,46.0,0.0,1e-05,8.098901,0.572206
79,46.5,0.0,9e-06,8.1002,0.57191
79,47.0,0.0,8e-06,8.101404,0.571621
79,47.5,0.0,7e-06,8.102519,0.571338
79,48.0,0.0,6e-06,8.103554,0.571062
79,48.5,0.0,5e-06,8.104512,0.570791
79,49.0,0.0,4e-06,8.1054,0.570526
79,49.5,0.0,4e-06,8.106223,0.570266
79,50.0,0.0,3e-06,8.106986,0.570012
