id,t,x,y
0,0.0,11.861663,28.570715
0,1.0,5.248559,29.568237
0,2.0,3.1824846,23.00344
0,3.0,2.889306,16.638802
0,4.0,3.527556,12.203361
0,5.0,5.064582,9.658794
0,6.0,7.538984,8.815012
0,7.0,10.360886,9.758686
0,8.0,11.940627,12.743002
0,9.0,11.031125,17.059835
0,10.0,8.63792,20.110977
0,11.0,6.6322145,20.144358
0,12.0,5.6537166,18.154305
0,13.0,5.5535545,15.77286
0,14.0,6.105088,13.940885
0,15.0,7.0879593,13.026236
0,16.0,8.166377,13.119877
0,17.0,8.879461,14.111215
0,18.0,8.895697,15.584721
0,19.0,8.309019,16.839497
0,20.0,7.5420423,17.302841
0,21.0,6.9714937,16.934414
0,22.0,6.750639,16.1132
0,23.0,6.8646684,15.280415
0,24.0,7.209178,14.738324
0,25.0,7.6266236,14.616882
0,26.0,7.943853,14.890048
0,27.0,8.040259,15.396896
0,28.0,7.9098797,15.896748
0,29.0,7.6540217,16.178726
0,30.0,7.4069176,16.16511
0,31.0,7.2638454,15.925234
0,32.0,7.255626,15.605566
0,33.0,7.357764,15.3470745
0,34.0,7.511302,15.235418
0,35.0,7.6475544,15.285408
0,36.0,7.7146645,15.448925
0,37.0,7.6974344,15.641114
0,38.0,7.619013,15.778996
0,39.0,7.5235996,15.816686
0,40.0,7.452757,15.758833
0,41.0,7.429166,15.648085
0,42.0,7.452506,15.538949
0,43.0,7.5046453,15.473795
0,44.0,7.559737,15.469529
0,45.0,7.5953627,15.516312
0,46.0,7.600878,15.586093
0,47.0,7.5798044,15.646728
0,48.0,7.5457816,15.675675
0,49.0,7.5149364,15.667503
0,50.0,7.498847,15.632776
1,0.0,23.36684,3.147295
1,1.0,22.26474,4.554141
1,2.0,20.906225,6.2187676
1,3.0,19.369328,7.928949
1,4.0,17.815468,9.393705
1,5.0,16.428902,10.378319
1,6.0,15.345138,10.814654
1,7.0,14.617117,10.798477
1,8.0,14.225602,10.503859
1,9.0,14.10773,10.098474
1,10.0,14.182688,9.702032
1,11.0,14.369239,9.381457
1,12.0,14.596934,9.162512
1,13.0,14.812805,9.044048
1,14.0,14.983962,9.009577
1,15.0,15.096417,9.035532
1,16.0,15.151126,9.097044
1,17.0,15.158695,9.17193
1,18.0,15.134182,9.243191
1,19.0,15.092905,9.300083
1,20.0,15.047695,9.337908
1,21.0,15.007565,9.356829
1,22.0,14.977509,9.360204
1,23.0,14.959074,9.352898
1,24.0,14.951305,9.339903
1,25.0,14.951782,9.325426
1,26.0,14.957542,9.312445
1,27.0,14.965765,9.302633
1,28.0,14.974197,9.296542
1,29.0,14.9813385,9.2939005
1,30.0,14.98643,9.293949
1,31.0,14.989326,9.295741
1,32.0,14.990301,9.298365
1,33.0,14.9898615,9.301086
1,34.0,14.988576,9.303412
1,35.0,14.986957,9.305086
1,36.0,14.9853945,9.306052
1,37.0,14.984134,9.306394
1,38.0,14.983283,9.306272
1,39.0,14.982843,9.305868
1,40.0,14.982745,9.30535
1,41.0,14.982885,9.304846
1,42.0,14.983157,9.304435
1,43.0,14.983469,9.304154
1,44.0,14.983754,9.304007
1,45.0,14.983973,9.30397
1,46.0,14.984112,9.304012
1,47.0,14.984176,9.304098
1,48.0,14.9841795,9.304198
1,49.0,14.984143,9.304291
1,50.0,14.984088,9.304362
2,0.0,11.395506,4.360203
2,1.0,15.761702,4.705435
2,2.0,18.827127,5.9875555
2,3.0,19.789112,8.319212
2,4.0,18.817526,11.536199
2,5.0,16.65572,14.904702
2,6.0,14.223767,17.386177
2,7.0,12.21705,18.39649
2,8.0,10.913394,18.117455
2,9.0,10.291176,17.12272
2,10.0,10.211541,15.948373
2,11.0,10.509732,14.933556
2,12.0,11.017881,14.23697
2,13.0,11.574124,13.895517
2,14.0,12.042385,13.870823
2,15.0,12.337254,14.078648
2,16.0,12.436847,14.411282
2,17.0,12.374353,14.760869
2,18.0,12.213807,15.042705
2,19.0,12.023257,15.210918
2,20.0,11.855844,15.260443
2,21.0,11.741972,15.216502
2,22.0,11.690199,15.118601
2,23.0,11.692729,15.006093
2,24.0,11.732353,14.908992
2,25.0,11.788965,14.84432
2,26.0,11.84472,14.816597
2,27.0,11.887272,14.820789
2,28.0,11.910944,14.846305
2,29.0,11.916068,14.880963
2,30.0,11.907116,14.914172
2,31.0,11.890417,14.938847
2,32.0,11.872127,14.9519825
2,33.0,11.8568735,14.954116
2,34.0,11.847175,14.948126
2,35.0,11.843522,14.937854
2,36.0,11.844894,14.926934
2,37.0,11.849449,14.9180355
2,38.0,11.855187,14.912551
2,39.0,11.860451,14.910678
2,40.0,11.864194,14.911739
2,41.0,11.866034,14.9146
2,42.0,11.866133,14.918067
2,43.0,11.865,14.921171
2,44.0,11.863266,14.923321
2,45.0,11.861507,14.924319
2,46.0,11.860129,14.924293
2,47.0,11.859328,14.923559
2,48.0,11.859108,14.922501
2,49.0,11.859343,14.921455
2,50.0,11.859839,14.920656
3,0.0,26.029999,19.075645
3,1.0,12.819219,30.708675
3,2.0,7.044801,32.480606
3,3.0,4.790829,28.657158
3,4.0,4.133258,23.689016
3,5.0,4.328383,19.396894
3,6.0,5.140183,16.28091
3,7.0,6.448736,14.389741
3,8.0,8.023262,13.6498785
3,9.0,9.452425,13.943812
3,10.0,10.31338,15.070589
3,11.0,10.4356,16.678556
3,12.0,9.972592,18.288197
3,13.0,9.243647,19.460966
3,14.0,8.536992,19.987225
3,15.0,8.017682,19.922628
3,16.0,7.737215,19.478743
3,17.0,7.677232,18.892242
3,18.0,7.783972,18.348629
3,19.0,7.98786,17.959528
3,20.0,8.217026,17.767647
3,21.0,8.410646,17.761162
3,22.0,8.53074,17.890959
3,23.0,8.567411,18.089607
3,24.0,8.534976,18.290688
3,25.0,8.461478,18.444687
3,26.0,8.377008,18.527369
3,27.0,8.305199,18.539173
3,28.0,8.259416,18.49796
3,29.0,8.242848,18.429235
3,30.0,8.250927,18.35754
3,31.0,8.274657,18.300846
3,32.0,8.303934,18.268314
3,33.0,8.330186,18.260748
3,34.0,8.347974,18.272806
3,35.0,8.355432,18.296005
3,36.0,8.353723,18.321604
3,37.0,8.345896,18.342773
3,38.0,8.335596,18.355701
3,39.0,8.326009,18.359653
3,40.0,8.319225,18.356266
3,41.0,8.31606,18.348467
3,42.0,8.316229,18.3394
3,43.0,8.318731,18.331602
3,44.0,8.322297,18.326574
3,45.0,8.3257675,18.324724
3,46.0,8.328339,18.32558
3,47.0,8.329651,18.328161
3,48.0,8.329753,18.331352
3,49.0,8.328968,18.334213
3,50.0,8.32774,18.336153
4,0.0,10.596043,2.843192
4,1.0,15.519476,4.1761513
4,2.0,16.466188,7.580927
4,3.0,13.830448,12.857054
4,4.0,10.096516,17.224321
4,5.0,7.40643,18.340635
4,6.0,6.150672,17.054844
4,7.0,5.94147,15.111568
4,8.0,6.40161,13.5319605
4,9.0,7.2007666,12.681082
4,10.0,7.9781575,12.574317
4,11.0,8.426545,13.023814
4,12.0,8.45081,13.709205
4,13.0,8.1832905,14.294009
4,14.0,7.84018,14.575997
4,15.0,7.5826406,14.548972
4,16.0,7.4733467,14.33746
4,17.0,7.497681,14.090742
4,18.0,7.5999694,13.914005
4,19.0,7.71574,13.848025
4,20.0,7.7965703,13.879025
4,21.0,7.8232727,13.962225
4,22.0,7.80423,14.048229
4,23.0,7.762788,14.103245
4,24.0,7.7226715,14.117034
4,25.0,7.698612,14.098816
4,26.0,7.694028,14.066801
4,27.0,7.7038207,14.037983
4,28.0,7.719276,14.022145
4,29.0,7.7325683,14.020741
4,30.0,7.7394023,14.029271
4,31.0,7.739432,14.0410385
4,32.0,7.7350225,14.050449
4,33.0,7.729402,14.054752
4,34.0,7.7251267,14.054099
4,35.0,7.723347,14.050471
4,36.0,7.723865,14.046287
4,37.0,7.725681,14.043326
4,38.0,7.727653,14.042285
4,39.0,7.728978,14.042888
4,40.0,7.7293797,14.044331
4,41.0,7.7290277,14.045773
4,42.0,7.72832,14.046667
4,43.0,7.727649,14.046866
4,44.0,7.727257,14.046538
4,45.0,7.727194,14.045991
4,46.0,7.7273693,14.045509
4,47.0,7.7276335,14.045253
4,48.0,7.7278547,14.04524
4,49.0,7.7279644,14.045391
4,50.0,7.7279596,14.045591
5,0.0,10.018487,10.430316
5,1.0,15.375181,13.387348
5,2.0,17.842712,22.42308
5,3.0,14.51885,36.52195
5,4.0,9.283316,44.27371
5,5.0,6.219105,41.082054
5,6.0,5.203759,33.722668
5,7.0,5.453498,27.106562
5,8.0,6.628631,22.804708
5,9.0,8.492035,21.13042
5,10.0,10.466077,22.159489
5,11.0,11.55818,25.695251
5,12.0,11.119276,30.422901
5,13.0,9.654479,33.77811
5,14.0,8.224617,34.109608
5,15.0,7.4173737,32.080036
5,16.0,7.296409,29.32287
5,17.0,7.722908,27.085157
5,18.0,8.475113,25.98978
5,19.0,9.245162,26.195362
5,20.0,9.700296,27.469429
5,21.0,9.660868,29.186665
5,22.0,9.22939,30.52416
5,23.0,8.691523,30.926039
5,24.0,8.301509,30.411142
5,25.0,8.173419,29.419561
5,26.0,8.295355,28.4637
5,27.0,8.574525,27.90243
5,28.0,8.876991,27.872221
5,29.0,9.074586,28.294312
5,30.0,9.098948,28.92552
5,31.0,8.970399,29.465738
5,32.0,8.774963,29.699398
5,33.0,8.608689,29.586943
5,34.0,8.53254,29.247824
5,35.0,8.557915,28.868711
5,36.0,8.655016,28.609997
5,37.0,8.771846,28.551271
5,38.0,8.857136,28.678923
5,39.0,8.881001,28.907352
5,40.0,8.844802,29.123951
5,41.0,8.775322,29.240612
5,42.0,8.708004,29.227907
5,43.0,8.669961,29.116673
5,44.0,8.67079,28.97226
5,45.0,8.702597,28.860088
5,46.0,8.746595,28.81943
5,47.0,8.782511,28.853184
5,48.0,8.797055,28.933563
5,49.0,8.788248,29.018784
5,50.0,8.764217,29.072773
6,0.0,22.158579,19.489166
6,1.0,11.410837,31.076773
6,2.0,6.227997,29.762165
6,3.0,4.4975624,23.195038
6,4.0,4.3094645,17.108122
6,5.0,5.013651,12.850445
6,6.0,6.4317427,10.337716
6,7.0,8.379571,9.276251
6,8.0,10.41012,9.482684
6,9.0,11.848565,10.868857
6,10.0,12.174178,13.200535
6,11.0,11.417713,15.7858925
6,12.0,10.131696,17.622177
6,13.0,8.937635,18.123434
6,14.0,8.168266,17.488186
6,15.0,7.8770723,16.3151
6,16.0,7.983622,15.139985
6,17.0,8.358659,14.278329
6,18.0,8.850153,13.855619
6,19.0,9.302086,13.867961
6,20.0,9.589638,14.219558
6,21.0,9.657853,14.747915
6,22.0,9.534709,15.2640505
6,23.0,9.305789,15.613299
6,24.0,9.068374,15.726778
6,25.0,8.894336,15.6296425
6,26.0,8.816015,15.407162
6,27.0,8.830161,15.158066
6,28.0,8.90957,14.960401
6,29.0,9.01615,14.85646
6,30.0,9.113108,14.852129
6,31.0,9.174647,14.924677
6,32.0,9.191177,15.035179
6,33.0,9.168733,15.142671
6,34.0,9.123527,15.216476
6,35.0,9.074464,15.243183
6,36.0,9.036747,15.22666
6,37.0,9.018388,15.182571
6,38.0,9.01981,15.130635
6,39.0,9.035696,15.087794
6,40.0,9.057924,15.064095
6,41.0,9.078535,15.061609
6,42.0,9.091967,15.075839
6,43.0,9.096086,15.098589
6,44.0,9.091987,15.121197
6,45.0,9.082888,15.137148
6,46.0,9.072662,15.143457
6,47.0,9.064549,15.140678
6,48.0,9.060369,15.131869
6,49.0,9.060352,15.121073
6,50.0,9.063476,15.1119
7,0.0,26.72917,14.694233
7,1.0,14.732387,27.66976
7,2.0,8.16494,28.201996
7,3.0,5.851427,21.850203
7,4.0,5.554622,15.681347
7,5.0,6.3686748,11.4762945
7,6.0,7.975383,9.100874
7,7.0,10.068227,8.15964
7,8.0,12.117994,8.400919
7,9.0,13.473328,9.69471
7,10.0,13.711253,11.796213
7,11.0,12.92488,14.072765
7,12.0,11.65538,15.647578
7,13.0,10.49389,16.031687
7,14.0,9.763549,15.428827
7,15.0,9.516817,14.386124
7,16.0,9.663925,13.379451
7,17.0,10.058907,12.67577
7,18.0,10.537201,12.366535
7,19.0,10.94539,12.427376
7,20.0,11.177292,12.75658
7,21.0,11.201737,13.203774
7,22.0,11.061888,13.610224
7,23.0,10.8441305,13.859779
7,24.0,10.636144,13.913769
7,25.0,10.497061,13.807902
7,26.0,10.448251,13.618909
7,27.0,10.479222,13.426288
7,28.0,10.559985,13.287151
7,29.0,10.654315,13.227174
7,30.0,10.731152,13.242915
7,31.0,10.772208,13.310468
7,32.0,10.774396,13.396957
7,33.0,10.747108,13.472008
7,34.0,10.706191,13.5162
7,35.0,10.667389,13.524356
7,36.0,10.641607,13.503518
7,37.0,10.632993,13.467547
7,38.0,10.639554,13.431083
7,39.0,10.655391,13.404989
7,40.0,10.673428,13.394206
7,41.0,10.687776,13.397902
7,42.0,10.695158,13.411219
7,43.0,10.695204,13.427734
7,44.0,10.689814,13.44174
7,45.0,10.682003,13.449749
7,46.0,10.674713,13.450957
7,47.0,10.66996,13.446787
7,48.0,10.668482,13.43988
7,49.0,10.669856,13.432993
7,50.0,10.672933,13.428153
8,0.0,4.468233,21.6841
8,1.0,3.099168,12.9932785
8,2.0,3.288551,7.635339
8,3.0,4.3242383,4.6132097
8,4.0,6.1508694,2.9696603
8,5.0,8.661287,2.106342
8,6.0,11.451681,1.6836572
8,7.0,13.945657,1.5160815
8,8.0,15.758302,1.5032182
8,9.0,16.848658,1.589134
8,10.0,17.376656,1.7401487
8,11.0,17.531178,1.9333463
8,12.0,17.457937,2.150894
8,13.0,17.254135,2.3775585
8,14.0,16.982368,2.600034
8,15.0,16.683636,2.8072157
8,16.0,16.385502,2.9907854
8,17.0,16.106472,3.145646
8,18.0,15.858272,3.2699447
8,19.0,15.647209,3.3646474
8,20.0,15.475254,3.4327967
8,21.0,15.341078,3.478654
8,22.0,15.24107,3.5069132
8,23.0,15.170281,3.5221
8,24.0,15.123229,3.5281885
8,25.0,15.094513,3.528419
8,26.0,15.079234,3.5252662
8,27.0,15.07323,3.5205023
8,28.0,15.073168,3.5153096
8,29.0,15.076524,3.5104089
8,30.0,15.081497,3.5061822
8,31.0,15.086885,3.502778
8,32.0,15.091957,3.5001965
8,33.0,15.096324,3.4983525
8,34.0,15.099836,3.4971216
8,35.0,15.102496,3.4963691
8,36.0,15.104392,3.4959688
8,37.0,15.105655,3.495812
8,38.0,15.106424,3.4958107
8,39.0,15.106832,3.4958992
8,40.0,15.106988,3.49603
8,41.0,15.106985,3.496172
8,42.0,15.106891,3.4963055
8,43.0,15.106754,3.4964204
8,44.0,15.1066065,3.4965131
8,45.0,15.106467,3.4965835
8,46.0,15.106348,3.4966335
8,47.0,15.106253,3.496667
8,48.0,15.10618,3.4966872
8,49.0,15.106129,3.4966981
8,50.0,15.106094,3.4967024
9,0.0,23.062765,17.277039
9,1.0,9.846109,20.367641
9,2.0,5.909499,16.470142
9,3.0,4.9606814,11.893782
9,4.0,5.279692,8.479751
9,5.0,6.4015923,6.285206
9,6.0,8.110807,5.022213
9,7.0,10.101603,4.4286127
9,8.0,11.942291,4.325468
9,9.0,13.251678,4.593673
9,10.0,13.870048,5.132057
9,11.0,13.865064,5.8228045
9,12.0,13.433002,6.525094
9,13.0,12.799971,7.1042967
9,14.0,12.15663,7.475401
9,15.0,11.6271305,7.624963
9,16.0,11.267478,7.5975575
9,17.0,11.081493,7.4632854
9,18.0,11.040924,7.2891836
9,19.0,11.102307,7.1244354
9,20.0,11.219244,6.997346
9,21.0,11.350895,6.918486
9,22.0,11.467213,6.885792
9,23.0,11.550992,6.889592
9,24.0,11.597027,6.916883
9,25.0,11.609197,6.95467
9,26.0,11.596664,6.9922853
9,27.0,11.570268,7.0226192
9,28.0,11.539809,7.0423274
9,29.0,11.512502,7.051241
9,30.0,11.492473,7.0513363
9,31.0,11.481044,7.0456176
9,32.0,11.477445,7.037178
9,33.0,11.479682,7.028567
9,34.0,11.485333,7.0214887
9,35.0,11.492153,7.01677
9,36.0,11.49844,7.0145035
9,37.0,11.503175,7.014283
9,38.0,11.505983,7.0154524
9,39.0,11.506986,7.0173135
9,40.0,11.506609,7.019274
9,41.0,11.505396,7.020927
9,42.0,11.503863,7.022061
9,43.0,11.502414,7.022637
9,44.0,11.501296,7.0227356
9,45.0,11.500609,7.022501
9,46.0,11.500339,7.022092
9,47.0,11.500392,7.021646
9,48.0,11.500649,7.021261
9,49.0,11.500992,7.02099
9,50.0,11.501326,7.0208454
10,0.0,23.358047,15.320072
10,1.0,12.331936,37.302513
10,2.0,6.4931335,46.91645
10,3.0,4.2989883,42.135914
10,4.0,3.984428,34.280888
10,5.0,4.6890078,28.468788
10,6.0,5.971926,25.856693
10,7.0,7.1805387,26.292603
10,8.0,7.642917,28.820087
10,9.0,7.3097734,31.70143
10,10.0,6.675214,33.316757
10,11.0,6.187383,33.285183
10,12.0,6.0047207,32.294888
10,13.0,6.0834227,31.215395
10,14.0,6.2923117,30.58064
10,15.0,6.4890556,30.51506
10,16.0,6.5824594,30.844688
10,17.0,6.5634065,31.27224
10,18.0,6.4830813,31.555855
10,19.0,6.4036436,31.611296
10,20.0,6.3625383,31.497765
10,21.0,6.364638,31.333595
10,22.0,6.3928266,31.215967
10,23.0,6.424085,31.183325
10,24.0,6.4423456,31.219656
10,25.0,6.4436555,31.282122
10,26.0,6.433688,31.331179
10,27.0,6.4214253,31.348333
10,28.0,6.4135814,31.337273
10,29.0,6.412245,31.313816
10,30.0,6.4156275,31.293785
10,31.0,6.42036,31.28546
10,32.0,6.423681,31.288454
10,33.0,6.4245286,31.297127
10,34.0,6.4234185,31.305223
10,35.0,6.421611,31.30909
10,36.0,6.4202285,31.308456
10,37.0,6.419773,31.305302
10,38.0,6.4201164,31.302073
10,39.0,6.4207973,31.300337
10,40.0,6.421365,31.300367
10,41.0,6.4215903,31.301493
10,42.0,6.421493,31.302767
10,43.0,6.4212403,31.303526
10,44.0,6.4210105,31.3036
10,45.0,6.420904,31.30321
10,46.0,6.420927,31.302711
10,47.0,6.4210196,31.302385
10,48.0,6.421112,31.302322
10,49.0,6.4211597,31.302456
10,50.0,6.421157,31.302649
11,0.0,16.159252,13.39869
11,1.0,8.342684,18.978447
11,2.0,4.328115,18.104979
11,3.0,2.7908998,14.539738
11,4.0,2.310804,10.980179
11,5.0,2.3444927,8.18362
11,6.0,2.7443647,6.1891403
11,7.0,3.5100632,4.8637204
11,8.0,4.6832647,4.0743723
11,9.0,6.2618847,3.739357
11,10.0,8.096878,3.8470902
11,11.0,9.813764,4.462473
11,12.0,10.866317,5.6894126
11,13.0,10.8049755,7.506212
11,14.0,9.657804,9.498345
11,15.0,8.008328,10.915092
11,16.0,6.522649,11.276218
11,17.0,5.5157647,10.72036
11,18.0,4.9981885,9.694585
11,19.0,4.881462,8.589523
11,20.0,5.080361,7.6343145
11,21.0,5.525004,6.933802
11,22.0,6.1412234,6.5252876
11,23.0,6.8294806,6.415405
11,24.0,7.459345,6.593209
11,25.0,7.8916793,7.022876
11,26.0,8.026965,7.6247206
11,27.0,7.8537536,8.265992
11,28.0,7.457836,8.788398
11,29.0,6.9781017,9.070254
11,30.0,6.542976,9.077048
11,31.0,6.2327447,8.860225
11,32.0,6.077848,8.516173
11,33.0,6.0739255,8.143371
11,34.0,6.1957088,7.818678
11,35.0,6.404707,7.5912504
11,36.0,6.6534653,7.484837
11,37.0,6.890658,7.5014524
11,38.0,7.069381,7.6238523
11,39.0,7.157585,7.817805
11,40.0,7.1464057,8.036953
11,41.0,7.051636,8.232189
11,42.0,6.906826,8.36392
11,43.0,6.7513933,8.412107
11,44.0,6.619475,8.379293
11,45.0,6.5333943,8.28599
11,46.0,6.502094,8.161886
11,47.0,6.522719,8.037148
11,48.0,6.583519,7.936295
11,49.0,6.6671515,7.875015
11,50.0,6.7541986,7.859229
12,0.0,5.524541,5.523841
12,1.0,8.149479,4.7971435
12,2.0,11.225726,5.0818396
12,3.0,13.552845,6.5205135
12,4.0,13.840763,9.189261
12,5.0,12.028516,12.241938
12,6.0,9.54892,13.962004
12,7.0,7.727954,13.692637
12,8.0,6.880438,12.264942
12,9.0,6.83367,10.670617
12,10.0,7.3632965,9.449035
12,11.0,8.242838,8.790543
12,12.0,9.190707,8.71768
12,13.0,9.886457,9.157877
12,14.0,10.097529,9.92902
12,15.0,9.818298,10.7329855
12,16.0,9.264195,11.260457
12,17.0,8.711567,11.361604
12,18.0,8.347465,11.104025
12,19.0,8.233637,10.676703
12,20.0,8.340691,10.266959
12,21.0,8.58727,9.997873
12,22.0,8.869131,9.918327
12,23.0,9.087772,10.013111
12,24.0,9.180715,10.218576
12,25.0,9.140686,10.445846
12,26.0,9.010316,10.61294
12,27.0,8.855207,10.674561
12,28.0,8.733383,10.633089
12,29.0,8.6769495,10.526735
12,30.0,8.688979,10.406275
12,31.0,8.75026,10.3144245
12,32.0,8.830242,10.274479
12,33.0,8.898669,10.288014
12,34.0,8.935193,10.339175
12,35.0,8.934358,10.4030905
12,36.0,8.904578,10.455711
12,37.0,8.862277,10.481819
12,38.0,8.824383,10.478489
12,39.0,8.802463,10.453415
12,40.0,8.800163,10.419829
12,41.0,8.813884,10.3907585
12,42.0,8.83558,10.374784
12,43.0,8.856339,10.374282
12,44.0,8.869479,10.38603
12,45.0,8.87229,10.403468
12,46.0,8.866099,10.419564
12,47.0,8.854954,10.429256
12,48.0,8.843657,10.430726
12,49.0,8.83599,10.4253025
12,50.0,8.833691,10.416315
13,0.0,26.725506,23.61639
13,1.0,9.688076,25.98154
13,2.0,5.4265933,21.03032
13,3.0,4.372366,15.5010395
13,4.0,4.571867,11.262819
13,5.0,5.5835743,8.392047
13,6.0,7.287037,6.609234
13,7.0,9.482173,5.6387486
13,8.0,11.74884,5.2745824
13,9.0,13.58765,5.369595
13,10.0,14.693016,5.805335
13,11.0,15.053524,6.4634666
13,12.0,14.848265,7.2135687
13,13.0,14.311474,7.9245157
13,14.0,13.652396,8.49192
13,15.0,13.022799,8.861851
13,16.0,12.511774,9.034774
13,17.0,12.155391,9.050134
13,18.0,11.952146,8.963736
13,19.0,11.877934,8.829291
13,20.0,11.897913,8.688373
13,21.0,11.975116,8.567568
13,22.0,12.076438,8.479893
13,23.0,12.176334,8.427992
13,24.0,12.258369,8.407677
13,25.0,12.31488,8.411098
13,26.0,12.345271,8.429291
13,27.0,12.353643,8.454006
13,28.0,12.346415,8.478799
13,29.0,12.330374,8.499474
13,30.0,12.311378,8.514008
13,31.0,12.293683,8.522133
13,32.0,12.279803,8.524762
13,33.0,12.270709,8.523414
13,34.0,12.26622,8.519737
13,35.0,12.265448,8.515185
13,36.0,12.267195,8.5108385
13,37.0,12.270269,8.507357
13,38.0,12.27368,8.505017
13,39.0,12.276731,8.503807
13,40.0,12.2790365,8.503527
13,41.0,12.280475,8.503892
13,42.0,12.281111,8.504611
13,43.0,12.281125,8.505437
13,44.0,12.280737,8.506192
13,45.0,12.280154,8.506775
13,46.0,12.279545,8.507148
13,47.0,12.279022,8.507323
13,48.0,12.278643,8.507342
13,49.0,12.278419,8.507257
13,50.0,12.278333,8.50712
14,0.0,1.737155,4.128851
14,1.0,4.1050024,3.2151394
14,2.0,8.576906,3.0754879
14,3.0,14.194277,4.036889
14,4.0,17.853512,7.1147604
14,5.0,17.558321,13.93323
14,6.0,13.856768,23.989796
14,7.0,9.370088,31.783585
14,8.0,6.306151,33.327732
14,9.0,4.81567,30.520779
14,10.0,4.356698,26.416761
14,11.0,4.5643654,22.720068
14,12.0,5.2558646,20.093634
14,13.0,6.2673316,18.727633
14,14.0,7.334858,18.614788
14,15.0,8.114215,19.59519
14,16.0,8.359021,21.288353
14,17.0,8.084108,23.090183
14,18.0,7.525099,24.387905
14,19.0,6.9534426,24.865332
14,20.0,6.542101,24.596962
14,21.0,6.349978,23.890295
14,22.0,6.361277,23.082092
14,23.0,6.520298,22.423767
14,24.0,6.751392,22.051073
14,25.0,6.9753036,21.992617
14,26.0,7.1286583,22.19093
14,27.0,7.181359,22.531939
14,28.0,7.1415377,22.884342
14,29.0,7.0446897,23.141687
14,30.0,6.934523,23.251343
14,31.0,6.846466,23.218916
14,32.0,6.799585,23.09107
14,33.0,6.7962546,22.929668
14,34.0,6.8263183,22.7894
14,35.0,6.8730087,22.704552
14,36.0,6.9189763,22.685163
14,37.0,6.951201,22.720455
14,38.0,6.96375,22.78683
14,39.0,6.957886,22.857536
14,40.0,6.939954,22.911114
14,41.0,6.9182,22.936394
14,42.0,6.8998547,22.93324
14,43.0,6.8893,22.909782
14,44.0,6.8875713,22.877916
14,45.0,6.892931,22.848907
14,46.0,6.9020643,22.830334
14,47.0,6.9114103,22.824875
14,48.0,6.918235,22.830797
14,49.0,6.9212103,22.843544
14,50.0,6.9204483,22.857744
15,0.0,1.911446,19.455902
15,1.0,1.8936454,14.397482
15,2.0,2.1735551,10.755639
15,3.0,2.7418127,8.274975
15,4.0,3.637379,6.6981106
15,5.0,4.889117,5.843197
15,6.0,6.4455724,5.625509
15,7.0,8.103679,6.0681915
15,8.0,9.495033,7.2973995
15,9.0,10.191997,9.45913
15,10.0,9.930845,12.4561825
15,11.0,8.835476,15.615442
15,12.0,7.3918715,17.860373
15,13.0,6.1001244,18.528345
15,14.0,5.1988826,17.795732
15,15.0,4.7024937,16.283543
15,16.0,4.5439143,14.569814
15,17.0,4.6530066,13.018795
15,18.0,4.9712877,11.81131
15,19.0,5.4413514,11.018331
15,20.0,5.9929533,10.656125
15,21.0,6.5369577,10.712959
15,22.0,6.9741836,11.151001
15,23.0,7.219979,11.891148
15,24.0,7.2346225,12.796772
15,25.0,7.0408335,13.681528
15,26.0,6.713809,14.356806
15,27.0,6.3484573,14.698367
15,28.0,6.0255637,14.685712
15,29.0,5.794845,14.389839
15,30.0,5.6755085,13.928383
15,31.0,5.6645503,13.421496
15,32.0,5.7447257,12.965974
15,33.0,5.8897233,12.626769
15,34.0,6.067623,12.438023
15,35.0,6.24449,12.406931
15,36.0,6.3891416,12.517403
15,37.0,6.47866,12.73361
15,38.0,6.502939,13.005254
15,39.0,6.466236,13.276112
15,40.0,6.3847833,13.49532
15,41.0,6.2813506,13.628156
15,42.0,6.1789994,13.662254
15,43.0,6.0961933,13.60714
15,44.0,6.0442705,13.488167
15,45.0,6.027065,13.338028
15,46.0,6.041898,13.188878
15,47.0,6.0812354,13.066745
15,48.0,6.134612,12.988487
15,49.0,6.190645,12.960862
15,50.0,6.2389936,12.981126
16,0.0,10.116323,15.74855
16,1.0,9.924162,15.112921
16,2.0,10.064587,14.490881
16,3.0,10.418442,14.060371
16,4.0,10.838138,13.895031
16,5.0,11.181926,13.981029
16,6.0,11.354842,14.238641
16,7.0,11.337276,14.551774
16,8.0,11.180234,14.808097
16,9.0,10.970148,14.937429
16,10.0,10.787687,14.928893
16,11.0,10.682182,14.820318
16,12.0,10.666005,14.671707
16,13.0,10.721846,14.539349
16,14.0,10.815368,14.459757
16,15.0,10.908883,14.444398
16,16.0,10.973201,14.482641
16,17.0,10.994929,14.549964
16,18.0,10.9773855,14.61844
16,19.0,10.935676,14.666256
16,20.0,10.888881,14.683338
16,21.0,10.852897,14.671828
16,22.0,10.8362465,14.642379
16,23.0,10.839345,14.608613
16,24.0,10.856416,14.582103
16,25.0,10.878772,14.569315
16,26.0,10.89817,14.570889
16,27.0,10.909265,14.58286
16,28.0,10.910589,14.598981
16,29.0,10.904101,14.613211
16,30.0,10.893734,14.621556
16,31.0,10.883676,14.622838
16,32.0,10.876991,14.618377
16,33.0,10.874942,14.610969
16,34.0,10.877037,14.603644
16,35.0,10.881615,14.598669
16,36.0,10.886643,14.597022
16,37.0,10.890444,14.598408
16,38.0,10.892129,14.601656
16,39.0,10.8916855,14.605301
16,40.0,10.8897705,14.6081085
16,41.0,10.887339,14.609405
16,42.0,10.885277,14.609153
16,43.0,10.884138,14.607808
16,44.0,10.884052,14.606056
16,45.0,10.884791,14.604544
16,46.0,10.885923,14.603684
16,47.0,10.886999,14.603588
16,48.0,10.887696,14.604098
16,49.0,10.887889,14.604908
16,50.0,10.887641,14.605692
17,0.0,27.319427,8.229475
17,1.0,21.012516,15.997331
17,2.0,14.754419,21.753357
17,3.0,10.619483,22.079584
17,4.0,8.70413,19.01449
17,5.0,8.282697,15.400533
17,6.0,8.818343,12.536471
17,7.0,9.972306,10.707085
17,8.0,11.431366,9.843466
17,9.0,12.833288,9.809499
17,10.0,13.823912,10.457278
17,11.0,14.186799,11.577928
17,12.0,13.93537,12.850877
17,13.0,13.288335,13.896873
17,14.0,12.541012,14.442149
17,15.0,11.928918,14.444348
17,16.0,11.56861,14.060158
17,17.0,11.472606,13.516456
17,18.0,11.588594,13.005197
17,19.0,11.8325815,12.643412
17,20.0,12.113051,12.475868
17,21.0,12.350807,12.491671
17,22.0,12.494821,12.641897
17,23.0,12.530103,12.857256
17,24.0,12.474515,13.067178
17,25.0,12.366171,13.218036
17,26.0,12.247426,13.284719
17,27.0,12.151892,13.271416
17,28.0,12.097886,13.202904
17,29.0,12.08811,13.111875
17,30.0,12.11339,13.0278225
17,31.0,12.158167,12.970345
17,32.0,12.205983,12.947057
17,33.0,12.243799,12.954997
17,34.0,12.264444,12.98411
17,35.0,12.267005,13.021519
17,36.0,12.255495,13.055475
17,37.0,12.236544,13.078103
17,38.0,12.216982,13.086483
17,39.0,12.202006,13.082155
17,40.0,12.194269,13.069554
17,41.0,12.193869,13.0540905
17,42.0,12.1989975,13.040489
17,43.0,12.206902,13.031759
17,44.0,12.2148285,13.0288725
17,45.0,12.220736,13.031052
17,46.0,12.223626,13.036425
17,47.0,12.223538,13.04278
17,48.0,12.221269,13.048229
17,49.0,12.217969,13.051604
17,50.0,12.214756,13.052575
18,0.0,12.901105,22.910982
18,1.0,8.561006,24.27158
18,2.0,6.5708795,21.072681
18,3.0,6.058574,16.956743
18,4.0,6.4497323,13.620789
18,5.0,7.445868,11.453581
18,6.0,8.7889385,10.396756
18,7.0,10.139606,10.308323
18,8.0,11.120053,11.032862
18,9.0,11.476162,12.333875
18,10.0,11.210657,13.818802
18,11.0,10.560863,15.011265
18,12.0,9.839356,15.581932
18,13.0,9.277311,15.509068
18,14.0,8.973394,15.010883
18,15.0,8.924082,14.368053
18,16.0,9.068588,13.800367
18,17.0,9.320188,13.430863
18,18.0,9.588017,13.296591
18,19.0,9.796777,13.370497
18,20.0,9.90317,13.582975
18,21.0,9.902649,13.844761
18,22.0,9.822787,14.072485
18,23.0,9.706994,14.211223
18,24.0,9.596994,14.245171
18,25.0,9.521112,14.192934
18,26.0,9.490416,14.092463
18,27.0,9.500909,13.984361
18,28.0,9.538855,13.8998375
18,29.0,9.586899,13.855188
18,30.0,9.629472,13.851799
18,31.0,9.656452,13.879799
18,32.0,9.664549,13.923499
18,33.0,9.656496,13.966992
18,34.0,9.638743,13.998505
18,35.0,9.618691,14.012589
18,36.0,9.602395,14.010006
18,37.0,9.593271,13.995875
18,38.0,9.591886,13.977101
18,39.0,9.596566,13.960004
18,40.0,9.604448,13.948765
18,41.0,9.612556,13.944875
18,42.0,9.618634,13.94745
18,43.0,9.621568,13.954092
18,44.0,9.621388,13.961932
18,45.0,9.618966,13.96853
18,46.0,9.615549,13.972423
18,47.0,9.612327,13.973268
18,48.0,9.610121,13.97164
18,49.0,9.609261,13.968634
18,50.0,9.609624,13.965427
19,0.0,7.635147,3.232417
19,1.0,12.910376,4.293049
19,2.0,16.831343,8.062416
19,3.0,15.875728,17.046537
19,4.0,10.567863,28.295013
19,5.0,5.9565306,32.21439
19,6.0,3.7782207,28.883999
19,7.0,3.0625272,23.51296
19,8.0,3.1287677,18.749174
19,9.0,3.7661471,15.335932
19,10.0,4.933834,13.376604
19,11.0,6.5033364,12.875549
19,12.0,8.036999,13.88225
19,13.0,8.844557,16.322786
19,14.0,8.520716,19.529518
19,15.0,7.403983,22.122086
19,16.0,6.209841,23.002405
19,17.0,5.3889832,22.23774
19,18.0,5.0336614,20.622715
19,19.0,5.0824833,18.928108
19,20.0,5.4382973,17.634796
19,21.0,5.977527,16.973455
19,22.0,6.534642,17.001942
19,23.0,6.9254723,17.629204
19,24.0,7.024546,18.606592
19,25.0,6.837822,19.568672
19,26.0,6.4910855,20.176834
19,27.0,6.142023,20.280615
19,28.0,5.9020376,19.955034
19,29.0,5.8150835,19.407005
19,30.0,5.8720794,18.857203
19,31.0,6.0297422,18.468798
19,32.0,6.225398,18.323376
19,33.0,6.3929186,18.421003
19,34.0,6.482436,18.692324
19,35.0,6.4770517,19.024002
19,36.0,6.3958583,19.298515
19,37.0,6.280654,19.436064
19,38.0,6.1755376,19.418007
19,39.0,6.1112328,19.281515
19,40.0,6.0990505,19.093998
19,41.0,6.1324954,18.924065
19,42.0,6.1928945,18.820541
19,43.0,6.256751,18.802689
19,44.0,6.3033743,18.860363
19,45.0,6.3209705,18.961966
19,46.0,6.3092012,19.06748
19,47.0,6.277384,19.1426
19,48.0,6.239536,19.169046
19,49.0,6.2087884,19.147709
19,50.0,6.19338,19.09459
20,0.0,9.402792,5.675417
20,1.0,13.805443,6.355675
20,2.0,16.912779,8.377193
20,3.0,16.945246,11.819547
20,4.0,14.2292595,15.699824
20,5.0,10.789276,18.227348
20,6.0,8.185793,18.614855
20,7.0,6.726528,17.481445
20,8.0,6.176638,15.762892
20,9.0,6.291586,14.09543
20,10.0,6.9078593,12.802984
20,11.0,7.8755994,12.023957
20,12.0,8.981069,11.798019
20,13.0,9.933599,12.09271
20,14.0,10.459089,12.789117
20,15.0,10.445093,13.669609
20,16.0,10.000001,14.462898
20,17.0,9.364833,14.950805
20,18.0,8.770363,15.056853
20,19.0,8.3564,14.845734
20,20.0,8.170308,14.456252
20,21.0,8.196953,14.032335
20,22.0,8.384246,13.6843405
20,23.0,8.658686,13.476833
20,24.0,8.938814,13.429396
20,25.0,9.152477,13.522441
20,26.0,9.255206,13.70683
20,27.0,9.240814,13.918569
20,28.0,9.137621,14.097267
20,29.0,8.992663,14.202686
20,30.0,8.85309,14.222809
20,31.0,8.752986,14.171234
20,32.0,8.708244,14.077231
20,33.0,8.717672,13.974028
20,34.0,8.767434,13.889449
20,35.0,8.836882,13.840533
20,36.0,8.904616,13.831952
20,37.0,8.9538,13.857502
20,38.0,8.975628,13.90373
20,39.0,8.970162,13.954648
20,40.0,8.944575,13.996293
20,41.0,8.909732,14.019965
20,42.0,8.876505,14.023431
20,43.0,8.852959,14.010128
20,44.0,8.842944,13.987037
20,45.0,8.84609,13.962101
20,46.0,8.858818,13.942013
20,47.0,8.875906,13.930809
20,48.0,8.892119,13.9294405
20,49.0,8.903532,13.936182
20,50.0,8.908252,13.947623
21,0.0,27.961231,24.435492
21,1.0,8.596886,29.047617
21,2.0,3.6667557,21.278801
21,3.0,2.5039296,13.851809
21,4.0,2.4229825,8.793526
21,5.0,2.909118,5.640404
21,6.0,3.9413686,3.7501109
21,7.0,5.643708,2.6598682
21,8.0,8.142944,2.085041
21,9.0,11.405694,1.8768637
21,10.0,15.065936,1.997493
21,11.0,18.39165,2.5200558
21,12.0,20.48672,3.6307845
21,13.0,20.627298,5.5291085
21,14.0,18.684792,8.0560875
21,15.0,15.493219,10.333264
21,16.0,12.400042,11.35183
21,17.0,10.232143,10.9802265
21,18.0,9.084284,9.817101
21,19.0,8.756058,8.480894
21,20.0,9.038105,7.32393
21,21.0,9.761851,6.482587
21,22.0,10.766633,5.9836373
21,23.0,11.867643,5.81241
21,24.0,12.854927,5.9396267
21,25.0,13.530445,6.3196645
21,26.0,13.7687,6.8742104
21,27.0,13.566443,7.4820337
21,28.0,13.044174,7.998743
21,29.0,12.390348,8.308002
21,30.0,11.7836275,8.368343
21,31.0,11.341672,8.218054
21,32.0,11.112441,7.941606
21,33.0,11.090338,7.629305
21,34.0,11.235902,7.352394
21,35.0,11.490546,7.1553664
21,36.0,11.787466,7.05779
21,37.0,12.061944,7.058821
21,38.0,12.262118,7.1414857
21,39.0,12.358324,7.276897
21,40.0,12.347642,7.4297385
21,41.0,12.251361,7.565535
21,42.0,12.106069,7.6583014
21,43.0,11.951978,7.695835
21,44.0,11.822805,7.680581
21,45.0,11.739857,7.626206
21,46.0,11.710575,7.5519247
21,47.0,11.73031,7.4769435
21,48.0,11.785813,7.416486
21,49.0,11.859384,7.379757
21,50.0,11.9329605,7.369543
22,0.0,19.36871,26.272358
22,1.0,8.472394,23.442677
22,2.0,5.65018,17.353891
22,3.0,5.207033,12.249493
22,4.0,5.901584,8.696209
22,5.0,7.453599,6.412805
22,6.0,9.718321,5.0438213
22,7.0,12.387108,4.313714
22,8.0,14.961668,4.0336475
22,9.0,16.975365,4.07701
22,10.0,18.214401,4.3524227
22,11.0,18.725143,4.782907
22,12.0,18.686304,5.294735
22,13.0,18.299248,5.816583
22,14.0,17.73779,6.2864747
22,15.0,17.133871,6.6609607
22,16.0,16.576971,6.92053
22,17.0,16.118696,7.06831
22,18.0,15.780069,7.1233606
22,19.0,15.559894,7.1121507
22,20.0,15.442797,7.061347
22,21.0,15.406061,6.9933352
22,22.0,15.424913,6.9243684
22,23.0,15.4762745,6.8645506
22,24.0,15.541086,6.8188143
22,25.0,15.605392,6.788257
22,26.0,15.660404,6.7714744
22,27.0,15.701848,6.7656984
22,28.0,15.728921,6.767679
22,29.0,15.743131,6.774301
22,30.0,15.747228,6.782952
22,31.0,15.744363,6.7916956
22,32.0,15.737494,6.799291
22,33.0,15.729046,6.80511
22,34.0,15.720768,6.8089995
22,35.0,15.713742,6.811131
22,36.0,15.708478,6.811856
22,37.0,15.705056,6.8115907
22,38.0,15.703271,6.8107376
22,39.0,15.702767,6.809631
22,40.0,15.703143,6.808517
22,41.0,15.704023,6.807553
22,42.0,15.7051,6.806817
22,43.0,15.706152,6.8063273
22,44.0,15.707042,6.806061
22,45.0,15.707706,6.805972
22,46.0,15.7081375,6.806008
22,47.0,15.708362,6.8061175
22,48.0,15.708424,6.806259
22,49.0,15.708373,6.8064013
22,50.0,15.70826,6.806524
23,0.0,24.30649,6.410532
23,1.0,14.179525,30.821276
23,2.0,3.7564917,41.614525
23,3.0,1.3297257,29.616558
23,4.0,0.81085414,18.74314
23,5.0,0.7557843,11.562941
23,6.0,0.9165027,7.178552
23,7.0,1.2955258,4.58515
23,8.0,1.9882486,3.0984333
23,9.0,3.1563551,2.3101554
23,10.0,4.990077,2.0211496
23,11.0,7.575796,2.2436845
23,12.0,10.579084,3.383696
23,13.0,12.710273,6.83449
23,14.0,11.6055565,14.867116
23,15.0,7.318742,23.618458
23,16.0,3.984693,24.175068
23,17.0,2.5662973,19.280046
23,18.0,2.1474519,14.03174
23,19.0,2.2352958,10.056686
23,20.0,2.6948733,7.425863
23,21.0,3.531241,5.8772507
23,22.0,4.772705,5.201255
23,23.0,6.3528934,5.3647413
23,24.0,7.9466243,6.5916405
23,25.0,8.854443,9.332319
23,26.0,8.334926,13.5429535
23,27.0,6.6075115,17.28331
23,28.0,4.8604517,18.115662
23,29.0,3.783263,16.278564
23,30.0,3.3429615,13.503465
23,31.0,3.3621225,10.965664
23,32.0,3.7324839,9.099447
23,33.0,4.3953,7.9860783
23,34.0,5.2759624,7.622406
23,35.0,6.2146606,8.038109
23,36.0,6.928834,9.290569
23,37.0,7.0944633,11.284403
23,38.0,6.597188,13.454702
23,39.0,5.7107644,14.8379965
23,40.0,4.8668604,14.861053
23,41.0,4.316833,13.7940235
23,42.0,4.103098,12.290829
23,43.0,4.183245,10.878577
23,44.0,4.499152,9.841244
23,45.0,4.981239,9.299722
23,46.0,5.5289583,9.29802
23,47.0,6.0000587,9.833038
23,48.0,6.2384567,10.816083
23,49.0,6.152007,11.997968
23,50.0,5.7878656,12.976868
24,0.0,26.88421,16.640924
24,1.0,14.857066,14.3204565
24,2.0,12.458088,9.856567
24,3.0,12.876052,6.5805917
24,4.0,14.409452,4.588052
24,5.0,16.230387,3.432236
24,6.0,17.85408,2.7573361
24,7.0,19.086868,2.348529
24,8.0,19.938992,2.0866933
24,9.0,20.50291,1.9076637
24,10.0,20.874472,1.7770246
24,11.0,21.12539,1.6761116
24,12.0,21.302313,1.5945613
24,13.0,21.433588,1.526414
24,14.0,21.535936,1.4680823
24,15.0,21.619158,1.4172889
24,16.0,21.689081,1.3725057
24,17.0,21.749264,1.332651
24,18.0,21.80197,1.2969239
24,19.0,21.848711,1.264708
24,20.0,21.890545,1.2355157
24,21.0,21.928253,1.2089514
24,22.0,21.962431,1.1846894
24,23.0,21.993553,1.1624576
24,24.0,22.022001,1.1420265
24,25.0,22.048092,1.1232004
24,26.0,22.072092,1.1058112
24,27.0,22.094227,1.089714
24,28.0,22.11469,1.0747827
24,29.0,22.13365,1.0609069
24,30.0,22.15125,1.0479898
24,31.0,22.167622,1.0359461
24,32.0,22.182873,1.0247003
24,33.0,22.197102,1.014185
24,34.0,22.210396,1.0043402
24,35.0,22.222836,0.9951121
24,36.0,22.23449,0.9864526
24,37.0,22.245419,0.97831815
24,38.0,22.25568,0.9706694
24,39.0,22.265324,0.9634709
24,40.0,22.274397,0.95669025
24,41.0,22.28294,0.9502981
24,42.0,22.29099,0.94426763
24,43.0,22.298582,0.9385743
24,44.0,22.305748,0.9331957
24,45.0,22.312515,0.9281112
24,46.0,22.31891,0.92330176
24,47.0,22.324959,0.91875
24,48.0,22.33068,0.9144398
24,49.0,22.336098,0.9103563
24,50.0,22.34123,0.9064857
25,0.0,24.415764,26.986649
25,1.0,10.958391,58.19534
25,2.0,4.10434,58.57206
25,3.0,2.2516084,45.08449
25,4.0,1.9654278,32.564865
25,5.0,2.4222317,23.694712
25,6.0,3.6633897,18.268942
25,7.0,5.9503183,15.913577
25,8.0,9.091319,16.823734
25,9.0,11.526623,21.86785
25,10.0,11.177901,30.76709
25,11.0,8.551687,38.580894
25,12.0,6.096209,40.072372
25,13.0,4.8101816,36.498383
25,14.0,4.5002556,31.503353
25,15.0,4.8945494,27.305202
25,16.0,5.818362,24.80509
25,17.0,7.020422,24.315256
25,18.0,8.033679,25.826443
25,19.0,8.34655,28.787336
25,20.0,7.8569393,31.854382
25,21.0,6.987061,33.51469
25,22.0,6.2384987,33.25531
25,23.0,5.85392,31.701185
25,24.0,5.8543506,29.825901
25,25.0,6.1566133,28.378033
25,26.0,6.617404,27.754646
25,27.0,7.049008,28.032778
25,28.0,7.2752934,28.992136
25,29.0,7.223896,30.166756
25,30.0,6.9673166,31.031157
25,31.0,6.6594124,31.270952
25,32.0,6.434899,30.915777
25,33.0,6.358136,30.241026
25,34.0,6.4254417,29.576624
25,35.0,6.585763,29.168285
25,36.0,6.763636,29.119415
25,37.0,6.8864307,29.386671
25,38.0,6.91314,29.814104
25,39.0,6.8497562,30.204233
25,40.0,6.7395663,30.405857
25,41.0,6.6361113,30.373472
25,42.0,6.5782266,30.16664
25,43.0,6.5788245,29.901611
25,44.0,6.6264634,29.692326
25,45.0,6.6943173,29.60847
25,46.0,6.752402,29.6592
25,47.0,6.779486,29.800556
25,48.0,6.770378,29.960728
25,49.0,6.735486,30.072868
25,50.0,6.6936026,30.10146
26,0.0,10.222101,4.191506
26,1.0,14.45598,4.273906
26,2.0,17.851461,5.298403
26,3.0,19.179798,7.4099245
26,4.0,18.220194,10.445444
26,5.0,15.790484,13.471881
26,6.0,13.166823,15.25075
26,7.0,11.231805,15.382125
26,8.0,10.207648,14.415662
26,9.0,9.964205,13.101732
26,10.0,10.284896,11.941355
26,11.0,10.941438,11.161614
26,12.0,11.69932,10.815882
26,13.0,12.340944,10.859923
26,14.0,12.716011,11.187468
26,15.0,12.782542,11.651318
26,16.0,12.603539,12.095642
26,17.0,12.300402,12.400966
26,18.0,11.994863,12.5178585
26,19.0,11.7703705,12.46763
26,20.0,11.661499,12.314606
26,21.0,11.662079,12.131837
26,22.0,11.740211,11.977066
26,23.0,11.853551,11.882683
26,24.0,11.962346,11.855929
26,25.0,12.038761,11.884731
26,26.0,12.071189,11.946023
26,27.0,12.063193,12.014458
26,28.0,12.028414,12.069659
26,29.0,11.983912,12.100452
26,30.0,11.944451,12.105454
26,31.0,11.919144,12.090707
26,32.0,11.910675,12.065861
26,33.0,11.91648,12.040486
26,34.0,11.930937,12.021518
26,35.0,11.947724,12.012186
26,36.0,11.961691,12.012233
26,37.0,11.969894,12.01898
26,38.0,11.971774,12.028719
26,39.0,11.968625,12.037993
26,40.0,11.962726,12.044449
26,41.0,11.956442,12.047157
26,42.0,11.951567,12.046461
26,43.0,11.949004,12.043518
26,44.0,11.948779,12.039759
26,45.0,11.950286,12.036422
26,46.0,11.952627,12.034282
26,47.0,11.954938,12.033569
26,48.0,11.956608,12.034068
26,49.0,11.957374,12.035299
26,50.0,11.957287,12.036725
27,0.0,7.61012,13.386126
27,1.0,5.261973,11.409881
27,2.0,4.5011854,9.086053
27,3.0,4.576542,7.132435
27,4.0,5.2303586,5.6984005
27,5.0,6.3656745,4.748886
27,6.0,7.873465,4.2126007
27,7.0,9.537648,4.0290833
27,8.0,11.036451,4.1550007
27,9.0,12.052687,4.549154
27,10.0,12.414222,5.145304
27,11.0,12.157423,5.830982
27,12.0,11.483542,6.4595513
27,13.0,10.652406,6.9015718
27,14.0,9.881349,7.09768
27,15.0,9.297888,7.06936
27,16.0,8.946171,6.8884006
27,17.0,8.815627,6.63747
27,18.0,8.8662405,6.3849235
27,19.0,9.043757,6.1762366
27,20.0,9.288595,6.035091
27,21.0,9.543223,5.9677305
27,22.0,9.759799,5.9674773
27,23.0,9.906864,6.018722
27,24.0,9.972741,6.1007786
27,25.0,9.964221,6.191921
27,26.0,9.901155,6.273335
27,27.0,9.809128,6.332164
27,28.0,9.712673,6.362873
27,29.0,9.630671,6.366715
27,30.0,9.574315,6.3497887
27,31.0,9.54722,6.320545
27,32.0,9.546849,6.287512
27,33.0,9.566579,6.257674
27,34.0,9.597872,6.2356286
27,35.0,9.632218,6.2234015
27,36.0,9.662628,6.220758
27,37.0,9.684518,6.225808
27,38.0,9.695978,6.2357426
27,39.0,9.697484,6.247554
27,40.0,9.691227,6.2586255
27,41.0,9.680285,6.2671165
27,42.0,9.66783,6.272112
27,43.0,9.656515,6.2735667
27,44.0,9.648118,6.2720966
27,45.0,9.643441,6.2687006
27,46.0,9.642408,6.2644796
27,47.0,9.6442995,6.26041
27,48.0,9.648043,6.257195
27,49.0,9.652497,6.255208
27,50.0,9.656673,6.254505
28,0.0,24.722427,25.961187
28,1.0,6.63459,28.188656
28,2.0,2.253986,21.194515
28,3.0,1.3103038,14.364966
28,4.0,1.1867498,9.506877
28,5.0,1.4406666,6.3170996
28,6.0,2.0948553,4.2982564
28,7.0,3.3618917,3.0749352
28,8.0,5.580434,2.4111373
28,9.0,9.032108,2.1996915
28,10.0,13.455377,2.486005
28,11.0,17.491535,3.552735
28,12.0,18.933233,5.9339027
28,13.0,16.45858,9.643057
28,14.0,11.820742,12.781433
28,15.0,8.052631,13.396103
28,16.0,6.02896,12.029
28,17.0,5.2804556,10.053979
28,18.0,5.361213,8.266052
28,19.0,6.0597663,6.9436464
28,20.0,7.264968,6.140955
28,21.0,8.813824,5.852612
28,22.0,10.378679,6.0737205
28,23.0,11.480412,6.78401
28,24.0,11.70955,7.86103
28,25.0,11.036326,8.993131
28,26.0,9.86541,9.770203
28,27.0,8.716938,9.955787
28,28.0,7.911659,9.6198435
28,29.0,7.537851,9.006107
28,30.0,7.559639,8.354937
28,31.0,7.8936596,7.8284135
28,32.0,8.428922,7.5119014
28,33.0,9.025795,7.4349065
28,34.0,9.528135,7.583466
28,35.0,9.803081,7.9011226
28,36.0,9.79321,8.29094
28,37.0,9.542071,8.636068
28,38.0,9.167136,8.840872
28,39.0,8.799669,8.867834
28,40.0,8.535556,8.743081
28,41.0,8.418916,8.531951
28,42.0,8.448893,8.307327
28,43.0,8.592811,8.127945
28,44.0,8.798319,8.029217
28,45.0,9.005312,8.021834
28,46.0,9.159647,8.093976
28,47.0,9.227053,8.216117
28,48.0,9.201907,8.3492
28,49.0,9.106018,8.455796
28,50.0,8.977731,8.510971
29,0.0,1.201612,15.811672
29,1.0,2.280981,11.868239
29,2.0,4.446629,9.961748
29,3.0,8.08313,10.27263
29,4.0,12.267469,14.139434
29,5.0,14.003679,24.45689
29,6.0,11.270057,40.77339
29,7.0,6.960611,51.694443
29,8.0,4.2551613,50.699463
29,9.0,3.117803,43.581337
29,10.0,2.8625007,35.767662
29,11.0,3.172227,29.439808
29,12.0,3.9736657,25.208187
29,13.0,5.2294564,23.229473
29,14.0,6.720347,23.644865
29,15.0,7.9035645,26.558344
29,16.0,8.160463,31.469852
29,17.0,7.4062114,36.57478
29,18.0,6.2200537,39.523357
29,19.0,5.218335,39.424385
29,20.0,4.64562,37.175003
29,21.0,4.495696,34.180103
29,22.0,4.6934075,31.495298
29,23.0,5.147084,29.716993
29,24.0,5.72918,29.112705
29,25.0,6.261199,29.701622
29,26.0,6.557432,31.232094
29,27.0,6.523927,33.15151
29,28.0,6.2220488,34.747307
29,29.0,5.817873,35.483917
29,30.0,5.4717917,35.259758
29,31.0,5.2742825,34.358616
29,32.0,5.246795,33.215916
29,33.0,5.3645043,32.221855
29,34.0,5.572976,31.632719
29,35.0,5.7998247,31.550674
29,36.0,5.9716187,31.92826
29,37.0,6.038095,32.589798
29,38.0,5.9916797,33.28561
29,39.0,5.8670278,33.781258
29,40.0,5.7199993,33.944847
29,41.0,5.6017537,33.782097
29,42.0,5.5428348,33.406376
29,43.0,5.549802,32.975002
29,44.0,5.6092987,32.629906
29,45.0,5.695134,32.460613
29,46.0,5.7769175,32.489918
29,47.0,5.8293986,32.67792
29,48.0,5.8401575,32.94152
29,49.0,5.812421,33.185284
29,50.0,5.761673,33.334362
30,0.0,21.498863,22.141209
30,1.0,8.963993,30.270079
30,2.0,4.4998007,25.485207
30,3.0,3.2020545,18.37098
30,4.0,3.0653174,12.744274
30,5.0,3.571741,8.9506
30,6.0,4.6418157,6.594845
30,7.0,6.2822137,5.2769985
30,8.0,8.394743,4.737649
30,9.0,10.645345,4.8677025
30,10.0,12.489761,5.6804643
30,11.0,13.399544,7.2228255
30,12.0,13.145403,9.369799
30,13.0,11.953424,11.607268
30,14.0,10.390223,13.182906
30,15.0,9.004127,13.658879
30,16.0,8.069334,13.179031
30,17.0,7.6183,12.193874
30,18.0,7.576542,11.119924
30,19.0,7.841547,10.215105
30,20.0,8.302331,9.598755
30,21.0,8.839804,9.303107
30,22.0,9.333866,9.309039
30,23.0,9.683716,9.560915
30,24.0,9.832785,9.971066
30,25.0,9.782885,10.42866
30,26.0,9.587154,10.822313
30,27.0,9.324864,11.071034
30,28.0,9.072201,11.145853
30,29.0,8.88267,11.069184
30,30.0,8.7812195,10.895609
30,31.0,8.767865,10.687924
30,32.0,8.82504,10.49941
30,33.0,8.92529,10.365237
30,34.0,9.038353,10.300855
30,35.0,9.137387,10.304279
30,36.0,9.203806,10.360366
30,37.0,9.229864,10.446197
30,38.0,9.2184305,10.537037
30,39.0,9.180227,10.611944
30,40.0,9.1296425,10.657797
30,41.0,9.080564,10.670806
30,42.0,9.04334,10.655417
30,43.0,9.023349,10.621413
30,44.0,9.021028,10.580429
30,45.0,9.032939,10.54293
30,46.0,9.053378,10.516226
30,47.0,9.076065,10.503665
30,48.0,9.095598,10.504831
30,49.0,9.108425,10.516466
30,50.0,9.11322,10.533768
31,0.0,1.160141,24.64838
31,1.0,1.0961314,11.494129
31,2.0,1.5757542,5.4175253
31,3.0,2.6969705,2.6504512
31,4.0,4.8590593,1.4013231
31,5.0,8.540753,0.85356617
31,6.0,13.819782,0.6493176
31,7.0,19.795311,0.65546495
31,8.0,24.909595,0.87466353
31,9.0,28.098051,1.4356515
31,10.0,29.1255,2.6144552
31,11.0,28.046913,4.7540836
31,12.0,25.06777,7.8098927
31,13.0,21.048283,10.742809
31,14.0,17.397123,12.164497
31,15.0,15.02093,11.850044
31,16.0,13.987565,10.621735
31,17.0,13.98455,9.2944145
31,18.0,14.644119,8.277683
31,19.0,15.616034,7.6850147
31,20.0,16.58295,7.492614
31,21.0,17.300106,7.6204357
31,22.0,17.642069,7.9572897
31,23.0,17.61774,8.372116
31,24.0,17.338863,8.738019
31,25.0,16.958431,8.967457
31,26.0,16.610704,9.035185
31,27.0,16.377184,8.972048
31,28.0,16.282118,8.837485
31,29.0,16.306242,8.690919
31,30.0,16.40633,8.5746565
31,31.0,16.533342,8.50903
31,32.0,16.646149,8.495124
31,33.0,16.719505,8.520803
31,34.0,16.745981,8.5676
31,35.0,16.732752,8.617041
31,36.0,16.695368,8.655362
31,37.0,16.651056,8.675805
31,38.0,16.613588,8.678402
31,39.0,16.590685,8.667934
31,40.0,16.58387,8.651177
31,41.0,16.589998,8.634469
31,42.0,16.603506,8.62217
31,43.0,16.618607,8.616146
31,44.0,16.63086,8.616052
31,45.0,16.63792,8.620104
31,46.0,16.63952,8.625979
31,47.0,16.636906,8.631583
31,48.0,16.63205,8.635529
31,49.0,16.62691,8.637287
31,50.0,16.62292,8.637065
32,0.0,23.395098,6.762755
32,1.0,15.506457,12.859369
32,2.0,8.791317,16.522234
32,3.0,5.0263677,16.184042
32,4.0,3.2925,13.829952
32,5.0,2.5594983,11.124702
32,6.0,2.3244793,8.739277
32,7.0,2.389744,6.838622
32,8.0,2.6923249,5.403094
32,9.0,3.228961,4.362337
32,10.0,4.0206413,3.644792
32,11.0,5.0860486,3.195025
32,12.0,6.4111967,2.9799461
32,13.0,7.91525,2.9919407
32,14.0,9.425857,3.250599
32,15.0,10.68656,3.7985969
32,16.0,11.414446,4.678489
32,17.0,11.407274,5.8736553
32,18.0,10.66406,7.228654
32,19.0,9.427693,8.440124
32,20.0,8.067568,9.200206
32,21.0,6.8844404,9.381269
32,22.0,6.016119,9.069059
32,23.0,5.474806,8.45422
32,24.0,5.2197275,7.7220154
32,25.0,5.2021246,7.005048
32,26.0,5.3798165,6.382081
32,27.0,5.715903,5.8932233
32,28.0,6.172045,5.5554576
32,29.0,6.701693,5.3734946
32,30.0,7.24656,5.3454185
32,31.0,7.738952,5.463696
32,32.0,8.11122,5.7124143
32,33.0,8.310789,6.062466
32,34.0,8.315461,6.4681454
32,35.0,8.141438,6.8697968
32,36.0,7.8385754,7.2050514
32,37.0,7.474234,7.4251842
32,38.0,7.113879,7.5080495
32,39.0,6.807367,7.460743
32,40.0,6.584382,7.3122654
32,41.0,6.456676,7.101898
32,42.0,6.422815,6.8690095
32,43.0,6.4724665,6.646862
32,44.0,6.589262,6.4601665
32,45.0,6.75255,6.3249674
32,46.0,6.938821,6.24949
32,47.0,7.1234865,6.2350874
32,48.0,7.2833395,6.2769732
32,49.0,7.3995066,6.3648405
32,50.0,7.4602585,6.4837437
33,0.0,3.161969,29.61972
33,1.0,1.8407102,22.214767
33,2.0,1.4193133,15.983099
33,3.0,1.3538941,11.36585
33,4.0,1.5000955,8.102024
33,5.0,1.8379395,5.8496513
33,6.0,2.3995056,4.3243246
33,7.0,3.2443843,3.317095
33,8.0,4.4401426,2.6850922
33,9.0,6.030969,2.3398871
33,10.0,7.9898796,2.2409503
33,11.0,10.168387,2.3971272
33,12.0,12.276698,2.876962
33,13.0,13.921395,3.82069
33,14.0,14.696033,5.418618
33,15.0,14.319949,7.7719464
33,16.0,12.835094,10.59943
33,17.0,10.718851,13.103357
33,18.0,8.638417,14.455368
33,19.0,7.029828,14.445689
33,20.0,5.9880733,13.458471
33,21.0,5.43176,12.0247755
33,22.0,5.251726,10.540869
33,23.0,5.363696,9.226282
33,24.0,5.708894,8.175886
33,25.0,6.2396474,7.4167395
33,26.0,6.904191,6.946326
33,27.0,7.6356893,6.753125
33,28.0,8.348963,6.8242254
33,29.0,8.947822,7.1430073
33,30.0,9.343309,7.6788445
33,31.0,9.478124,8.372916
33,32.0,9.347039,9.129692
33,33.0,9.001325,9.826695
33,34.0,8.531638,10.346336
33,35.0,8.037392,10.614425
33,36.0,7.5994315,10.620723
33,37.0,7.2677016,10.410936
33,38.0,7.0630436,10.060894
33,39.0,6.9853144,9.650481
33,40.0,7.021224,9.247287
33,41.0,7.1494336,8.900499
33,42.0,7.3432927,8.641214
33,43.0,7.572588,8.4852295
33,44.0,7.805554,8.435896
33,45.0,8.011798,8.486066
33,46.0,8.166056,8.619262
33,47.0,8.251966,8.81085
33,48.0,8.264661,9.030212
33,49.0,8.211107,9.244527
33,50.0,8.107879,9.423874
34,0.0,1.59695,29.127386
34,1.0,1.0682367,19.019585
34,2.0,1.0730748,12.264549
34,3.0,1.384179,7.9834986
34,4.0,2.054153,5.345185
34,5.0,3.2344656,3.7750356
34,6.0,5.0612106,2.9109602
34,7.0,7.4549046,2.5436392
34,8.0,9.968531,2.5739813
34,9.0,11.980967,2.982279
34,10.0,13.100092,3.79149
34,11.0,13.292256,5.00699
34,12.0,12.741605,6.535482
34,13.0,11.722876,8.135205
34,14.0,10.5355425,9.478748
34,15.0,9.4354315,10.316941
34,16.0,8.578231,10.597609
34,17.0,8.015462,10.441326
34,18.0,7.7293224,10.0362625
34,19.0,7.6689334,9.552075
34,20.0,7.771611,9.105353
34,21.0,7.9727273,8.759857
34,22.0,8.211679,8.539247
34,23.0,8.437705,8.440249
34,24.0,8.615178,8.442789
34,25.0,8.726365,8.517492
34,26.0,8.7704115,8.631809
34,27.0,8.759049,8.755383
34,28.0,8.710736,8.864357
34,29.0,8.645085,8.943945
34,30.0,8.578807,8.988779
34,31.0,8.523567,9.001316
34,32.0,8.485516,8.989088
34,33.0,8.465967,8.961754
34,34.0,8.4626875,8.928672
34,35.0,8.471354,8.897325
34,36.0,8.486906,8.872601
34,37.0,8.504614,8.856762
34,38.0,8.52078,8.849868
34,39.0,8.533069,8.850431
34,40.0,8.540507,8.8561325
34,41.0,8.543254,8.86446
34,42.0,8.542233,8.873195
34,43.0,8.538749,8.880706
34,44.0,8.53414,8.886061
34,45.0,8.52954,8.888976
34,46.0,8.525743,8.889677
34,47.0,8.523162,8.888705
34,48.0,8.52188,8.886729
34,49.0,8.521729,8.884391
34,50.0,8.522399,8.882203
35,0.0,25.140837,7.157834
35,1.0,17.114523,10.927945
35,2.0,11.679739,12.030361
35,3.0,9.021248,10.9425125
35,4.0,8.221156,9.1956835
35,5.0,8.58003,7.6623487
35,6.0,9.687502,6.6216908
35,7.0,11.18223,6.098966
35,8.0,12.63486,6.037999
35,9.0,13.6289,6.3461194
35,10.0,13.943195,6.8839955
35,11.0,13.644917,7.464813
35,12.0,13.005901,7.905667
35,13.0,12.328835,8.104799
35,14.0,11.820133,8.07221
35,15.0,11.561246,7.892688
35,16.0,11.539319,7.666871
35,17.0,11.687631,7.4724255
35,18.0,11.917674,7.35166
35,19.0,12.144303,7.314399
35,20.0,12.305636,7.3464327
35,21.0,12.37447,7.4195867
35,22.0,12.3577,7.502207
35,23.0,12.285128,7.568513
35,24.0,12.19384,7.604498
35,25.0,12.114999,7.6088943
35,26.0,12.066738,7.5898714
35,27.0,12.0532255,7.5597777
35,28.0,12.067864,7.5303054
35,29.0,12.098324,7.5094295
35,30.0,12.131542,7.5003686
35,31.0,12.157495,7.502148
35,32.0,12.171083,7.5110984
35,33.0,12.172147,7.5226393
35,34.0,12.16407,7.532804
35,35.0,12.151798,7.539167
35,36.0,12.139985,7.541074
35,37.0,12.131779,7.5393076
35,38.0,12.128393,7.5354447
35,39.0,12.129345,7.5311785
35,40.0,12.133092,7.527813
35,41.0,12.137771,7.526017
35,42.0,12.141808,7.5258265
35,43.0,12.144269,7.5268226
35,44.0,12.144935,7.5283785
35,45.0,12.144149,7.529897
35,46.0,12.142557,7.530968
35,47.0,12.140839,7.5314255
35,48.0,12.139509,7.531322
35,49.0,12.1388235,7.5308523
35,50.0,12.1387825,7.5302544
36,0.0,6.272924,6.318731
36,1.0,10.376444,6.3596845
36,2.0,14.750365,8.198106
36,3.0,17.14575,12.925722
36,4.0,15.938425,21.129131
36,5.0,12.123044,29.661694
36,6.0,8.440682,33.32226
36,7.0,6.2313337,31.64547
36,8.0,5.298144,27.559984
36,9.0,5.2212477,23.364223
36,10.0,5.756369,20.081585
36,11.0,6.753435,18.035894
36,12.0,8.014581,17.285135
36,13.0,9.211924,17.78681
36,14.0,9.954451,19.363827
36,15.0,10.005022,21.56605
36,16.0,9.452727,23.654564
36,17.0,8.634251,24.91788
36,18.0,7.889167,25.083984
36,19.0,7.406343,24.379044
36,20.0,7.230921,23.258429
36,21.0,7.3259134,22.1454
36,22.0,7.6126504,21.323175
36,23.0,7.9876456,20.929201
36,24.0,8.337797,20.977713
36,25.0,8.566827,21.380278
36,26.0,8.62597,21.970242
36,27.0,8.528711,22.547855
36,28.0,8.337021,22.94479
36,29.0,8.128562,23.078697
36,30.0,7.9663687,22.966652
36,31.0,7.8841867,22.696196
36,32.0,7.886236,22.379148
36,33.0,7.95424,22.112892
36,34.0,8.056759,21.958696
36,35.0,8.159077,21.9353
36,36.0,8.23263,22.023237
36,37.0,8.262061,22.176628
36,38.0,8.247673,22.33979
36,39.0,8.202531,22.464588
36,40.0,8.145916,22.523256
36,41.0,8.09621,22.51278
36,42.0,8.065802,22.450626
36,43.0,8.059043,22.36514
36,44.0,8.072889,22.285057
36,45.0,8.099302,22.23147
36,46.0,8.12841,22.213776
36,47.0,8.1515465,22.229576
36,48.0,8.163423,22.267702
36,49.0,8.162979,22.312988
36,50.0,8.152857,22.351288
37,0.0,9.823025,16.217937
37,1.0,8.737811,16.770538
37,2.0,8.026794,16.490526
37,3.0,7.703186,15.758159
37,4.0,7.6983495,14.927378
37,5.0,7.9143033,14.230385
37,6.0,8.243354,13.779797
37,7.0,8.581217,13.599124
37,8.0,8.844534,13.651119
37,9.0,8.987485,13.860484
37,10.0,9.007207,14.135829
37,11.0,8.9344,14.392706
37,12.0,8.8150625,14.573076
37,13.0,8.692847,14.654416
37,14.0,8.598226,14.646154
37,15.0,8.545314,14.577551
37,16.0,8.533984,14.4837475
37,17.0,8.554472,14.395041
37,18.0,8.592505,14.331138
37,19.0,8.633852,14.299877
37,20.0,8.6676,14.299059
37,21.0,8.687816,14.319925
37,22.0,8.693577,14.351106
37,23.0,8.687756,14.382061
37,24.0,8.675197,14.405383
37,25.0,8.660941,14.417688
37,26.0,8.648933,14.419267
37,27.0,8.641397,14.412925
37,28.0,8.638816,14.402551
37,29.0,8.640337,14.391845
37,30.0,8.644381,14.383484
37,31.0,8.649225,14.378786
37,32.0,8.653466,14.377796
37,33.0,8.6562605,14.379653
37,34.0,8.657363,14.383067
37,35.0,8.657008,14.386755
37,36.0,8.655713,14.389746
37,37.0,8.65407,14.391524
37,38.0,8.652578,14.392022
37,39.0,8.651552,14.3914995
37,40.0,8.651101,14.390384
37,41.0,8.651163,14.389121
37,42.0,8.651571,14.388059
37,43.0,8.652124,14.387394
37,44.0,8.652646,14.387169
37,45.0,8.65302,14.387307
37,46.0,8.653199,14.387668
37,47.0,8.653199,14.388098
37,48.0,8.653072,14.388473
37,49.0,8.652887,14.388719
37,50.0,8.652706,14.388815
38,0.0,13.526406,9.445645
38,1.0,12.39682,11.096724
38,2.0,10.9175415,12.091993
38,3.0,9.717499,12.216579
38,4.0,9.043422,11.717963
38,5.0,8.879865,10.988094
38,6.0,9.103262,10.327554
38,7.0,9.550216,9.894933
38,8.0,10.044386,9.73637
38,9.0,10.429826,9.820509
38,10.0,10.613396,10.063798
38,11.0,10.5885515,10.356633
38,12.0,10.420441,10.59751
38,13.0,10.203058,10.725253
38,14.0,10.0171995,10.73177
38,15.0,9.908515,10.650436
38,16.0,9.885916,10.531949
38,17.0,9.931199,10.422544
38,18.0,10.012151,10.35173
38,19.0,10.095125,10.329244
38,20.0,10.154875,10.34819
38,21.0,10.179854,10.391547
38,22.0,10.1721945,10.439697
38,23.0,10.14337,10.476903
38,24.0,10.108031,10.495048
38,25.0,10.078596,10.494052
38,26.0,10.062147,10.479639
38,27.0,10.059885,10.4599285
38,28.0,10.068475,10.442296
38,29.0,10.082312,10.431397
38,30.0,10.095807,10.428572
38,31.0,10.105034,10.432391
38,32.0,10.108437,10.439853
38,33.0,10.106634,10.447712
38,34.0,10.101631,10.453512
38,35.0,10.095822,10.4561
38,36.0,10.091167,10.455609
38,37.0,10.088729,10.453053
38,38.0,10.088608,10.449778
38,39.0,10.090188,10.44696
38,40.0,10.09252,10.445313
38,41.0,10.094696,10.444998
38,42.0,10.096111,10.445732
38,43.0,10.096559,10.447002
38,44.0,10.096176,10.448278
38,45.0,10.095312,10.449179
38,46.0,10.09436,10.44954
38,47.0,10.093629,10.449407
38,48.0,10.093274,10.448957
38,49.0,10.093295,10.448416
38,50.0,10.09358,10.4479685
39,0.0,18.743734,5.045322
39,1.0,21.737638,6.177355
39,2.0,22.449202,8.139305
39,3.0,21.335064,10.6142235
39,4.0,19.26677,12.95722
39,5.0,17.104212,14.51031
39,6.0,15.411093,15.036051
39,7.0,14.386621,14.761526
39,8.0,13.985298,14.093645
39,9.0,14.053083,13.374989
39,10.0,14.403871,12.806339
39,11.0,14.85789,12.46554
39,12.0,15.270024,12.3485
39,13.0,15.551316,12.40403
39,14.0,15.675027,12.560141
39,15.0,15.664433,12.745109
39,16.0,15.569678,12.90357
39,17.0,15.4446535,13.005183
39,18.0,15.331351,13.044469
39,19.0,15.253511,13.033813
39,20.0,15.217498,12.993856
39,21.0,15.217154,12.94512
39,22.0,15.23983,12.902845
39,23.0,15.271748,12.875156
39,24.0,15.30174,12.8636675
39,25.0,15.323066,12.865443
39,26.0,15.333518,12.875333
39,27.0,15.33437,12.888014
39,28.0,15.328827,12.89936
39,29.0,15.32054,12.907036
39,30.0,15.31254,12.910447
39,31.0,15.306703,12.910268
39,32.0,15.303701,12.907822
39,33.0,15.3032675,12.904523
39,34.0,15.304593,12.901491
39,35.0,15.306725,12.899382
39,36.0,15.308847,12.898387
39,37.0,15.31044,12.898357
39,38.0,15.3112955,12.898956
39,39.0,15.311466,12.899811
39,40.0,15.311152,12.9006195
39,41.0,15.310605,12.901197
39,42.0,15.310043,12.9014845
39,43.0,15.30961,12.901513
39,44.0,15.309368,12.901368
39,45.0,15.309309,12.901148
39,46.0,15.3093815,12.900933
39,47.0,15.309521,12.900776
39,48.0,15.309669,12.900694
39,49.0,15.309786,12.900681
39,50.0,15.309854,12.900715
40,0.0,9.472195,11.624493
40,1.0,8.947903,8.898964
40,2.0,9.617368,6.8606415
40,3.0,10.911802,5.5801163
40,4.0,12.398851,4.8906374
40,5.0,13.719059,4.619958
40,6.0,14.654135,4.633044
40,7.0,15.153902,4.8241425
40,8.0,15.287304,5.105094
40,9.0,15.172768,5.402222
40,10.0,14.929025,5.660479
40,11.0,14.650785,5.8483696
40,12.0,14.400912,5.9580936
40,13.0,14.21201,5.9998527
40,14.0,14.092836,5.993243
40,15.0,14.036329,5.959404
40,16.0,14.027161,5.9159827
40,17.0,14.047719,5.875065
40,18.0,14.08214,5.8432097
40,19.0,14.11845,5.8225703
40,20.0,14.1491785,5.812357
40,21.0,14.170916,5.810201
40,22.0,14.183294,5.8132324
40,23.0,14.187828,5.818797
40,24.0,14.186861,5.824851
40,25.0,14.182802,5.8300858
40,26.0,14.17765,5.833872
40,27.0,14.172796,5.8361006
40,28.0,14.169009,5.836993
40,29.0,14.1665535,5.8369274
40,30.0,14.165339,5.836304
40,31.0,14.165086,5.835465
40,32.0,14.16545,5.8346515
40,33.0,14.166114,5.8340025
40,34.0,14.166835,5.8335705
40,35.0,14.167457,5.8333473
40,36.0,14.167906,5.8332887
40,37.0,14.168169,5.833339
40,38.0,14.168273,5.833445
40,39.0,14.168264,5.8335643
40,40.0,14.16819,5.8336697
40,41.0,14.16809,5.8337474
40,42.0,14.167993,5.8337946
40,43.0,14.167916,5.833814
40,44.0,14.167866,5.8338146
40,45.0,14.167839,5.833803
40,46.0,14.167832,5.833787
40,47.0,14.167838,5.8337708
40,48.0,14.1678505,5.833758
40,49.0,14.167864,5.833749
40,50.0,14.167877,5.8337436
41,0.0,14.22603,23.770103
41,1.0,8.692337,26.018162
41,2.0,5.8485584,23.683235
41,3.0,4.6925545,19.79486
41,4.0,4.4805503,16.0779
41,5.0,4.9039307,13.128809
41,6.0,5.870905,11.05979
41,7.0,7.337575,9.838379
41,8.0,9.16808,9.426535
41,9.0,11.027743,9.821342
41,10.0,12.404178,11.018753
41,11.0,12.836621,12.885267
41,12.0,12.232994,15.002418
41,13.0,10.961525,16.721199
41,14.0,9.576115,17.533016
41,15.0,8.474039,17.376347
41,16.0,7.803348,16.551195
41,17.0,7.5571804,15.4492035
41,18.0,7.670756,14.382127
41,19.0,8.060354,13.544198
41,20.0,8.625129,13.034449
41,21.0,9.242224,12.884667
41,22.0,9.776086,13.07362
41,23.0,10.108918,13.528542
41,24.0,10.180157,14.126956
41,25.0,10.008877,14.715947
41,26.0,9.680573,15.15404
41,27.0,9.306447,15.356841
41,28.0,8.982424,15.317811
41,29.0,8.767883,15.094525
41,30.0,8.684228,14.775775
41,31.0,8.722934,14.450357
41,32.0,8.854819,14.187808
41,33.0,9.038196,14.030502
41,34.0,9.2269,13.992715
41,35.0,9.379151,14.063271
41,36.0,9.466239,14.210748
41,37.0,9.478342,14.391513
41,38.0,9.424948,14.56024
41,39.0,9.329606,14.68074
41,40.0,9.221417,14.733739
41,41.0,9.126761,14.7190485
41,42.0,9.063774,14.65214
41,43.0,9.040233,14.557315
41,44.0,9.054164,14.460335
41,45.0,9.09615,14.382536
41,46.0,9.152491,14.337285
41,47.0,9.208631,14.328749
41,48.0,9.252328,14.352628
41,49.0,9.275987,14.398381
41,50.0,9.277691,14.4523945
42,0.0,6.79054,15.912799
42,1.0,5.64945,11.34377
42,2.0,5.9403553,7.9419603
42,3.0,7.1470466,5.788368
42,4.0,9.065578,4.5806284
42,5.0,11.41976,4.0581427
42,6.0,13.740393,4.070148
42,7.0,15.480672,4.547336
42,8.0,16.257322,5.430254
42,9.0,16.016369,6.572561
42,10.0,15.03343,7.692609
42,11.0,13.762511,8.473123
42,12.0,12.615155,8.750417
42,13.0,11.821711,8.586208
42,14.0,11.436329,8.170575
42,15.0,11.407415,7.6942825
42,16.0,11.63558,7.286915
42,17.0,12.004894,7.012877
42,18.0,12.401934,6.888357
42,19.0,12.733015,6.8979173
42,20.0,12.939285,7.0060163
42,21.0,13.004004,7.1661253
42,22.0,12.94826,7.3305063
42,23.0,12.816907,7.4605937
42,24.0,12.660899,7.5347977
42,25.0,12.522743,7.5505104
42,26.0,12.428671,7.520058
42,27.0,12.387466,7.4633436
42,28.0,12.393738,7.400654
42,29.0,12.433182,7.34776
42,30.0,12.488102,7.3137517
42,31.0,12.542094,7.3010383
42,32.0,12.583279,7.3067226
42,33.0,12.605769,7.324642
42,34.0,12.609463,7.3475447
42,35.0,12.598554,7.3689575
42,36.0,12.579437,7.3844414
42,37.0,12.558646,7.392079
42,38.0,12.541323,7.39225
42,39.0,12.530432,7.3869314
42,40.0,12.526684,7.3788104
42,41.0,12.528994,7.3704767
42,42.0,12.53521,7.3638635
42,43.0,12.542883,7.359993
42,44.0,12.549896,7.358996
42,45.0,12.554847,7.360324
42,46.0,12.557175,7.3630533
42,47.0,12.557059,7.366194
42,48.0,12.555184,7.3689275
42,49.0,12.552446,7.3707476
42,50.0,12.549694,7.3714905
43,0.0,18.180021,2.347062
43,1.0,18.094128,3.9029443
43,2.0,16.677662,6.248008
43,3.0,14.218264,9.057276
43,4.0,11.397881,11.462468
43,5.0,8.951244,12.679033
43,6.0,7.228673,12.624454
43,7.0,6.2084312,11.739958
43,8.0,5.7377796,10.523454
43,9.0,5.6762285,9.312506
43,10.0,5.923556,8.282333
43,11.0,6.403336,7.5040197
43,12.0,7.0404553,6.994417
43,13.0,7.74656,6.745585
43,14.0,8.41958,6.737583
43,15.0,8.958485,6.9400244
43,16.0,9.287144,7.307556
43,17.0,9.375296,7.775583
43,18.0,9.245285,8.263349
43,19.0,8.960812,8.688107
43,20.0,8.603612,8.985745
43,21.0,8.24962,9.126664
43,22.0,7.9540052,9.118296
43,23.0,7.7472267,8.9951
43,24.0,7.638416,8.8035555
43,25.0,7.621204,8.589317
43,26.0,7.679071,8.389542
43,27.0,7.789493,8.229917
43,28.0,7.927302,8.124625
43,29.0,8.067796,8.07767
43,30.0,8.189743,8.084668
43,31.0,8.277958,8.134844
43,32.0,8.324896,8.21326
43,33.0,8.330827,8.30331
43,34.0,8.302558,8.389322
43,35.0,8.251109,8.458861
43,36.0,8.18901,8.504274
43,37.0,8.127893,8.523166
43,38.0,8.076813,8.517822
43,39.0,8.041404,8.493892
43,40.0,8.023802,8.458751
43,41.0,8.023089,8.41996
43,42.0,8.03607,8.384068
43,43.0,8.058169,8.35585
43,44.0,8.084356,8.337996
43,45.0,8.1099415,8.331142
43,46.0,8.131202,8.334192
43,47.0,8.145759,8.344797
43,48.0,8.152696,8.35993
43,49.0,8.152425,8.376458
43,50.0,8.1463785,8.391626
44,0.0,18.618801,5.9452
44,1.0,17.713583,10.228883
44,2.0,15.466759,16.124569
44,3.0,12.523464,21.984472
44,4.0,9.788173,25.583378
44,5.0,7.8240385,26.160564
44,6.0,6.685608,24.595003
44,7.0,6.2040915,22.14417
44,8.0,6.204387,19.691635
44,9.0,6.5521526,17.68704
44,10.0,7.13162,16.301254
44,11.0,7.819739,15.560711
44,12.0,8.481722,15.419279
44,13.0,8.992332,15.782482
44,14.0,9.269624,16.508305
44,15.0,9.298134,17.410479
44,16.0,9.126045,18.284477
44,17.0,8.838937,18.955935
44,18.0,8.526331,19.326645
44,19.0,8.2573,19.390226
44,20.0,8.071288,19.212294
44,21.0,7.980433,18.892933
44,22.0,7.976695,18.532362
44,23.0,8.03932,18.209858
44,24.0,8.141258,17.97559
44,25.0,8.254663,17.850805
44,26.0,8.355589,17.832293
44,27.0,8.427529,17.898811
44,28.0,8.463164,18.018505
44,29.0,8.463978,18.156593
44,30.0,8.438046,18.282393
44,31.0,8.39684,18.374454
44,32.0,8.352038,18.422886
44,33.0,8.313126,18.42874
44,34.0,8.28609,18.401182
44,35.0,8.273181,18.353647
44,36.0,8.27343,18.300108
44,37.0,8.283631,18.252237
44,38.0,8.299476,18.217772
44,39.0,8.316609,18.200037
44,40.0,8.331458,18.198406
44,41.0,8.341726,18.209354
44,42.0,8.346537,18.227808
44,43.0,8.346266,18.248465
44,44.0,8.34218,18.26685
44,45.0,8.335975,18.279987
44,46.0,8.329346,18.286615
44,47.0,8.323662,18.28702
44,48.0,8.319782,18.282616
44,49.0,8.318014,18.275398
44,50.0,8.318191,18.26742
45,0.0,2.886496,28.517681
45,1.0,2.3461483,15.699114
45,2.0,2.9129496,8.678644
45,3.0,4.4424243,5.0709963
45,4.0,7.3011417,3.3291168
45,5.0,11.846814,2.6691074
45,6.0,17.744335,2.8509274
45,7.0,23.299038,4.193355
45,8.0,25.724195,7.749565
45,9.0,22.865591,14.206132
45,10.0,16.615637,19.980423
45,11.0,11.633053,20.403591
45,12.0,9.328899,17.121279
45,13.0,8.959268,13.416531
45,14.0,9.857672,10.689121
45,15.0,11.617009,9.167046
45,16.0,13.786268,8.764579
45,17.0,15.702797,9.38953
45,18.0,16.639814,10.895481
45,19.0,16.252636,12.832657
45,20.0,14.910974,14.380714
45,21.0,13.411373,14.871363
45,22.0,12.364035,14.329268
45,23.0,11.968871,13.276551
45,24.0,12.15796,12.240733
45,25.0,12.743923,11.53629
45,26.0,13.48179,11.281794
45,27.0,14.111444,11.461022
45,28.0,14.429049,11.9529085
45,29.0,14.367329,12.551545
45,30.0,14.019787,13.025989
45,31.0,13.575594,13.220209
45,32.0,13.214697,13.119745
45,33.0,13.039327,12.829366
45,34.0,13.063764,12.495616
45,35.0,13.236757,12.239737
45,36.0,13.472073,12.127244
45,37.0,13.679429,12.164928
45,38.0,13.793135,12.31163
45,39.0,13.791359,12.4977455
45,40.0,13.697611,12.651605
45,41.0,13.563759,12.72552
45,42.0,13.444686,12.7098675
45,43.0,13.377811,12.629169
45,44.0,13.374487,12.525271
45,45.0,13.42247,12.438419
45,46.0,13.49511,12.39418
45,47.0,13.562874,12.3985815
45,48.0,13.603633,12.440316
45,49.0,13.608815,12.497772
45,50.0,13.583857,12.548157
46,0.0,29.003328,24.443523
46,1.0,8.545488,27.438347
46,2.0,3.7347832,20.006828
46,3.0,2.720986,13.075869
46,4.0,2.8531678,8.405212
46,5.0,3.715076,5.5316358
46,6.0,5.3902884,3.8610086
46,7.0,8.043061,2.9818022
46,8.0,11.595947,2.6670482
46,9.0,15.42803,2.8465662
46,10.0,18.453926,3.5837948
46,11.0,19.68658,4.999875
46,12.0,18.806198,7.0307474
46,13.0,16.39995,9.118853
46,14.0,13.6425,10.429596
46,15.0,11.476916,10.601503
46,16.0,10.210378,9.940413
46,17.0,9.756357,8.957653
46,18.0,9.925536,8.024365
46,19.0,10.525143,7.324579
46,20.0,11.357296,6.9196234
46,21.0,12.211513,6.8063145
46,22.0,12.888942,6.944442
46,23.0,13.252063,7.2629514
46,24.0,13.266659,7.6630554
46,25.0,13.0038595,8.034845
46,26.0,12.598143,8.288971
46,27.0,12.188226,8.385086
46,28.0,11.874023,8.33708
46,29.0,11.70272,8.194769
46,30.0,11.675702,8.018011
46,31.0,11.7630205,7.857391
46,32.0,11.917913,7.745364
46,33.0,12.089673,7.695098
46,34.0,12.234714,7.7032723
46,35.0,12.324842,7.754673
46,36.0,12.35103,7.8277364
46,37.0,12.3218155,7.9004602
46,38.0,12.257319,7.955643
46,39.0,12.181424,7.9841614
46,40.0,12.114876,7.9855165
46,41.0,12.071035,7.9659395
46,42.0,12.05463,7.935168
46,43.0,12.06287,7.903175
46,44.0,12.087951,7.8777456
46,45.0,12.120031,7.8632317
46,46.0,12.149955,7.860412
46,47.0,12.171203,7.867176
46,48.0,12.180816,7.8796835
46,49.0,12.179278,7.8936477
46,50.0,12.169599,7.90544
47,0.0,9.833799,3.832491
47,1.0,12.320545,4.155823
47,2.0,14.235237,5.0592895
47,3.0,15.101758,6.626338
47,4.0,14.7531395,8.794658
47,5.0,13.420787,11.158601
47,6.0,11.644267,13.035057
47,7.0,9.981654,13.90857
47,8.0,8.753535,13.764972
47,9.0,8.030632,12.95585
47,10.0,7.7557535,11.889135
47,11.0,7.8367133,10.860302
47,12.0,8.178115,10.033094
47,13.0,8.682097,9.476964
47,14.0,9.245087,9.20516
47,15.0,9.763362,9.197481
47,16.0,10.148856,9.409146
47,17.0,10.348141,9.773049
47,18.0,10.354101,10.204146
47,19.0,10.203157,10.612174
47,20.0,9.95892,10.921542
47,21.0,9.690377,11.089408
47,22.0,9.45413,11.1122055
47,23.0,9.285675,11.018446
47,24.0,9.198901,10.85369
47,25.0,9.19016,10.665603
47,26.0,9.243697,10.493758
47,27.0,9.33695,10.364854
47,28.0,9.445333,10.291886
47,29.0,9.54644,10.275593
47,30.0,9.623425,10.30707
47,31.0,9.667052,10.3710375
47,32.0,9.676104,10.449464
47,33.0,9.65612,10.525158
47,34.0,9.616971,10.584773
47,35.0,9.570007,10.620642
47,36.0,9.525543,10.631156
47,37.0,9.491142,10.6198225
47,38.0,9.470853,10.593467
47,39.0,9.465285,10.560182
47,40.0,9.47228,10.527531
47,41.0,9.487894,10.50129
47,42.0,9.50748,10.484823
47,43.0,9.52665,10.479013
47,44.0,9.542013,10.482648
47,45.0,9.551575,10.4930725
47,46.0,9.554818,10.506966
47,47.0,9.552491,10.52107
47,48.0,9.546204,10.532772
47,49.0,9.537946,10.540448
47,50.0,9.529644,10.543552
48,0.0,13.104919,7.441127
48,1.0,14.479927,16.49705
48,2.0,10.913713,33.423912
48,3.0,5.7486095,45.19152
48,4.0,2.93601,43.279385
48,5.0,1.8619372,35.534145
48,6.0,1.5395188,27.638477
48,7.0,1.5928887,21.283472
48,8.0,1.9405715,16.669092
48,9.0,2.6227965,13.626094
48,10.0,3.71957,11.998142
48,11.0,5.240165,11.800812
48,12.0,6.9308267,13.325666
48,13.0,8.126344,17.083845
48,14.0,8.054364,23.044909
48,15.0,6.7082624,29.173979
48,16.0,5.027588,32.287666
48,17.0,3.7903523,31.514881
48,18.0,3.1256466,28.41046
48,19.0,2.9053109,24.70049
48,20.0,3.0174108,21.389805
48,21.0,3.4046211,18.921314
48,22.0,4.02664,17.46927
48,23.0,4.805228,17.120506
48,24.0,5.5749574,17.933311
48,25.0,6.0894127,19.861057
48,26.0,6.138261,22.542757
48,27.0,5.717984,25.16814
48,28.0,5.0550685,26.795929
48,29.0,4.4237604,26.97562
48,30.0,3.9844768,25.94497
48,31.0,3.7785742,24.285593
48,32.0,3.789463,22.551453
48,33.0,3.9815009,21.126657
48,34.0,4.3064976,20.23476
48,35.0,4.695676,19.98235
48,36.0,5.056155,20.378893
48,37.0,5.287962,21.320406
48,38.0,5.3238344,22.563242
48,39.0,5.1670647,23.75052
48,40.0,4.8908615,24.533308
48,41.0,4.595675,24.7241
48,42.0,4.362646,24.358786
48,43.0,4.2346244,23.633482
48,44.0,4.2209835,22.794262
48,45.0,4.3082957,22.056444
48,46.0,4.46727,21.569967
48,47.0,4.6565876,21.412062
48,48.0,4.8283906,21.587496
48,49.0,4.938856,22.029686
48,50.0,4.962082,22.609564
49,0.0,20.842758,13.764422
49,1.0,12.530866,22.927357
49,2.0,7.122118,23.566957
49,3.0,4.9528017,18.929598
49,4.0,4.456874,13.995932
49,5.0,4.8836617,10.348206
49,6.0,6.0037823,8.066326
49,7.0,7.7010937,6.9198265
49,8.0,9.718956,6.742015
49,9.0,11.538324,7.5008397
49,10.0,12.504798,9.1960125
49,11.0,12.230734,11.547062
49,12.0,10.968169,13.725192
49,13.0,9.444819,14.790548
49,14.0,8.268684,14.51972
49,15.0,7.65249,13.414617
49,16.0,7.5591984,12.10736
49,17.0,7.8703427,11.0162525
49,18.0,8.440605,10.334609
49,19.0,9.099056,10.115006
49,20.0,9.660382,10.325465
49,21.0,9.969992,10.8611
49,22.0,9.964281,11.542326
49,23.0,9.698318,12.147416
49,24.0,9.309893,12.494883
49,25.0,8.94557,12.521601
49,26.0,8.7041,12.290346
49,27.0,8.62176,11.931956
49,28.0,8.684546,11.578506
49,29.0,8.846353,11.324387
49,30.0,9.04551,11.215302
49,31.0,9.220615,11.251642
49,32.0,9.326064,11.39736
49,33.0,9.343572,11.593065
49,34.0,9.284477,11.774066
49,35.0,9.181308,11.890202
49,36.0,9.073107,11.91984
49,37.0,8.991811,11.871866
49,38.0,8.95457,11.776389
49,39.0,8.962601,11.670569
49,40.0,9.004553,11.586204
49,41.0,9.062118,11.542324
49,42.0,9.116169,11.543044
49,43.0,9.1521,11.579508
49,44.0,9.16315,11.634638
49,45.0,9.150995,11.689249
49,46.0,9.123695,11.727867
49,47.0,9.0920725,11.742577
49,48.0,9.065979,11.733928
49,49.0,9.051674,11.709084
49,50.0,9.050814,11.678361
50,0.0,1.997267,27.370293
50,1.0,2.3850405,18.241522
50,2.0,3.5169344,12.682191
50,3.0,5.5792933,9.642189
50,4.0,8.504118,8.454546
50,5.0,11.506498,8.80699
50,6.0,13.442474,10.591583
50,7.0,13.778029,13.586525
50,8.0,12.829381,17.083317
50,9.0,11.319429,19.971172
50,10.0,9.900064,21.443695
50,11.0,8.908491,21.49211
50,12.0,8.4045925,20.65298
50,13.0,8.310543,19.524311
50,14.0,8.501739,18.519297
50,15.0,8.841974,17.842463
50,16.0,9.202396,17.543041
50,17.0,9.4834795,17.569933
50,18.0,9.633961,17.814491
50,19.0,9.654092,18.147842
50,20.0,9.580963,18.455818
50,21.0,9.465456,18.665092
50,22.0,9.3525095,18.752205
50,23.0,9.270675,18.73479
50,24.0,9.230484,18.652819
50,25.0,9.228231,18.549717
50,26.0,9.251839,18.459496
50,27.0,9.286651,18.401218
50,28.0,9.3199415,18.37931
50,29.0,9.343536,18.387388
50,30.0,9.354467,18.413454
50,31.0,9.354065,18.444794
50,32.0,9.346197,18.4715
50,33.0,9.335402,18.48814
50,34.0,9.325468,18.49371
50,35.0,9.318697,18.490437
50,36.0,9.315797,18.482119
50,37.0,9.316236,18.472603
50,38.0,9.3187895,18.464767
50,39.0,9.32209,18.46009
50,40.0,9.325031,18.458742
50,41.0,9.326966,18.459969
50,42.0,9.3277235,18.462595
50,43.0,9.3274975,18.465471
50,44.0,9.326674,18.467766
50,45.0,9.325666,18.469074
50,46.0,9.324798,18.469383
50,47.0,9.324248,18.468945
50,48.0,9.324056,18.46812
50,49.0,9.32415,18.467255
50,50.0,9.324413,18.466585
51,0.0,8.504619,20.213146
51,1.0,6.10009,14.82897
51,2.0,5.8559704,10.298173
51,3.0,6.683616,7.2678027
51,4.0,8.222626,5.432822
51,5.0,10.175797,4.419699
51,6.0,12.157454,3.9554572
51,7.0,13.795063,3.8637154
51,8.0,14.883181,4.0292435
51,9.0,15.413961,4.3662157
51,10.0,15.499271,4.7988133
51,11.0,15.286771,5.255265
51,12.0,14.91374,5.67252
51,13.0,14.489433,6.005342
51,14.0,14.090493,6.2325697
51,15.0,13.76235,6.356387
51,16.0,13.5241585,6.3954635
51,17.0,13.375617,6.375876
51,18.0,13.304054,6.3234706
51,19.0,13.290655,6.259289
51,20.0,13.315288,6.197891
51,21.0,13.359811,6.1476216
51,22.0,13.409948,6.111832
51,23.0,13.455959,6.090382
51,24.0,13.492406,6.0810413
51,25.0,13.517362,6.080628
51,26.0,13.53138,6.085836
51,27.0,13.536468,6.093768
51,28.0,13.535231,6.102207
51,29.0,13.530245,6.1096935
51,30.0,13.52368,6.1154585
51,31.0,13.517122,6.1192827
51,32.0,13.511558,6.121322
51,33.0,13.507448,6.121943
51,34.0,13.504864,6.121588
51,35.0,13.503617,6.120681
51,36.0,13.50339,6.1195664
51,37.0,13.503832,6.1184916
51,38.0,13.504622,6.117604
51,39.0,13.50551,6.1169662
51,40.0,13.506326,6.1165805
51,41.0,13.506972,6.1164093
51,42.0,13.507416,6.116398
51,43.0,13.507667,6.1164865
51,44.0,13.50776,6.116625
51,45.0,13.507742,6.1167727
51,46.0,13.507656,6.1169047
51,47.0,13.507542,6.117007
51,48.0,13.507426,6.1170745
51,49.0,13.507329,6.1171107
51,50.0,13.5072565,6.117122
52,0.0,10.039621,16.081972
52,1.0,9.11092,15.095645
52,2.0,8.887495,13.809798
52,3.0,9.193075,12.665934
52,4.0,9.839521,11.881204
52,5.0,10.619011,11.523749
52,6.0,11.31472,11.569291
52,7.0,11.751339,11.925476
52,8.0,11.854544,12.445882
52,9.0,11.669977,12.960272
52,10.0,11.324218,13.326139
52,11.0,10.958012,13.474672
52,12.0,10.675198,13.420307
52,13.0,10.5251875,13.233378
52,14.0,10.509574,13.000565
52,15.0,10.597417,12.794944
52,16.0,10.740989,12.661786
52,17.0,10.89012,12.616352
52,18.0,11.00451,12.648561
52,19.0,11.062093,12.731362
52,20.0,11.061279,12.830987
52,21.0,11.016821,12.917042
52,22.0,10.951658,12.969966
52,23.0,10.888371,12.983946
52,24.0,10.843116,12.965154
52,25.0,10.823086,12.926947
52,26.0,10.827076,12.884348
52,27.0,10.847991,12.84963
52,28.0,10.876139,12.829861
52,29.0,10.902349,12.826437
52,30.0,10.920221,12.8361635
52,31.0,10.927128,12.853212
52,32.0,10.923992,12.871281
52,33.0,10.914165,12.885361
52,34.0,10.90192,12.892745
52,35.0,10.891088,12.893172
52,36.0,10.884156,12.888284
52,37.0,10.881959,12.880707
52,38.0,10.88388,12.873109
52,39.0,10.888379,12.867489
52,40.0,10.893629,12.864824
52,41.0,10.898063,12.86507
52,42.0,10.900721,12.867432
52,43.0,10.90135,12.870757
52,44.0,10.900295,12.873931
52,45.0,10.898257,12.876157
52,46.0,10.896019,12.8770895
52,47.0,10.894218,12.876808
52,48.0,10.893219,12.875692
52,49.0,10.893081,12.874246
52,50.0,10.893624,12.872931
53,0.0,16.854597,6.360779
53,1.0,16.823572,11.822977
53,2.0,13.895182,19.97405
53,3.0,9.892246,26.950418
53,4.0,6.824357,29.05962
53,5.0,5.15067,27.10381
53,6.0,4.4902353,23.580696
53,7.0,4.49152,20.13062
53,8.0,4.9670973,17.451351
53,9.0,5.7946625,15.757454
53,10.0,6.8127146,15.07412
53,11.0,7.7738395,15.34642
53,12.0,8.402442,16.42596
53,13.0,8.5343895,18.00322
53,14.0,8.214455,19.60418
53,15.0,7.650998,20.750309
53,16.0,7.0771327,21.187113
53,17.0,6.647298,20.964724
53,18.0,6.420903,20.32814
53,19.0,6.392012,19.559504
53,20.0,6.5186768,18.881678
53,21.0,6.7395606,18.429375
53,22.0,6.984906,18.253973
53,23.0,7.189553,18.337378
53,24.0,7.30825,18.608053
53,25.0,7.3267074,18.962303
53,26.0,7.261613,19.292818
53,27.0,7.149418,19.518402
53,28.0,7.0305543,19.603153
53,29.0,6.9368014,19.557556
53,30.0,6.8853717,19.424234
53,31.0,6.87886,19.257849
53,32.0,6.9085555,19.10773
53,33.0,6.9591103,19.00723
53,34.0,7.0134506,18.969887
53,35.0,7.0571384,18.990894
53,36.0,7.081434,19.05221
53,37.0,7.084418,19.129635
53,38.0,7.0700874,19.200077
53,39.0,7.0460086,19.247229
53,40.0,7.0205064,19.26435
53,41.0,7.000332,19.253908
53,42.0,6.9893255,19.22482
53,43.0,6.9881535,19.188663
53,44.0,6.9948854,19.156126
53,45.0,7.0060616,19.13454
53,46.0,7.0178857,19.126844
53,47.0,7.0272417,19.131845
53,48.0,7.032325,19.145447
53,49.0,7.03281,19.162304
53,50.0,7.029609,19.177444
54,0.0,2.684425,26.119108
54,1.0,2.0662007,13.300822
54,2.0,2.3314605,6.7428966
54,3.0,3.1507,3.50211
54,4.0,4.59017,1.9117408
54,5.0,6.8032417,1.1317887
54,6.0,9.893984,0.7547515
54,7.0,13.770189,0.5893159
54,8.0,18.047295,0.55396056
54,9.0,22.13128,0.6300485
54,10.0,25.460949,0.84826756
54,11.0,27.687498,1.2954433
54,12.0,28.646957,2.1264184
54,13.0,28.236269,3.5351605
54,14.0,26.41875,5.5887914
54,15.0,23.464874,7.9205675
54,16.0,20.123236,9.708077
54,17.0,17.262373,10.318934
54,18.0,15.350235,9.84202
54,19.0,14.407293,8.806395
54,20.0,14.249463,7.6930447
54,21.0,14.655628,6.763634
54,22.0,15.415508,6.1093545
54,23.0,16.332563,5.734792
54,24.0,17.227533,5.6108875
54,25.0,17.952728,5.696331
54,26.0,18.410776,5.9407616
54,27.0,18.567879,6.282168
54,28.0,18.454243,6.6482954
54,29.0,18.149265,6.9672813
54,30.0,17.755234,7.1847496
54,31.0,17.368914,7.277584
54,32.0,17.061068,7.2557874
54,33.0,16.868582,7.1524415
54,34.0,16.797129,7.00896
54,35.0,16.82934,6.862935
54,36.0,16.934267,6.7416058
54,37.0,17.076004,6.6602
54,38.0,17.2207,6.623123
54,39.0,17.341679,6.6263227
54,40.0,17.422443,6.6599913
54,41.0,17.457436,6.71132
54,42.0,17.450739,6.7671576
54,43.0,17.413221,6.81634
54,44.0,17.358974,6.8513365
54,45.0,17.301893,6.868939
54,46.0,17.253103,6.86995
54,47.0,17.219542,6.8581076
54,48.0,17.203701,6.8386593
54,49.0,17.204256,6.81699
54,50.0,17.217228,6.7975817
55,0.0,29.117954,23.478851
55,1.0,12.09738,36.165833
55,2.0,5.5485697,34.50968
55,3.0,3.3372014,27.720266
55,4.0,2.6602092,21.027596
55,5.0,2.6521032,15.738458
55,6.0,3.0954044,11.8955965
55,7.0,3.9883294,9.255932
55,8.0,5.3937187,7.5714946
55,9.0,7.3270397,6.663796
55,10.0,9.62968,6.4403696
55,11.0,11.897411,6.890758
55,12.0,13.58272,8.053241
55,13.0,14.25242,9.919259
55,14.0,13.814277,12.275176
55,15.0,12.559438,14.616083
55,16.0,10.99172,16.331825
55,17.0,9.558929,17.068743
55,18.0,8.497919,16.884485
55,19.0,7.859834,16.093788
55,20.0,7.602987,15.046344
55,21.0,7.657229,14.008668
55,22.0,7.9466057,13.144569
55,23.0,8.390326,12.536791
55,24.0,8.90035,12.212965
55,25.0,9.385625,12.163011
55,26.0,9.765137,12.34749
55,27.0,9.984867,12.701645
55,28.0,10.029797,13.141508
55,29.0,9.924028,13.576589
55,30.0,9.718748,13.92812
55,31.0,9.474183,14.145967
55,32.0,9.243575,14.216426
55,33.0,9.063993,14.1582985
55,34.0,8.954154,14.010981
55,35.0,8.916694,13.820828
55,36.0,8.942199,13.630376
55,37.0,9.013475,13.471964
55,38.0,9.109565,13.365224
55,39.0,9.20945,13.317196
55,40.0,9.295308,13.324051
55,41.0,9.354957,13.373798
55,42.0,9.383073,13.449597
55,43.0,9.380985,13.533319
55,44.0,9.355192,13.60886
55,45.0,9.315121,13.664643
55,46.0,9.270762,13.694889
55,47.0,9.230728,13.699543
55,48.0,9.201025,13.6831045
55,49.0,9.184595,13.652842
55,50.0,9.181494,13.61689
56,0.0,28.245468,26.949993
56,1.0,8.070696,42.052864
56,2.0,2.900003,36.61502
56,3.0,1.6715062,27.271564
56,4.0,1.4966449,19.577765
56,5.0,1.8307494,14.1345215
56,6.0,2.7128406,10.586878
56,7.0,4.3754525,8.568853
56,8.0,6.9387746,7.909787
56,9.0,9.856517,8.695812
56,10.0,11.758138,11.178213
56,11.0,11.566871,15.181662
56,12.0,9.706245,19.243347
56,13.0,7.563344,21.40647
56,14.0,6.0488243,21.213552
56,15.0,5.2968764,19.60647
56,16.0,5.1548448,17.642256
56,17.0,5.4639626,15.9689245
56,18.0,6.080783,14.886025
56,19.0,6.8279443,14.489628
56,20.0,7.4814954,14.745325
56,21.0,7.838417,15.493908
56,22.0,7.8216057,16.452026
56,23.0,7.516912,17.28364
56,24.0,7.100897,17.74059
56,25.0,6.734806,17.762707
56,26.0,6.5093994,17.457636
56,27.0,6.4467583,17.005995
56,28.0,6.522477,16.576143
56,29.0,6.6851845,16.281672
56,30.0,6.871911,16.171421
56,31.0,7.023988,16.235292
56,32.0,7.1030335,16.418354
56,33.0,7.10061,16.642313
56,34.0,7.035945,16.831875
56,35.0,6.943368,16.937874
56,36.0,6.8571334,16.94795
56,37.0,6.8007536,16.88199
56,38.0,6.783165,16.777695
56,39.0,6.8002195,16.674553
56,40.0,6.839075,16.60202
56,41.0,6.8836246,16.573835
56,42.0,6.919642,16.587978
56,43.0,6.9384828,16.630764
56,44.0,6.938495,16.683247
56,45.0,6.924005,16.727856
56,46.0,6.9026465,16.7533
56,47.0,6.8822813,16.756542
56,48.0,6.868612,16.7418
56,49.0,6.8640447,16.717579
56,50.0,6.8677897,16.693144
57,0.0,18.3391,27.734352
57,1.0,6.266781,26.199934
57,2.0,3.0475693,19.431198
57,3.0,2.1690373,13.453033
57,4.0,2.049659,9.154965
57,5.0,2.3411875,6.2538805
57,6.0,3.0115829,4.352844
57,7.0,4.1421366,3.1373942
57,8.0,5.85571,2.3900926
57,9.0,8.240845,1.9729891
57,10.0,11.2401285,1.8110983
57,11.0,14.546771,1.8840164
57,12.0,17.613497,2.225194
57,13.0,19.815922,2.919746
57,14.0,20.665102,4.0721893
57,15.0,19.971863,5.697032
57,16.0,17.97742,7.5496387
57,17.0,15.346818,9.113833
57,18.0,12.844608,9.92691
57,19.0,10.941284,9.908549
57,20.0,9.7456,9.30748
57,21.0,9.175127,8.4485
57,22.0,9.10389,7.575934
57,23.0,9.416553,6.828126
57,24.0,10.009248,6.2664714
57,25.0,10.776076,5.90853
57,26.0,11.600603,5.74989
57,27.0,12.360141,5.7743077
57,28.0,12.942999,5.9554014
57,29.0,13.27202,6.254071
57,30.0,13.323413,6.616792
57,31.0,13.130905,6.9798865
57,32.0,12.771953,7.2815723
57,33.0,12.341982,7.4773746
57,34.0,11.928426,7.5505805
57,35.0,11.594277,7.512333
57,36.0,11.373477,7.392885
57,37.0,11.274395,7.229888
57,38.0,11.286344,7.058821
57,39.0,11.385997,6.907521
57,40.0,11.5428095,6.7942605
57,41.0,11.723717,6.7279787
57,42.0,11.897497,6.7094746
57,43.0,12.038732,6.732951
57,44.0,12.130878,6.787757
57,45.0,12.167797,6.8603735
57,46.0,12.153338,6.93664
57,47.0,12.099126,7.0039897
57,48.0,12.021187,7.0533023
57,49.0,11.936356,7.079955
57,50.0,11.859264,7.0838833
58,0.0,3.566283,6.683503
58,1.0,4.8374925,4.919165
58,2.0,6.6811924,3.9507437
58,3.0,9.036516,3.5721443
58,4.0,11.616014,3.7161593
58,5.0,13.899721,4.442668
58,6.0,15.292681,5.90273
58,7.0,15.375898,8.183538
58,8.0,14.156651,10.976567
58,9.0,12.170056,13.412158
58,10.0,10.178732,14.611045
58,11.0,8.68816,14.416144
58,12.0,7.8224382,13.314952
58,13.0,7.5057235,11.903079
58,14.0,7.6188736,10.586178
58,15.0,8.048427,9.564253
58,16.0,8.68193,8.907215
58,17.0,9.395757,8.619829
58,18.0,10.056461,8.674743
58,19.0,10.540891,9.019288
58,20.0,10.767521,9.568588
58,21.0,10.721958,10.201993
58,22.0,10.459522,10.779686
58,23.0,10.080454,11.1814165
58,24.0,9.691364,11.345865
58,25.0,9.374133,11.283643
58,26.0,9.173561,11.058657
58,27.0,9.100377,10.7554455
58,28.0,9.140417,10.451957
58,29.0,9.263807,10.205328
58,30.0,9.432577,10.048314
58,31.0,9.607388,9.991223
58,32.0,9.75392,10.025743
58,33.0,9.848449,10.129402
58,34.0,9.881307,10.270863
58,35.0,9.857068,10.4163
58,36.0,9.791344,10.536246
58,37.0,9.7053585,10.611262
58,38.0,9.620198,10.634705
58,39.0,9.552385,10.611934
58,40.0,9.511562,10.556715
58,41.0,9.500179,10.486463
58,42.0,9.514626,10.41786
58,43.0,9.5471525,10.363779
58,44.0,9.588092,10.331707
58,45.0,9.627981,10.323518
58,46.0,9.659294,10.336241
58,47.0,9.677542,10.363503
58,48.0,9.681619,10.397321
58,49.0,9.673415,10.4298935
58,50.0,9.656888,10.455095
59,0.0,2.311591,10.43458
59,1.0,3.923518,6.5386686
59,2.0,7.057563,4.6933093
59,3.0,11.848167,4.25446
59,4.0,16.88505,5.1890254
59,5.0,19.577936,8.014128
59,6.0,18.479694,12.9831085
59,7.0,14.77989,18.09114
59,8.0,11.1787195,20.146843
59,9.0,9.088228,18.962894
59,10.0,8.423092,16.502274
59,11.0,8.762944,14.253174
59,12.0,9.731242,12.811384
59,13.0,10.93027,12.2904005
59,14.0,11.919642,12.59101
59,15.0,12.362091,13.461594
59,16.0,12.201175,14.503911
59,17.0,11.662779,15.289744
59,18.0,11.068832,15.5735035
59,19.0,10.651625,15.390766
59,20.0,10.49611,14.957224
59,21.0,10.573291,14.507453
59,22.0,10.79126,14.199894
59,23.0,11.03852,14.095578
59,24.0,11.221242,14.17324
59,25.0,11.291149,14.357946
59,26.0,11.253528,14.556799
59,27.0,11.152077,14.695053
59,28.0,11.041415,14.7397375
59,29.0,10.963288,14.7014
59,30.0,10.935558,14.61765
59,31.0,10.953429,14.531136
59,32.0,10.997816,14.472885
59,33.0,11.045818,14.455162
59,34.0,11.079571,14.4727745
59,35.0,11.091128,14.509714
59,36.0,11.082613,14.547616
59,37.0,11.062687,14.572841
59,38.0,11.041608,14.580038
59,39.0,11.027121,14.571754
59,40.0,11.022447,14.555294
59,41.0,11.026453,14.538762
59,42.0,11.035287,14.527987
59,43.0,11.044489,14.5251255
59,44.0,11.050718,14.528956
59,45.0,11.052619,14.536251
59,46.0,11.05074,14.54347
59,47.0,11.046807,14.548096
59,48.0,11.042784,14.549228
59,49.0,11.040111,14.547454
59,50.0,11.039348,14.544217
60,0.0,12.271641,8.869122
60,1.0,13.690084,9.3805895
60,2.0,14.305477,10.480818
60,3.0,14.139934,11.842685
60,4.0,13.471729,13.068191
60,5.0,12.6530285,13.840591
60,6.0,11.955074,14.065589
60,7.0,11.510916,13.861642
60,8.0,11.337909,13.439241
60,9.0,11.384153,12.989831
60,10.0,11.566629,12.637027
60,11.0,11.79773,12.434449
60,12.0,12.0046215,12.381956
60,13.0,12.141987,12.4448805
60,14.0,12.195944,12.572025
60,15.0,12.178759,12.71174
60,16.0,12.117599,12.824535
60,17.0,12.042408,12.889864
60,18.0,11.976971,12.906018
60,19.0,11.934743,12.884727
60,20.0,11.918876,12.843638
60,21.0,11.924851,12.799698
60,22.0,11.944123,12.765003
60,23.0,11.967541,12.7453575
60,24.0,11.987827,12.740889
60,25.0,12.000823,12.747859
60,26.0,12.005551,12.760838
60,27.0,12.003461,12.774603
60,28.0,11.997274,12.7854
60,29.0,11.989886,12.791431
60,30.0,11.983562,12.792693
60,31.0,11.9795685,12.790397
60,32.0,11.97817,12.786271
60,33.0,11.97889,12.781956
60,34.0,11.980863,12.77861
60,35.0,11.983184,12.776773
60,36.0,11.98515,12.776426
60,37.0,11.986377,12.77718
60,38.0,11.986789,12.778486
60,39.0,11.986544,12.779838
60,40.0,11.985914,12.780875
60,41.0,11.985185,12.781435
60,42.0,11.984573,12.781529
60,43.0,11.984197,12.781283
60,44.0,11.984076,12.7808695
60,45.0,11.9841585,12.780446
60,46.0,11.984359,12.780125
60,47.0,11.984588,12.779954
60,48.0,11.984778,12.779928
60,49.0,11.984894,12.780009
60,50.0,11.984929,12.780141
61,0.0,25.033388,11.345846
61,1.0,15.458674,22.18135
61,2.0,7.6055923,27.536488
61,3.0,3.9257393,25.839737
61,4.0,2.4967399,21.566338
61,5.0,2.0043902,17.227806
61,6.0,1.9648447,13.597699
61,7.0,2.2450738,10.798117
61,8.0,2.85647,8.763025
61,9.0,3.8782666,7.399948
61,10.0,5.3953977,6.649827
61,11.0,7.388637,6.517578
61,12.0,9.574904,7.0921
61,13.0,11.32761,8.527221
61,14.0,11.908217,10.884533
61,15.0,11.026112,13.785362
61,16.0,9.192705,16.278687
61,17.0,7.2855268,17.47864
61,18.0,5.8500476,17.266138
61,19.0,4.9853377,16.12113
61,20.0,4.5998855,14.603326
61,21.0,4.589901,13.105199
61,22.0,4.884277,11.846052
61,23.0,5.4309936,10.9338875
61,24.0,6.1672506,10.418584
61,25.0,6.9905953,10.320809
61,26.0,7.7484035,10.636388
61,27.0,8.26586,11.318052
61,28.0,8.414218,12.245966
61,29.0,8.180121,13.219185
61,30.0,7.6759224,14.004311
61,31.0,7.075923,14.42869
61,32.0,6.5336795,14.44713
61,33.0,6.1402206,14.133363
61,34.0,5.9283743,13.621642
61,35.0,5.8942313,13.050165
61,36.0,6.013828,12.530531
61,37.0,6.250248,12.139425
61,38.0,6.555201,11.920628
61,39.0,6.8709755,11.888617
61,40.0,7.137263,12.030303
61,41.0,7.3036976,12.305823
61,42.0,7.3438616,12.652278
61,43.0,7.263199,12.994438
61,44.0,7.0954447,13.262281
61,45.0,6.8892293,13.409082
61,46.0,6.692327,13.421526
61,47.0,6.54064,13.317875
61,48.0,6.4541216,13.137252
61,49.0,6.437647,12.926413
61,50.0,6.483916,12.7289095
62,0.0,9.147101,16.738186
62,1.0,7.173017,13.820997
62,2.0,6.815606,10.863116
62,3.0,7.379569,8.593031
62,4.0,8.545796,7.0796847
62,5.0,10.049479,6.208084
62,6.0,11.580975,5.843523
62,7.0,12.836896,5.8694835
62,8.0,13.624552,6.1813326
62,9.0,13.910665,6.6712637
62,10.0,13.7891655,7.223689
62,11.0,13.414278,7.7285495
62,12.0,12.941382,8.10502
62,13.0,12.491068,8.3185425
62,14.0,12.136395,8.379801
62,15.0,11.906653,8.328667
62,16.0,11.798837,8.214399
62,17.0,11.790208,8.080938
62,18.0,11.848933,7.9597855
62,19.0,11.942172,7.868763
62,20.0,12.041742,7.8140016
62,21.0,12.127443,7.793149
62,22.0,12.188128,7.7987123
62,23.0,12.220873,7.821021
62,24.0,12.228872,7.850577
62,25.0,12.218846,7.879654
62,26.0,12.198612,7.9031205
62,27.0,12.175261,7.918544
62,28.0,12.154086,7.925767
62,29.0,12.138216,7.9261923
62,30.0,12.12877,7.922004
62,31.0,12.125328,7.915505
62,32.0,12.126519,7.908651
62,33.0,12.130588,7.9028096
62,34.0,12.135837,7.898708
62,35.0,12.140919,7.8965135
62,36.0,12.144963,7.8959923
62,37.0,12.147578,7.8966837
62,38.0,12.148762,7.898059
62,39.0,12.148773,7.899641
62,40.0,12.148,7.9010735
62,41.0,12.146843,7.902145
62,42.0,12.14564,7.90278
62,43.0,12.144627,7.903008
62,44.0,12.143924,7.902922
62,45.0,12.143557,7.9026427
62,46.0,12.14348,7.902285
62,47.0,12.143612,7.90194
62,48.0,12.143859,7.901666
62,49.0,12.144137,7.90149
62,50.0,12.144386,7.901411
63,0.0,5.086803,24.263712
63,1.0,3.6479971,18.431606
63,2.0,3.318024,13.497454
63,3.0,3.5727248,9.877091
63,4.0,4.2774677,7.3889112
63,5.0,5.4100976,5.763918
63,6.0,6.939722,4.778432
63,7.0,8.748931,4.2771373
63,8.0,10.607069,4.1660767
63,9.0,12.223587,4.3966
63,10.0,13.353475,4.9427867
63,11.0,13.876899,5.771089
63,12.0,13.812458,6.8070564
63,13.0,13.285635,7.916832
63,14.0,12.481563,8.926108
63,15.0,11.593145,9.677028
63,16.0,10.775944,10.086657
63,17.0,10.12539,10.165572
63,18.0,9.679546,9.991947
63,19.0,9.435677,9.668865
63,20.0,9.367388,9.291138
63,21.0,9.436499,8.929717
63,22.0,9.600031,8.629348
63,23.0,9.8146925,8.412524
63,24.0,10.040629,8.284977
63,25.0,10.244937,8.240561
63,26.0,10.404468,8.265111
63,27.0,10.507227,8.339592
63,28.0,10.551967,8.442944
63,29.0,10.546128,8.554808
63,30.0,10.5027485,8.657972
63,31.0,10.437126,8.740159
63,32.0,10.363939,8.794836
63,33.0,10.29522,8.820967
63,34.0,10.239309,8.821895
63,35.0,10.200652,8.803759
63,36.0,10.180217,8.773864
63,37.0,10.176262,8.739306
63,38.0,10.185258,8.7060175
63,39.0,10.202801,8.678246
63,40.0,10.224407,8.658416
63,41.0,10.246132,8.647272
63,42.0,10.264968,8.644201
63,43.0,10.279033,8.64765
63,44.0,10.287555,8.655559
63,45.0,10.290713,8.665761
63,46.0,10.289385,8.676301
63,47.0,10.28485,8.685649
63,48.0,10.278521,8.692811
63,49.0,10.271706,8.697337
63,50.0,10.265462,8.699249
64,0.0,4.539109,15.36013
64,1.0,6.1882305,11.717104
64,2.0,8.467841,9.98369
64,3.0,11.000449,9.753729
64,4.0,13.129167,10.887011
64,5.0,14.247005,13.331551
64,6.0,14.1445,16.79212
64,7.0,13.090987,20.43732
64,8.0,11.644614,23.134726
64,9.0,10.327831,24.197773
64,10.0,9.4187,23.768335
64,11.0,8.969371,22.480036
64,12.0,8.915068,20.973726
64,13.0,9.148186,19.67679
64,14.0,9.546703,18.799063
64,15.0,9.987118,18.395945
64,16.0,10.36109,18.42316
64,17.0,10.595844,18.77079
64,18.0,10.667751,19.289276
64,19.0,10.600227,19.820768
64,20.0,10.446708,20.236078
64,21.0,10.2678175,20.463957
64,22.0,10.112929,20.498764
64,23.0,10.011142,20.385336
64,24.0,9.97082,20.192333
64,25.0,9.984171,19.987347
64,26.0,10.033652,19.820984
64,27.0,10.0983715,19.720606
64,28.0,10.159447,19.691223
64,29.0,10.203698,19.720638
64,30.0,10.225252,19.78661
64,31.0,10.225088,19.864319
64,32.0,10.20904,19.932648
64,33.0,10.185118,19.978165
64,34.0,10.161015,19.996338
64,35.0,10.142373,19.990273
64,36.0,10.132033,19.967918
64,37.0,10.130147,19.938873
64,38.0,10.134877,19.911676
64,39.0,10.143355,19.892124
64,40.0,10.152617,19.882683
64,41.0,10.160308,19.882822
64,42.0,10.165065,19.889946
64,43.0,10.166569,19.900537
64,44.0,10.165342,19.911215
64,45.0,10.162402,19.919477
64,46.0,10.158891,19.924057
64,47.0,10.155775,19.924877
64,48.0,10.153671,19.922758
64,49.0,10.152796,19.918978
64,50.0,10.153021,19.914862
65,0.0,4.476096,10.79084
65,1.0,5.8390646,8.8765955
65,2.0,7.559409,8.104965
65,3.0,9.270469,8.318857
65,4.0,10.490099,9.438787
65,5.0,10.880508,11.312101
65,6.0,10.448331,13.525011
65,7.0,9.517271,15.416922
65,8.0,8.507008,16.43636
65,9.0,7.712614,16.48057
65,10.0,7.2459116,15.840325
65,11.0,7.0966053,14.918803
65,12.0,7.1996284,14.035252
65,13.0,7.468346,13.375625
65,14.0,7.8076954,13.015115
65,15.0,8.126137,12.951365
65,16.0,8.352358,13.128309
65,17.0,8.450786,13.453757
65,18.0,8.426548,13.819728
65,19.0,8.316257,14.128503
65,20.0,8.169828,14.317039
65,21.0,8.032696,14.368379
65,22.0,7.9350605,14.305696
65,23.0,7.88916,14.174902
65,24.0,7.8919544,14.025795
65,25.0,7.9302044,13.898522
65,26.0,7.9860296,13.817101
65,27.0,8.041937,13.78867
65,28.0,8.0846615,13.806445
65,29.0,8.107288,13.854698
65,30.0,8.109436,13.914436
65,31.0,8.095779,13.968579
65,32.0,8.07363,14.005594
65,33.0,8.050465,14.020961
65,34.0,8.032059,14.016535
65,35.0,8.021554,13.998462
65,36.0,8.019407,13.974563
65,37.0,8.023986,13.952017
65,38.0,8.032491,13.9358225
65,39.0,8.041906,13.92819
65,40.0,8.049766,13.928744
65,41.0,8.054596,13.935269
65,42.0,8.056019,13.944698
65,43.0,8.0545635,13.954053
65,44.0,8.0513115,13.961127
65,45.0,8.047495,13.96482
65,46.0,8.044166,13.965116
65,47.0,8.041989,13.962811
65,48.0,8.041189,13.95912
65,49.0,8.041603,13.955273
65,50.0,8.042824,13.952224
66,0.0,18.432335,21.534105
66,1.0,7.3794765,30.952953
66,2.0,3.385114,27.625418
66,3.0,2.1956632,21.155632
66,4.0,1.9761975,15.537183
66,5.0,2.2585554,11.446521
66,6.0,2.9982562,8.723908
66,7.0,4.2744856,7.1095347
66,8.0,6.1045246,6.431506
66,9.0,8.219404,6.6556787
66,10.0,9.96562,7.869524
66,11.0,10.615928,10.111689
66,12.0,9.945445,12.97345
66,13.0,8.4628525,15.425584
66,14.0,6.948949,16.530367
66,15.0,5.867484,16.219492
66,16.0,5.3008037,15.063586
66,17.0,5.1710596,13.67555
66,18.0,5.377894,12.454245
66,19.0,5.822236,11.598321
66,20.0,6.389374,11.180574
66,21.0,6.9406557,11.197396
66,22.0,7.3367805,11.582916
66,23.0,7.4867043,12.205828
66,24.0,7.387003,12.8808775
66,25.0,7.1167355,13.418407
66,26.0,6.790623,13.6939
66,27.0,6.507736,13.687349
66,28.0,6.325931,13.467211
66,29.0,6.2622185,13.142267
66,30.0,6.3038554,12.817365
66,31.0,6.419474,12.568975
66,32.0,6.5682163,12.437727
66,33.0,6.70855,12.430012
66,34.0,6.807371,12.523811
66,35.0,6.8474045,12.6775875
66,36.0,6.829863,12.842224
66,37.0,6.7710505,12.974315
66,38.0,6.6946993,13.046914
66,39.0,6.6237154,13.054002
66,40.0,6.5743613,13.007802
66,41.0,6.5538983,12.931349
66,42.0,6.5610933,12.84998
66,43.0,6.588455,12.784559
66,44.0,6.6252537,12.747571
66,45.0,6.660619,12.742091
66,46.0,6.686146,12.763025
66,47.0,6.697505,12.799915
66,48.0,6.694763,12.840468
66,49.0,6.681511,12.873923
66,50.0,6.6632247,12.893454
67,0.0,16.359867,8.013716
67,1.0,17.04457,10.881287
67,2.0,15.763855,14.454202
67,3.0,13.708569,17.304367
67,4.0,11.9256115,18.437052
67,5.0,10.869542,18.055285
67,6.0,10.528976,16.981472
67,7.0,10.700871,15.9105015
67,8.0,11.135046,15.192789
67,9.0,11.597894,14.9094
67,10.0,11.924325,14.982809
67,11.0,12.051413,15.259476
67,12.0,12.009293,15.575581
67,13.0,11.877045,15.8106165
67,14.0,11.734543,15.915005
67,15.0,11.633504,15.903262
67,16.0,11.591268,15.824561
67,17.0,11.599001,15.7315645
67,18.0,11.634901,15.660932
67,19.0,11.676235,15.627521
67,20.0,11.707112,15.628134
67,21.0,11.721179,15.649545
67,22.0,11.720154,15.676661
67,23.0,11.710171,15.698233
67,24.0,11.698018,15.70916
67,25.0,11.688595,15.709868
67,26.0,11.684002,15.704049
67,27.0,11.683916,15.696161
67,28.0,11.686636,15.689638
67,29.0,11.690174,15.686136
67,30.0,11.693033,15.685666
67,31.0,11.694517,15.687221
67,32.0,11.694657,15.689503
67,33.0,11.693923,15.691469
67,34.0,11.692897,15.692583
67,35.0,11.692033,15.6928005
67,36.0,11.691559,15.692392
67,37.0,11.691483,15.691736
67,38.0,11.691677,15.691146
67,39.0,11.691974,15.690794
67,40.0,11.692233,15.690707
67,41.0,11.692384,15.690811
67,42.0,11.692417,15.690999
67,43.0,11.692367,15.691175
67,44.0,11.692281,15.691286
67,45.0,11.692203,15.691319
67,46.0,11.692155,15.691294
67,47.0,11.6921425,15.69124
67,48.0,11.692155,15.691187
67,49.0,11.69218,15.691153
67,50.0,11.692203,15.69114
68,0.0,10.890924,4.290732
68,1.0,12.579542,6.0958695
68,2.0,12.489022,9.245543
68,3.0,10.4234295,12.881684
68,4.0,7.737879,14.854663
68,5.0,5.7757215,14.312926
68,6.0,4.7690725,12.344529
68,7.0,4.4786777,10.15642
68,8.0,4.7011166,8.342733
68,9.0,5.3284144,7.0790834
68,10.0,6.2825737,6.37847
68,11.0,7.43894,6.2284284
68,12.0,8.566621,6.6390657
68,13.0,9.332969,7.6153326
68,14.0,9.435669,9.036815
68,15.0,8.832554,10.514559
68,16.0,7.830389,11.487582
68,17.0,6.8552065,11.624358
68,18.0,6.174844,11.042061
68,19.0,5.8596635,10.103392
68,20.0,5.878742,9.145259
68,21.0,6.16919,8.378618
68,22.0,6.6520925,7.907122
68,23.0,7.224346,7.769799
68,24.0,7.7545614,7.9648623
68,25.0,8.103194,8.445735
68,26.0,8.1718855,9.10046
68,27.0,7.9564285,9.748899
68,28.0,7.5552416,10.195715
68,29.0,7.115666,10.321911
68,30.0,6.763102,10.136858
68,31.0,6.565853,9.749102
68,32.0,6.5391455,9.297907
68,33.0,6.6621237,8.90165
68,34.0,6.890552,8.638484
68,35.0,7.1642246,8.546324
68,36.0,7.415104,8.627142
68,37.0,7.581029,8.849144
68,38.0,7.623723,9.149483
68,39.0,7.5425963,9.445208
68,40.0,7.3742642,9.656451
68,41.0,7.176189,9.733738
68,42.0,7.0043736,9.673219
68,43.0,6.897331,9.5112295
68,44.0,6.8707457,9.304833
68,45.0,6.9196124,9.11133
68,46.0,7.0232987,8.974647
68,47.0,7.151406,8.919211
68,48.0,7.270443,8.948655
68,49.0,7.351443,9.047308
68,50.0,7.377262,9.184379
69,0.0,19.372362,16.537466
69,1.0,9.633287,24.57388
69,2.0,5.26262,25.393127
69,3.0,3.5025668,22.411419
69,4.0,2.9099746,18.62414
69,5.0,2.9200666,15.253628
69,6.0,3.3562198,12.651636
69,7.0,4.1734896,10.861728
69,8.0,5.315562,9.843848
69,9.0,6.6115723,9.548075
69,10.0,7.75974,9.917204
69,11.0,8.454466,10.845616
69,12.0,8.563694,12.125843
69,13.0,8.18582,13.4466095
69,14.0,7.5548563,14.488458
69,15.0,6.902092,15.058244
69,16.0,6.3758287,15.146047
69,17.0,6.036208,14.875448
69,18.0,5.8850436,14.415615
69,19.0,5.893989,13.917986
69,20.0,6.0201745,13.490232
69,21.0,6.213637,13.193683
69,22.0,6.4231634,13.049786
69,23.0,6.603757,13.048429
69,24.0,6.724592,13.156537
69,25.0,6.7739744,13.327665
69,26.0,6.75872,13.512787
69,27.0,6.6983953,13.670726
69,28.0,6.6173344,13.775556
69,29.0,6.537657,13.818998
69,30.0,6.47506,13.807915
69,31.0,6.437488,13.758767
69,32.0,6.425844,13.691444
69,33.0,6.4357843,13.624194
69,34.0,6.4599037,13.570427
69,35.0,6.489875,13.53741
69,36.0,6.5182524,13.526473
69,37.0,6.5397215,13.534257
69,38.0,6.5516634,13.554524
69,39.0,6.5540457,13.580086
69,40.0,6.5487967,13.604469
69,41.0,6.538913,13.623052
69,42.0,6.5275693,13.633545
69,43.0,6.5174236,13.635879
69,44.0,6.5102096,13.631654
69,45.0,6.5066295,13.623387
69,46.0,6.50648,13.61377
69,47.0,6.5089226,13.605077
69,48.0,6.512812,13.598821
69,49.0,6.517002,13.595641
69,50.0,6.5205746,13.595399
70,0.0,18.677366,15.577692
70,1.0,9.370081,24.142258
70,2.0,4.331248,23.979404
70,3.0,2.409773,19.571404
70,4.0,1.7230437,14.863072
70,5.0,1.5326132,11.015457
70,6.0,1.608559,8.140445
70,7.0,1.8984659,6.0827713
70,8.0,2.4229593,4.657205
70,9.0,3.2407286,3.7117214
70,10.0,4.4252954,3.141232
70,11.0,6.027523,2.8912504
70,12.0,8.009193,2.9665675
70,13.0,10.152681,3.4527488
70,14.0,11.990639,4.5443854
70,15.0,12.853814,6.5108347
70,16.0,12.193568,9.399442
70,17.0,10.170675,12.476122
70,18.0,7.7523065,14.405011
70,19.0,5.823058,14.546727
70,20.0,4.616398,13.3655815
70,21.0,3.9992719,11.633881
70,22.0,3.8031626,9.888244
70,23.0,3.9210033,8.387968
70,24.0,4.298797,7.2238255
70,25.0,4.9077244,6.41
70,26.0,5.7159758,5.9374814
70,27.0,6.6614637,5.8009467
70,28.0,7.6295104,6.008494
70,29.0,8.448777,6.5743074
70,30.0,8.924763,7.486652
70,31.0,8.918627,8.65063
70,32.0,8.436344,9.844912
70,33.0,7.6475716,10.770656
70,34.0,6.7939687,11.2011
70,35.0,6.0671816,11.098714
70,36.0,5.5592666,10.59282
70,37.0,5.28639,9.875088
70,38.0,5.2291884,9.116059
70,39.0,5.357335,8.434771
70,40.0,5.6367674,7.902353
70,41.0,6.0274115,7.5563517
70,42.0,6.4783106,7.413325
70,43.0,6.9254217,7.475221
70,44.0,7.296387,7.728658
70,45.0,7.5244155,8.138635
70,46.0,7.5683255,8.641862
70,47.0,7.4291844,9.148792
70,48.0,7.1519413,9.561654
70,49.0,6.808594,9.804135
70,50.0,6.472747,9.845695
71,0.0,22.227823,18.361095
71,1.0,15.263564,22.255766
71,2.0,11.495834,21.182993
71,3.0,9.830181,17.867609
71,4.0,9.4428215,14.412399
71,5.0,9.852878,11.647491
71,6.0,10.767759,9.712896
71,7.0,11.957796,8.507772
71,8.0,13.20737,7.887716
71,9.0,14.3227625,7.7259474
71,10.0,15.162647,7.9181843
71,11.0,15.659618,8.369151
71,12.0,15.819514,8.979039
71,13.0,15.703482,9.640196
71,14.0,15.403091,10.247754
71,15.0,15.015961,10.719176
71,16.0,14.626512,11.0110445
71,17.0,14.294761,11.123119
71,18.0,14.053495,11.088597
71,19.0,13.911642,10.957384
71,20.0,13.860619,10.780473
71,21.0,13.881161,10.599889
71,22.0,13.949313,10.444544
71,23.0,14.041138,10.330235
71,24.0,14.13606,10.2617855
71,25.0,14.218864,10.23595
71,26.0,14.280442,10.244328
71,27.0,14.317463,10.275984
71,28.0,14.331274,10.319656
71,29.0,14.326388,10.365423
71,30.0,14.308891,10.405794
71,31.0,14.285054,10.436176
71,32.0,14.260315,10.45479
71,33.0,14.238683,10.462163
71,34.0,14.222537,10.4604
71,35.0,14.212743,10.452399
71,36.0,14.208953,10.441179
71,37.0,14.210012,10.429373
71,38.0,14.214367,10.418939
71,39.0,14.220412,10.411061
71,40.0,14.2267475,10.406197
71,41.0,14.23233,10.404214
71,42.0,14.236531,10.404586
71,43.0,14.23911,10.406581
71,44.0,14.240142,10.409431
71,45.0,14.239914,10.412461
71,46.0,14.238823,10.41516
71,47.0,14.237281,10.417214
71,48.0,14.235652,10.418497
71,49.0,14.234207,10.419036
71,50.0,14.233112,10.418963
72,0.0,24.699444,17.100824
72,1.0,12.514685,25.75863
72,2.0,7.967701,28.379858
72,3.0,5.86444,27.034348
72,4.0,4.957565,24.092918
72,5.0,4.716917,20.936523
72,6.0,4.9003425,18.181208
72,7.0,5.378313,16.038725
72,8.0,6.04825,14.535631
72,9.0,6.7982893,13.619862
72,10.0,7.509138,13.206614
72,11.0,8.080417,13.195845
72,12.0,8.45665,13.479089
72,13.0,8.633494,13.944984
72,14.0,8.644538,14.487405
72,15.0,8.54116,15.015701
72,16.0,8.37579,15.463819
72,17.0,8.192052,15.794818
72,18.0,8.020948,15.999377
72,19.0,7.8809514,16.089457
72,20.0,7.7800713,16.08981
72,21.0,7.7185755,16.029932
72,22.0,7.69164,15.938001
72,23.0,7.691621,15.837211
72,24.0,7.709877,15.744222
72,25.0,7.738132,15.6691065
72,26.0,7.7693987,15.616223
72,27.0,7.7984867,15.585537
72,28.0,7.822136,15.574059
72,29.0,7.8388596,15.577188
72,30.0,7.848591,15.589836
72,31.0,7.852243,15.607259
72,32.0,7.851268,15.625575
72,33.0,7.847285,15.642022
72,34.0,7.8418007,15.654971
72,35.0,7.8360415,15.66379
72,36.0,7.830875,15.668608
72,37.0,7.82681,15.670056
72,38.0,7.8240423,15.669022
72,39.0,7.82253,15.666442
72,40.0,7.822074,15.663163
72,41.0,7.822397,15.659855
72,42.0,7.823205,15.656975
72,43.0,7.824233,15.654774
72,44.0,7.8252716,15.653333
72,45.0,7.8261766,15.652603
72,46.0,7.826868,15.652455
72,47.0,7.8273206,15.652723
72,48.0,7.82755,15.653236
72,49.0,7.8275967,15.653846
72,50.0,7.827513,15.654439
73,0.0,21.037193,12.215325
73,1.0,12.594043,19.954014
73,2.0,7.279814,23.973946
73,3.0,4.474434,24.069952
73,4.0,3.150593,22.094166
73,5.0,2.598967,19.476063
73,6.0,2.4842107,16.924921
73,7.0,2.678669,14.73817
73,8.0,3.1502755,13.028963
73,9.0,3.8946605,11.839235
73,10.0,4.874354,11.188516
73,11.0,5.961815,11.08646
73,12.0,6.9295983,11.518159
73,13.0,7.5336237,12.408467
73,14.0,7.646897,13.587768
73,15.0,7.3250394,14.801899
73,16.0,6.750538,15.789279
73,17.0,6.122,16.380344
73,18.0,5.5785894,16.54337
73,19.0,5.1865673,16.356472
73,20.0,4.960595,15.947629
73,21.0,4.888117,15.4457
73,22.0,4.9439416,14.95556
73,23.0,5.095801,14.550965
73,24.0,5.3058386,14.275641
73,25.0,5.53252,14.146562
73,26.0,5.735359,14.15728
73,27.0,5.8820467,14.28166
73,28.0,5.955061,14.479276
73,29.0,5.954392,14.703187
73,30.0,5.8949566,14.909185
73,31.0,5.8001947,15.064107
73,32.0,5.6948786,15.150698
73,33.0,5.599682,15.167947
73,34.0,5.5284405,15.127668
73,35.0,5.4876995,15.049207
73,36.0,5.4776287,14.954118
73,37.0,5.4935503,14.861953
73,38.0,5.5276537,14.787535
73,39.0,5.5707264,14.739669
73,40.0,5.6137953,14.721026
73,41.0,5.64953,14.728935
73,42.0,5.673214,14.756816
73,43.0,5.6831245,14.795987
73,44.0,5.6803,14.837517
73,45.0,5.667816,14.873812
73,46.0,5.649811,14.899693
73,47.0,5.630517,14.912828
73,48.0,5.6134963,14.91357
73,49.0,5.601172,14.904332
73,50.0,5.594665,14.888738
74,0.0,2.492884,9.080747
74,1.0,4.0156746,6.5534353
74,2.0,6.481147,5.6490393
74,3.0,9.722507,6.3112907
74,4.0,12.626896,9.39142
74,5.0,13.209297,16.561232
74,6.0,10.581385,26.52352
74,7.0,7.0986366,31.596794
74,8.0,4.9726753,29.083952
74,9.0,4.1783943,23.581459
74,10.0,4.234689,18.551613
74,11.0,4.891702,15.086273
74,12.0,6.0123644,13.298431
74,13.0,7.3748493,13.129424
74,14.0,8.550237,14.57457
74,15.0,9.009737,17.462284
74,16.0,8.528789,20.891607
74,17.0,7.4743767,23.23676
74,18.0,6.459901,23.469944
74,19.0,5.8408756,22.006662
74,20.0,5.6726213,19.926079
74,21.0,5.8810997,18.088404
74,22.0,6.3486648,16.941105
74,23.0,6.919238,16.64183
74,24.0,7.402482,17.160465
74,25.0,7.626836,18.281178
74,26.0,7.5284195,19.583054
74,27.0,7.1940937,20.553446
74,28.0,6.7989674,20.852324
74,29.0,6.4977827,20.489353
74,30.0,6.3673835,19.74279
74,31.0,6.411512,18.953724
74,32.0,6.5851274,18.38264
74,33.0,6.814745,18.1639
74,34.0,7.0177875,18.308794
74,35.0,7.1273518,18.721287
74,36.0,7.1168194,19.228142
74,37.0,7.0086756,19.63795
74,38.0,6.85892,19.817472
74,39.0,6.727748,19.74141
74,40.0,6.6558466,19.484138
74,41.0,6.6556897,19.16859
74,42.0,6.7146378,18.910929
74,43.0,6.8036885,18.78519
74,44.0,6.888494,18.81041
74,45.0,6.940813,18.954456
74,46.0,6.947534,19.150599
74,47.0,6.913659,19.32343
74,48.0,6.857851,19.416607
74,49.0,6.803193,19.411015
74,50.0,6.76807,19.325756
75,0.0,9.260374,2.069721
75,1.0,14.159495,3.2531376
75,2.0,17.8197,6.9540153
75,3.0,16.673565,16.482594
75,4.0,10.347543,29.734583
75,5.0,4.941431,34.839325
75,6.0,2.5415652,31.428928
75,7.0,1.6597097,25.567415
75,8.0,1.3926629,20.062277
75,9.0,1.4382644,15.63735
75,10.0,1.7345593,12.331051
75,11.0,2.3243508,10.01737
75,12.0,3.3050618,8.579657
75,13.0,4.7672977,7.9836397
75,14.0,6.655021,8.33612
75,15.0,8.549536,9.936297
75,16.0,9.606951,13.163502
75,17.0,9.090615,17.796444
75,18.0,7.2960353,22.131054
75,19.0,5.3548803,24.087181
75,20.0,3.9895544,23.381302
75,21.0,3.247857,21.139793
75,22.0,2.9669015,18.475767
75,23.0,3.0223963,16.032005
75,24.0,3.3562002,14.099968
75,25.0,3.9429631,12.797396
75,26.0,4.7438498,12.181459
75,27.0,5.654293,12.301295
75,28.0,6.469524,13.192252
75,29.0,6.9241066,14.793326
75,30.0,6.838774,16.805464
75,31.0,6.2730856,18.653404
75,32.0,5.4944754,19.744719
75,33.0,4.778977,19.838854
75,34.0,4.275067,19.114113
75,35.0,4.0162516,17.94398
75,36.0,3.983861,16.68205
75,37.0,4.1452346,15.580265
75,38.0,4.4612875,14.793429
75,39.0,4.878439,14.406585
75,40.0,5.3192444,14.452936
75,41.0,5.6853194,14.911693
75,42.0,5.88238,15.689605
75,43.0,5.86108,16.60848
75,44.0,5.6451287,17.433939
75,45.0,5.3191223,17.955774
75,46.0,4.98419,18.07229
75,47.0,4.7179594,17.815186
75,48.0,4.561108,17.30833
75,49.0,4.5236616,16.7052
75,50.0,4.595357,16.143534
76,0.0,11.665711,19.336868
76,1.0,9.877698,23.432138
76,2.0,8.174283,25.736458
76,3.0,6.9003353,26.023293
76,4.0,6.1218767,24.872326
76,5.0,5.772156,23.055677
76,6.0,5.7587576,21.168076
76,7.0,5.9964113,19.562456
76,8.0,6.403106,18.408682
76,9.0,6.8906217,17.76141
76,10.0,7.364801,17.603315
76,11.0,7.7393274,17.864458
76,12.0,7.9562583,18.429766
76,13.0,8.000617,19.149385
76,14.0,7.899705,19.862295
76,15.0,7.7078733,20.431063
76,16.0,7.4857383,20.772951
76,17.0,7.283604,20.871735
76,18.0,7.133595,20.766853
76,19.0,7.0492926,20.529337
76,20.0,7.029305,20.2371
76,21.0,7.0618925,19.957314
76,22.0,7.1293626,19.737312
76,23.0,7.212014,19.60217
76,24.0,7.291621,19.556427
76,25.0,7.3542447,19.5882
76,26.0,7.3919725,19.674635
76,27.0,7.4032707,19.78798
76,28.0,7.391983,19.901455
76,29.0,7.365398,19.994015
76,30.0,7.3320155,20.053164
76,31.0,7.299606,20.075521
76,32.0,7.273908,20.065424
76,33.0,7.2580633,20.032276
76,34.0,7.252677,19.98756
76,35.0,7.25632,19.942186
76,36.0,7.266258,19.904623
76,37.0,7.2792387,19.879942
76,38.0,7.2921934,19.869701
76,39.0,7.3027477,19.872475
76,40.0,7.309506,19.884789
76,41.0,7.3120875,19.90221
76,42.0,7.3109703,19.920378
76,43.0,7.3072076,19.935778
76,44.0,7.3020988,19.946205
76,45.0,7.296894,19.95088
76,46.0,7.292573,19.950258
76,47.0,7.2897253,19.945671
76,48.0,7.288537,19.938873
76,49.0,7.2888446,19.931622
76,50.0,7.290249,19.925354
77,0.0,8.480307,20.139538
77,1.0,6.7678614,23.904917
77,2.0,5.188155,23.742147
77,3.0,4.3373585,20.785954
77,4.0,4.1552553,17.282534
77,5.0,4.4882517,14.497892
77,6.0,5.2271767,12.86225
77,7.0,6.2310767,12.500293
77,8.0,7.2152777,13.49642
77,9.0,7.737631,15.803104
77,10.0,7.4655395,18.761463
77,11.0,6.5754905,20.904684
77,12.0,5.625078,21.095007
77,13.0,5.0121455,19.607754
77,14.0,4.8284836,17.49643
77,15.0,5.024324,15.632814
77,16.0,5.5086656,14.4777155
77,17.0,6.1457887,14.222965
77,18.0,6.7287164,14.905544
77,19.0,7.0135155,16.362234
77,20.0,6.859777,18.086636
77,21.0,6.367154,19.305046
77,22.0,5.8060937,19.474312
77,23.0,5.4088364,18.67602
77,24.0,5.271739,17.42086
77,25.0,5.3889565,16.239153
77,26.0,5.698126,15.4838295
77,27.0,6.0947886,15.324489
77,28.0,6.440214,15.774999
77,29.0,6.598385,16.679325
77,30.0,6.506624,17.695978
77,31.0,6.223528,18.399057
77,32.0,5.890972,18.5112
77,33.0,5.6433816,18.061441
77,34.0,5.5517955,17.313337
77,35.0,5.622809,16.581648
77,36.0,5.8163795,16.106108
77,37.0,6.060217,16.010784
77,38.0,6.2655683,16.299334
77,39.0,6.3553133,16.85449
77,40.0,6.299643,17.458494
77,41.0,6.133433,17.869762
77,42.0,5.935148,17.938738
77,43.0,5.783409,17.677555
77,44.0,5.7252684,17.229689
77,45.0,5.7685432,16.781929
77,46.0,5.888186,16.488464
77,47.0,6.0369353,16.43236
77,48.0,6.1594524,16.613464
77,49.0,6.2112646,16.952026
77,50.0,6.1773224,17.312763
78,0.0,20.649366,1.481047
78,1.0,20.127377,7.126862
78,2.0,12.406747,23.18096
78,3.0,4.5968547,31.973896
78,4.0,1.9409616,26.50344
78,5.0,1.2353525,19.046227
78,6.0,1.1385785,13.221905
78,7.0,1.3590354,9.242233
78,8.0,1.9046037,6.706833
78,9.0,2.8973274,5.247508
78,10.0,4.473544,4.6622086
78,11.0,6.5750933,4.984494
78,12.0,8.61434,6.596309
78,13.0,9.405495,10.150057
78,14.0,8.144668,15.26131
78,15.0,5.8286586,18.94456
78,16.0,4.031149,19.003181
78,17.0,3.1146345,16.670023
78,18.0,2.8303292,13.806505
78,19.0,2.974811,11.368661
78,20.0,3.4599433,9.663628
78,21.0,4.232501,8.749417
78,22.0,5.180314,8.641178
78,23.0,6.059565,9.369295
78,24.0,6.528223,10.891598
78,25.0,6.3609,12.859568
78,26.0,5.682949,14.522883
78,27.0,4.8780217,15.18682
78,28.0,4.2586775,14.770288
78,29.0,3.933727,13.70301
78,30.0,3.8904586,12.486371
78,31.0,4.078984,11.465689
78,32.0,4.4347816,10.823902
78,33.0,4.869407,10.636589
78,34.0,5.2649927,10.904175
78,35.0,5.4984245,11.543579
78,36.0,5.4969063,12.364922
78,37.0,5.284362,13.096697
78,38.0,4.967056,13.49732
78,39.0,4.667097,13.477998
78,40.0,4.466983,13.122286
78,41.0,4.3979077,12.605188
78,42.0,4.4530034,12.102155
78,43.0,4.6009994,11.741021
78,44.0,4.7941785,11.590588
78,45.0,4.976065,11.662811
78,46.0,5.094548,11.916265
78,47.0,5.1191497,12.263556
78,48.0,5.05293,12.592796
78,49.0,4.9293246,12.80489
78,50.0,4.7950664,12.849854
79,0.0,5.201951,15.19413
79,1.0,6.041834,13.653544
79,2.0,7.086396,13.352751
79,3.0,7.971687,14.251126
79,4.0,8.309727,16.080915
79,5.0,7.9741316,18.13662
79,6.0,7.238223,19.461025
79,7.0,6.523405,19.545101
79,8.0,6.091697,18.648588
79,9.0,6.0027404,17.39376
79,10.0,6.202879,16.31291
79,11.0,6.5820136,15.707058
79,12.0,6.9932766,15.673784
79,13.0,7.2830615,16.143755
79,14.0,7.3504567,16.896042
79,15.0,7.2000923,17.61157
79,16.0,6.9329667,18.008482
79,17.0,6.677703,17.982977
79,18.0,6.525009,17.632023
79,19.0,6.5056367,17.157932
79,20.0,6.599842,16.756128
79,21.0,6.755538,16.551083
79,22.0,6.907915,16.57806
79,23.0,7.0014005,16.789919
79,24.0,7.009813,17.081337
79,25.0,6.944343,17.330988
79,26.0,6.8434677,17.451065
79,27.0,6.751694,17.419386
79,28.0,6.7007036,17.276808
79,29.0,6.700893,17.097414
79,30.0,6.742723,16.953169
79,31.0,6.803871,16.88918
79,32.0,6.8588705,16.914051
79,33.0,6.8885345,17.003477
79,34.0,6.886195,17.113773
79,35.0,6.8583837,17.200596
79,36.0,6.8200626,17.23582
79,37.0,6.7872972,17.215706
79,38.0,6.7710204,17.157883
79,39.0,6.7741013,17.090538
79,40.0,6.791916,17.039957
79,41.0,6.8153667,17.02146
79,42.0,6.8348966,17.036034
79,43.0,6.844023,17.072517
79,44.0,6.841227,17.113688
79,45.0,6.829672,17.143576
79,46.0,6.815195,17.153189
79,47.0,6.80364,17.142645
79,48.0,6.798701,17.11948
79,49.0,6.8009806,17.094473
79,50.0,6.8083477,17.077095
80,0.0,28.16517,4.988107
80,1.0,21.710087,17.59855
80,2.0,10.923975,33.841026
80,3.0,4.7774796,36.005447
80,4.0,2.7131214,29.727642
80,5.0,2.2080333,22.743095
80,6.0,2.4142444,17.262585
80,7.0,3.2102237,13.543503
80,8.0,4.696123,11.45599
80,9.0,6.855008,10.950914
80,10.0,9.114458,12.183582
80,11.0,10.300317,15.2933
80,12.0,9.6669445,19.559425
80,13.0,7.8818913,22.937883
80,14.0,6.181721,23.831541
80,15.0,5.143769,22.58286
80,16.0,4.7619143,20.427929
80,17.0,4.8940463,18.340124
80,18.0,5.410289,16.836086
80,19.0,6.1599045,16.134823
80,20.0,6.919055,16.279686
80,21.0,7.419888,17.150032
80,22.0,7.4869556,18.418068
80,23.0,7.160607,19.59466
80,24.0,6.654809,20.251623
80,25.0,6.19616,20.250696
80,26.0,5.9165936,19.751257
80,27.0,5.849868,19.044353
80,28.0,5.9666405,18.398422
80,29.0,6.200353,17.9902
80,30.0,6.4632587,17.892323
80,31.0,6.6671286,18.080475
80,32.0,6.7520976,18.450186
80,33.0,6.70905,18.85181
80,34.0,6.5777206,19.145151
80,35.0,6.421197,19.251524
80,36.0,6.296007,19.173557
80,37.0,6.234596,18.976114
80,38.0,6.242377,18.747995
80,39.0,6.3032346,18.567295
80,40.0,6.388365,18.480835
80,41.0,6.4664207,18.497587
80,42.0,6.513421,18.593113
80,43.0,6.51966,18.72234
80,44.0,6.490867,18.837105
80,45.0,6.443419,18.902721
80,46.0,6.3964915,18.907406
80,47.0,6.365024,18.861805
80,48.0,6.35589,18.79073
80,49.0,6.367547,18.722015
80,50.0,6.3922653,18.677069
81,0.0,27.816114,26.44284
81,1.0,6.758871,39.916134
81,2.0,1.9795904,32.257984
81,3.0,0.83936477,22.962074
81,4.0,0.57290876,15.681282
81,5.0,0.55161583,10.613304
81,6.0,0.66890514,7.2094464
81,7.0,0.9416026,4.965652
81,8.0,1.451132,3.5164857
81,9.0,2.3413272,2.6175835
81,10.0,3.8057964,2.1203034
81,11.0,6.002928,1.9615266
81,12.0,8.842762,2.1838427
81,13.0,11.728924,3.0102189
81,14.0,13.545121,4.9598303
81,15.0,13.135019,8.645144
81,16.0,10.439375,13.390486
81,17.0,7.1705637,16.488182
81,18.0,4.8782783,16.500925
81,19.0,3.687953,14.5734625
81,20.0,3.2268043,12.146291
81,21.0,3.2310302,9.967329
81,22.0,3.5835085,8.2896805
81,23.0,4.238697,7.1534767
81,24.0,5.153139,6.5384626
81,25.0,6.223964,6.4298368
81,26.0,7.2489834,6.834293
81,27.0,7.950966,7.748222
81,28.0,8.097574,9.068073
81,29.0,7.6612325,10.494935
81,30.0,6.8627443,11.591616
81,31.0,6.0191946,12.039107
81,32.0,5.3558316,11.825872
81,33.0,4.956279,11.173699
81,34.0,4.8161626,10.353864
81,35.0,4.8981423,9.576458
81,36.0,5.154228,8.969903
81,37.0,5.526359,8.599413
81,38.0,5.941803,8.487995
81,39.0,6.3155837,8.626582
81,40.0,6.566302,8.972743
81,41.0,6.6420093,9.445927
81,42.0,6.541491,9.933537
81,43.0,6.3142667,10.318274
81,44.0,6.037014,10.517958
81,45.0,5.7826724,10.512123
81,46.0,5.6006703,10.338592
81,47.0,5.5129886,10.068043
81,48.0,5.5192595,9.776114
81,49.0,5.6034055,9.5252
81,50.0,5.7388597,9.35689
82,0.0,7.891489,22.118275
82,1.0,6.227065,17.640003
82,2.0,6.1902556,13.685562
82,3.0,7.155135,10.809174
82,4.0,8.89121,8.97287
82,5.0,11.121923,8.014774
82,6.0,13.366991,7.7788763
82,7.0,15.076967,8.124531
82,8.0,15.91807,8.892854
82,9.0,15.9046955,9.876809
82,10.0,15.301873,10.836926
82,11.0,14.446916,11.568156
82,12.0,13.616406,11.967895
82,13.0,12.974036,12.05022
82,14.0,12.579706,11.905737
82,15.0,12.422692,11.646776
82,16.0,12.453024,11.369277
82,17.0,12.603822,11.137306
82,18.0,12.806942,10.982625
82,19.0,13.004665,10.910944
82,20.0,13.157597,10.910026
82,21.0,13.247619,10.957687
82,22.0,13.275637,11.028941
82,23.0,13.255592,11.101683
82,24.0,13.207239,11.160338
82,25.0,13.149896,11.197173
82,26.0,13.098417,11.211517
82,27.0,13.061548,11.2076645
82,28.0,13.042143,11.192337
82,29.0,13.038534,11.1724615
82,30.0,13.046352,11.153642
82,31.0,13.06029,11.139435
82,32.0,13.075491,11.131286
82,33.0,13.088396,11.128922
82,34.0,13.097069,11.130966
82,35.0,13.101074,11.1355715
82,36.0,13.101087,11.140959
82,37.0,13.098395,11.145758
82,38.0,13.094431,11.149164
82,39.0,13.090429,11.150921
82,40.0,13.087231,11.1511965
82,41.0,13.085239,11.150413
82,42.0,13.084477,11.149075
82,43.0,13.084705,11.147639
82,44.0,13.085556,11.146436
82,45.0,13.086652,11.145638
82,46.0,13.087687,11.145281
82,47.0,13.088465,11.145295
82,48.0,13.088909,11.145558
82,49.0,13.089035,11.145936
82,50.0,13.088919,11.146313
83,0.0,29.583862,8.019603
83,1.0,19.918015,14.078288
83,2.0,14.734898,19.224728
83,3.0,11.262859,22.127687
83,4.0,9.179308,22.804695
83,5.0,8.158558,22.107521
83,6.0,7.879926,20.899706
83,7.0,8.083432,19.743177
83,8.0,8.545868,18.914516
83,9.0,9.063962,18.491749
83,10.0,9.477928,18.427006
83,11.0,9.70699,18.603085
83,12.0,9.754852,18.88326
83,13.0,9.679144,19.15266
83,14.0,9.550784,19.342396
83,15.0,9.426151,19.43232
83,16.0,9.337057,19.437885
83,17.0,9.292746,19.391457
83,18.0,9.287011,19.326412
83,19.0,9.306067,19.267673
83,20.0,9.335047,19.228483
83,21.0,9.3622675,19.211596
83,22.0,9.381093,19.212715
83,23.0,9.389761,19.224424
83,24.0,9.389953,19.23939
83,25.0,9.384975,19.252298
83,26.0,9.3782215,19.260494
83,27.0,9.372213,19.26364
83,28.0,9.368269,19.262894
83,29.0,9.366629,19.26
83,30.0,9.366819,19.256588
83,31.0,9.368064,19.253782
83,32.0,9.36961,19.252094
83,33.0,9.370922,19.251535
83,34.0,9.371741,19.251808
83,35.0,9.372042,19.25251
83,36.0,9.371949,19.253283
83,37.0,9.371643,19.25389
83,38.0,9.371291,19.254232
83,39.0,9.371006,19.254324
83,40.0,9.370838,19.25424
83,41.0,9.370787,19.254072
83,42.0,9.370818,19.253899
83,43.0,9.370893,19.253769
83,44.0,9.370972,19.2537
83,45.0,9.371034,19.253687
83,46.0,9.371067,19.253712
83,47.0,9.371075,19.253752
83,48.0,9.371065,19.25379
83,49.0,9.371048,19.253817
83,50.0,9.371031,19.25383
84,0.0,27.33971,7.947295
84,1.0,17.17133,14.14472
84,2.0,12.541768,17.318546
84,3.0,10.207915,17.347822
84,4.0,9.315934,15.837751
84,5.0,9.310739,14.109447
84,6.0,9.794704,12.771503
84,7.0,10.453801,11.976565
84,8.0,11.048777,11.669005
84,9.0,11.443742,11.713887
84,10.0,11.611988,11.956824
84,11.0,11.602713,12.258627
84,12.0,11.493964,12.519255
84,13.0,11.356953,12.68851
84,14.0,11.2392,12.760761
84,15.0,11.162472,12.758659
84,16.0,11.1286125,12.71493
84,17.0,11.127799,12.65905
84,18.0,11.146031,12.6108
84,19.0,11.170438,12.579365
84,20.0,11.1920595,12.5656185
84,21.0,11.20649,12.565513
84,22.0,11.21307,12.573228
84,23.0,11.213463,12.583423
84,24.0,11.21022,12.5924015
84,25.0,11.205742,12.598364
84,26.0,11.201716,12.601062
84,27.0,11.19899,12.601198
84,28.0,11.19771,12.599837
84,29.0,11.197586,12.597975
84,30.0,11.1981535,12.596308
84,31.0,11.198969,12.595182
84,32.0,11.199716,12.594658
84,33.0,11.20023,12.594612
84,34.0,11.200478,12.594851
84,35.0,11.20051,12.59519
84,36.0,11.200411,12.595499
84,37.0,11.200262,12.595711
84,38.0,11.200125,12.595812
84,39.0,11.200028,12.595825
84,40.0,11.19998,12.595785
84,41.0,11.199971,12.595724
84,42.0,11.199988,12.595667
84,43.0,11.200015,12.595627
84,44.0,11.200041,12.595607
84,45.0,11.200059,12.595603
84,46.0,11.200068,12.595611
84,47.0,11.20007,12.595621
84,48.0,11.2000675,12.595632
84,49.0,11.200063,12.595639
84,50.0,11.200058,12.595643
85,0.0,19.71001,6.056626
85,1.0,21.760654,7.7614813
85,2.0,21.648746,10.410593
85,3.0,19.991594,13.33877
85,4.0,17.79018,15.519046
85,5.0,15.907242,16.32937
85,6.0,14.747235,15.961974
85,7.0,14.321491,15.027398
85,8.0,14.451358,14.059624
85,9.0,14.899856,13.350217
85,10.0,15.436246,12.989964
85,11.0,15.880458,12.947094
85,12.0,16.134556,13.12485
85,13.0,16.18797,13.402135
85,14.0,16.093992,13.668193
85,15.0,15.931783,13.849959
85,16.0,15.77256,13.92323
85,17.0,15.6609,13.904727
85,18.0,15.611569,13.8326645
85,19.0,15.616364,13.74714
85,20.0,15.654755,13.677505
85,21.0,15.703978,13.637939
85,22.0,15.746166,13.629052
85,23.0,15.771701,13.642579
85,24.0,15.7791,13.666808
85,25.0,15.772617,13.691066
85,26.0,15.759001,13.708395
85,27.0,15.74467,13.71626
85,28.0,15.733981,13.715738
85,29.0,15.728707,13.70994
85,30.0,15.728448,13.702389
85,31.0,15.731508,13.695867
85,32.0,15.735843,13.691877
85,33.0,15.739761,13.690669
85,34.0,15.742289,13.691607
85,35.0,15.743191,13.693667
85,36.0,15.742783,13.695865
85,37.0,15.741643,13.697521
85,38.0,15.7403555,13.698353
85,39.0,15.739342,13.698413
85,40.0,15.738795,13.697956
85,41.0,15.738708,13.697296
85,42.0,15.738941,13.696693
85,43.0,15.739317,13.6963
85,44.0,15.739676,13.696155
85,45.0,15.7399235,13.696211
85,46.0,15.740026,13.6963825
85,47.0,15.740006,13.69658
85,48.0,15.739913,13.696736
85,49.0,15.739799,13.696822
85,50.0,15.739703,13.696837
86,0.0,20.491932,23.08697
86,1.0,15.812654,31.141193
86,2.0,11.8406315,33.64216
86,3.0,9.7595005,31.30935
86,4.0,9.251659,27.404236
86,5.0,9.811226,24.06155
86,6.0,10.992333,22.087465
86,7.0,12.300655,21.595036
86,8.0,13.230367,22.341734
86,9.0,13.488186,23.807259
86,10.0,13.14601,25.293365
86,11.0,12.528561,26.210236
86,12.0,11.966339,26.358505
86,13.0,11.644178,25.928913
86,14.0,11.593546,25.27721
86,15.0,11.745871,24.713053
86,16.0,11.987506,24.407356
86,17.0,12.206243,24.388245
86,18.0,12.328368,24.577978
86,19.0,12.336633,24.84745
86,20.0,12.262147,25.074524
86,21.0,12.157976,25.187798
86,22.0,12.071585,25.17995
86,23.0,12.028831,25.09126
86,24.0,12.031685,24.979246
86,25.0,12.065183,24.891842
86,26.0,12.107909,24.853184
86,27.0,12.141529,24.862461
86,28.0,12.156502,24.90181
86,29.0,12.152988,24.94781
86,30.0,12.1378975,24.981644
86,31.0,12.120278,24.994635
86,32.0,12.107334,24.988382
86,33.0,12.102351,24.971043
86,34.0,12.104717,24.952328
86,35.0,12.111333,24.939476
86,36.0,12.118496,24.935385
86,37.0,12.123428,24.938879
86,38.0,12.125008,24.946379
86,39.0,12.123677,24.953932
86,40.0,12.120809,24.958767
86,41.0,12.117916,24.959946
86,42.0,12.116062,24.95815
86,43.0,12.115607,24.954943
86,44.0,12.116291,24.951923
86,45.0,12.117517,24.950134
86,46.0,12.118673,24.949856
86,47.0,12.11936,24.950727
86,48.0,12.119469,24.952084
86,49.0,12.119136,24.95328
86,50.0,12.118618,24.95393
87,0.0,3.69998,27.019257
87,1.0,2.8337014,20.811153
87,2.0,2.8417897,15.668864
87,3.0,3.438918,12.018209
87,4.0,4.627407,9.721924
87,5.0,6.426037,8.602377
87,6.0,8.616784,8.594347
87,7.0,10.569307,9.757154
87,8.0,11.461754,12.102541
87,9.0,10.92072,15.167574
87,10.0,9.413677,17.810936
87,11.0,7.802515,18.978912
87,12.0,6.638736,18.58373
87,13.0,6.041301,17.26398
87,14.0,5.9351716,15.712057
87,15.0,6.2098684,14.379972
87,16.0,6.7476845,13.493163
87,17.0,7.4049807,13.132274
87,18.0,8.007873,13.28365
87,19.0,8.390824,13.848225
87,20.0,8.464127,14.637491
87,21.0,8.256481,15.403334
87,22.0,7.890399,15.922084
87,23.0,7.510689,16.084751
87,24.0,7.224113,15.922288
87,25.0,7.0801635,15.55801
87,26.0,7.0803566,15.138091
87,27.0,7.1941485,14.782858
87,28.0,7.3722095,14.566462
87,29.0,7.558249,14.514359
87,30.0,7.701948,14.608858
87,31.0,7.7716093,14.799505
87,32.0,7.761542,15.018845
87,33.0,7.6901445,15.2023
87,34.0,7.589717,15.3064995
87,35.0,7.4935865,15.318805
87,36.0,7.426285,15.254986
87,37.0,7.399205,15.148255
87,38.0,7.4109893,15.035891
87,39.0,7.4507723,14.948434
87,40.0,7.5027337,14.903544
87,41.0,7.55089,14.90442
87,42.0,7.5832033,14.941879
87,43.0,7.594109,14.9989605
87,44.0,7.5848956,15.056705
87,45.0,7.562059,15.099584
87,46.0,7.5344605,15.119089
87,47.0,7.5104055,15.114712
87,48.0,7.4955277,15.09246
87,49.0,7.4918795,15.061872
87,50.0,7.4981556,15.032724
88,0.0,11.545258,29.18168
88,1.0,6.209744,30.8493
88,2.0,3.8923306,26.456707
88,3.0,3.0074131,20.824617
88,4.0,2.799582,15.921971
88,5.0,2.9982653,12.178784
88,6.0,3.5277247,9.512823
88,7.0,4.380538,7.7298393
88,8.0,5.5492773,6.6555204
88,9.0,6.9710636,6.1740274
88,10.0,8.487292,6.235192
88,11.0,9.846829,6.8452806
88,12.0,10.771112,8.031612
88,13.0,11.059185,9.7617
88,14.0,10.68181,11.830355
88,15.0,9.8092165,13.817999
88,16.0,8.734448,15.243787
88,17.0,7.7322464,15.830483
88,18.0,6.964076,15.621193
88,19.0,6.4787407,14.871563
88,20.0,6.260107,13.8780575
88,21.0,6.2671804,12.875646
88,22.0,6.452003,12.014157
88,23.0,6.763075,11.373207
88,24.0,7.1441975,10.9846
88,25.0,7.535112,10.84907
88,26.0,7.8767166,10.944759
88,27.0,8.120296,11.22962
88,28.0,8.237384,11.64215
88,29.0,8.22569,12.105634
88,30.0,8.107818,12.539128
88,31.0,7.9229765,12.873627
88,32.0,7.7152705,13.066962
88,33.0,7.523312,13.110494
88,34.0,7.3741717,13.025293
88,35.0,7.2818804,12.851179
88,36.0,7.2489066,12.634221
88,37.0,7.268843,12.416874
88,38.0,7.329239,12.232154
88,39.0,7.4142437,12.101313
88,40.0,7.507082,12.033808
88,41.0,7.592374,12.028547
88,42.0,7.6581507,12.075867
88,43.0,7.697275,12.16003
88,44.0,7.7079763,12.262184
88,45.0,7.693389,12.363523
88,46.0,7.6602488,12.448241
88,47.0,7.617121,12.505729
88,48.0,7.572612,12.531575
88,49.0,7.5339327,12.527289
88,50.0,7.506021,12.498979
89,0.0,10.302622,6.409037
89,1.0,11.4635,6.715484
89,2.0,12.086637,7.423973
89,3.0,12.085507,8.358274
89,4.0,11.592643,9.264311
89,5.0,10.872102,9.893898
89,6.0,10.181938,10.124674
89,7.0,9.683823,9.998631
89,8.0,9.433113,9.657719
89,9.0,9.411446,9.25565
89,10.0,9.560338,8.906698
89,11.0,9.803706,8.674007
89,12.0,10.063967,8.576915
89,13.0,10.276457,8.60229
89,14.0,10.401338,8.715124
89,15.0,10.429049,8.869083
89,16.0,10.376809,9.018054
89,17.0,10.27789,9.127099
89,18.0,10.168602,9.179373
89,19.0,10.077975,9.176608
89,20.0,10.022574,9.133953
89,21.0,10.006137,9.07232
89,22.0,10.022342,9.011472
89,23.0,10.0589695,8.965589
89,24.0,10.102182,8.941557
89,25.0,10.1400795,8.939394
89,26.0,10.164989,8.954038
89,27.0,10.174258,8.977769
89,28.0,10.169657,9.002652
89,29.0,10.155841,9.022463
89,30.0,10.138484,9.033759
89,31.0,10.122641,9.036022
89,32.0,10.111691,9.031038
89,33.0,10.106974,9.021869
89,34.0,10.108002,9.01178
89,35.0,10.113053,9.0034075
89,36.0,10.119896,8.998299
89,37.0,10.126444,8.996827
89,38.0,10.131214,8.998408
89,39.0,10.133528,9.001884
89,40.0,10.133464,9.005942
89,41.0,10.131648,9.009468
89,42.0,10.1289625,9.011758
89,43.0,10.126271,9.012585
89,44.0,10.124215,9.012127
89,45.0,10.123119,9.010824
89,46.0,10.122999,9.009204
89,47.0,10.123632,9.007732
89,48.0,10.124674,9.006722
89,49.0,10.1257715,9.006295
89,50.0,10.12665,9.006403
90,0.0,15.850699,7.568377
90,1.0,15.220224,11.762711
90,2.0,12.853005,16.275297
90,3.0,10.239168,18.601429
90,4.0,8.47069,18.048767
90,5.0,7.7129602,15.980038
90,6.0,7.7420135,13.798817
90,7.0,8.299566,12.191955
90,8.0,9.1298685,11.350319
90,9.0,9.95876,11.2452755
90,10.0,10.532722,11.741732
90,11.0,10.707676,12.604843
90,12.0,10.509008,13.5112505
90,13.0,10.099223,14.147929
90,14.0,9.674762,14.354716
90,15.0,9.375122,14.176141
90,16.0,9.253992,13.7850275
90,17.0,9.29586,13.36916
90,18.0,9.4445,13.061624
90,19.0,9.628604,12.922671
90,20.0,9.783523,12.948732
90,21.0,9.868238,13.090906
90,22.0,9.873439,13.277703
90,23.0,9.817764,13.4400835
90,24.0,9.734795,13.532858
90,25.0,9.657844,13.544571
90,26.0,9.609169,13.49303
90,27.0,9.59616,13.411406
90,28.0,9.613331,13.333116
90,29.0,9.647505,13.281347
90,30.0,9.683756,13.264957
90,31.0,9.710344,13.279743
90,32.0,9.721516,13.313092
90,33.0,9.717793,13.349907
90,34.0,9.704222,13.377862
90,35.0,9.687601,13.390564
90,36.0,9.673891,13.388047
90,37.0,9.666572,13.3750925
90,38.0,9.666226,13.358466
90,39.0,9.671134,13.344282
90,40.0,9.678402,13.336286
90,41.0,9.685166,13.335327
90,42.0,9.689464,13.339864
90,43.0,9.690605,13.347058
90,44.0,9.689062,13.353989
90,45.0,9.686015,13.358576
90,46.0,9.682802,13.36001
90,47.0,9.680462,13.358672
90,48.0,9.679491,13.355702
90,49.0,9.6798315,13.352448
90,50.0,9.681034,13.349993
91,0.0,27.112123,19.359941
91,1.0,9.54594,43.833176
91,2.0,3.1640878,42.796535
91,3.0,1.5339024,33.12234
91,4.0,1.1689893,24.144867
91,5.0,1.264582,17.464293
91,6.0,1.7339232,12.883645
91,7.0,2.7291586,9.9987
91,8.0,4.5011635,8.550305
91,9.0,7.0958962,8.551571
91,10.0,9.772568,10.388496
91,11.0,10.96103,14.605386
91,12.0,9.766409,20.519894
91,13.0,7.317371,25.070946
91,14.0,5.27647,25.940762
91,15.0,4.148259,23.98111
91,16.0,3.7506127,21.030817
91,17.0,3.87238,18.280994
91,18.0,4.3940077,16.267244
91,19.0,5.2123504,15.192402
91,20.0,6.1444335,15.119725
91,21.0,6.896698,16.004139
91,22.0,7.182164,17.59696
91,23.0,6.927812,19.361078
91,24.0,6.3360944,20.637133
91,25.0,5.7087374,21.032106
91,26.0,5.2529197,20.609715
91,27.0,5.041533,19.720509
91,28.0,5.0636654,18.747244
91,29.0,5.2674956,17.972517
91,30.0,5.5752716,17.554726
91,31.0,5.8904266,17.540316
91,32.0,6.117054,17.874973
91,33.0,6.1932197,18.416462
91,34.0,6.1169987,18.971064
91,35.0,5.941904,19.360788
91,36.0,5.7443395,19.490364
91,37.0,5.588868,19.370678
91,38.0,5.510843,19.090626
91,39.0,5.515883,18.766726
91,40.0,5.5868487,18.500942
91,41.0,5.6924367,18.357374
91,42.0,5.7965355,18.354752
91,43.0,5.868387,18.469767
91,44.0,5.891423,18.649025
91,45.0,5.8670683,18.828054
91,46.0,5.8115506,18.952662
91,47.0,5.7476997,18.994884
91,48.0,5.6961713,18.957483
91,49.0,5.6696577,18.866959
91,50.0,5.6710625,18.760332
92,0.0,10.831864,11.127078
92,1.0,10.212852,10.295221
92,2.0,10.138794,9.432734
92,3.0,10.408565,8.671528
92,4.0,10.876175,8.0630865
92,5.0,11.425695,7.6146717
92,6.0,11.967155,7.3113556
92,7.0,12.439279,7.128613
92,8.0,12.810075,7.039305
92,9.0,13.072341,7.017474
92,10.0,13.235815,7.0403166
92,11.0,13.319093,7.0890923
92,12.0,13.343341,7.14937
92,13.0,13.328369,7.2108364
92,14.0,13.290675,7.266818
92,15.0,13.242833,7.3136396
92,16.0,13.193647,7.3499155
92,17.0,13.148692,7.3758593
92,18.0,13.110981,7.392675
92,19.0,13.081644,7.4020643
92,20.0,13.060527,7.405864
92,21.0,13.046692,7.405798
92,22.0,13.038811,7.403344
92,23.0,13.035443,7.399667
92,24.0,13.035228,7.395617
92,25.0,13.03699,7.3917603
92,26.0,13.039796,7.3884277
92,27.0,13.042956,7.385769
92,28.0,13.046005,7.383806
92,29.0,13.048666,7.3824806
92,30.0,13.050807,7.381689
92,31.0,13.0524025,7.3813114
92,32.0,13.053492,7.38123
92,33.0,13.054153,7.381341
92,34.0,13.054481,7.38156
92,35.0,13.054565,7.381823
92,36.0,13.054491,7.382086
92,37.0,13.054326,7.382321
92,38.0,13.054122,7.3825145
92,39.0,13.053915,7.382662
92,40.0,13.053728,7.3827653
92,41.0,13.053573,7.3828306
92,42.0,13.053453,7.3828654
92,43.0,13.053369,7.382878
92,44.0,13.053314,7.382875
92,45.0,13.053285,7.3828626
92,46.0,13.053273,7.382846
92,47.0,13.053275,7.382828
92,48.0,13.053284,7.3828115
92,49.0,13.053296,7.3827977
92,50.0,13.05331,7.3827868
93,0.0,28.910973,8.301687
93,1.0,13.447416,20.030119
93,2.0,5.531067,22.697298
93,3.0,2.913432,18.78952
93,4.0,2.1982741,14.13347
93,5.0,2.2371912,10.43081
93,6.0,2.7924592,7.8499527
93,7.0,3.907699,6.2334695
93,8.0,5.6539474,5.431275
93,9.0,7.863444,5.390972
93,10.0,9.901957,6.1682253
93,11.0,10.876686,7.813758
93,12.0,10.352292,10.043378
93,13.0,8.811954,12.020561
93,14.0,7.174106,12.92138
93,15.0,6.0085955,12.662267
93,16.0,5.417694,11.723662
93,17.0,5.311219,10.618471
93,18.0,5.57511,9.672479
93,19.0,6.0949955,9.043438
93,20.0,6.732152,8.785763
93,21.0,7.316374,8.888388
93,22.0,7.684856,9.280828
93,23.0,7.751213,9.829641
93,24.0,7.5472946,10.359857
93,25.0,7.195523,10.715639
93,26.0,6.8361835,10.823831
93,27.0,6.569459,10.709381
93,28.0,6.439404,10.459681
93,29.0,6.4447494,10.175581
93,30.0,6.5547233,9.938438
93,31.0,6.721751,9.797086
93,32.0,6.892769,9.766824
93,33.0,7.0215735,9.833743
93,34.0,7.080503,9.962378
93,35.0,7.066557,10.106936
93,36.0,6.998542,10.22495
93,37.0,6.906888,10.289196
93,38.0,6.821713,10.293216
93,39.0,6.7642584,10.24891
93,40.0,6.7434998,10.178801
93,41.0,6.756976,10.10717
93,42.0,6.794052,10.053211
93,43.0,6.8402085,10.027349
93,44.0,6.8813972,10.030575
93,45.0,6.907595,10.056125
93,46.0,6.914777,10.0927
93,47.0,6.9049025,10.128284
93,48.0,6.8841877,10.15352
93,49.0,6.8604827,10.163754
93,50.0,6.84076,10.159371
94,0.0,2.182479,18.135895
94,1.0,2.0551867,10.713706
94,2.0,2.4412975,6.3786716
94,3.0,3.2782812,3.9215114
94,4.0,4.6453724,2.5541534
94,5.0,6.63583,1.8174614
94,6.0,9.248305,1.461306
94,7.0,12.28299,1.36618
94,8.0,15.324622,1.5031637
94,9.0,17.866753,1.9212208
94,10.0,19.481596,2.7452383
94,11.0,19.899727,4.1429033
94,12.0,19.038086,6.1785946
94,13.0,17.107536,8.543874
94,14.0,14.68607,10.4971695
94,15.0,12.465897,11.375938
94,16.0,10.867126,11.1318035
94,17.0,9.965307,10.197334
94,18.0,9.659363,9.0528555
94,19.0,9.808704,8.008517
94,20.0,10.277904,7.2057004
94,21.0,10.937038,6.683598
94,22.0,11.657002,6.4332767
94,23.0,12.314661,6.425418
94,24.0,12.808069,6.6184707
94,25.0,13.07458,6.9569516
94,26.0,13.102675,7.3695183
94,27.0,12.9307995,7.7749305
94,28.0,12.632084,8.09824
94,29.0,12.290694,8.290389
94,30.0,11.979614,8.339572
94,31.0,11.747508,8.268073
94,32.0,11.616013,8.11837
94,33.0,11.583926,7.937304
94,34.0,11.634006,7.764742
94,35.0,11.739797,7.628282
94,36.0,11.871625,7.542453
94,37.0,12.0016365,7.5102677
94,38.0,12.107766,7.5256867
94,39.0,12.176333,7.5763755
94,40.0,12.202929,7.646636
94,41.0,12.191523,7.7204027
94,42.0,12.152134,7.784007
94,43.0,12.097734,7.828229
94,44.0,12.041202,7.8492193
94,45.0,11.992965,7.848182
94,46.0,11.959673,7.830079
94,47.0,11.943881,7.801856
94,48.0,11.944538,7.7707076
94,49.0,11.957982,7.742725
94,50.0,11.9791355,7.7220883
95,0.0,28.344381,10.372885
95,1.0,19.654766,12.989414
95,2.0,15.011757,13.103556
95,3.0,12.742558,11.809151
95,4.0,11.923731,10.123965
95,5.0,12.017495,8.58393
95,6.0,12.691058,7.3783417
95,7.0,13.698764,6.5279913
95,8.0,14.830128,5.9904327
95,9.0,15.906059,5.7075095
95,10.0,16.796,5.622303
95,11.0,17.430727,5.682829
95,12.0,17.7993,5.8415465
95,13.0,17.933449,6.0549154
95,14.0,17.888313,6.2844286
95,15.0,17.725979,6.498822
95,16.0,17.504112,6.6762667
95,17.0,17.269466,6.8053412
95,18.0,17.055283,6.8842406
95,19.0,16.881456,6.918492
95,20.0,16.756418,6.9179826
95,21.0,16.67985,6.8941274
95,22.0,16.645569,6.8577123
95,23.0,16.64417,6.8175893
95,24.0,16.665205,6.7801337
95,25.0,16.698778,6.7492514
95,26.0,16.7366,6.726717
95,27.0,16.772507,6.71267
95,28.0,16.802547,6.7061396
95,29.0,16.82479,6.705529
95,30.0,16.838911,6.709015
95,31.0,16.845728,6.7148438
95,32.0,16.846722,6.72153
95,33.0,16.84364,6.727954
95,34.0,16.838182,6.733387
95,35.0,16.831806,6.7374597
95,36.0,16.825613,6.7400928
95,37.0,16.820328,6.741415
95,38.0,16.81633,6.7416806
95,39.0,16.81371,6.7411966
95,40.0,16.812355,6.740265
95,41.0,16.81203,6.739148
95,42.0,16.812445,6.7380476
95,43.0,16.813309,6.737097
95,44.0,16.81437,6.7363687
95,45.0,16.815426,6.7358837
95,46.0,16.816349,6.735625
95,47.0,16.817062,6.7355523
95,48.0,16.817543,6.7356153
95,49.0,16.817806,6.735762
95,50.0,16.817888,6.735947
96,0.0,3.618403,25.223772
96,1.0,2.143861,19.59906
96,2.0,1.7275518,14.581534
96,3.0,1.7643584,10.756397
96,4.0,2.127582,8.017288
96,5.0,2.852365,6.14263
96,6.0,4.0404067,4.9405265
96,7.0,5.780107,4.282691
96,8.0,8.015007,4.113869
96,9.0,10.40049,4.457983
96,10.0,12.313511,5.4089675
96,11.0,13.125258,7.0522346
96,12.0,12.584804,9.258012
96,13.0,11.02302,11.488194
96,14.0,9.145483,13.012678
96,15.0,7.548177,13.459016
96,16.0,6.468032,12.992699
96,17.0,5.89157,12.024764
96,18.0,5.727487,10.924106
96,19.0,5.8866873,9.926401
96,20.0,6.291977,9.154233
96,21.0,6.8630567,8.659284
96,22.0,7.5023623,8.453034
96,23.0,8.095383,8.520703
96,24.0,8.530737,8.821975
96,25.0,8.732854,9.286211
96,26.0,8.688392,9.813618
96,27.0,8.448172,10.292306
96,28.0,8.102342,10.629049
96,29.0,7.7448616,10.776809
96,30.0,7.44716,10.742116
96,31.0,7.2490597,10.571212
96,32.0,7.162257,10.327319
96,33.0,7.1780443,10.0714
96,34.0,7.2743177,9.8511915
96,35.0,7.420937,9.697308
96,36.0,7.584435,9.623364
96,37.0,7.733006,9.627865
96,38.0,7.8416586,9.696901
96,39.0,7.8963695,9.807734
96,40.0,7.8958015,9.933412
96,41.0,7.849876,10.048114
96,42.0,7.775761,10.132102
96,43.0,7.6928253,10.174939
96,44.0,7.618185,10.176131
96,45.0,7.563872,10.143353
96,46.0,7.5357666,10.089224
96,47.0,7.5339346,10.027789
96,48.0,7.553831,9.971609
96,49.0,7.5879493,9.9298315
96,50.0,7.627605,9.907308
97,0.0,15.420207,9.725471
97,1.0,12.24789,13.29456
97,2.0,9.303997,15.142703
97,3.0,7.245699,14.895094
97,4.0,6.0840015,13.355135
97,5.0,5.5961337,11.427131
97,6.0,5.5881624,9.645063
97,7.0,5.9359875,8.225553
97,8.0,6.554387,7.217237
97,9.0,7.3615055,6.602887
97,10.0,8.255409,6.350078
97,11.0,9.10885,6.42883
97,12.0,9.785317,6.808329
97,13.0,10.172267,7.4393716
97,14.0,10.217926,8.232137
97,15.0,9.952344,9.048428
97,16.0,9.477086,9.728266
97,17.0,8.925445,10.145574
97,18.0,8.416267,10.254993
97,19.0,8.026726,10.09605
97,20.0,7.7899485,9.75981
97,21.0,7.706275,9.347931
97,22.0,7.7557616,8.945703
97,23.0,7.906781,8.612218
97,24.0,8.121159,8.38118
97,25.0,8.358057,8.265492
97,26.0,8.578267,8.261726
97,27.0,8.749242,8.35336
97,28.0,8.849924,8.513447
97,29.0,8.873803,8.707991
97,30.0,8.828873,8.900934
97,31.0,8.73428,9.0603895
97,32.0,8.614773,9.164447
97,33.0,8.494831,9.204496
97,34.0,8.394154,9.184989
97,35.0,8.325278,9.120144
97,36.0,8.293172,9.029188
97,37.0,8.296166,8.931779
97,38.0,8.32759,8.844612
97,39.0,8.377664,8.779488
97,40.0,8.435416,8.742619
97,41.0,8.490459,8.734855
97,42.0,8.534459,8.752513
97,43.0,8.562152,8.788626
97,44.0,8.571753,8.83445
97,45.0,8.564735,8.881057
97,46.0,8.54507,8.920791
97,47.0,8.518132,8.948346
97,48.0,8.489555,8.961304
97,49.0,8.464235,8.960068
97,50.0,8.445666,8.947311
98,0.0,22.052715,27.016197
98,1.0,7.5942955,37.87442
98,2.0,3.2334514,29.500175
98,3.0,2.1853967,19.814453
98,4.0,2.1449015,12.912365
98,5.0,2.666524,8.554707
98,6.0,3.7770424,5.9769235
98,7.0,5.637718,4.601892
98,8.0,8.335751,4.1194787
98,9.0,11.581158,4.5005436
98,10.0,14.443009,6.05365
98,11.0,15.533737,9.343392
98,12.0,14.004323,14.221491
98,13.0,10.839151,18.358295
98,14.0,8.015578,19.278906
98,15.0,6.379593,17.458141
98,16.0,5.7708273,14.706698
98,17.0,5.8917923,12.207813
98,18.0,6.550312,10.4063635
98,19.0,7.5978208,9.392593
98,20.0,8.831394,9.152505
98,21.0,9.945201,9.654334
98,22.0,10.590365,10.810103
98,23.0,10.551647,12.354146
98,24.0,9.912951,13.789108
98,25.0,9.013125,14.598602
98,26.0,8.20862,14.587737
98,27.0,7.6996026,13.950314
98,28.0,7.5310073,13.046562
98,29.0,7.661219,12.1903925
98,30.0,8.007036,11.576811
98,31.0,8.459053,11.294552
98,32.0,8.892149,11.353279
98,33.0,9.189383,11.696833
98,34.0,9.278475,12.207797
98,35.0,9.160111,12.726107
98,36.0,8.904042,13.097009
98,37.0,8.612089,13.230005
98,38.0,8.374208,13.127641
98,39.0,8.243185,12.866339
98,40.0,8.231609,12.551427
98,41.0,8.320465,12.277546
98,42.0,8.470332,12.107571
98,43.0,8.632754,12.066745
98,44.0,8.762203,12.144986
98,45.0,8.827675,12.303925
98,46.0,8.820438,12.488684
98,47.0,8.754305,12.644006
98,48.0,8.658063,12.730661
98,49.0,8.56392,12.735609
98,50.0,8.497271,12.671832
99,0.0,16.044928,21.38755
99,1.0,6.5470324,21.792004
99,2.0,3.6917973,16.573282
99,3.0,2.9111137,11.542423
99,4.0,2.932164,7.8948655
99,5.0,3.4446306,5.482939
99,6.0,4.397064,3.9642997
99,7.0,5.7841063,3.0568304
99,8.0,7.537928,2.5709586
99,9.0,9.466797,2.3952565
99,10.0,11.275503,2.4763405
99,11.0,12.668927,2.7987716
99,12.0,13.458813,3.3605142
99,13.0,13.602251,4.1394
99,14.0,13.183865,5.0573897
99,15.0,12.380168,5.9693785
99,16.0,11.411321,6.7041926
99,17.0,10.479863,7.14075
99,18.0,9.722609,7.2576942
99,19.0,9.199787,7.120751
99,20.0,8.913621,6.8333755
99,21.0,8.83323,6.493083
99,22.0,8.912407,6.1709256
99,23.0,9.099371,5.9091883
99,24.0,9.342344,5.72708
99,25.0,9.594033,5.627631
99,26.0,9.8159485,5.603157
99,27.0,9.98192,5.639047
99,28.0,10.07977,5.716588
99,29.0,10.110554,5.815536
99,30.0,10.085631,5.916749
99,31.0,10.022445,6.0046587
99,32.0,9.940143,6.0690546
99,33.0,9.855986,6.105728
99,34.0,9.783065,6.1158795
99,35.0,9.729368,6.1046247
99,36.0,9.697949,6.0791345
99,37.0,9.687798,6.0469117
99,38.0,9.695057,6.0145125
99,39.0,9.714305,5.986801
99,40.0,9.739723,5.966687
99,41.0,9.766025,5.9552245
99,42.0,9.789091,5.951942
99,43.0,9.806293,5.9552956
99,44.0,9.816514,5.963154
99,45.0,9.819958,5.9732447
99,46.0,9.817789,5.9835215
99,47.0,9.811726,5.9924107
99,48.0,9.803639,5.998931
99,49.0,9.795239,6.002697
99,50.0,9.787853,6.003832
