id,t,activator,inhibitor
0,0.0,4.095824,6.633271
0,0.4,3.464222,6.888854
0,0.8,2.472824,6.999549
0,1.2,0.581304,6.830147
0,1.6,0.364548,6.605437
0,2.0,0.379272,6.395306
0,2.4,0.39537,6.187595
0,2.8,0.412888,5.982509
0,3.2,0.432032,5.780292
0,3.6,0.453049,5.581224
0,4.0,0.476244,5.385632
0,4.4,0.501994,5.193896
0,4.8,0.53078,5.006472
0,5.2,0.56322,4.823904
0,5.6,0.600129,4.646862
0,6.0,0.642608,4.476175
0,6.4,0.692195,4.312903
0,6.8,0.751107,4.158435
0,7.2,0.82268,4.014652
0,7.6,0.912141,3.884206
0,8.0,1.028004,3.771004
0,8.4,1.184299,3.681027
0,8.8,1.402776,3.6235
0,9.2,1.709642,3.611701
0,9.6,2.116454,3.660993
0,10.0,2.593358,3.78249
0,10.4,3.073886,3.976984
0,10.8,3.491575,4.234834
0,11.2,3.804103,4.539924
0,11.6,3.993133,4.873484
0,12.0,4.054545,5.216259
0,12.4,3.988746,5.549163
0,12.8,3.792325,5.852707
0,13.2,3.447476,6.104901
0,13.6,2.896807,6.275673
0,14.0,1.942725,6.307731
0,14.4,0.486713,6.105017
0,14.8,0.420928,5.896873
0,15.2,0.440652,5.695938
0,15.6,0.462546,5.498293
0,16.0,0.486766,5.304277
0,16.4,0.513732,5.114299
0,16.8,0.543973,4.928851
0,17.2,0.578184,4.748523
0,17.6,0.617287,4.574048
0,18.0,0.662544,4.406343
0,18.4,0.715742,4.246592
0,18.8,0.7795,4.096364
0,19.2,0.85783,3.957823
0,19.6,0.957129,3.834076
0,20.0,1.087919,3.729782
0,20.4,1.267328,3.652134
0,20.8,1.520074,3.612056
0,21.2,1.869613,3.624212
0,21.6,2.312396,3.703113
0,22.0,2.799814,3.855968
0,22.4,3.260778,4.078834
0,22.8,3.637709,4.358794
0,23.2,3.899327,4.678238
0,23.6,4.034578,5.018023
0,24.0,4.042325,5.35896
0,24.4,3.92238,5.681933
0,24.8,3.666931,5.966776
0,25.2,3.246367,6.189144
0,25.6,2.566533,6.311518
0,26.0,1.281873,6.248658
0,26.4,0.416261,6.014748
0,26.8,0.428933,5.811749
0,27.2,0.449624,5.612168
0,27.6,0.472455,5.416007
0,28.0,0.497776,5.22364
0,28.4,0.52605,5.035507
0,28.8,0.55787,4.852139
0,29.2,0.594015,4.674181
0,29.6,0.635534,4.502436
0,30.0,0.683883,4.337922
0,30.4,0.741151,4.181967
0,30.8,0.810457,4.036359
0,31.2,0.896661,3.903607
0,31.6,1.007636,3.787376
0,32.0,1.156375,3.693252
0,32.4,1.363379,3.62987
0,32.8,1.654918,3.609896
0,33.2,2.046807,3.64869
0,33.6,2.51657,3.758533
0,34.0,3.00135,3.94201
0,34.4,3.432374,4.190893
0,34.8,3.763085,4.489793
0,35.2,3.971959,4.820169
0,35.6,4.053336,5.162765
0,36.0,4.007481,5.498476
0,36.4,3.83215,5.807965
0,36.8,3.512808,6.069869
0,37.2,3.001468,6.256052
0,37.6,2.137863,6.316208
0,38.0,0.601085,6.142789
0,38.4,0.418255,5.928618
0,38.8,0.437413,5.727185
0,39.2,0.458974,5.529004
0,39.6,0.482805,5.334394
0,40.0,0.509309,5.143755
1,0.0,4.434392,8.184208
1,0.4,3.200053,8.403545
1,0.8,0.754037,8.277437
1,1.2,0.289959,8.026818
1,1.6,0.299335,7.80471
1,2.0,0.309345,7.584103
1,2.4,0.320032,7.365099
1,2.8,0.33147,7.14781
1,3.2,0.343739,6.93236
1,3.6,0.356937,6.718888
1,4.0,0.371175,6.50755
1,4.4,0.386583,6.298522
1,4.8,0.403318,6.092002
1,5.2,0.421564,5.888217
1,5.6,0.441544,5.687425
1,6.0,0.46353,5.489928
1,6.4,0.487859,5.296075
1,6.8,0.514952,5.10628
1,7.2,0.545348,4.921037
1,7.6,0.579747,4.740944
1,8.0,0.619084,4.566738
1,8.4,0.66464,4.399346
1,8.8,0.718227,4.239966
1,9.2,0.782513,4.090188
1,9.6,0.861586,3.952207
1,10.0,0.961978,3.829182
1,10.4,1.094439,3.725856
1,10.8,1.27643,3.64956
1,11.2,1.532913,3.611394
1,11.6,1.886813,3.626132
1,12.0,2.332793,3.70812
1,12.4,2.820543,3.864124
1,12.8,3.278913,4.089742
1,13.2,3.651378,4.371768
1,13.6,3.907718,4.692476
1,14.0,4.03751,5.032701
1,14.4,4.039827,5.373262
1,14.8,3.914343,5.695034
1,15.2,3.652683,5.977755
1,15.6,3.223732,6.196771
1,16.0,2.528323,6.31357
1,16.4,1.204292,6.2394
1,16.8,0.415577,6.005955
1,17.2,0.429775,5.803157
1,17.6,0.450554,5.603715
1,18.0,0.473482,5.407708
1,18.4,0.49892,5.215512
1,18.8,0.527332,5.027571
1,19.2,0.559319,4.84442
1,19.6,0.59567,4.66671
1,20.0,0.637448,4.495252
1,20.4,0.68613,4.331073
1,20.8,0.743838,4.175519
1,21.2,0.813751,4.030404
1,21.6,0.900825,3.898272
1,22.0,1.013102,3.782854
1,22.4,1.163852,3.68984
1,22.8,1.373919,3.628025
1,23.2,1.6696,3.610243
1,23.6,2.065623,3.651871
1,24.0,2.537501,3.76489
1,24.4,3.021291,3.951396
1,24.8,3.448785,4.202765
1,25.2,3.77458,4.5034
1,25.6,3.978049,4.834692
1,26.0,4.053975,5.177383
1,26.4,4.002682,5.512376
1,26.8,3.82163,5.820294
1,27.2,3.49544,6.079615
1,27.6,2.973729,6.261711
1,28.0,2.08691,6.314517
1,28.4,0.561136,6.132106
1,28.8,0.418952,5.919946
1,29.2,0.438292,5.718649
1,29.6,0.459943,5.520614
1,30.0,0.48388,5.326166
1,30.4,0.510508,5.135705
1,30.8,0.540346,4.949713
1,31.2,0.574063,4.768769
1,31.6,0.612553,4.593586
1,32.0,0.657032,4.425056
1,32.4,0.709213,4.264329
1,32.8,0.771599,4.112921
1,33.2,0.848005,3.972915
1,33.6,0.944483,3.847286
1,34.0,1.070972,3.740473
1,34.4,1.243723,3.659319
1,34.8,1.486744,3.614281
1,35.2,1.824663,3.619696
1,35.6,2.258482,3.69044
1,36.0,2.744352,3.834869
1,36.4,3.211701,4.050288
1,36.8,3.600252,4.324584
1,37.2,3.875839,4.64049
1,37.6,4.025631,4.978932
1,38.0,4.047847,5.320698
1,38.4,3.942601,5.646696
1,38.8,3.703468,5.936985
1,39.2,3.304531,6.167969
1,39.6,2.663638,6.304533
1,40.0,1.480748,6.270362
2,0.0,1.376709,9.853734
2,0.4,0.238977,9.560947
2,0.8,0.245379,9.330749
2,1.2,0.252132,9.101565
2,1.6,0.259256,8.873448
2,2.0,0.266784,8.646461
2,2.4,0.27475,8.420667
2,2.8,0.283194,8.19614
2,3.2,0.29216,7.972957
2,3.6,0.301698,7.751204
2,4.0,0.311865,7.530976
2,4.4,0.322727,7.312376
2,4.8,0.334358,7.095519
2,5.2,0.346843,6.880535
2,5.6,0.360281,6.667564
2,6.0,0.374789,6.456768
2,6.4,0.390503,6.248328
2,6.8,0.407585,6.042447
2,7.2,0.426228,5.839361
2,7.6,0.446667,5.639337
2,8.0,0.469186,5.442687
2,8.4,0.494141,5.249775
2,8.8,0.521979,5.061032
2,9.2,0.553271,4.876976
2,9.6,0.588768,4.698233
2,10.0,0.629476,4.525581
2,10.4,0.676782,4.360005
2,10.8,0.732671,4.202783
2,11.2,0.800088,4.055628
2,11.6,0.883595,3.920929
2,12.0,0.990548,3.802156
2,12.4,1.133082,3.704571
2,12.8,1.330593,3.636319
2,13.2,1.609081,3.609505
2,13.6,1.987448,3.639364
2,14.0,2.449618,3.739053
2,14.4,2.936688,3.912705
2,14.8,3.378458,4.153417
2,15.2,3.724681,4.446519
2,15.6,3.950838,4.773718
2,16.0,4.049721,5.115773
2,16.4,4.021302,5.453556
2,16.8,3.864173,5.767829
2,17.2,3.566292,6.037687
2,17.6,3.086607,6.236432
2,18.0,2.290994,6.318732
2,18.4,0.778187,6.17862
2,18.8,0.416306,5.956499
2,19.2,0.434617,5.754615
2,19.6,0.455891,5.555973
2,20.0,0.47939,5.360852
2,20.4,0.5055,5.169641
2,20.8,0.534716,4.982806
2,21.2,0.567677,4.800906
2,21.6,0.605231,4.624627
2,22.0,0.648523,4.454825
2,22.4,0.699162,4.292595
2,22.8,0.75948,4.139377
2,23.2,0.832999,3.997134
2,23.6,0.925276,3.868644
2,24.0,1.045388,3.758028
2,24.4,1.208263,3.671609
2,24.8,1.436631,3.619115
2,25.2,1.756302,3.614294
2,25.6,2.174783,3.672389
2,26.0,2.656252,3.803436
2,26.4,3.132052,4.006764
2,26.8,3.538058,4.27165
2,27.2,3.83539,4.581458
2,27.6,4.008124,4.917271
2,28.0,4.05322,5.259846
2,28.4,3.971058,5.590102
2,28.8,3.757095,5.888388
2,29.2,3.390446,6.132115
2,29.6,2.804586,6.289335
2,30.0,1.764187,6.295781
2,30.4,0.44362,6.076474
2,30.8,0.42328,5.870963
2,31.2,0.443338,5.670436
2,31.6,0.46551,5.473235
2,32.0,0.490057,5.279711
2,32.4,0.517409,5.090284
2,32.8,0.548117,4.905456
2,33.2,0.582897,4.725834
2,33.6,0.622708,4.55217
2,34.0,0.668869,4.385411
2,34.4,0.72325,4.226781
2,34.8,0.788613,4.077914
2,35.2,0.869205,3.941069
2,35.6,0.971837,3.819512
2,36.0,1.107731,3.718161
2,36.4,1.295023,3.644626
2,36.8,1.55911,3.610363
2,37.2,1.921699,3.630338
2,37.6,2.373774,3.718532
2,38.0,2.86178,3.880803
2,38.4,3.314655,4.111842
2,38.8,3.678041,4.397898
2,39.2,3.923784,4.721024
2,39.6,4.042669,5.062023
2,40.0,4.034142,5.401732
3,0.0,4.044559,8.716386
3,0.4,2.304998,8.809147
3,0.8,0.272647,8.531418
3,1.2,0.278988,8.306145
3,1.6,0.287692,8.082292
3,2.0,0.296943,7.859827
3,2.4,0.306794,7.638838
3,2.8,0.317307,7.419425
3,3.2,0.32855,7.201698
3,3.6,0.340604,6.985778
3,4.0,0.353561,6.7718
3,4.4,0.367529,6.559916
3,4.8,0.382633,6.350296
3,5.2,0.399022,6.143132
3,5.6,0.416872,5.938643
3,6.0,0.436397,5.737081
3,6.4,0.457856,5.538733
3,6.8,0.481567,5.343938
3,7.2,0.507927,5.153091
3,7.6,0.537443,4.966664
3,8.0,0.57077,4.785227
3,8.4,0.608775,4.609478
3,8.8,0.652638,4.440292
3,9.2,0.704019,4.278788
3,9.6,0.76533,4.126444
3,10.0,0.840232,3.985279
3,10.4,0.934519,3.858166
3,10.8,1.057675,3.749376
3,11.2,1.225266,3.665482
3,11.6,1.460662,3.616562
3,12.0,1.789194,3.616665
3,12.4,2.215314,3.680883
3,12.8,2.699225,3.818457
3,13.2,3.171165,4.027722
3,13.6,3.568813,4.297263
3,14.0,3.855605,4.610119
3,14.4,4.017169,4.94729
3,14.8,4.051115,5.289548
3,15.2,3.957726,5.617809
3,15.6,3.731586,5.91229
3,16.0,3.349472,6.149937
3,16.4,2.737703,6.297348
3,16.8,1.631044,6.284723
3,17.2,0.428908,6.057703
3,17.6,0.424937,5.853269
3,18.0,0.445195,5.653022
3,18.4,0.46756,5.456128
3,18.8,0.492334,5.262946
3,19.2,0.519956,5.0739
3,19.6,0.550989,4.889502
3,20.0,0.586167,4.71037
3,20.4,0.626476,4.53727
3,20.8,0.673272,4.371169
3,21.2,0.728489,4.213322
3,21.6,0.794988,4.065406
3,22.0,0.87719,3.929751
3,22.4,0.982206,3.809737
3,22.8,1.12176,3.710471
3,23.2,1.31469,3.639856
3,23.6,1.586766,3.609715
3,24.0,1.958219,3.635178
3,24.4,2.416123,3.729789
3,24.8,2.903828,3.898449
3,25.2,3.350648,4.134945
3,25.6,3.704505,4.425
3,26.0,3.93931,4.750464
3,26.4,4.047,5.092111
3,26.8,4.027342,5.4308
3,27.2,3.879287,5.747331
3,27.6,3.591926,6.021004
3,28.0,3.127312,6.225761
3,28.4,2.362566,6.318443
3,28.8,0.891161,6.196879
3,29.2,0.415598,5.970551
3,29.6,0.433225,5.768431
3,30.0,0.454357,5.569559
3,30.4,0.477691,5.374183
3,30.8,0.503606,5.182689
3,31.2,0.53259,4.995535
3,31.6,0.565269,4.813275
3,32.0,0.602473,4.636583
3,32.4,0.645325,4.466302
3,32.8,0.695393,4.303509
3,33.2,0.754947,4.149614
3,33.6,0.827408,4.006536
3,34.0,0.918151,3.876985
3,34.4,1.035947,3.764965
3,34.8,1.195234,3.676612
3,35.2,1.418221,3.621381
3,35.6,1.730974,3.612771
3,36.0,2.143242,3.666105
3,36.4,2.622399,3.792011
3,36.8,3.100882,3.990605
3,37.2,3.513258,4.251738
3,37.6,3.818803,4.559045
3,38.0,4.000315,4.893684
3,38.4,4.054192,5.236405
3,38.8,3.980844,5.568127
3,39.2,3.77636,5.869287
3,39.6,3.421558,6.117633
3,40.0,2.85501,6.28226
4,0.0,1.512455,6.702316
4,0.4,0.380457,6.45711
4,0.8,0.390506,6.248363
4,1.2,0.407582,6.042482
4,1.6,0.426225,5.839394
4,2.0,0.446663,5.63937
4,2.4,0.469182,5.442719
4,2.8,0.494137,5.249807
4,3.2,0.521974,5.061063
4,3.6,0.553266,4.877006
4,4.0,0.588762,4.698262
4,4.4,0.629468,4.52561
4,4.8,0.676773,4.360032
4,5.2,0.732661,4.202809
4,5.6,0.800076,4.055652
4,6.0,0.883579,3.92095
4,6.4,0.990527,3.802174
4,6.8,1.133055,3.704585
4,7.2,1.330554,3.636328
4,7.6,1.609027,3.609506
4,8.0,1.987377,3.639354
4,8.4,2.449537,3.73903
4,8.8,2.936609,3.91267
4,9.2,3.378392,4.153372
4,9.6,3.724632,4.446467
4,10.0,3.950811,4.773662
4,10.4,4.049715,5.115716
4,10.8,4.021317,5.453501
4,11.2,3.86421,5.767779
4,11.6,3.566356,6.037647
4,12.0,3.086708,6.236407
4,12.4,2.291171,6.318733
4,12.8,0.778446,6.178664
4,13.2,0.416304,5.956533
4,13.6,0.434613,5.754649
4,14.0,0.455887,5.556006
4,14.4,0.479386,5.360884
4,14.8,0.505495,5.169673
4,15.2,0.534711,4.982837
4,15.6,0.567672,4.800936
4,16.0,0.605224,4.624656
4,16.4,0.648516,4.454853
4,16.8,0.699153,4.292621
4,17.2,0.759469,4.139402
4,17.6,0.832986,3.997156
4,18.0,0.925259,3.868664
4,18.4,1.045365,3.758044
4,18.8,1.208231,3.671621
4,19.2,1.436586,3.619121
4,19.6,1.756241,3.61429
4,20.0,2.174706,3.672374
4,20.4,2.65617,3.803408
4,20.8,3.131977,4.006724
4,21.2,3.537999,4.271602
4,21.6,3.83535,4.581404
4,22.0,4.008105,4.917214
4,22.4,4.053223,5.259789
4,22.8,3.971082,5.590049
4,23.2,3.757142,5.888342
4,23.6,3.390522,6.13208
4,24.0,2.80471,6.289319
4,24.4,1.764432,6.2958
4,24.8,0.443657,6.07651
4,25.2,0.423277,5.870996
4,25.6,0.443334,5.670469
4,26.0,0.465506,5.473268
4,26.4,0.490053,5.279743
4,26.8,0.517404,5.090316
4,27.2,0.548111,4.905486
4,27.6,0.582891,4.725864
4,28.0,0.622701,4.552199
4,28.4,0.668861,4.385438
4,28.8,0.72324,4.226807
4,29.2,0.788601,4.077938
4,29.6,0.86919,3.941091
4,30.0,0.971818,3.819531
4,30.4,1.107705,3.718176
4,30.8,1.294986,3.644635
4,31.2,1.559058,3.610364
4,31.6,1.92163,3.630329
4,32.0,2.373694,3.718511
4,32.4,2.8617,3.88077
4,32.8,3.314586,4.111798
4,33.2,3.677989,4.397846
4,33.6,3.923754,4.720969
4,34.0,4.04266,5.061966
4,34.4,4.034154,5.401676
4,34.8,3.897586,5.720942
4,35.2,3.623385,5.999299
4,35.6,3.177229,6.211435
4,36.0,2.44901,6.316681
4,36.4,1.047924,6.219317
4,36.8,0.415165,5.988486
4,37.2,0.431466,5.786042
4,37.6,0.452419,5.58688
4,38.0,0.475546,5.391182
4,38.4,0.501217,5.19933
4,38.8,0.529908,5.011775
4,39.2,0.562233,4.82906
4,39.6,0.599,4.651849
4,40.0,0.641301,4.480966
5,0.0,2.483192,9.56059
5,0.4,0.247969,9.272252
5,0.8,0.253913,9.043278
5,1.2,0.261137,8.815443
5,1.6,0.268773,8.588754
5,2.0,0.276856,8.363276
5,2.4,0.285429,8.139084
5,2.8,0.294536,7.916258
5,3.2,0.304229,7.694884
5,3.6,0.314567,7.475061
5,4.0,0.325618,7.256894
5,4.4,0.337457,7.040502
5,4.8,0.350175,6.826017
5,5.2,0.363875,6.613585
5,5.6,0.378677,6.403372
5,6.0,0.394723,6.195564
5,6.4,0.412184,5.990373
5,6.8,0.431261,5.78804
5,7.2,0.4522,5.588845
5,7.6,0.475304,5.393112
5,8.0,0.500947,5.201219
5,8.4,0.529606,5.013619
5,8.8,0.561891,4.830853
5,9.2,0.598609,4.653583
5,9.6,0.640848,4.482633
5,10.0,0.690125,4.319052
5,10.4,0.748625,4.164213
5,10.8,0.819627,4.019974
5,11.2,0.908267,3.888951
5,11.6,1.022895,3.77499
5,12.0,1.177279,3.683969
5,12.4,1.392864,3.624969
5,12.8,1.695913,3.611118
5,13.2,2.099108,3.657794
5,13.6,2.574408,3.776415
5,14.0,3.056143,3.968214
5,14.4,3.477219,4.22389
5,14.8,3.794273,4.527497
5,15.2,3.988204,4.860316
5,15.6,4.054536,5.20309
5,16.0,3.993659,5.536731
5,16.4,3.802471,5.841788
5,16.8,3.464019,6.09644
5,17.2,2.923397,6.271125
5,17.6,1.993052,6.310417
5,18.0,0.507269,6.113989
5,18.4,0.420242,5.904691
5,18.8,0.439849,5.703634
5,19.2,0.46166,5.505857
5,19.6,0.485784,5.311693
5,20.0,0.512634,5.121551
5,20.4,0.542738,4.935917
5,20.8,0.57678,4.75538
5,21.2,0.615673,4.580663
5,21.6,0.660664,4.412677
5,22.0,0.713513,4.252592
5,22.4,0.776801,4.101961
5,22.8,0.854469,3.962919
5,23.2,0.952797,3.838528
5,23.6,1.082105,3.733369
5,24.0,1.25922,3.654517
5,24.4,1.50863,3.612736
5,24.8,1.854228,3.622584
5,25.2,2.294042,3.698707
5,25.6,2.781044,3.84871
5,26.0,3.244259,4.06907
5,26.4,3.625177,4.347136
5,26.8,3.891547,4.665408
5,27.2,4.03173,5.004765
5,27.6,4.044382,5.346011
5,28.0,3.92943,5.670038
5,28.4,3.67955,5.956762
5,28.8,3.266432,6.182101
5,29.2,2.600204,6.309392
5,29.6,1.350769,6.256509
5,30.0,0.417263,6.022715
5,30.4,0.428176,5.819516
5,30.8,0.448788,5.619809
5,31.2,0.47153,5.42351
5,31.6,0.496747,5.230989
5,32.0,0.524897,5.042683
5,32.4,0.556567,4.85912
5,32.8,0.592528,4.68094
5,33.2,0.633816,4.508938
5,33.6,0.681868,4.344122
5,34.0,0.738742,4.187807
5,34.4,0.807507,4.04176
5,34.8,0.892938,3.908452
5,35.2,1.002757,3.791496
5,35.6,1.149712,3.696381
5,36.0,1.353991,3.631605
5,36.4,1.641818,3.609676
5,36.8,2.029937,3.645929
5,37.2,2.497686,3.752907
5,37.6,2.983247,3.933634
5,38.0,3.417388,4.180246
5,38.4,3.752507,4.477549
5,38.8,3.966257,4.807068
5,39.2,4.05256,5.149548
5,39.6,4.011616,5.485879
5,40.0,3.841431,5.796754
6,0.0,3.57546,8.93657
6,0.4,1.133984,8.869122
6,0.8,0.268578,8.594977
6,1.2,0.276628,8.369464
6,1.6,0.285186,8.145236
6,2.0,0.294278,7.922371
6,2.4,0.303954,7.700956
6,2.8,0.314273,7.481089
6,3.2,0.325303,7.262875
6,3.6,0.33712,7.046432
6,4.0,0.349813,6.831893
6,4.4,0.363484,6.619402
6,4.8,0.378253,6.409126
6,5.2,0.394264,6.201249
6,5.6,0.411682,5.995982
6,6.0,0.430712,5.793568
6,6.4,0.451596,5.594282
6,6.8,0.474636,5.398449
6,7.2,0.500204,5.206445
6,7.6,0.528772,5.01872
6,8.0,0.560947,4.835812
6,8.4,0.59753,4.658381
6,8.8,0.6396,4.487244
6,9.2,0.688658,4.323444
6,9.6,0.746866,4.168342
6,10.0,0.817466,4.023781
6,10.4,0.905528,3.892349
6,10.8,1.019287,3.777852
6,11.2,1.172328,3.686096
6,11.6,1.385876,3.626058
6,12.0,1.68622,3.610758
6,12.4,2.086808,3.65558
6,12.8,2.560901,3.77215
6,13.2,3.043434,3.96202
6,13.6,3.466887,4.216131
6,14.0,3.78715,4.518662
6,14.4,3.984573,4.850936
6,14.8,4.054414,5.193692
6,15.2,3.997044,5.52784
6,15.6,3.809574,5.833958
6,16.0,3.475639,6.090336
6,16.4,2.942034,6.267764
6,16.8,2.028019,6.312087
6,17.2,0.524706,6.120515
6,17.6,0.419763,5.910269
6,18.0,0.439278,5.709125
6,18.4,0.46103,5.511253
6,18.8,0.485086,5.316984
6,19.2,0.511854,5.126726
6,19.6,0.54186,4.94096
6,20.0,0.575783,4.760274
6,20.4,0.614528,4.585386
6,20.8,0.65933,4.4172
6,21.2,0.711933,4.256879
6,21.6,0.774889,4.105963
6,22.0,0.852091,3.966566
6,22.4,0.949736,3.841719
6,22.8,1.078002,3.735951
6,23.2,1.253505,3.65625
6,23.6,1.50056,3.613267
6,24.0,1.843348,3.621484
6,24.4,2.281,3.695634
6,24.8,2.767637,3.8436
6,25.2,3.232404,4.062161
6,25.6,3.616135,4.33886
6,26.0,3.885884,4.656278
6,26.4,4.029583,4.995314
6,26.8,4.045733,5.336762
6,27.2,3.934335,5.661524
6,27.6,3.688403,5.949567
6,28.0,3.280522,6.176993
6,28.4,2.623737,6.307722
6,28.8,1.399028,6.261801
6,29.2,0.418256,6.028413
6,29.6,0.427639,5.825057
6,30.0,0.448193,5.625261
6,30.4,0.470873,5.428863
6,30.8,0.496016,5.236232
6,31.2,0.524079,5.047805
6,31.6,0.555642,4.864103
6,32.0,0.591473,4.685765
6,32.4,0.632597,4.51358
6,32.8,0.680439,4.348551
6,33.2,0.737034,4.191981
6,33.6,0.805419,4.045622
6,34.0,0.890305,3.911922
6,34.4,0.999311,3.794453
6,34.8,1.145012,3.69864
6,35.2,1.347374,3.632881
6,35.6,1.632572,3.609572
6,36.0,2.017984,3.644026
6,36.4,2.484237,3.748964
6,36.8,2.97029,3.927722
6,37.2,3.406611,4.172701
6,37.6,3.744853,4.468849
6,38.0,3.962074,4.797738
6,38.4,4.051891,5.140118
6,38.8,4.014447,5.476873
6,39.2,3.847921,5.788718
6,39.6,3.539022,6.054519
6,40.0,3.043242,6.246864
7,0.0,2.773657,5.363432
7,0.4,2.386497,5.457123
7,0.8,1.690821,5.449084
7,1.2,0.668823,5.2795
7,1.6,0.521391,5.083756
7,2.0,0.549337,4.898993
7,2.4,0.584218,4.719567
7,2.8,0.624228,4.54613
7,3.2,0.670644,4.379636
7,3.6,0.725361,4.221322
7,4.0,0.79118,4.072838
7,4.4,0.872418,3.936472
7,4.8,0.976005,3.815535
7,5.2,1.113364,3.715021
7,5.6,1.302914,3.642658
7,6.0,1.570215,3.61005
7,6.4,1.936402,3.632234
7,6.8,2.390891,3.723021
7,7.2,2.878843,3.887884
7,7.6,3.329316,4.121146
7,8.0,3.688868,4.408838
7,8.4,3.930189,4.73293
7,8.8,4.044541,5.074209
7,9.2,4.031507,5.413522
7,9.6,3.890282,5.731696
7,10.0,3.610768,6.008174
7,10.4,3.15721,6.21735
7,10.8,2.414512,6.317579
7,11.2,0.983174,6.210374
7,11.6,0.41526,5.981197
7,12.0,0.432178,5.778888
7,12.4,0.453204,5.579843
7,12.8,0.476414,5.384276
7,13.2,0.502184,5.192569
7,13.6,0.530994,5.005176
7,14.0,0.563462,4.822645
7,14.4,0.600405,4.645644
7,14.8,0.642928,4.475005
7,15.2,0.692572,4.31179
7,15.6,0.751559,4.157389
7,16.0,0.823236,4.013689
7,16.4,0.912847,3.883348
7,16.8,1.028937,3.770285
7,17.2,1.185582,3.680498
7,17.6,1.404588,3.623241
7,18.0,1.712148,3.611816
7,18.4,2.119611,3.661585
7,18.8,2.596795,3.783603
7,19.2,3.077094,3.978585
7,19.6,3.494161,4.236826
7,20.0,3.805866,4.542182
7,20.4,3.994007,4.875873
7,20.8,4.054526,5.218645
7,21.2,3.987834,5.551413
7,21.6,3.790463,5.854678
7,22.0,3.444445,6.106422
7,22.4,2.891927,6.276477
7,22.8,1.933434,6.3072
7,23.2,0.48343,6.103412
7,23.6,0.421053,5.895455
7,24.0,0.440798,5.694543
7,24.4,0.462707,5.496923
7,24.8,0.486945,5.302933
7,25.2,0.513931,5.112985
7,25.6,0.544198,4.92757
7,26.0,0.57844,4.747281
7,26.4,0.617581,4.57285
7,26.8,0.662887,4.405196
7,27.2,0.716148,4.245505
7,27.6,0.779992,4.09535
7,28.0,0.858443,3.956901
7,28.4,0.957919,3.833272
7,28.8,1.088981,3.729135
7,29.2,1.26881,3.651707
7,29.6,1.522164,3.611941
7,30.0,1.872419,3.624518
7,30.4,2.315731,3.703924
7,30.8,2.803214,3.857295
7,31.2,3.26376,4.080614
7,31.6,3.639963,4.360915
7,32.0,3.900717,4.680568
7,32.4,4.035075,5.020427
7,32.8,4.041932,5.361305
7,33.2,3.92108,5.684084
7,33.6,3.664617,5.968583
7,34.0,3.24269,6.190406
7,34.4,2.560343,6.311876
7,34.8,1.269247,6.247182
7,35.2,0.416121,6.013306
7,35.6,0.429071,5.810341
7,36.0,0.449776,5.610782
7,36.4,0.472623,5.414647
7,36.8,0.497963,5.222308
7,37.2,0.52626,5.034206
7,37.6,0.558107,4.850874
7,38.0,0.594285,4.672957
7,38.4,0.635847,4.501258
7,38.8,0.68425,4.336799
7,39.2,0.74159,4.180909
7,39.6,0.810994,4.035382
7,40.0,0.89734,3.902731
8,0.0,3.218339,4.382904
8,0.4,3.461597,4.636247
8,0.8,3.608246,4.911778
8,1.2,3.646937,5.193217
8,1.6,3.569778,5.463189
8,2.0,3.364139,5.702544
8,2.4,2.998574,5.887675
8,2.8,2.38271,5.982286
8,3.2,1.222157,5.908583
8,3.6,0.45204,5.685058
8,4.0,0.463911,5.487129
8,4.4,0.488227,5.293329
8,4.8,0.515363,5.103595
8,5.2,0.54581,4.918422
8,5.6,0.580273,4.738407
8,6.0,0.619689,4.564292
8,6.4,0.665345,4.397005
8,6.8,0.719064,4.23775
8,7.2,0.783529,4.088123
8,7.6,0.862853,3.950332
8,8.0,0.963615,3.827551
8,8.4,1.096642,3.724552
8,8.8,1.27951,3.648713
8,9.2,1.537255,3.611194
8,9.6,1.892615,3.626802
8,10.0,2.339644,3.709828
8,10.4,2.827475,3.866886
8,10.8,3.284952,4.093419
8,11.2,3.65591,4.376131
8,11.6,3.910477,4.697254
8,12.0,4.03844,5.037618
8,12.4,4.038939,5.378046
8,12.8,3.911596,5.699407
8,13.2,3.647844,5.981407
8,13.6,3.216048,6.199286
8,14.0,2.515294,6.314186
8,14.4,1.178083,6.23617
8,14.8,0.41543,6.003014
8,15.2,0.430058,5.80028
8,15.6,0.450866,5.600884
8,16.0,0.473828,5.40493
8,16.4,0.499304,5.212791
8,16.8,0.527763,5.024915
8,17.2,0.559807,4.841837
8,17.6,0.596227,4.66421
8,18.0,0.638092,4.492848
8,18.4,0.686886,4.328782
8,18.8,0.744744,4.173364
8,19.2,0.814861,4.028414
8,19.6,0.90223,3.896491
8,20.0,1.014948,3.781348
8,20.4,1.16638,3.688709
8,20.8,1.377486,3.627424
8,21.2,1.674561,3.610383
8,21.6,2.07196,3.652967
8,22.0,2.544518,3.76705
8,22.4,3.027948,3.954567
8,22.8,3.45424,4.206763
8,23.2,3.77838,4.507971
8,23.6,3.980036,4.839562
8,24.0,4.054137,5.182278
8,24.4,4.001021,5.517021
8,24.8,3.818047,5.824404
8,25.2,3.489545,6.082849
8,25.6,2.964302,6.263557
8,26.0,2.069469,6.313849
8,26.4,0.549336,6.128591
8,26.8,0.419192,5.917042
8,27.2,0.438587,5.715791
8,27.6,0.460269,5.517805
8,28.0,0.484241,5.32341
8,28.4,0.510911,5.13301
8,28.8,0.540799,4.947086
8,29.2,0.574578,4.766219
8,29.6,0.613144,4.591124
8,30.0,0.65772,4.422698
8,30.4,0.710026,4.262092
8,30.8,0.772583,4.110831
8,31.2,0.849226,3.971007
8,31.6,0.946052,3.845612
8,32.0,1.07307,3.73911
8,32.4,1.246641,3.65839
8,32.8,1.490866,3.613965
8,33.2,1.830244,3.620217
8,33.6,2.265224,3.691981
8,34.0,2.751343,3.837471
8,34.4,3.217932,4.053836
8,34.8,3.605045,4.328857
8,35.2,3.878883,4.645221
8,35.6,4.026847,4.983845
8,36.0,4.047243,5.325521
8,36.4,3.940153,5.651153
8,36.8,3.698987,5.940773
8,37.2,3.297384,6.170698
8,37.6,2.651786,6.305528
8,38.0,1.456505,6.267876
8,38.4,0.419844,6.03535
8,38.8,0.426989,5.831785
8,39.2,0.447474,5.631881
8,39.6,0.470078,5.435364
8,40.0,0.495132,5.242601
9,0.0,4.310525,7.789986
9,0.4,3.216286,8.010922
9,0.8,1.129055,7.93699
9,1.2,0.30532,7.673613
9,1.6,0.315601,7.453937
9,2.0,0.326724,7.235936
9,2.4,0.338645,7.019722
9,2.8,0.351452,6.805429
9,3.2,0.365253,6.593203
9,3.6,0.380168,6.383214
9,4.0,0.396343,6.175649
9,4.4,0.41395,5.970722
9,4.8,0.433195,5.768679
9,5.2,0.454329,5.569803
9,5.6,0.477661,5.374423
9,6.0,0.503572,5.182924
9,6.4,0.532552,4.995765
9,6.8,0.565226,4.813498
9,7.2,0.602423,4.636798
9,7.6,0.645267,4.466509
9,8.0,0.695325,4.303706
9,8.4,0.754866,4.149799
9,8.8,0.827308,4.006706
9,9.2,0.918024,3.877136
9,9.6,1.035779,3.765091
9,10.0,1.195003,3.676703
9,10.4,1.417894,3.621424
9,10.8,1.730523,3.612746
9,11.2,2.142677,3.665995
9,11.6,2.62179,3.791808
9,12.0,3.100317,3.990317
9,12.4,3.512807,4.251381
9,12.8,3.818499,4.558642
9,13.2,4.000169,4.89326
9,13.6,4.054204,5.235983
9,14.0,3.981015,5.56773
9,14.4,3.7767,5.868941
9,14.8,3.422109,6.117368
9,15.2,2.855901,6.282126
9,15.6,1.864291,6.302923
9,16.0,0.463134,6.091911
9,16.4,0.421978,5.885155
9,16.8,0.441862,5.684404
9,17.2,0.463881,5.486959
9,17.6,0.488248,5.293165
9,18.0,0.515387,5.103435
9,18.4,0.545838,4.918265
9,18.8,0.580304,4.738256
9,19.2,0.619725,4.564145
9,19.6,0.665387,4.396866
9,20.0,0.719114,4.237618
9,20.4,0.783589,4.088
9,20.8,0.862929,3.95022
9,21.2,0.963713,3.827453
9,21.6,1.096774,3.724474
9,22.0,1.279694,3.648663
9,22.4,1.537515,3.611183
9,22.8,1.892962,3.626843
9,23.2,2.340054,3.70993
9,23.6,2.827889,3.867051
9,24.0,3.285312,4.093639
9,24.4,3.656179,4.376391
9,24.8,3.910641,4.697539
9,25.2,4.038495,5.037912
9,25.6,4.038885,5.378332
9,26.0,3.911431,5.699668
9,26.4,3.647554,5.981625
9,26.8,3.215587,6.199436
9,27.2,2.514512,6.314221
9,27.6,1.176515,6.235975
9,28.0,0.415422,6.002839
9,28.4,0.430075,5.800108
9,28.8,0.450885,5.600715
9,29.2,0.473849,5.404764
9,29.6,0.499327,5.212629
9,30.0,0.527789,5.024756
9,30.4,0.559836,4.841682
9,30.8,0.59626,4.664061
9,31.2,0.63813,4.492704
9,31.6,0.686931,4.328646
9,32.0,0.744798,4.173235
9,32.4,0.814928,4.028295
9,32.8,0.902314,3.896385
9,33.2,1.015059,3.781258
9,33.6,1.166532,3.688642
9,34.0,1.377699,3.627388
9,34.4,1.674858,3.610392
9,34.8,2.072339,3.653032
9,35.2,2.544938,3.76718
9,35.6,3.028345,3.954757
9,36.0,3.454565,4.207002
9,36.4,3.778607,4.508244
9,36.8,3.980154,4.839853
9,37.2,4.054146,5.18257
9,37.6,4.000921,5.517298
9,38.0,3.817833,5.824649
9,38.4,3.489192,6.083042
9,38.8,2.963737,6.263666
9,39.2,2.068421,6.313808
9,39.6,0.548655,6.128382
9,40.0,0.419207,5.916869
10,0.0,4.032351,6.127156
10,0.4,3.605502,6.403185
10,0.8,2.952068,6.582694
10,1.2,1.805013,6.596326
10,1.6,0.405278,6.365688
10,2.0,0.397893,6.157089
10,2.4,0.415612,5.95241
10,2.8,0.435017,5.75064
10,3.2,0.456335,5.552065
10,3.6,0.479881,5.357017
10,4.0,0.506048,5.165888
10,4.4,0.535331,4.979146
10,4.8,0.568375,4.79735
10,5.2,0.60603,4.62119
10,5.6,0.649451,4.451527
10,6.0,0.700256,4.289461
10,6.4,0.760796,4.13644
10,6.8,0.834625,3.994438
10,7.2,0.927352,3.866258
10,7.6,1.048143,3.756051
10,8.0,1.212071,3.670198
10,8.4,1.442012,3.618505
10,8.8,1.763686,3.614788
10,9.2,2.183923,3.674264
10,9.6,2.665994,3.80679
10,10.0,3.140963,4.011471
10,10.4,3.545101,4.277423
10,10.8,3.840054,4.587935
10,11.2,4.010259,4.924068
10,11.6,4.052828,5.266584
10,12.0,3.968125,5.596401
10,12.4,3.751417,5.89384
10,12.8,3.381306,6.13621
10,13.2,2.789715,6.291248
10,13.6,1.734834,6.293489
10,14.0,0.439498,6.07218
10,14.4,0.423653,5.866952
10,14.8,0.443757,5.666488
10,15.2,0.465973,5.469357
10,15.6,0.490571,5.27591
10,16.0,0.517984,5.086569
10,16.4,0.548765,4.901838
10,16.8,0.583634,4.722327
10,17.2,0.623558,4.54879
10,17.6,0.669861,4.382179
10,18.0,0.72443,4.223725
10,18.4,0.790047,4.075072
10,18.8,0.871,3.938495
10,19.2,0.974164,3.817284
10,19.6,1.110875,3.7164
10,20.0,1.299426,3.643519
10,20.4,1.565307,3.610179
10,20.8,1.929911,3.631388
10,21.2,2.383346,3.721032
10,21.6,2.871333,3.884754
10,22.0,3.322873,4.117039
10,22.4,3.684117,4.404013
10,22.8,3.927388,4.727683
10,23.2,4.043736,5.068841
10,23.6,4.032687,5.408332
10,24.0,3.893505,5.726988
10,24.4,3.616326,6.004294
10,24.8,3.166029,6.214773
10,25.2,2.429736,6.317216
10,25.6,1.011436,6.214328
10,26.0,0.415203,5.984392
10,26.4,0.431866,5.782024
10,26.8,0.452859,5.582928
10,27.2,0.476033,5.387303
10,27.6,0.50176,5.195533
10,28.0,0.530517,5.008069
10,28.4,0.562922,4.825457
10,28.8,0.599788,4.648363
10,29.2,0.642214,4.477617
10,29.6,0.691731,4.314277
10,30.0,0.750551,4.159725
10,30.4,0.821995,4.01584
10,30.8,0.911272,3.885264
10,31.2,1.026857,3.771892
10,31.6,1.182722,3.68168
10,32.0,1.400549,3.623823
10,32.4,1.706559,3.611563
10,32.8,2.112567,3.660268
10,33.2,2.589121,3.781122
10,33.6,3.069928,3.975016
10,34.0,3.48838,4.232382
10,34.4,3.801922,4.537142
10,34.8,3.992048,4.870539
10,35.2,4.054559,5.213316
10,35.6,3.989861,5.546388
10,36.0,3.794612,5.850272
10,36.4,3.451199,6.10302
10,36.8,2.902797,6.274673
10,37.2,1.954108,6.308366
10,37.6,0.490941,6.107005
10,38.0,0.420773,5.89862
10,38.4,0.440472,5.697658
10,38.8,0.462347,5.499984
10,39.2,0.486546,5.305934
10,39.6,0.513486,5.11592
10,40.0,0.543697,4.93043
11,0.0,4.882792,9.358727
11,0.4,3.282721,9.592414
11,0.8,0.31034,9.383339
11,1.2,0.25068,9.149748
11,1.6,0.257723,8.921402
11,2.0,0.265163,8.694171
11,2.4,0.273034,8.46812
11,2.8,0.281373,8.24332
11,3.2,0.290225,8.019847
11,3.6,0.299639,7.797786
11,4.0,0.309669,7.577228
11,4.4,0.320378,7.358276
11,4.8,0.33184,7.141042
11,5.2,0.344137,6.925652
11,5.6,0.357366,6.712244
11,6.0,0.371638,6.500976
11,6.4,0.387086,6.292023
11,6.8,0.403865,6.085585
11,7.2,0.422161,5.881889
11,7.6,0.4422,5.681196
11,8.0,0.464254,5.483807
11,8.4,0.488662,5.290074
11,8.8,0.51585,5.100414
11,9.2,0.546359,4.915322
11,9.6,0.580897,4.735401
11,10.0,0.620407,4.561393
11,10.4,0.666183,4.394232
11,10.8,0.720059,4.235126
11,11.2,0.784736,4.085679
11,11.6,0.86436,3.948112
11,12.0,0.965564,3.825622
11,12.4,1.099268,3.723013
11,12.8,1.283181,3.647719
11,13.2,1.542429,3.610971
11,13.6,1.899518,3.627615
11,14.0,2.347778,3.711872
11,14.4,2.835685,3.870178
11,14.8,3.292088,4.097794
11,15.2,3.66125,4.381312
11,15.6,3.913714,4.702923
11,16.0,4.039508,5.043448
11,16.4,4.037851,5.383713
11,16.8,3.908303,5.704581
11,17.2,3.642063,5.98572
11,17.6,3.206871,6.202241
11,18.0,2.499695,6.314867
11,18.4,1.146926,6.232262
11,18.8,0.4153,5.999531
11,19.2,0.430394,5.79687
11,19.6,0.451237,5.59753
11,20.0,0.474238,5.401636
11,20.4,0.499761,5.209566
11,20.8,0.528275,5.021767
11,21.2,0.560386,4.838775
11,21.6,0.596888,4.661248
11,22.0,0.638857,4.49
11,22.4,0.687785,4.326069
11,22.8,0.74582,4.170811
11,23.2,0.816182,4.026058
11,23.6,0.903902,3.894385
11,24.0,1.017147,3.779569
11,24.4,1.169393,3.687377
11,24.8,1.381736,3.626724
11,25.2,1.680469,3.610565
11,25.6,2.079492,3.654284
11,26.0,2.55284,3.769631
11,26.4,3.035824,3.958344
11,26.8,3.46068,4.211515
11,27.2,3.782853,4.513399
11,27.6,3.982359,4.845339
11,28.0,4.054295,5.188078
11,28.4,3.999019,5.522521
11,28.8,3.813763,5.829265
11,29.2,3.482507,6.086664
11,29.6,2.953036,6.265712
11,30.0,2.048544,6.31299
11,30.4,0.536327,6.124466
11,30.8,0.41948,5.913601
11,31.2,0.438938,5.712404
11,31.6,0.460655,5.514476
11,32.0,0.48467,5.320145
11,32.4,0.51139,5.129817
11,32.8,0.541338,4.943973
11,33.2,0.57519,4.763198
11,33.6,0.613846,4.588208
11,34.0,0.658537,4.419904
11,34.4,0.710994,4.259442
11,34.8,0.773752,4.108356
11,35.2,0.850679,3.968749
11,35.6,0.947919,3.843632
11,36.0,1.075569,3.737501
11,36.4,1.250118,3.657298
11,36.8,1.495777,3.613603
11,37.2,1.836887,3.620852
11,37.6,2.273232,3.693826
11,38.0,2.759624,3.840575
11,38.4,3.225296,4.058057
11,38.8,3.610695,4.333933
11,39.2,3.882457,4.650835
11,39.6,4.028255,4.989671
11,40.0,4.046494,5.331234
12,0.0,4.113534,5.167832
12,0.4,4.065979,5.512334
12,0.8,3.888255,5.83024
12,1.2,3.566996,6.100257
12,1.6,3.056217,6.294601
12,2.0,2.20207,6.36419
12,2.4,0.637788,6.19891
12,2.8,0.41345,5.982047
12,3.2,0.432082,5.779812
12,3.6,0.453102,5.580752
12,4.0,0.476302,5.385168
12,4.4,0.502059,5.193442
12,4.8,0.530853,5.006028
12,5.2,0.563303,4.823473
12,5.6,0.600223,4.646445
12,6.0,0.642718,4.475774
12,6.4,0.692324,4.312522
12,6.8,0.751262,4.158077
12,7.2,0.82287,4.014322
12,7.6,0.912383,3.883912
12,8.0,1.028323,3.770758
12,8.4,1.184738,3.680846
12,8.8,1.403395,3.623411
12,9.2,1.710499,3.61174
12,9.6,2.117534,3.661195
12,10.0,2.594534,3.78287
12,10.4,3.074984,3.977532
12,10.8,3.49246,4.235516
12,11.2,3.804707,4.540696
12,11.6,3.993433,4.874301
12,12.0,4.054539,5.217075
12,12.4,3.988434,5.549934
12,12.8,3.791689,5.853382
12,13.2,3.44644,6.105422
12,13.6,2.895139,6.275949
12,14.0,1.939551,6.30755
12,14.4,0.485575,6.104467
12,14.8,0.420971,5.896388
12,15.2,0.440702,5.695461
12,15.6,0.462601,5.497824
12,16.0,0.486828,5.303817
12,16.4,0.5138,5.11385
12,16.8,0.54405,4.928412
12,17.2,0.578272,4.748098
12,17.6,0.617388,4.573638
12,18.0,0.662661,4.405951
12,18.4,0.715881,4.24622
12,18.8,0.779668,4.096017
12,19.2,0.858039,3.957507
12,19.6,0.957399,3.833801
12,20.0,1.088282,3.72956
12,20.4,1.267835,3.651988
12,20.8,1.520789,3.612016
12,21.2,1.870573,3.624317
12,21.6,2.313537,3.70339
12,22.0,2.800978,3.856422
12,22.4,3.261799,4.079443
12,22.8,3.638481,4.35952
12,23.2,3.899803,4.679035
12,23.6,4.034749,5.018846
12,24.0,4.042191,5.359762
12,24.4,3.921936,5.682669
12,24.8,3.66614,5.967395
12,25.2,3.24511,6.189576
12,25.6,2.564418,6.311641
12,26.0,1.277556,6.248155
12,26.4,0.416212,6.014254
12,26.8,0.42898,5.811267
12,27.2,0.449676,5.611694
12,27.6,0.472512,5.415542
12,28.0,0.49784,5.223184
12,28.4,0.526122,5.035062
12,28.8,0.557951,4.851706
12,29.2,0.594108,4.673762
12,29.6,0.635641,4.502033
12,30.0,0.684009,4.337538
12,30.4,0.741301,4.181605
12,30.8,0.810641,4.036025
12,31.2,0.896893,3.903307
12,31.6,1.007941,3.787122
12,32.0,1.156792,3.693059
12,32.4,1.363966,3.629765
12,32.8,1.655736,3.609913
12,33.2,2.047858,3.648865
12,33.6,2.517743,3.758886
12,34.0,3.00247,3.942533
12,34.4,3.433299,4.191556
12,34.8,3.763735,4.490554
12,35.2,3.972306,4.820982
12,35.6,4.053378,5.163585
12,36.0,4.007219,5.499257
12,36.4,3.831567,5.808659
12,36.8,3.511843,6.070419
12,37.2,2.999928,6.256375
12,37.6,2.13505,6.316125
12,38.0,0.598653,6.142182
12,38.4,0.418294,5.928132
12,38.8,0.437462,5.726706
12,39.2,0.459028,5.528534
12,39.6,0.482865,5.333933
12,40.0,0.509376,5.143303
13,0.0,2.866884,4.262823
13,0.4,3.133885,4.466601
13,0.8,3.332202,4.700435
13,1.2,3.441986,4.95093
13,1.6,3.450422,5.202827
13,2.0,3.345935,5.439218
13,2.4,3.10926,5.64045
13,2.8,2.694466,5.78035
13,3.2,1.967322,5.813974
13,3.6,0.710421,5.656701
13,4.0,0.470465,5.449003
13,4.4,0.493319,5.255876
13,4.8,0.52104,5.066992
13,5.2,0.552211,4.882777
13,5.6,0.58756,4.703853
13,6.0,0.628082,4.530993
13,6.4,0.675151,4.365173
13,6.8,0.730726,4.20766
13,7.2,0.797716,4.060152
13,7.6,0.880614,3.925008
13,8.0,0.986662,3.805657
13,8.4,1.127804,3.707288
13,8.8,1.323177,3.637934
13,9.2,1.598681,3.609569
13,9.6,1.973852,3.637383
13,10.0,2.434081,3.734716
13,10.4,2.921488,3.906059
13,10.8,3.365629,4.144827
13,11.2,3.715403,4.436527
13,11.6,3.945572,4.762934
13,12.0,4.048535,5.104811
13,12.4,4.024176,5.443025
13,12.8,3.871258,5.758356
13,13.2,3.578273,6.029998
13,13.6,3.105637,6.231552
13,14.0,2.32458,6.318722
13,14.4,0.828991,6.18711
13,14.8,0.415947,5.963007
13,15.2,0.43397,5.761015
13,15.6,0.455179,5.562266
13,16.0,0.478601,5.367026
13,16.4,0.504621,5.175684
13,16.8,0.533728,4.988701
13,17.2,0.566559,4.806634
13,17.6,0.603949,4.630163
13,18.0,0.647037,4.460139
13,18.4,0.69741,4.297647
13,18.8,0.757372,4.144114
13,19.2,0.830397,4.001482
13,19.6,0.921959,3.872499
13,20.0,1.040989,3.761228
13,20.4,1.202188,3.673907
13,20.8,1.428046,3.620137
13,21.2,1.744505,3.613551
13,21.6,2.160127,3.669434
13,22.0,2.640568,3.798099
13,22.4,3.11765,3.99924
13,22.8,3.526632,4.262397
13,23.2,3.827778,4.571057
13,23.6,4.004581,4.906337
13,24.0,4.053745,5.248991
13,24.4,3.975669,5.579938
13,24.8,3.766109,5.879569
13,25.2,3.404984,6.125453
13,25.6,2.828184,6.286139
13,26.0,1.810454,6.299215
13,26.4,0.451457,6.083447
13,26.8,0.422684,5.87742
13,27.2,0.442665,5.676792
13,27.6,0.464767,5.47948
13,28.0,0.489232,5.285832
13,28.4,0.516487,5.096267
13,28.8,0.547077,4.911283
13,29.2,0.581714,4.731484
13,29.6,0.621347,4.557617
13,30.0,0.667279,4.39062
13,30.4,0.721361,4.231708
13,30.8,0.786317,4.082498
13,31.2,0.866335,3.945225
13,31.6,0.96812,3.823115
13,32.0,1.102713,3.721018
13,32.4,1.287999,3.64644
13,32.8,1.549219,3.610703
13,33.2,1.908561,3.628705
13,33.6,2.358401,3.714571
13,34.0,2.846375,3.874501
13,34.4,3.301354,4.103522
13,34.8,3.668163,4.388086
13,35.2,3.91788,4.710323
13,35.6,4.040847,5.051049
13,36.0,4.036379,5.391093
13,36.4,3.903952,5.711311
13,36.8,3.634455,5.991316
13,37.2,3.194795,6.206051
13,37.6,2.479103,6.315677
13,38.0,1.10624,6.227042
13,38.4,0.415198,5.994995
13,38.8,0.430834,5.792424
13,39.2,0.451721,5.593157
13,39.6,0.474774,5.397344
13,40.0,0.500357,5.205363
14,0.0,1.617158,8.098294
14,0.4,0.299048,7.822102
14,0.8,0.308536,7.601347
14,1.2,0.319168,7.382213
14,1.6,0.330544,7.164785
14,2.0,0.342745,6.949186
14,2.4,0.355866,6.735553
14,2.8,0.370018,6.524042
14,3.2,0.385329,6.314826
14,3.6,0.401954,6.108102
14,4.0,0.420074,5.904093
14,4.4,0.439908,5.703056
14,4.8,0.461726,5.505289
14,5.2,0.485857,5.311136
14,5.6,0.512716,5.121006
14,6.0,0.54283,4.935386
14,6.4,0.576885,4.754865
14,6.8,0.615794,4.580166
14,7.2,0.660805,4.412201
14,7.6,0.71368,4.252141
14,8.0,0.777003,4.10154
14,8.4,0.85472,3.962536
14,8.8,0.953121,3.838193
14,9.2,1.082539,3.733098
14,9.6,1.259825,3.654336
14,10.0,1.509484,3.612682
14,10.4,1.855378,3.622703
14,10.8,2.295418,3.699034
14,11.2,2.782455,3.849252
14,11.6,3.245504,4.0698
14,12.0,3.626124,4.348009
14,12.4,3.892138,4.66637
14,12.8,4.031951,5.005761
14,13.2,4.044234,5.346984
14,13.6,3.928907,5.670934
14,14.0,3.678611,5.957517
14,14.4,3.264938,6.182635
14,14.8,2.597702,6.30956
14,15.2,1.345642,6.255937
14,15.6,0.417173,6.022116
14,16.0,0.428233,5.818933
14,16.4,0.44885,5.619235
14,16.8,0.471599,5.422946
14,17.2,0.496824,5.230437
14,17.6,0.524984,5.042144
14,18.0,0.556665,4.858596
14,18.4,0.592639,4.680432
14,18.8,0.633945,4.508449
14,19.2,0.682019,4.343656
14,19.6,0.738922,4.187368
14,20.0,0.807728,4.041353
14,20.4,0.893216,3.908088
14,20.8,1.003122,3.791185
14,21.2,1.150209,3.696145
14,21.6,1.354692,3.631473
14,22.0,1.642797,3.609689
14,22.4,2.0312,3.646133
14,22.8,2.499103,3.753326
14,23.2,2.984609,3.934259
14,23.6,3.418519,4.181043
14,24.0,3.753308,4.478467
14,24.4,3.966691,4.808051
14,24.8,4.052625,5.150541
14,25.2,4.011312,5.486826
14,25.6,3.840741,5.797598
14,26.0,3.527061,6.061621
14,26.4,3.024193,6.251155
14,26.8,2.17921,6.317281
14,27.2,0.640092,6.151924
14,27.6,0.417699,5.93587
14,28.0,0.436681,5.73432
14,28.4,0.458167,5.536019
14,28.8,0.481911,5.341276
14,29.2,0.508312,5.150486
14,29.6,0.537875,4.964124
14,30.0,0.57126,4.782761
14,30.4,0.609337,4.607096
14,30.8,0.653292,4.438007
14,31.2,0.704791,4.276619
14,31.6,0.766261,4.124414
14,32.0,0.841385,3.983421
14,32.4,0.935994,3.856528
14,32.8,1.059641,3.74803
14,33.2,1.227991,3.664541
14,33.6,1.464514,3.616194
14,34.0,1.794448,3.617083
14,34.4,2.221743,3.682273
14,34.8,2.705987,3.820874
14,35.2,3.177274,4.031067
14,35.6,3.57358,4.301329
14,36.0,3.858702,4.614651
14,36.4,4.018505,4.952023
14,36.8,4.050695,5.294218
14,37.2,3.955533,5.622151
14,37.6,3.727461,5.916017
14,38.0,3.342866,6.152684
14,38.4,2.726865,6.298506
14,38.8,1.609213,6.282754
14,39.2,0.427294,6.054783
14,39.6,0.425201,5.850484
14,40.0,0.445489,5.650281
15,0.0,3.979049,9.805058
15,0.4,1.350909,9.772084
15,0.8,0.241164,9.480971
15,1.2,0.247682,9.251119
15,1.6,0.25456,9.022298
15,2.0,0.261821,8.794567
15,2.4,0.269496,8.567985
15,2.8,0.277623,8.342623
15,3.2,0.286243,8.118553
15,3.6,0.295401,7.895856
15,4.0,0.305151,7.674621
15,4.4,0.315552,7.454945
15,4.8,0.326671,7.236936
15,5.2,0.338588,7.020714
15,5.6,0.351391,6.806411
15,6.0,0.365187,6.594176
15,6.4,0.380097,6.384176
15,6.8,0.396266,6.176599
15,7.2,0.413866,5.97166
15,7.6,0.433103,5.769603
15,8.0,0.454227,5.570712
15,8.4,0.477547,5.375314
15,8.8,0.503446,5.183796
15,9.2,0.53241,4.996616
15,9.6,0.565065,4.814325
15,10.0,0.60224,4.637598
15,10.4,0.645055,4.467277
15,10.8,0.695075,4.304436
15,11.2,0.754565,4.150485
15,11.6,0.826937,4.007337
15,12.0,0.917553,3.877697
15,12.4,1.035155,3.765559
15,12.8,1.194143,3.677043
15,13.2,1.41668,3.621583
15,13.6,1.728848,3.612655
15,14.0,2.140582,3.665588
15,14.4,2.619527,3.791058
15,14.8,3.098222,3.989248
15,15.2,3.511131,4.250059
15,15.6,3.817369,4.557149
15,16.0,3.999625,4.891685
15,16.4,4.054246,5.234415
15,16.8,3.981646,5.566256
15,17.2,3.777962,5.867656
15,17.6,3.424152,6.116386
15,18.0,2.859202,6.281629
15,18.4,1.870666,6.303341
15,18.8,0.464732,6.09294
15,19.2,0.421894,5.886087
15,19.6,0.441765,5.685322
15,20.0,0.463774,5.487861
15,20.4,0.48813,5.294048
15,20.8,0.515255,5.104299
15,21.2,0.545689,4.919107
15,21.6,0.580135,4.739072
15,22.0,0.61953,4.564933
15,22.4,0.66516,4.397619
15,22.8,0.718844,4.23833
15,23.2,0.783262,4.088664
15,23.6,0.86252,3.950823
15,24.0,0.963185,3.827978
15,24.4,1.096064,3.724894
15,24.8,1.278701,3.648934
15,25.2,1.536115,3.611246
15,25.6,1.891092,3.626625
15,26.0,2.337848,3.709379
15,26.4,2.825659,3.866161
15,26.8,3.283371,4.092454
15,27.2,3.654724,4.374986
15,27.6,3.909756,4.696001
15,28.0,4.038199,5.036329
15,28.4,4.039174,5.376793
15,28.8,3.912319,5.698262
15,29.2,3.649116,5.980451
15,29.6,3.218067,6.198629
15,30.0,2.51872,6.314028
15,30.4,1.18496,6.237023
15,30.8,0.415465,6.003785
15,31.2,0.429984,5.801034
15,31.6,0.450784,5.601626
15,32.0,0.473737,5.405658
15,32.4,0.499203,5.213504
15,32.8,0.52765,5.025611
15,33.2,0.559679,4.842514
15,33.6,0.596081,4.664865
15,34.0,0.637923,4.493478
15,34.4,0.686687,4.329383
15,34.8,0.744506,4.173929
15,35.2,0.81457,4.028935
15,35.6,0.901861,3.896958
15,36.0,1.014464,3.781742
15,36.4,1.165716,3.689005
15,36.8,1.376549,3.627581
15,37.2,1.673258,3.610345
15,37.6,2.070297,3.652678
15,38.0,2.542679,3.766483
15,38.4,3.026204,3.953735
15,38.8,3.452812,4.205714
15,39.2,3.777387,4.506772
15,39.6,3.979518,4.838285
15,40.0,4.054097,5.180995
16,0.0,2.303301,6.222758
16,0.4,0.870496,6.097078
16,0.8,0.424778,5.873605
16,1.2,0.443077,5.672952
16,1.6,0.465215,5.475707
16,2.0,0.48973,5.282135
16,2.4,0.517043,5.092653
16,2.8,0.547704,4.907763
16,3.2,0.582428,4.728071
16,3.6,0.622168,4.554326
16,4.0,0.668239,4.387473
16,4.4,0.722501,4.228731
16,4.8,0.787702,4.079727
16,5.2,0.868066,3.942713
16,5.6,0.970361,3.820936
16,6.0,1.105738,3.719289
16,6.4,1.292233,3.64534
16,6.8,1.555181,3.610491
16,7.2,1.916485,3.629683
16,7.6,2.367682,3.716955
16,8.0,2.855685,3.878299
16,8.4,3.3094,4.108541
16,8.8,3.674144,4.394008
16,9.2,3.921462,4.716785
16,9.6,4.041963,5.057678
16,10.0,4.035043,5.397522
16,10.4,3.900103,5.717164
16,10.8,3.627753,5.996171
16,11.2,3.18416,6.209333
16,11.6,2.460904,6.31631
16,12.0,1.070792,6.222382
16,12.4,0.415163,5.991042
16,12.8,0.431217,5.788549
16,13.2,0.452144,5.589345
16,13.6,0.475242,5.393602
16,14.0,0.500879,5.2017
16,14.4,0.529529,5.014088
16,14.8,0.561804,4.831309
16,15.2,0.59851,4.654024
16,15.6,0.640733,4.483056
16,16.0,0.68999,4.319455
16,16.4,0.748463,4.164592
16,16.8,0.819428,4.020323
16,17.2,0.908014,3.889263
16,17.6,1.022562,3.775252
16,18.0,1.176821,3.684164
16,18.4,1.392218,3.625068
16,18.8,1.695019,3.611083
16,19.2,2.097975,3.657588
16,19.6,2.573166,3.77602
16,20.0,3.054977,3.967643
16,20.4,3.476273,4.223175
16,20.8,3.793622,4.526684
16,21.2,3.987874,4.859453
16,21.6,4.054528,5.202226
16,22.0,3.993974,5.535914
16,22.4,3.803129,5.84107
16,22.8,3.465094,6.095881
16,23.2,2.925121,6.27082
16,23.6,1.996298,6.310579
16,24.0,0.508771,6.114584
16,24.4,0.420198,5.905204
16,24.8,0.439796,5.704139
16,25.2,0.461602,5.506353
16,25.6,0.485719,5.312179
16,26.0,0.512562,5.122027
16,26.4,0.542657,4.936381
16,26.8,0.576688,4.75583
16,27.2,0.615568,4.581097
16,27.6,0.660541,4.413093
16,28.0,0.713367,4.252986
16,28.4,0.776624,4.102329
16,28.8,0.85425,3.963254
16,29.2,0.952515,3.838821
16,29.6,1.081726,3.733606
16,30.0,1.258693,3.654675
16,30.4,1.507885,3.612783
16,30.8,1.853225,3.622481
16,31.2,2.292842,3.698422
16,31.6,2.779812,3.848238
16,32.0,3.243172,4.068433
16,32.4,3.62435,4.346374
16,32.8,3.89103,4.664568
16,33.2,4.031537,5.003896
16,33.6,4.04451,5.345161
16,34.0,3.929885,5.669257
16,34.4,3.680369,5.956103
16,34.8,3.267735,6.181635
16,35.2,2.602383,6.309243
16,35.6,1.355238,6.257007
16,36.0,0.417344,6.023239
16,36.4,0.428127,5.820026
16,36.8,0.448733,5.62031
16,37.2,0.471469,5.424002
16,37.6,0.49668,5.231471
16,38.0,0.524822,5.043154
16,38.4,0.556482,4.859578
16,38.8,0.592431,4.681383
16,39.2,0.633704,4.509364
16,39.6,0.681736,4.344529
16,40.0,0.738584,4.18819
17,0.0,2.878223,5.136828
17,0.4,2.673755,5.272611
17,0.8,2.298455,5.353045
17,1.2,1.623855,5.334718
17,1.6,0.67816,5.165806
17,2.0,0.540051,4.973434
17,2.4,0.569594,4.79168
17,2.8,0.607315,4.615709
17,3.2,0.650938,4.446268
17,3.6,0.702011,4.284464
17,4.0,0.762909,4.131758
17,4.4,0.837237,3.990146
17,4.8,0.930688,3.862463
17,5.2,1.052577,3.752915
17,5.6,1.218204,3.667972
17,6.0,1.450681,3.617569
17,6.4,1.775558,3.615629
17,6.8,2.198569,3.677317
17,7.2,2.681543,3.812205
17,7.6,3.155132,4.019037
17,8.0,3.556255,4.286677
17,8.4,3.8474,4.598296
17,8.8,4.013564,4.934926
17,9.2,4.052099,5.277332
17,9.6,3.963336,5.606433
17,10.0,3.742228,5.902501
17,10.4,3.366539,6.14268
17,10.8,2.765632,6.294185
17,11.2,1.686986,6.289572
17,11.6,0.433939,6.065377
17,12.0,0.424251,5.86055
17,12.4,0.444428,5.660188
17,12.8,0.466714,5.463167
17,13.2,0.491394,5.269844
17,13.6,0.518904,5.080641
17,14.0,0.549803,4.896065
17,14.4,0.584816,4.716731
17,14.8,0.624919,4.543398
17,15.2,0.671452,4.377025
17,15.6,0.726322,4.218854
17,16.0,0.792349,4.070544
17,16.4,0.873883,3.934397
17,16.8,0.977906,3.813743
17,17.2,1.115936,3.713611
17,17.6,1.306521,3.641783
17,18.0,1.575286,3.609931
17,18.4,1.943099,3.633121
17,18.8,2.398657,3.725085
17,19.2,2.886555,3.89112
17,19.6,3.335917,4.125383
17,20.0,3.693721,4.413808
17,20.4,3.933037,4.738328
17,20.8,4.045335,5.079726
17,21.2,4.03026,5.418853
17,21.6,3.886933,5.736526
17,22.0,3.605011,6.012148
17,22.4,3.148076,6.219973
17,22.8,2.398696,6.317903
17,23.2,0.954394,6.20626
17,23.6,0.415342,5.977914
17,24.0,0.4325,5.775664
17,24.4,0.453559,5.576673
17,24.8,0.476807,5.381164
17,25.2,0.502622,5.189523
17,25.6,0.531484,5.002204
17,26.0,0.564017,4.819756
17,26.4,0.601041,4.64285
17,26.8,0.643665,4.472321
17,27.2,0.693438,4.309235
17,27.6,0.7526,4.15499
17,28.0,0.824516,4.011481
17,28.4,0.914474,3.881382
17,28.8,1.031085,3.768639
17,29.2,1.188539,3.679291
17,29.6,1.408763,3.622654
17,30.0,1.717919,3.612092
17,30.4,2.126873,3.662956
17,30.8,2.604685,3.786173
17,31.2,3.084444,3.982271
17,31.6,3.500077,4.241408
17,32.0,3.809889,4.54737
17,32.4,3.995988,4.881359
17,32.8,4.05446,5.224121
17,33.2,3.985717,5.556573
17,33.6,3.786159,5.859195
17,34.0,3.437449,6.1099
17,34.4,2.880659,6.278298
17,34.8,1.911909,6.305929
17,35.2,0.476366,6.099749
17,35.6,0.421343,5.892203
17,36.0,0.441133,5.691342
17,36.4,0.463077,5.493776
17,36.8,0.487356,5.299848
17,37.2,0.51439,5.109969
17,37.6,0.544715,4.924631
17,38.0,0.579027,4.74443
17,38.4,0.618256,4.5701
17,38.8,0.663674,4.402564
17,39.2,0.717081,4.243012
17,39.6,0.781124,4.093027
17,40.0,0.859853,3.954788
18,0.0,1.519686,6.85423
18,0.4,0.368702,6.60488
18,0.8,0.379332,6.394533
18,1.2,0.395432,6.186831
18,1.6,0.412956,5.981755
18,2.0,0.432107,5.779549
18,2.4,0.453131,5.580494
18,2.8,0.476334,5.384914
18,3.2,0.502095,5.193194
18,3.6,0.530893,5.005786
18,4.0,0.563348,4.823238
18,4.4,0.600275,4.646217
18,4.8,0.642777,4.475556
18,5.2,0.692394,4.312314
18,5.6,0.751346,4.157882
18,6.0,0.822974,4.014142
18,6.4,0.912514,3.883752
18,6.8,1.028497,3.770624
18,7.2,1.184978,3.680747
18,7.6,1.403734,3.623363
18,8.0,1.710967,3.611761
18,8.4,2.118124,3.661305
18,8.8,2.595176,3.783078
18,9.2,3.075583,3.977831
18,9.6,3.492943,4.235888
18,10.0,3.805036,4.541118
18,10.4,3.993596,4.874747
18,10.8,4.054536,5.217521
18,11.2,3.988264,5.550354
18,11.6,3.791341,5.85375
18,12.0,3.445873,6.105706
18,12.4,2.894228,6.276099
18,12.8,1.937816,6.307451
18,13.2,0.48496,6.104167
18,13.6,0.420994,5.896123
18,14.0,0.440729,5.695201
18,14.4,0.462631,5.497568
18,14.8,0.486861,5.303566
18,15.2,0.513837,5.113604
18,15.6,0.544092,4.928173
18,16.0,0.57832,4.747866
18,16.4,0.617442,4.573414
18,16.8,0.662725,4.405737
18,17.2,0.715956,4.246017
18,17.6,0.77976,4.095827
18,18.0,0.858154,3.957335
18,18.4,0.957547,3.833651
18,18.8,1.088481,3.72944
18,19.2,1.268112,3.651908
18,19.6,1.521179,3.611995
18,20.0,1.871097,3.624374
18,20.4,2.31416,3.703541
18,20.8,2.801613,3.85667
18,21.2,3.262356,4.079775
18,21.6,3.638902,4.359916
18,22.0,3.900063,4.67947
18,22.4,4.034842,5.019295
18,22.8,4.042118,5.3602
18,23.2,3.921693,5.683071
18,23.6,3.665708,5.967732
18,24.0,3.244423,6.189812
18,24.4,2.563262,6.311708
18,24.8,1.275199,6.247879
18,25.2,0.416186,6.013985
18,25.6,0.429006,5.811004
18,26.0,0.449704,5.611435
18,26.4,0.472543,5.415288
18,26.8,0.497875,5.222935
18,27.2,0.526161,5.034819
18,27.6,0.557995,4.85147
18,28.0,0.594158,4.673533
18,28.4,0.6357,4.501813
18,28.8,0.684077,4.337328
18,29.2,0.741383,4.181407
18,29.6,0.810741,4.035842
18,30.0,0.89702,3.903143
18,30.4,1.008107,3.786983
18,30.8,1.157019,3.692954
18,31.2,1.364287,3.629707
18,31.6,1.656183,3.609922
18,32.0,2.048432,3.648961
18,32.4,2.518383,3.759079
18,32.8,3.003082,3.942818
18,33.2,3.433804,4.191918
18,33.6,3.76409,4.490969
18,34.0,3.972496,4.821426
18,34.4,4.053401,5.164032
18,34.8,4.007075,5.499683
18,35.2,3.831248,5.809037
18,35.6,3.511317,6.070719
18,36.0,2.999087,6.256551
18,36.4,2.133512,6.316079
18,36.8,0.597336,6.141852
18,37.2,0.418315,5.927866
18,37.6,0.437489,5.726445
18,38.0,0.459058,5.528277
18,38.4,0.482898,5.333681
18,38.8,0.509413,5.143057
18,39.2,0.539114,4.95688
18,39.6,0.572665,4.775727
18,40.0,0.610948,4.600303
19,0.0,1.907637,8.018884
19,0.4,0.303603,7.746857
19,0.8,0.312077,7.526559
19,1.2,0.322954,7.307993
19,1.6,0.3346,7.091173
19,2.0,0.347103,6.876227
19,2.4,0.360562,6.663298
19,2.8,0.375093,6.452548
19,3.2,0.390833,6.244157
19,3.6,0.407945,6.038331
19,4.0,0.426621,5.835303
19,4.4,0.447098,5.635343
19,4.8,0.469663,5.438765
19,5.2,0.494671,5.245932
19,5.6,0.522572,5.057279
19,6.0,0.553942,4.873322
19,6.4,0.589533,4.694694
19,6.8,0.630357,4.522174
19,7.2,0.677814,4.356753
19,7.6,0.733902,4.199715
19,8.0,0.801591,4.052784
19,8.4,0.885486,3.918367
19,8.8,0.993015,3.799961
19,9.2,1.136437,3.702874
19,9.6,1.33531,3.635323
19,10.0,1.61569,3.609495
19,10.4,1.996063,3.64065
19,10.8,2.459423,3.741825
19,11.2,2.946242,3.916929
19,11.6,3.386492,4.158859
19,12.0,3.730463,4.452834
19,12.4,3.95409,4.780522
19,12.8,4.050401,5.122679
19,13.2,4.019423,5.460181
19,13.6,3.859636,5.773775
19,14.0,3.55865,6.042497
19,14.4,3.074462,6.239448
19,14.8,2.26944,6.318626
19,15.2,0.747789,6.173268
19,15.6,0.416555,5.9524
19,16.0,0.435025,5.750584
19,16.4,0.456341,5.552009
19,16.8,0.479888,5.356962
19,17.2,0.506055,5.165835
19,17.6,0.53534,4.979093
19,18.0,0.568385,4.797299
19,18.4,0.606041,4.621141
19,18.8,0.649464,4.45148
19,19.2,0.700272,4.289416
19,19.6,0.760815,4.136398
19,20.0,0.834649,3.9944
19,20.4,0.927381,3.866224
19,20.8,1.048183,3.756023
19,21.2,1.212125,3.670178
19,21.6,1.442089,3.618496
19,22.0,1.763791,3.614795
19,22.4,2.184053,3.674291
19,22.8,2.666133,3.806838
19,23.2,3.14109,4.011538
19,23.6,3.545201,4.277506
19,24.0,3.84012,4.588027
19,24.4,4.010289,4.924165
19,24.8,4.052822,5.26668
19,25.2,3.968083,5.596491
19,25.6,3.751335,5.893918
19,26.0,3.381175,6.136268
19,26.4,2.789502,6.291275
19,26.8,1.734412,6.293455
19,27.2,0.439443,6.072119
19,27.6,0.423658,5.866895
19,28.0,0.443763,5.666432
19,28.4,0.465979,5.469301
19,28.8,0.490578,5.275856
19,29.2,0.517992,5.086516
19,29.6,0.548774,4.901786
19,30.0,0.583645,4.722277
19,30.4,0.62357,4.548742
19,30.8,0.669875,4.382133
19,31.2,0.724447,4.223682
19,31.6,0.790068,4.075031
19,32.0,0.871025,3.938458
19,32.4,0.974197,3.817252
19,32.8,1.11092,3.716375
19,33.2,1.299489,3.643503
19,33.6,1.565396,3.610177
19,34.0,1.930028,3.631403
19,34.4,2.383482,3.721068
19,34.8,2.871469,3.884811
19,35.2,3.32299,4.117113
19,35.6,3.684203,4.404101
19,36.0,3.927439,4.727778
19,36.4,4.043751,5.068939
19,36.8,4.032666,5.408426
19,37.2,3.893447,5.727073
19,37.6,3.616225,6.004364
19,38.0,3.165869,6.21482
19,38.4,2.429462,6.317223
19,38.8,1.010923,6.214257
19,39.2,0.415204,5.984334
19,39.6,0.431871,5.781967
19,40.0,0.452865,5.582872
20,0.0,2.748608,8.996069
20,0.4,0.275093,8.744773
20,0.8,0.271264,8.517735
20,1.2,0.279497,8.292654
20,1.6,0.288232,8.068882
20,2.0,0.297517,7.846503
20,2.4,0.307407,7.625606
20,2.8,0.317961,7.406291
20,3.2,0.329251,7.188669
20,3.6,0.341356,6.972862
20,4.0,0.354371,6.759005
20,4.4,0.368403,6.547252
20,4.8,0.38358,6.337774
20,5.2,0.400051,6.130764
20,5.6,0.417996,5.926444
20,6.0,0.43763,5.725066
20,6.4,0.459214,5.526922
20,6.8,0.483072,5.332352
20,7.2,0.509606,5.141756
20,7.6,0.539331,4.955612
20,8.0,0.572912,4.774496
20,8.4,0.611231,4.599115
20,8.8,0.655494,4.430356
20,9.2,0.707394,4.269356
20,9.6,0.769402,4.11762
20,10.0,0.845279,3.977208
20,10.4,0.940984,3.851058
20,10.8,1.066297,3.74355
20,11.2,1.237228,3.661432
20,11.6,1.477567,3.615027
20,12.0,1.812211,3.618577
20,12.4,2.243391,3.68704
20,12.8,2.72865,3.829083
20,13.2,3.197659,4.042371
20,13.6,3.589412,4.315027
20,14.0,3.868913,4.629889
20,14.4,4.022807,4.967907
20,14.8,4.049108,5.309862
20,15.2,3.947997,5.636668
20,15.6,3.713411,5.928439
20,16.0,3.3204,6.161775
20,16.4,2.689881,6.30218
20,16.8,1.534272,6.275689
20,17.2,0.422922,6.045045
20,17.6,0.42609,5.841145
20,18.0,0.446477,5.641091
20,18.4,0.468977,5.444409
20,18.8,0.493909,5.251463
20,19.2,0.521718,5.062681
20,19.6,0.552978,4.87858
20,20.0,0.588433,4.699787
20,20.4,0.629089,4.527078
20,20.8,0.67633,4.361435
20,21.2,0.732132,4.204132
20,21.6,0.79943,4.056879
20,22.0,0.882768,3.922056
20,22.4,0.989469,3.803123
20,22.8,1.131616,3.70532
20,23.2,1.328533,3.636762
20,23.6,1.606193,3.609517
20,24.0,1.983677,3.638809
20,24.4,2.445315,3.737845
20,24.8,2.932486,3.910859
20,25.2,3.374918,4.151035
20,25.6,3.722126,4.44375
20,26.0,3.949394,4.770732
20,26.4,4.049406,5.11274
20,26.8,4.02211,5.450644
20,27.2,3.866148,5.765212
20,27.6,3.569626,6.035566
20,28.0,3.091903,6.235093
20,28.4,2.300363,6.318751
20,28.8,0.791945,6.180971
20,29.2,0.416202,5.958299
20,29.6,0.434438,5.756386
20,30.0,0.455694,5.557714
20,30.4,0.479171,5.36256
20,30.8,0.505256,5.171313
20,31.2,0.534442,4.984437
20,31.6,0.567367,4.802491
20,32.0,0.604876,4.626158
20,32.4,0.648111,4.456295
20,32.8,0.698677,4.293992
20,33.2,0.758895,4.140687
20,33.6,0.832277,3.998336
20,34.0,0.924355,3.869709
20,34.4,1.044167,3.758911
20,34.8,1.206575,3.672241
20,35.2,1.434246,3.619393
20,35.6,1.753027,3.614082
20,36.0,2.17072,3.671564
20,36.4,2.651912,3.801952
20,36.8,3.128074,4.004675
20,37.2,3.534907,4.269085
20,37.6,3.833296,4.578577
20,38.0,4.007156,4.914245
20,38.4,4.053378,5.256843
20,38.8,3.972347,5.587293
20,39.2,3.759604,5.885953
20,39.6,3.39449,6.13028
20,40.0,2.811157,6.288465
21,0.0,3.80106,5.8742
21,0.4,3.448143,6.126516
21,0.8,2.886178,6.295761
21,1.2,1.908368,6.322956
21,1.6,0.471161,6.115312
21,2.0,0.419875,5.90773
21,2.4,0.439537,5.70663
21,2.8,0.461316,5.508801
21,3.2,0.485402,5.31458
21,3.6,0.512208,5.124374
21,4.0,0.542258,4.938669
21,4.4,0.576236,4.75805
21,4.8,0.615048,4.58324
21,5.2,0.659935,4.415145
21,5.6,0.71265,4.254931
21,6.0,0.775756,4.104144
21,6.4,0.853169,3.964908
21,6.8,0.951124,3.840268
21,7.2,1.079861,3.734775
21,7.6,1.256095,3.655459
21,8.0,1.504217,3.613021
21,8.4,1.848282,3.621978
21,8.8,2.286921,3.697023
21,9.2,2.77373,3.845915
21,9.6,3.237798,4.065295
21,10.0,3.620254,4.342616
21,10.4,3.888469,4.660424
21,10.8,4.03057,4.999607
21,11.2,4.045131,5.340966
21,11.6,3.932119,5.665395
21,12.0,3.684396,5.952841
21,12.4,3.274143,6.179323
21,12.8,2.613093,6.308496
21,13.2,1.377199,6.259429
21,13.6,0.417773,6.025823
21,14.0,0.427883,5.82254
21,14.4,0.448463,5.622784
21,14.8,0.471171,5.426431
21,15.2,0.496348,5.23385
21,15.6,0.52445,5.045477
21,16.0,0.556062,4.861839
21,16.4,0.591952,4.683572
21,16.8,0.63315,4.51147
21,17.2,0.681087,4.346538
21,17.6,0.737809,4.190084
21,18.0,0.806366,4.043866
21,18.4,0.891499,3.910344
21,18.8,1.000873,3.793108
21,19.2,1.147142,3.697611
21,19.6,1.350373,3.632298
21,20.0,1.636763,3.609614
21,20.4,2.023407,3.644884
21,20.8,2.490345,3.750749
21,21.2,2.976182,3.930401
21,21.6,3.411516,4.176124
21,22.0,3.748342,4.472798
21,22.4,3.963986,4.801975
21,22.8,4.052207,5.144403
21,23.2,4.013173,5.480967
21,23.6,3.844985,5.792373
21,24.0,3.534126,6.057446
21,24.4,3.035447,6.248641
21,24.8,2.199556,6.317707
21,25.2,0.661619,6.156574
21,25.6,0.417431,5.939511
21,26.0,0.436315,5.737903
21,26.4,0.457763,5.539542
21,26.8,0.481464,5.344731
21,27.2,0.507813,5.153867
21,27.6,0.537314,4.967421
21,28.0,0.570624,4.785962
21,28.4,0.608607,4.610188
21,28.8,0.652444,4.440973
21,29.2,0.703789,4.279434
21,29.6,0.765053,4.127049
21,30.0,0.839889,3.985833
21,30.4,0.93408,3.858655
21,30.8,1.057091,3.749778
21,31.2,1.224456,3.665764
21,31.6,1.459517,3.616674
21,32.0,1.787633,3.616543
21,32.4,2.213401,3.680472
21,32.8,2.697209,3.817739
21,33.2,3.169341,4.026728
21,33.6,3.567388,4.296053
21,34.0,3.854678,4.608769
21,34.4,4.016767,4.94588
21,34.8,4.051236,5.288155
21,35.2,3.958374,5.616513
21,35.6,3.732809,5.911177
21,36.0,3.351433,6.149115
21,36.4,2.740916,6.296997
21,36.8,1.637504,6.285297
21,37.2,0.42942,6.058575
21,37.6,0.424859,5.854099
21,38.0,0.445107,5.653839
21,38.4,0.467463,5.456931
21,38.8,0.492227,5.263732
21,39.2,0.519836,5.074669
21,39.6,0.550853,4.89025
21,40.0,0.586013,4.711095
22,0.0,4.329039,8.828586
22,0.4,2.720143,8.980374
22,0.8,0.274385,8.726871
22,1.2,0.271893,8.500009
22,1.6,0.280164,8.275028
22,2.0,0.288941,8.051362
22,2.4,0.298272,7.829096
22,2.8,0.308211,7.608319
22,3.2,0.31882,7.389134
22,3.6,0.330171,7.17165
22,4.0,0.342344,6.95599
22,4.4,0.355435,6.742294
22,4.8,0.369552,6.530713
22,5.2,0.384825,6.321421
22,5.6,0.401405,6.114614
22,6.0,0.419474,5.910516
22,6.4,0.439251,5.70938
22,6.8,0.461001,5.511504
22,7.2,0.485053,5.317231
22,7.6,0.511818,5.126967
22,8.0,0.541819,4.941195
22,8.4,0.575737,4.760502
22,8.8,0.614475,4.585606
22,9.2,0.659268,4.417411
22,9.6,0.71186,4.257079
22,10.0,0.7748,4.106149
22,10.4,0.851981,3.966736
22,10.8,0.949594,3.841868
22,11.2,1.077812,3.736071
22,11.6,1.25324,3.656331
22,12.0,1.500186,3.613293
22,12.4,1.842843,3.621434
22,12.8,2.280394,3.695492
22,13.2,2.767013,3.843364
22,13.6,3.231851,4.061841
22,14.0,3.615712,4.338475
22,14.4,3.885618,4.655854
22,14.8,4.029481,4.994874
22,15.2,4.045793,5.336331
22,15.6,3.934561,5.661127
22,16.0,3.688812,5.949231
22,16.4,3.281174,6.176754
22,16.8,2.624823,6.307641
22,17.2,1.401255,6.262041
22,17.6,0.418309,6.028679
22,18.0,0.427614,5.825315
22,18.4,0.448165,5.625515
22,18.8,0.470842,5.429113
22,19.2,0.495982,5.236477
22,19.6,0.524041,5.048043
22,20.0,0.5556,4.864335
22,20.4,0.591424,4.685989
22,20.8,0.63254,4.513796
22,21.2,0.680372,4.348757
22,21.6,0.736955,4.192175
22,22.0,0.805322,4.045802
22,22.4,0.890183,3.912084
22,22.8,0.999152,3.794591
22,23.2,1.144794,3.698746
22,23.6,1.347068,3.632941
22,24.0,1.632144,3.609568
22,24.4,2.017429,3.643938
22,24.8,2.483611,3.748782
22,25.2,2.969686,3.927448
22,25.6,3.406107,4.172351
22,26.0,3.744494,4.468444
22,26.4,3.961877,4.797304
22,26.8,4.051858,5.139679
22,27.2,4.014576,5.476454
22,27.6,3.84822,5.788343
22,28.0,3.539522,6.054219
22,28.4,3.044038,6.246681
22,28.8,2.215029,6.317984
22,29.2,0.679056,6.160176
22,29.6,0.41723,5.942313
22,30.0,0.436034,5.740661
22,30.4,0.457453,5.542253
22,30.8,0.48112,5.34739
22,31.2,0.507429,5.156469
22,31.6,0.536884,4.969958
22,32.0,0.570135,4.788426
22,32.4,0.608047,4.612569
22,32.8,0.651793,4.443256
22,33.2,0.703021,4.281603
22,33.6,0.764127,4.129079
22,34.0,0.838743,3.987692
22,34.4,0.932613,3.860295
22,34.8,1.055138,3.751128
22,35.2,1.221751,3.666712
22,35.6,1.455694,3.617054
22,36.0,1.782411,3.616141
22,36.4,2.206995,3.679102
22,36.8,2.690453,3.815343
22,37.2,3.163222,4.023403
22,37.6,3.5626,4.292003
22,38.0,3.851554,4.604248
22,38.4,4.015401,4.941154
22,38.8,4.051624,5.283488
22,39.2,3.960531,5.612169
22,39.6,3.736891,5.907442
22,40.0,3.357976,6.14635
23,0.0,2.549914,5.729969
23,0.4,1.754822,5.732502
23,0.8,0.586339,5.547962
23,1.2,0.482138,5.347571
23,1.6,0.507421,5.156603
23,2.0,0.536862,4.970089
23,2.4,0.57011,4.788553
23,2.8,0.608018,4.612691
23,3.2,0.65176,4.443373
23,3.6,0.702981,4.281714
23,4.0,0.764079,4.129183
23,4.4,0.838684,3.987788
23,4.8,0.932538,3.86038
23,5.2,1.055038,3.751198
23,5.6,1.221612,3.666761
23,6.0,1.455498,3.617074
23,6.4,1.782143,3.61612
23,6.8,2.206666,3.679032
23,7.2,2.690105,3.81522
23,7.6,3.162906,4.023232
23,8.0,3.562353,4.291795
23,8.4,3.851393,4.604016
23,8.8,4.01533,4.940911
23,9.2,4.051643,5.283248
23,9.6,3.960641,5.611946
23,10.0,3.7371,5.907249
23,10.4,3.358311,6.146208
23,10.8,2.75218,6.29574
23,11.2,1.660101,6.287277
23,11.6,0.431347,6.061653
23,12.0,0.424583,5.857025
23,12.4,0.444799,5.656718
23,12.8,0.467123,5.459759
23,13.2,0.491849,5.266504
23,13.6,0.519413,5.077377
23,14.0,0.550376,4.892887
23,14.4,0.585469,4.71365
23,14.8,0.625672,4.54043
23,15.2,0.672332,4.374188
23,15.6,0.727369,4.216174
23,16.0,0.793624,4.068054
23,16.4,0.87548,3.932145
23,16.8,0.979982,3.8118
23,17.2,1.118747,3.712086
23,17.6,1.310463,3.640844
23,18.0,1.580827,3.609817
23,18.4,1.950404,3.634106
23,18.8,2.407108,3.72735
23,19.2,2.894924,3.894657
23,19.6,3.343064,4.130004
23,20.0,3.698962,4.419221
23,20.4,3.936095,4.744201
23,20.8,4.046162,5.085723
23,21.2,4.028868,5.424641
23,21.6,3.883254,5.741764
23,22.0,3.598704,6.016446
23,22.4,3.138067,6.222793
23,22.8,2.381313,6.318197
23,23.2,0.92351,6.201741
23,23.6,0.415454,5.974349
23,24.0,0.432851,5.772162
23,24.4,0.453945,5.573228
23,24.8,0.477235,5.377784
23,25.2,0.503098,5.186213
23,25.6,0.532019,4.998974
23,26.0,0.564622,4.816617
23,26.4,0.601733,4.639815
23,26.8,0.644467,4.469406
23,27.2,0.694383,4.306461
23,27.6,0.753734,4.152386
23,28.0,0.825913,4.009085
23,28.4,0.91625,3.879251
23,28.8,1.033433,3.766857
23,29.2,1.19177,3.677989
23,29.6,1.413328,3.62203
23,30.0,1.724223,3.612411
23,30.4,2.134786,3.664469
23,30.8,2.613261,3.788987
23,31.2,3.092413,3.986296
23,31.6,3.506476,4.246402
23,32.0,3.814225,4.553018
23,32.4,3.998104,4.887325
23,32.8,4.05435,5.23007
23,33.2,3.983379,5.562171
23,33.6,3.781439,5.86409
23,34.0,3.429788,6.113657
23,34.4,2.868303,6.280238
23,34.8,1.888199,6.304466
23,35.2,0.469394,6.095802
23,35.6,0.421661,5.888668
23,36.0,0.441498,5.687863
23,36.4,0.463479,5.490358
23,36.8,0.487803,5.296496
23,37.2,0.514889,5.106692
23,37.6,0.545277,4.921439
23,38.0,0.579667,4.741333
23,38.4,0.618992,4.567113
23,38.8,0.664532,4.399706
23,39.2,0.718099,4.240306
23,39.6,0.782358,4.090505
23,40.0,0.861392,3.952495
24,0.0,3.729982,4.838515
24,0.4,3.803579,5.143513
24,0.8,3.758082,5.441745
24,1.2,3.586177,5.714332
24,1.6,3.267365,5.939504
24,2.0,2.742032,6.087084
24,2.4,1.811863,6.099475
24,2.8,0.495415,5.895596
24,3.2,0.441401,5.691149
24,3.6,0.463101,5.493575
24,4.0,0.487382,5.299651
24,4.4,0.514419,5.109776
24,4.8,0.544748,4.924444
24,5.2,0.579065,4.744248
24,5.6,0.618299,4.569925
24,6.0,0.663724,4.402396
24,6.4,0.717141,4.242853
24,6.8,0.781196,4.092878
24,7.2,0.859943,3.954653
24,7.6,0.959856,3.831312
24,8.0,1.091584,3.727562
24,8.4,1.272444,3.650674
24,8.8,1.527291,3.611671
24,9.2,1.87929,3.625279
24,9.6,2.323887,3.705919
24,10.0,2.81151,3.860551
24,10.4,3.271023,4.084972
24,10.8,3.645443,4.366101
24,11.2,3.904087,4.686262
24,11.6,4.03626,5.026299
24,12.0,4.040945,5.367029
24,12.4,3.917878,5.689329
24,12.8,3.658933,5.972981
24,13.2,3.233659,6.193467
24,13.6,2.545111,6.312715
24,14.0,1.238267,6.243509
24,14.4,0.415827,6.009787
24,14.8,0.429408,5.806903
24,15.2,0.450148,5.6074
24,15.6,0.473034,5.411327
24,16.0,0.49842,5.219056
24,16.4,0.526772,5.031031
24,16.8,0.558686,4.847785
24,17.2,0.594947,4.669967
24,17.6,0.636612,4.498383
24,18.0,0.685148,4.334058
24,18.4,0.742664,4.178329
24,18.8,0.812311,4.032998
24,19.2,0.899003,3.900595
24,19.6,1.01071,3.784821
24,20.0,1.160578,3.691321
24,20.4,1.369304,3.62882
24,20.8,1.663174,3.610078
24,21.2,2.057399,3.650468
24,21.6,2.52837,3.762101
24,22.0,3.012607,3.947288
24,22.4,3.441651,4.197576
24,22.8,3.769594,4.497459
24,23.2,3.975421,4.828356
24,23.6,4.053725,5.171009
24,24.0,4.004804,5.50632
24,24.4,3.82625,5.814928
24,24.8,3.503057,6.075381
24,25.2,2.9859,6.259271
24,25.6,2.109333,6.31531
24,26.0,0.577673,6.13673
24,26.4,0.418645,5.923727
24,26.8,0.437908,5.722371
24,27.2,0.45952,5.524273
24,27.6,0.483411,5.329753
24,28.0,0.509985,5.139215
24,28.4,0.539757,4.953134
24,28.8,0.573395,4.77209
24,29.2,0.611786,4.596792
24,29.6,0.656139,4.428129
24,30.0,0.708156,4.267244
24,30.4,0.770323,4.115645
24,30.8,0.846421,3.975403
24,31.2,0.94245,3.849471
24,31.6,1.068255,3.742254
24,32.0,1.239947,3.66054
24,32.4,1.481409,3.614708
24,32.8,1.817428,3.619039
24,33.2,2.249722,3.688458
24,33.6,2.735247,3.831504
24,34.0,3.203566,4.045688
24,34.4,3.593979,4.319035
24,34.8,3.871838,4.634338
24,35.2,4.024009,4.972536
24,35.6,4.048594,5.314415
24,36.0,3.945747,5.640883
24,36.4,3.709255,5.932035
24,36.8,3.313764,6.164388
24,37.2,2.67892,6.303188
24,37.6,1.511946,6.273495
24,38.0,0.421909,6.042222
24,38.4,0.426351,5.838425
24,38.8,0.446766,5.638414
24,39.2,0.469296,5.441781
24,39.6,0.494264,5.248887
24,40.0,0.522116,5.060165
25,0.0,1.799633,4.044174
25,0.4,1.908069,4.062995
25,0.8,2.046553,4.102624
25,1.2,2.209504,4.166802
25,1.6,2.385322,4.257535
25,2.0,2.557062,4.374266
25,2.4,2.704961,4.513435
25,2.8,2.809323,4.668494
25,3.2,2.852012,4.830175
25,3.6,2.815475,4.986603
25,4.0,2.678392,5.12279
25,4.4,2.40479,5.218557
25,4.8,1.91496,5.242338
25,5.2,1.064582,5.139718
25,5.6,0.568702,4.945075
25,6.0,0.575982,4.763416
25,6.4,0.61384,4.588397
25,6.8,0.658487,4.420084
25,7.2,0.710931,4.259613
25,7.6,0.773677,4.108516
25,8.0,0.850585,3.968895
25,8.4,0.947798,3.843759
25,8.8,1.075407,3.737605
25,9.2,1.249893,3.657368
25,9.6,1.495459,3.613626
25,10.0,1.836457,3.62081
25,10.4,2.272714,3.693706
25,10.8,2.759089,3.840374
25,11.2,3.224821,4.057784
25,11.6,3.610331,4.333605
25,12.0,3.882228,4.650472
25,12.4,4.028165,4.989295
25,12.8,4.046543,5.330865
25,13.2,3.937407,5.656086
25,13.6,3.693979,5.94496
25,14.0,3.289403,6.173703
25,14.4,2.638525,6.306594
25,14.8,1.429346,6.265036
25,15.2,0.419032,6.03205
25,15.6,0.427297,5.828588
25,16.0,0.447815,5.628734
25,16.4,0.470455,5.432274
25,16.8,0.495552,5.239574
25,17.2,0.523559,5.051068
25,17.6,0.555055,4.867278
25,18.0,0.590803,4.68884
25,18.4,0.631823,4.51654
25,18.8,0.679532,4.351375
25,19.2,0.735952,4.194643
25,19.6,0.804095,4.048086
25,20.0,0.888637,3.914138
25,20.4,0.997131,3.796345
25,20.8,1.142041,3.700091
25,21.2,1.343193,3.63371
25,21.6,1.626724,3.609528
25,22.0,2.010405,3.642842
25,22.4,2.475679,3.746482
25,22.8,2.962018,3.923983
25,23.2,3.399707,4.167916
25,23.6,3.73993,4.46332
25,24.0,3.95936,4.791801
25,24.4,4.051415,5.13411
25,24.8,4.016199,5.471128
25,25.2,3.851998,5.783582
25,25.6,3.545838,6.050397
25,26.0,3.054089,6.244342
25,26.4,2.233071,6.318255
25,26.8,0.700564,6.164446
25,27.2,0.417001,5.945617
25,27.6,0.435703,5.743911
25,28.0,0.457088,5.545449
25,28.4,0.480716,5.350526
25,28.8,0.506978,5.159537
25,29.2,0.536377,4.97295
25,29.6,0.56956,4.791332
25,30.0,0.607388,4.615376
25,30.4,0.651028,4.445949
25,30.8,0.702117,4.28416
25,31.2,0.763038,4.131474
25,31.6,0.837396,3.989886
25,32.0,0.930891,3.862233
25,32.4,1.052847,3.752726
25,32.8,1.218579,3.667838
25,33.2,1.451211,3.617513
25,33.6,1.776282,3.615682
25,34.0,2.199461,3.677505
25,34.4,2.682487,3.812536
25,34.8,3.15599,4.019498
25,35.2,3.556929,4.287241
25,35.6,3.847842,4.598926
25,36.0,4.013761,4.935586
25,36.4,4.052051,5.277984
25,36.8,3.963041,5.607041
25,37.2,3.741665,5.903025
25,37.6,3.365636,6.14307
25,38.0,2.764156,6.294359
25,38.4,1.684041,6.289324
25,38.8,0.433638,6.064965
25,39.2,0.424288,5.860162
25,39.6,0.444469,5.659805
25,40.0,0.466759,5.462792
26,0.0,4.147698,7.989105
26,0.4,2.890268,8.163102
26,0.8,0.457345,7.980046
26,1.2,0.301825,7.748526
26,1.6,0.311993,7.528317
26,2.0,0.322864,7.309737
26,2.4,0.334504,7.092902
26,2.8,0.346999,6.877941
26,3.2,0.36045,6.664996
26,3.6,0.374972,6.454228
26,4.0,0.390702,6.245817
26,4.4,0.407802,6.039969
26,4.8,0.426465,5.836918
26,5.2,0.446927,5.636932
26,5.6,0.469473,5.440325
26,6.0,0.49446,5.247461
26,6.4,0.522336,5.058772
26,6.8,0.553675,4.874776
26,7.2,0.589228,4.696102
26,7.6,0.630006,4.52353
26,8.0,0.677403,4.358047
26,8.4,0.733412,4.200935
26,8.8,0.800992,4.053916
26,9.2,0.884732,3.919386
26,9.6,0.992031,3.800833
26,10.0,1.135099,3.703548
26,10.4,1.333429,3.635718
26,10.8,1.613055,3.609496
26,11.2,1.99263,3.640135
26,11.6,2.45552,3.740718
26,12.0,2.942442,3.915245
26,12.4,3.3833,4.156691
26,12.8,3.728168,4.450319
26,13.2,3.952802,4.777814
26,13.6,4.050137,5.119931
26,14.0,4.020177,5.457546
26,14.4,3.861448,5.771411
26,14.8,3.5617,6.040586
26,15.2,3.07931,6.238253
26,15.6,2.278054,6.318679
26,16.0,0.759725,6.175397
26,16.4,0.416454,5.954031
26,16.8,0.434862,5.752188
26,17.2,0.456162,5.553586
26,17.6,0.47969,5.35851
26,18.0,0.505834,5.167349
26,18.4,0.535091,4.980571
26,18.8,0.568103,4.798734
26,19.2,0.605718,4.622528
26,19.6,0.649089,4.452811
26,20.0,0.69983,4.290681
26,20.4,0.760283,4.137583
26,20.8,0.833991,3.995487
26,21.2,0.926542,3.867186
26,21.6,1.047069,3.75682
26,22.0,1.210585,3.670746
26,22.4,1.439913,3.61874
26,22.8,1.760806,3.614593
26,23.2,2.180361,3.673531
26,23.6,2.662201,3.805481
26,24.0,3.137497,4.009635
26,24.4,3.542364,4.275173
26,24.8,3.838244,4.585412
26,25.2,4.009433,4.921421
26,25.6,4.052987,5.263961
26,26.0,3.969273,5.59395
26,26.4,3.753634,5.89172
26,26.8,3.384875,6.134619
26,27.2,2.795524,6.29051
26,27.6,1.746319,6.294396
26,28.0,0.44104,6.073848
26,28.4,0.423507,5.868513
26,28.8,0.443594,5.668025
26,29.2,0.465792,5.470867
26,29.6,0.490371,5.27739
26,30.0,0.51776,5.088016
26,30.4,0.548512,4.903246
26,30.8,0.583347,4.723692
26,31.2,0.623227,4.550106
26,31.6,0.669474,4.383437
26,32.0,0.72397,4.224915
26,32.4,0.789488,4.076178
26,32.8,0.8703,3.939496
26,33.2,0.973257,3.818151
26,33.6,1.109648,3.717085
26,34.0,1.297708,3.643948
26,34.4,1.562889,3.610248
26,34.8,1.926709,3.630976
26,35.2,2.379617,3.720055
26,35.6,2.867615,3.883212
26,36.0,3.319677,4.115013
26,36.4,3.681757,4.40163
26,36.8,3.925991,4.725089
26,37.2,4.043327,5.066187
26,37.6,4.03326,5.405763
26,38.0,3.895087,5.724655
26,38.4,3.619059,6.002368
26,38.8,3.170366,6.213489
26,39.2,2.437208,6.317018
26,39.6,1.025493,6.216265
26,40.0,0.415183,5.985972
27,0.0,3.820662,8.684374
27,0.4,1.897871,8.72035
27,0.8,0.27468,8.433409
27,1.2,0.282703,8.208785
27,1.6,0.291638,7.985524
27,2.0,0.301143,7.763688
27,2.4,0.311273,7.54337
27,2.8,0.322094,7.324675
27,3.2,0.333679,7.107717
27,3.6,0.346113,6.892623
27,4.0,0.359495,6.679535
27,4.4,0.373939,6.468611
27,4.8,0.389581,6.260033
27,5.2,0.406581,6.054002
27,5.6,0.42513,5.850751
27,6.0,0.44546,5.650546
27,6.4,0.467853,5.453696
27,6.8,0.49266,5.260562
27,7.2,0.520321,5.071571
27,7.6,0.5514,4.887235
27,8.0,0.586636,4.708172
27,8.4,0.627016,4.535153
27,8.8,0.673904,4.369147
27,9.2,0.729241,4.211412
27,9.6,0.795905,4.063633
27,10.0,0.878341,3.92815
27,10.4,0.983702,3.808359
27,10.8,1.123789,3.709394
27,11.2,1.317538,3.639202
27,11.6,1.590766,3.609657
27,12.0,1.963474,3.635911
27,12.4,2.422171,3.731438
27,12.8,2.909787,3.901003
27,13.2,3.355712,4.138267
27,13.6,3.708197,4.428879
27,14.0,3.94144,4.754664
27,14.4,4.047537,5.096392
27,14.8,4.026294,5.434924
27,15.2,3.876602,5.751053
27,15.6,3.587351,6.024046
27,16.0,3.12005,6.22773
27,16.4,2.349871,6.318568
27,16.8,0.869858,6.193599
27,17.2,0.415706,5.968008
27,17.6,0.433476,5.765931
27,18.0,0.454634,5.5671
27,18.4,0.477997,5.37177
27,18.8,0.503948,5.180327
27,19.2,0.532973,4.993231
27,19.6,0.565703,4.811036
27,20.0,0.60297,4.634418
27,20.4,0.645901,4.464224
27,20.8,0.696071,4.301532
27,21.2,0.755762,4.147759
27,21.6,0.828412,4.004831
27,22.0,0.91943,3.875471
27,22.4,1.03764,3.763702
27,22.8,1.197568,3.675695
27,23.2,1.421519,3.620955
27,23.6,1.735519,3.613024
27,24.0,2.148922,3.667216
27,24.4,2.628523,3.794051
27,24.8,3.106543,3.993506
27,25.2,3.517782,4.255323
27,25.6,3.821847,4.563089
27,26.0,4.001772,4.897947
27,26.4,4.054061,5.240649
27,26.8,3.97912,5.572112
27,27.2,3.772928,5.872761
27,27.6,3.416003,6.120281
27,28.0,2.846029,6.283588
27,28.4,1.845178,6.301643
27,28.8,0.458631,6.08886
27,29.2,0.42223,5.882381
27,29.6,0.442149,5.681674
27,30.0,0.464198,5.484277
27,30.4,0.4886,5.290535
27,30.8,0.515781,5.100864
27,31.2,0.546282,4.915761
27,31.6,0.580809,4.735827
27,32.0,0.620305,4.561804
27,32.4,0.666064,4.394625
27,32.8,0.719918,4.235497
27,33.2,0.784565,4.086025
27,33.6,0.864147,3.948426
27,34.0,0.965287,3.825894
27,34.4,1.098895,3.723231
27,34.8,1.282659,3.647859
27,35.2,1.541695,3.611002
27,35.6,1.898539,3.627499
27,36.0,2.346625,3.711582
27,36.4,2.834523,3.86971
27,36.8,3.291079,4.097173
27,37.2,3.660496,4.380578
27,37.6,3.913257,4.70212
27,38.0,4.039359,5.042622
27,38.4,4.038008,5.382911
27,38.8,3.908772,5.703849
27,39.2,3.642885,5.98511
27,39.6,3.208175,6.201824
27,40.0,2.501914,6.314774
28,0.0,2.835663,7.412447
28,0.4,0.84547,7.29265
28,0.8,0.337135,7.04905
28,1.2,0.349653,6.834477
28,1.6,0.363312,6.621961
28,2.0,0.378068,6.411656
28,2.4,0.394062,6.203749
28,2.8,0.411463,5.99845
28,3.2,0.430471,5.795999
28,3.6,0.451331,5.596674
28,4.0,0.474343,5.400796
28,4.4,0.499878,5.208743
28,4.8,0.528406,5.020963
28,5.2,0.560534,4.837994
28,5.6,0.597057,4.660492
28,6.0,0.639053,4.489273
28,6.4,0.688014,4.325377
28,6.8,0.746095,4.17016
28,7.2,0.81652,4.025457
28,7.6,0.90433,3.893848
28,8.0,1.01771,3.779115
28,8.4,1.170165,3.687039
28,8.8,1.382825,3.626547
28,9.2,1.681982,3.610615
28,9.6,2.081419,3.654624
28,10.0,2.554965,3.770293
28,10.4,3.037832,3.959311
28,10.8,3.462319,4.212731
28,11.2,3.783989,4.514785
28,11.6,3.982946,4.846814
28,12.0,4.05433,5.189558
28,12.4,3.998502,5.523924
28,12.8,3.812662,5.830503
28,13.2,3.480701,6.087634
28,13.6,2.950145,6.266256
28,14.0,2.043159,6.312759
28,14.4,0.533173,6.123421
28,14.8,0.419554,5.912723
28,15.2,0.439028,5.71154
28,15.6,0.460754,5.513626
28,16.0,0.484779,5.319312
28,16.4,0.511512,5.129002
28,16.8,0.541475,4.943179
28,17.2,0.575346,4.762427
28,17.6,0.614026,4.587464
28,18.0,0.658746,4.419191
28,18.4,0.711241,4.258766
28,18.8,0.774052,4.107725
28,19.2,0.85105,3.968173
28,19.6,0.948398,3.843127
28,20.0,1.076209,3.737092
28,20.4,1.251009,3.657021
28,20.8,1.497035,3.613513
28,21.2,1.838588,3.621017
28,21.6,2.275278,3.694301
28,22.0,2.761737,3.841371
28,22.4,3.227172,4.059138
28,22.8,3.612132,4.335231
28,23.2,3.883364,4.65227
28,23.6,4.028608,4.991159
28,24.0,4.046296,5.332692
28,24.4,3.93646,5.657771
28,24.8,3.692258,5.946389
28,25.2,3.286661,6.174725
28,25.6,2.633962,6.306948
28,26.0,1.419993,6.264046
28,26.4,0.418779,6.030923
28,26.8,0.427403,5.827494
28,27.2,0.447932,5.627659
28,27.6,0.470584,5.431218
28,28.0,0.495696,5.238539
28,28.4,0.52372,5.050057
28,28.8,0.555237,4.866295
28,29.2,0.59101,4.687888
28,29.6,0.632063,4.515623
28,30.0,0.679812,4.3505
28,30.4,0.736287,4.193818
28,30.8,0.804504,4.047323
28,31.2,0.889153,3.913451
28,31.6,0.997805,3.795758
28,32.0,1.142959,3.699641
28,32.4,1.344485,3.633452
28,32.8,1.628532,3.60954
28,33.2,2.012749,3.643206
28,33.6,2.478329,3.747248
28,34.0,2.964581,3.925138
28,34.4,3.401848,4.169396
28,34.8,3.741458,4.465031
28,35.2,3.960205,4.793639
28,35.6,4.051567,5.135971
28,36.0,4.015661,5.472908
28,36.4,3.85074,5.785174
28,36.8,3.543733,6.051676
28,37.2,3.05074,6.245126
28,37.6,2.227067,6.318171
28,38.0,0.693265,6.163017
28,38.4,0.417076,5.944513
28,38.8,0.435813,5.742825
28,39.2,0.45721,5.544381
28,39.6,0.480851,5.349478
28,40.0,0.507129,5.158512
29,0.0,1.559188,4.68718
29,0.4,1.029563,4.575312
29,0.8,0.729476,4.412147
29,1.2,0.723151,4.252047
29,1.6,0.77888,4.101558
29,2.0,0.855267,3.962611
29,2.4,0.953324,3.838294
29,2.8,1.082606,3.733208
29,3.2,1.259803,3.654443
29,3.6,1.509371,3.612772
29,4.0,1.855161,3.62276
29,4.4,2.295102,3.699044
29,4.8,2.782082,3.849205
29,5.2,3.245129,4.069696
29,5.6,3.625789,4.347854
29,6.0,3.891869,4.666175
29,6.4,4.03176,5.005537
29,6.8,4.044127,5.346744
29,7.2,3.928889,5.670691
29,7.6,3.67869,5.957286
29,8.0,3.265142,6.182434
29,8.4,2.59812,6.30942
29,8.8,1.3466,6.255934
29,9.2,0.417201,6.022122
29,9.6,0.428233,5.818937
29,10.0,0.44885,5.619239
29,10.4,0.471599,5.42295
29,10.8,0.496824,5.23044
29,11.2,0.524983,5.042148
29,11.6,0.556664,4.858599
29,12.0,0.592639,4.680436
29,12.4,0.633944,4.508453
29,12.8,0.682018,4.34366
29,13.2,0.738921,4.187371
29,13.6,0.807726,4.041356
29,14.0,0.893214,3.90809
29,14.4,1.003119,3.791188
29,14.8,1.150206,3.696146
29,15.2,1.354687,3.631474
29,15.6,1.64279,3.609689
29,16.0,2.031191,3.646131
29,16.4,2.499093,3.753323
29,16.8,2.9846,3.934255
29,17.2,3.418511,4.181037
29,17.6,3.753302,4.478461
29,18.0,3.966688,4.808044
29,18.4,4.052625,5.150534
29,18.8,4.011314,5.48682
29,19.2,3.840746,5.797592
29,19.6,3.527069,6.061616
29,20.0,3.024206,6.251152
29,20.4,2.179233,6.317282
29,20.8,0.640115,6.15193
29,21.2,0.417699,5.935874
29,21.6,0.436681,5.734325
29,22.0,0.458167,5.536023
29,22.4,0.481911,5.34128
29,22.8,0.508311,5.15049
29,23.2,0.537875,4.964128
29,23.6,0.571259,4.782764
29,24.0,0.609336,4.6071
29,24.4,0.653291,4.438011
29,24.8,0.70479,4.276622
29,25.2,0.766259,4.124417
29,25.6,0.841383,3.983423
29,26.0,0.935992,3.85653
29,26.4,1.059638,3.748032
29,26.8,1.227987,3.664542
29,27.2,1.464508,3.616195
29,27.6,1.79444,3.617083
29,28.0,2.221734,3.682271
29,28.4,2.705977,3.82087
29,28.8,3.177265,4.031062
29,29.2,3.573573,4.301323
29,29.6,3.858697,4.614645
29,30.0,4.018503,4.952016
29,30.4,4.050695,5.294211
29,30.8,3.955537,5.622144
29,31.2,3.727467,5.916011
29,31.6,3.342876,6.15268
29,32.0,2.72688,6.298505
29,32.4,1.609245,6.282757
29,32.8,0.427296,6.054787
29,33.2,0.425201,5.850488
29,33.6,0.445488,5.650285
29,34.0,0.467884,5.45344
29,34.4,0.492694,5.260311
29,34.8,0.520359,5.071326
29,35.2,0.551444,4.886996
29,35.6,0.586685,4.707941
29,36.0,0.627073,4.53493
29,36.4,0.673971,4.368934
29,36.8,0.72932,4.211211
29,37.2,0.796002,4.063446
29,37.6,0.878462,3.927982
29,38.0,0.98386,3.808214
29,38.4,1.124003,3.709281
29,38.8,1.317839,3.639134
29,39.2,1.591188,3.609652
29,39.6,1.964028,3.635988
29,40.0,2.422808,3.731613
30,0.0,3.673612,6.826577
30,0.4,2.821633,6.987845
30,0.8,1.191564,6.916223
30,1.2,0.361433,6.667353
30,1.6,0.374809,6.456497
30,2.0,0.390525,6.24806
30,2.4,0.407608,6.042183
30,2.8,0.426254,5.8391
30,3.2,0.446694,5.63908
30,3.6,0.469217,5.442435
30,4.0,0.494175,5.249528
30,4.4,0.522017,5.060791
30,4.8,0.553314,4.876741
30,5.2,0.588817,4.698005
30,5.6,0.629532,4.525362
30,6.0,0.676848,4.359796
30,6.4,0.73275,4.202586
30,6.8,0.800184,4.055446
30,7.2,0.883716,3.920764
30,7.6,0.990706,3.802015
30,8.0,1.133297,3.704462
30,8.4,1.330895,3.636255
30,8.8,1.609504,3.609504
30,9.2,1.988,3.639446
30,9.6,2.450247,3.73923
30,10.0,2.937302,3.912975
30,10.4,3.378976,4.153766
30,10.8,3.725053,4.446924
30,11.2,3.951048,4.774155
30,11.6,4.049766,5.116217
30,12.0,4.021183,5.453982
30,12.4,3.863883,5.768211
30,12.8,3.565804,6.037997
30,13.2,3.085831,6.236627
30,13.6,2.289619,6.318728
30,14.0,0.776195,6.178276
30,14.4,0.416322,5.956235
30,14.8,0.434643,5.754356
30,15.2,0.45592,5.555718
30,15.6,0.479422,5.360602
30,16.0,0.505535,5.169397
30,16.4,0.534756,4.982568
30,16.8,0.567723,4.800674
30,17.2,0.605283,4.624403
30,17.6,0.648584,4.45461
30,18.0,0.699234,4.292391
30,18.4,0.759565,4.139186
30,18.8,0.833105,3.996958
30,19.2,0.925411,3.868489
30,19.6,1.045567,3.757899
30,20.0,1.20851,3.671516
30,20.4,1.43698,3.619075
30,20.8,1.756782,3.614326
30,21.2,2.175377,3.672511
30,21.6,2.656887,3.803654
30,22.0,3.132633,4.00707
30,22.4,3.538518,4.272026
30,22.8,3.835695,4.58188
30,23.2,4.008264,4.917714
30,23.6,4.053196,5.260285
30,24.0,3.970868,5.590513
30,24.4,3.756726,5.888744
30,24.8,3.389853,6.132382
30,25.2,2.803622,6.289462
30,25.6,1.76229,6.295635
30,26.0,0.443335,6.076193
30,26.4,0.423304,5.870701
30,26.8,0.443365,5.670179
30,27.2,0.46554,5.472982
30,27.6,0.49009,5.279464
30,28.0,0.517446,5.090042
30,28.4,0.548159,4.90522
30,28.8,0.582945,4.725606
30,29.2,0.622764,4.55195
30,29.6,0.668934,4.385201
30,30.0,0.723327,4.226582
30,30.4,0.788706,4.077729
30,30.8,0.869322,3.940901
30,31.2,0.971989,3.819367
30,31.6,1.107935,3.718046
30,32.0,1.295309,3.644553
30,32.4,1.559512,3.61035
30,32.8,1.922233,3.630406
30,33.2,2.374397,3.718694
30,33.6,2.862403,3.881059
30,34.0,3.315192,4.112179
30,34.4,3.678438,4.398295
30,34.8,3.924021,4.721458
30,35.2,4.04274,5.062467
30,35.6,4.034049,5.402162
30,36.0,3.89729,5.721384
30,36.4,3.622872,5.999664
30,36.8,3.176416,6.21168
30,37.2,2.447613,6.316723
30,37.6,1.045254,6.218956
30,38.0,0.415166,5.988188
30,38.4,0.431495,5.785749
30,38.8,0.452451,5.586591
30,39.2,0.475581,5.390899
30,39.6,0.501256,5.199053
30,40.0,0.529952,5.011505
31,0.0,3.260944,8.589993
31,0.4,0.727946,8.461277
31,0.8,0.282657,8.21029
31,1.2,0.291577,7.987019
31,1.6,0.301077,7.765173
31,2.0,0.311203,7.544845
31,2.4,0.322019,7.326139
31,2.8,0.333598,7.109169
31,3.2,0.346026,6.894062
31,3.6,0.359401,6.680959
31,4.0,0.373838,6.470021
31,4.4,0.389472,6.261426
31,4.8,0.406462,6.055377
31,5.2,0.425,5.852106
31,5.6,0.445317,5.65188
31,6.0,0.467695,5.455007
31,6.4,0.492484,5.261847
31,6.8,0.520124,5.072826
31,7.2,0.551178,4.888456
31,7.6,0.586383,4.709356
31,8.0,0.626725,4.536294
31,8.4,0.673563,4.370236
31,8.8,0.728835,4.212441
31,9.2,0.79541,4.064588
31,9.6,0.87772,3.929013
31,10.0,0.982895,3.809101
31,10.4,1.122694,3.709974
31,10.8,1.316002,3.639554
31,11.2,1.588609,3.609687
31,11.6,1.96064,3.635515
31,12.0,2.418911,3.730548
31,12.4,2.906576,3.899625
31,12.8,3.352985,4.136476
31,13.2,3.70621,4.426788
31,13.6,3.940294,4.7524
31,14.0,4.04725,5.094085
31,14.4,4.026861,5.432702
31,14.8,3.878051,5.749048
31,15.2,3.58982,6.022408
31,15.6,3.123969,6.226671
31,16.0,2.356726,6.318505
31,16.4,0.881297,6.195369
31,16.8,0.415647,5.969378
31,17.2,0.43334,5.767278
31,17.6,0.454485,5.568425
31,18.0,0.477832,5.37307
31,18.4,0.503764,5.1816
31,18.8,0.532766,4.994473
31,19.2,0.565469,4.812242
31,19.6,0.602702,4.635585
31,20.0,0.64559,4.465344
31,20.4,0.695705,4.302597
31,20.8,0.755323,4.148759
31,21.2,0.827871,4.00575
31,21.6,0.918741,3.876287
31,22.0,1.036727,3.764382
31,22.4,1.196309,3.676188
31,22.8,1.41974,3.621184
31,23.2,1.733068,3.612887
31,23.6,2.14586,3.666616
31,24.0,2.625223,3.79295
31,24.4,3.103494,3.991941
31,24.8,3.515346,4.25339
31,25.2,3.820209,4.560909
31,25.6,4.000989,4.89565
31,26.0,4.054134,5.238362
31,26.4,3.980052,5.569965
31,26.8,3.77478,5.87089
31,27.2,3.419001,6.118855
31,27.6,2.850876,6.282875
31,28.0,1.854572,6.302278
31,28.4,0.460792,6.090353
31,28.8,0.422107,5.88374
31,29.2,0.442008,5.683012
31,29.6,0.464042,5.485591
31,30.0,0.488428,5.291824
31,30.4,0.515588,5.102124
31,30.8,0.546064,4.916988
31,31.2,0.580562,4.737017
31,31.6,0.620021,4.562951
31,32.0,0.665732,4.395723
31,32.4,0.719524,4.236536
31,32.8,0.784087,4.086993
31,33.2,0.863549,3.949305
31,33.6,0.964515,3.826658
31,34.0,1.097855,3.72384
31,34.4,1.281204,3.648252
31,34.8,1.539644,3.611089
31,35.2,1.895803,3.627176
31,35.6,2.343404,3.71077
31,36.0,2.831272,3.868405
31,36.4,3.288255,4.09544
31,36.8,3.658383,4.378525
31,37.2,3.911978,4.699874
31,37.6,4.038938,5.040313
31,38.0,4.03844,5.380667
31,38.4,3.910078,5.701801
31,38.8,3.645177,5.983403
31,39.2,3.211814,6.200656
31,39.6,2.508102,6.314507
31,40.0,1.163686,6.234373
32,0.0,3.538873,7.321476
32,0.4,2.321034,7.411703
32,0.8,0.372658,7.187533
32,1.2,0.341575,6.969275
32,1.6,0.354597,6.755452
32,2.0,0.368647,6.543736
32,2.4,0.383844,6.334297
32,2.8,0.400338,6.12733
32,3.2,0.418309,5.923057
32,3.6,0.437973,5.72173
32,4.0,0.459593,5.523643
32,4.4,0.483491,5.329136
32,4.8,0.510075,5.138611
32,5.2,0.539858,4.952545
32,5.6,0.57351,4.771519
32,6.0,0.611918,4.59624
32,6.4,0.656293,4.4276
32,6.8,0.708338,4.266742
32,7.2,0.770543,4.115176
32,7.6,0.846693,3.974975
32,8.0,0.942799,3.849095
32,8.4,1.068721,3.741947
32,8.8,1.240595,3.660329
32,9.2,1.482325,3.614633
32,9.6,1.81867,3.619151
32,10.0,2.251228,3.688798
32,10.4,2.736814,3.832081
32,10.8,3.204968,4.046478
32,11.2,3.595061,4.319989
32,11.6,3.872529,4.635396
32,12.0,4.024292,4.973637
32,12.4,4.048469,5.315497
32,12.8,3.945209,5.641885
32,13.2,3.708263,5.932888
32,13.6,3.312181,6.165006
32,14.0,2.676302,6.303424
32,14.4,1.506605,6.272964
32,14.8,0.421683,6.041552
32,15.2,0.426413,5.837779
32,15.6,0.446835,5.637778
32,16.0,0.469372,5.441156
32,16.4,0.494348,5.248275
32,16.8,0.52221,5.059567
32,17.2,0.553533,4.87555
32,17.6,0.589066,4.696851
32,18.0,0.629819,4.524252
32,18.4,0.677184,4.358736
32,18.8,0.733151,4.201585
32,19.2,0.800674,4.054518
32,19.6,0.884332,3.919928
32,20.0,0.991509,3.801298
32,20.4,1.134389,3.703908
32,20.8,1.33243,3.635929
32,21.2,1.611655,3.609499
32,21.6,1.990806,3.639862
32,22.0,2.453443,3.740131
32,22.4,2.940418,3.91435
32,22.8,3.381598,4.155538
32,23.2,3.726943,4.448982
32,23.6,3.952113,4.776372
32,24.0,4.049993,5.118468
32,24.4,4.020575,5.456142
32,24.8,3.862409,5.770151
32,25.2,3.563319,6.039567
32,25.6,3.081882,6.237614
32,26.0,2.282619,6.318701
32,26.4,0.766167,6.176531
32,26.8,0.416402,5.954899
32,27.2,0.434776,5.753042
32,27.6,0.456067,5.554426
32,28.0,0.479584,5.359334
32,28.4,0.505716,5.168156
32,28.8,0.534959,4.981357
32,29.2,0.567953,4.799498
32,29.6,0.605547,4.623267
32,30.0,0.64889,4.453519
32,30.4,0.699595,4.291354
32,30.8,0.76,4.138214
32,31.2,0.833642,3.996066
32,31.6,0.926096,3.867699
32,32.0,1.046477,3.757244
32,32.4,1.209767,3.671049
32,32.8,1.438757,3.618871
32,33.2,1.75922,3.614487
32,33.6,2.178397,3.673128
32,34.0,2.660108,3.80476
32,34.4,3.135582,4.008624
32,34.8,3.540851,4.273933
32,35.2,3.837242,4.58402
32,35.6,4.008975,4.919961
32,36.0,4.053071,5.262513
32,36.4,3.969903,5.592597
32,36.8,3.754854,5.890548
32,37.2,3.386838,6.13374
32,37.6,2.798719,6.290099
32,38.0,1.752626,6.294888
32,38.4,0.441925,6.074771
32,38.8,0.423427,5.869375
32,39.2,0.443504,5.668873
32,39.6,0.465693,5.4717
32,40.0,0.49026,5.278207
33,0.0,3.236829,5.823701
33,0.4,2.765224,5.974458
33,0.8,1.94113,6.005055
33,1.2,0.589763,5.825094
33,1.6,0.449703,5.617981
33,2.0,0.471759,5.421683
33,2.4,0.496997,5.229198
33,2.8,0.525178,5.040935
33,3.2,0.556884,4.857419
33,3.6,0.592889,4.679293
33,4.0,0.634234,4.507353
33,4.4,0.682357,4.342611
33,4.8,0.739327,4.186383
33,5.2,0.808223,4.040443
33,5.6,0.893841,3.90727
33,6.0,1.00394,3.79049
33,6.4,1.151327,3.695615
33,6.8,1.356266,3.631177
33,7.2,1.644995,3.609721
33,7.6,2.034034,3.646592
33,8.0,2.502283,3.754267
33,8.4,2.987663,3.935664
33,8.8,3.421052,4.182832
33,9.2,3.7551,4.480526
33,9.6,3.967663,4.810257
33,10.0,4.052767,5.152767
33,10.4,4.010626,5.48895
33,10.8,3.83919,5.799491
33,11.2,3.524483,6.06313
33,11.6,3.020084,6.252058
33,12.0,2.171761,6.317108
33,12.4,0.632602,6.150247
33,12.8,0.417799,5.934549
33,13.2,0.436814,5.733021
33,13.6,0.458314,5.534742
33,14.0,0.482074,5.340022
33,14.4,0.508493,5.14926
33,14.8,0.538079,4.962929
33,15.2,0.571491,4.7816
33,15.6,0.609602,4.605975
33,16.0,0.6536,4.436932
33,16.4,0.705155,4.275598
33,16.8,0.7667,4.123458
33,17.2,0.841929,3.982547
33,17.6,0.936691,3.855757
33,18.0,1.06057,3.747398
33,18.4,1.229279,3.6641
33,18.8,1.466334,3.616024
33,19.2,1.796929,3.617285
33,19.6,2.224775,3.682933
33,20.0,2.709171,3.822017
33,20.4,3.180146,4.032646
33,20.8,3.575817,4.303247
33,21.2,3.860152,4.616788
33,21.6,4.019126,4.954253
33,22.0,4.050488,5.296416
33,22.4,3.954492,5.624193
33,22.8,3.725508,5.917768
33,23.2,3.33974,6.153972
33,23.6,2.72173,6.299042
33,24.0,1.598849,6.281805
33,24.4,0.426587,6.05341
33,24.8,0.425326,5.849172
33,25.2,0.445627,5.64899
33,25.6,0.468038,5.452168
33,26.0,0.492865,5.259065
33,26.4,0.52055,5.070108
33,26.8,0.551659,4.88581
33,27.2,0.586931,4.706792
33,27.6,0.627356,4.533824
33,28.0,0.674302,4.367877
33,28.4,0.729715,4.210213
33,28.8,0.796482,4.06252
33,29.2,0.879065,3.927145
33,29.6,0.984646,3.807494
33,30.0,1.125068,3.708719
33,30.4,1.319334,3.638795
33,30.8,1.593287,3.609626
33,31.2,1.966783,3.636376
33,31.6,2.425973,3.73248
33,32.0,2.913527,3.902614
33,32.4,3.358886,4.140359
33,32.8,3.710507,4.43132
33,33.2,3.942768,4.757304
33,33.6,4.047864,5.099082
33,34.0,4.025626,5.437513
33,34.4,3.874904,5.753389
33,34.8,3.584463,6.025951
33,35.2,3.115464,6.228958
33,35.6,2.341838,6.318631
33,36.0,0.856647,6.191531
33,36.4,0.41578,5.96641
33,36.8,0.433634,5.76436
33,37.2,0.454808,5.565556
33,37.6,0.47819,5.370255
33,38.0,0.504162,5.178844
33,38.4,0.533214,4.991784
33,38.8,0.565976,4.809629
33,39.2,0.603282,4.633059
33,39.6,0.646263,4.462918
33,40.0,0.696498,4.30029
34,0.0,1.123271,6.620304
34,0.4,0.382122,6.378874
34,0.8,0.396703,6.171275
34,1.2,0.414341,5.966407
34,1.6,0.433623,5.764428
34,2.0,0.4548,5.565623
34,2.4,0.478182,5.370321
34,2.8,0.504153,5.178908
34,3.2,0.533204,4.991847
34,3.6,0.565964,4.80969
34,4.0,0.603269,4.633118
34,4.4,0.646247,4.462975
34,4.8,0.69648,4.300344
34,5.2,0.756253,4.146645
34,5.6,0.829018,4.003807
34,6.0,0.920201,3.874562
34,6.4,1.038661,3.762945
34,6.8,1.198976,3.675147
34,7.2,1.423507,3.620702
34,7.6,1.738258,3.613181
34,8.0,2.152342,3.667889
34,8.4,2.632204,3.795283
34,8.8,3.109942,3.995254
34,9.2,3.520493,4.257482
34,9.6,3.823667,4.565522
34,10.0,4.002639,4.900511
34,10.4,4.053972,5.243198
34,10.8,3.978074,5.574505
34,11.2,3.770854,5.874844
34,11.6,3.412649,6.121867
34,12.0,2.840601,6.284376
34,12.4,1.834641,6.30092
34,12.8,0.456323,6.0872
34,13.2,0.422369,5.880865
34,13.6,0.442307,5.680182
34,14.0,0.464372,5.482811
34,14.4,0.488793,5.289098
34,14.8,0.515996,5.099459
34,15.2,0.546524,4.914393
34,15.6,0.581085,4.7345
34,16.0,0.620623,4.560524
34,16.4,0.666435,4.393401
34,16.8,0.720358,4.234339
34,17.2,0.7851,4.084947
34,17.6,0.864814,3.947447
34,18.0,0.966151,3.825044
34,18.4,1.100059,3.722553
34,18.8,1.284286,3.647423
34,19.2,1.543987,3.610907
34,19.6,1.901595,3.627863
34,20.0,2.350221,3.71249
34,20.4,2.838146,3.87117
34,20.8,3.294225,4.09911
34,21.2,3.662846,4.382869
34,21.6,3.914678,4.704625
34,22.0,4.039822,5.045197
34,22.4,4.037518,5.385412
34,22.8,3.907308,5.706131
34,23.2,3.640319,5.98701
34,23.6,3.204103,6.203122
34,24.0,2.494982,6.315062
34,24.4,1.137566,6.231072
34,24.8,0.41527,5.998487
34,25.2,0.430495,5.795846
34,25.6,0.451348,5.596523
34,26.0,0.474361,5.400648
34,26.4,0.499898,5.208599
34,26.8,0.528429,5.020822
34,27.2,0.56056,4.837857
34,27.6,0.597087,4.660359
34,28.0,0.639087,4.489146
34,28.4,0.688055,4.325255
34,28.8,0.746144,4.170046
34,29.2,0.81658,4.025352
34,29.6,0.904405,3.893753
34,30.0,1.017809,3.779036
34,30.4,1.170301,3.686979
34,30.8,1.383017,3.626516
34,31.2,1.682248,3.610623
34,31.6,2.081757,3.654684
34,32.0,2.555338,3.77041
34,32.4,3.038184,3.959481
34,32.8,3.462606,4.212944
34,33.2,3.784188,4.515029
34,33.6,3.983049,4.847073
34,34.0,4.054336,5.189818
34,34.4,3.998411,5.52417
34,34.8,3.812469,5.83072
34,35.2,3.480384,6.087804
34,35.6,2.949637,6.266351
34,36.0,2.042212,6.312718
34,36.4,0.532626,6.123238
34,36.8,0.419567,5.912568
34,37.2,0.439043,5.711388
34,37.6,0.460771,5.513477
34,38.0,0.484798,5.319166
34,38.4,0.511534,5.128859
34,38.8,0.541499,4.94304
34,39.2,0.575374,4.762292
34,39.6,0.614057,4.587333
34,40.0,0.658782,4.419066
35,0.0,1.858339,6.451172
35,0.4,0.43358,6.231386
35,0.8,0.4093,6.023591
35,1.2,0.428035,5.820772
35,1.6,0.448653,5.621046
35,2.0,0.471381,5.424724
35,2.4,0.496581,5.232178
35,2.8,0.524711,5.043845
35,3.2,0.556357,4.86025
35,3.6,0.592288,4.682034
35,4.0,0.633539,4.509991
35,4.4,0.681543,4.345126
35,4.8,0.738353,4.188753
35,5.2,0.807032,4.042635
35,5.6,0.892339,3.909238
35,6.0,1.001973,3.792165
35,6.4,1.148642,3.696892
35,6.8,1.352485,3.631892
35,7.2,1.639714,3.609648
35,7.6,2.02722,3.645493
35,8.0,2.494634,3.752008
35,8.4,2.980311,3.932288
35,8.8,3.41495,4.178531
35,9.2,3.750779,4.475573
35,9.6,3.965316,4.80495
35,10.0,4.052417,5.147409
35,10.4,4.012266,5.483838
35,10.8,3.842912,5.794934
35,11.2,3.530673,6.059494
35,11.6,3.029948,6.249877
35,12.0,2.189624,6.317508
35,12.4,0.650914,6.154292
35,12.8,0.417562,5.937727
35,13.2,0.436494,5.736149
35,13.6,0.457961,5.537817
35,14.0,0.481683,5.343039
35,14.4,0.508057,5.152211
35,14.8,0.537589,4.965806
35,15.2,0.570935,4.784394
35,15.6,0.608964,4.608674
35,16.0,0.652859,4.43952
35,16.4,0.704279,4.278055
35,16.8,0.765644,4.125758
35,17.2,0.840621,3.984651
35,17.6,0.935016,3.857612
35,18.0,1.058338,3.748921
35,18.4,1.226185,3.665163
35,18.8,1.461961,3.616437
35,19.2,1.790966,3.616805
35,19.6,2.217484,3.681351
35,20.0,2.701509,3.819271
35,20.4,3.17323,4.028851
35,20.8,3.570425,4.298635
35,21.2,3.856654,4.611649
35,21.6,4.017623,4.948889
35,22.0,4.050976,5.291125
35,22.4,3.956988,5.619276
35,22.8,3.730196,5.91355
35,23.2,3.347246,6.150867
35,23.6,2.734052,6.297742
35,24.0,1.623697,6.284065
35,24.4,0.428345,6.056716
35,24.8,0.425026,5.852328
35,25.2,0.445294,5.652096
35,25.6,0.467669,5.455219
35,26.0,0.492456,5.262055
35,26.4,0.520092,5.07303
35,26.8,0.551142,4.888654
35,27.2,0.586342,4.709548
35,27.6,0.626678,4.536478
35,28.0,0.673508,4.370413
35,28.4,0.72877,4.212608
35,28.8,0.79533,4.064743
35,29.2,0.87762,3.929153
35,29.6,0.982765,3.809222
35,30.0,1.122517,3.710068
35,30.4,1.315753,3.639611
35,30.8,1.58826,3.609693
35,31.2,1.960182,3.635451
35,31.6,2.418383,3.730404
35,32.0,2.906056,3.899403
35,32.4,3.352543,4.136186
35,32.8,3.705887,4.426449
35,33.2,3.940108,4.752034
35,33.6,4.047203,5.093712
35,34.0,4.026953,5.432342
35,34.4,3.878286,5.748723
35,34.8,3.590219,6.022143
35,35.2,3.124602,6.226499
35,35.6,2.357833,6.318493
35,36.0,0.883159,6.195655
35,36.4,0.415637,5.9696
35,36.8,0.433318,5.767496
35,37.2,0.45446,5.56864
35,37.6,0.477805,5.373281
35,38.0,0.503734,5.181806
35,38.4,0.532733,4.994674
35,38.8,0.565431,4.812438
35,39.2,0.602658,4.635773
35,39.6,0.64554,4.465525
35,40.0,0.695646,4.30277
36,0.0,4.413612,5.403637
36,0.4,4.278794,5.780107
36,0.8,4.009037,6.116215
36,1.2,3.58351,6.388956
36,1.6,2.929879,6.565167
36,2.0,1.77714,6.574738
36,2.4,0.405283,6.343323
36,2.8,0.399716,6.13509
36,3.2,0.417602,5.930709
36,3.6,0.437198,5.729267
36,4.0,0.458738,5.531051
36,4.4,0.482544,5.336402
36,4.8,0.509018,5.145719
36,5.2,0.538669,4.959475
36,5.6,0.572161,4.778247
36,6.0,0.61037,4.602737
36,6.4,0.654492,4.433827
36,6.8,0.70621,4.272651
36,7.2,0.767973,4.120701
36,7.6,0.843506,3.980025
36,8.0,0.938711,3.853536
36,8.4,1.063264,3.745577
36,8.8,1.233016,3.662834
36,9.2,1.471615,3.615544
36,9.6,1.80412,3.617882
36,10.0,2.233548,3.684856
36,10.4,2.718366,3.825337
36,10.8,3.188425,4.037223
36,11.2,3.582254,4.308797
36,11.6,3.864311,4.622965
36,12.0,4.020888,4.960695
36,12.4,4.049862,5.302764
36,12.8,3.951453,5.630086
36,13.2,3.71983,5.922814
36,13.6,3.330659,6.157672
36,14.0,2.706793,6.300553
36,14.4,1.56862,6.278986
36,14.8,0.424723,6.049456
36,15.2,0.425686,5.845384
36,15.6,0.446028,5.645262
36,16.0,0.46848,5.448506
36,16.4,0.493357,5.255477
36,16.8,0.521101,5.066603
36,17.2,0.55228,4.882398
36,17.6,0.587639,4.703486
36,18.0,0.628173,4.53064
36,18.4,0.675257,4.364836
36,18.8,0.730853,4.207342
36,19.2,0.79787,4.059856
36,19.6,0.880808,3.924741
36,20.0,0.986915,3.805427
36,20.4,1.128147,3.70711
36,20.8,1.323658,3.637828
36,21.2,1.599356,3.609563
36,21.6,1.974737,3.63751
36,22.0,2.435094,3.734997
36,22.4,2.922482,3.906491
36,22.8,3.36647,4.145386
36,23.2,3.716013,4.437178
36,23.6,3.94592,4.763637
36,24.0,4.048617,5.105527
36,24.4,4.023992,5.443714
36,24.8,3.8708,5.758976
36,25.2,3.577496,6.030502
36,25.6,3.104403,6.231874
36,26.0,2.32241,6.318729
36,26.4,0.825585,6.186556
36,26.8,0.415969,5.962582
36,27.2,0.434012,5.760597
36,27.6,0.455225,5.561855
36,28.0,0.478653,5.366623
36,28.4,0.504678,5.17529
36,28.8,0.533793,4.988316
36,29.2,0.566632,4.80626
36,29.6,0.604033,4.629801
36,30.0,0.647134,4.459792
36,30.4,0.697524,4.297317
36,30.8,0.757509,4.143805
36,31.2,0.830567,4.001198
36,31.6,0.922175,3.872247
36,32.0,1.041275,3.761019
36,32.4,1.202583,3.673756
36,32.8,1.428604,3.620069
36,33.2,1.745272,3.613598
36,33.6,2.161082,3.669624
36,34.0,2.641592,3.798445
36,34.4,3.118593,3.999729
36,34.8,3.527381,4.262999
36,35.2,3.828279,4.571735
36,35.6,4.004816,4.907051
36,36.0,4.053715,5.2497
36,36.4,3.975372,5.580603
36,36.8,3.765525,5.880146
36,37.2,3.404041,6.125891
36,37.6,2.826656,6.286352
36,38.0,1.807469,6.299
36,38.4,0.450896,6.082989
36,38.8,0.422723,5.876999
36,39.2,0.442709,5.676377
36,39.6,0.464815,5.479072
36,40.0,0.489286,5.285433
37,0.0,1.233211,5.688303
37,0.4,0.482631,5.472786
37,0.8,0.490355,5.278537
37,1.2,0.517589,5.089131
37,1.6,0.548317,4.904333
37,2.0,0.583125,4.724745
37,2.4,0.622972,4.551121
37,2.8,0.669177,4.384408
37,3.2,0.723616,4.225833
37,3.6,0.789057,4.077031
37,4.0,0.869761,3.94027
37,4.4,0.972558,3.81882
37,4.8,1.108705,3.717614
37,5.2,1.296386,3.644281
37,5.6,1.561029,3.610303
37,6.0,1.924244,3.630661
37,6.4,2.376743,3.719305
37,6.8,2.864746,3.882026
37,7.2,3.317209,4.113452
37,7.6,3.679931,4.399794
37,8.0,3.924908,4.72309
37,8.4,4.043006,5.064139
37,8.8,4.033696,5.403781
37,9.2,3.896302,5.722855
37,9.6,3.621161,6.000881
37,10.0,3.1737,6.212495
37,10.4,2.442945,6.316858
37,10.8,1.036363,6.21775
37,11.2,0.415173,5.987192
37,11.6,0.431592,5.784772
37,12.0,0.452558,5.58563
37,12.4,0.4757,5.389956
37,12.8,0.501388,5.19813
37,13.2,0.5301,5.010604
37,13.6,0.562451,4.827921
37,14.0,0.599249,4.650747
37,14.4,0.641589,4.479908
37,14.8,0.690996,4.316457
37,15.2,0.749669,4.161774
37,15.6,0.820911,4.017727
37,16.0,0.909896,3.886946
37,16.4,1.025042,3.773305
37,16.8,1.180229,3.682722
37,17.2,1.397028,3.624341
37,17.6,1.701685,3.611353
37,18.0,2.10641,3.65913
37,18.4,2.5824,3.778964
37,18.8,3.063638,3.971902
37,19.2,3.483293,4.228497
37,19.6,3.798441,4.532733
37,20.0,3.990306,4.865868
37,20.4,4.054562,5.208646
37,20.8,3.99161,5.54198
37,21.2,3.798218,5.846402
37,21.6,3.457077,6.100023
37,22.0,2.912247,6.273067
37,22.4,1.972011,6.309333
37,22.8,0.498074,6.11018
37,23.2,0.42053,5.901393
37,23.6,0.440187,5.700388
37,24.0,0.462033,5.502666
37,24.4,0.486198,5.308564
37,24.8,0.513096,5.118492
37,25.2,0.543258,4.932936
37,25.6,0.577372,4.752487
37,26.0,0.616353,4.577872
37,26.4,0.661456,4.410004
37,26.8,0.714451,4.25006
37,27.2,0.777937,4.099598
37,27.6,0.855883,3.960767
37,28.0,0.954618,3.836647
37,28.4,1.084548,3.731851
37,28.8,1.262627,3.653505
37,29.2,1.513439,3.61244
37,29.6,1.860699,3.623259
37,30.0,2.301774,3.700552
37,30.4,2.788966,3.851759
37,30.8,3.251242,4.073178
37,31.2,3.630484,4.352046
37,31.6,3.894851,4.670815
37,32.0,4.032955,5.010357
37,32.4,4.043537,5.351475
37,32.8,3.926481,5.675062
37,33.2,3.674257,5.960997
37,33.6,3.258013,6.185089
37,34.0,2.586098,6.310319
37,34.4,1.321871,6.253259
37,34.8,0.41679,6.019352
37,35.2,0.428495,5.81624
37,35.6,0.44914,5.616586
37,36.0,0.471919,5.420345
37,36.4,0.497181,5.227888
37,36.8,0.525383,5.039656
37,37.2,0.557116,4.856175
37,37.6,0.593154,4.678088
37,38.0,0.63454,4.506194
37,38.4,0.682716,4.341506
37,38.8,0.739756,4.185342
37,39.2,0.808748,4.03948
37,39.6,0.894504,3.906406
37,40.0,1.004808,3.789754
38,0.0,2.174375,7.971499
38,0.4,0.309559,7.711557
38,0.8,0.31378,7.491254
38,1.2,0.324775,7.272961
38,1.6,0.336553,7.056433
38,2.0,0.349203,6.841802
38,2.4,0.362826,6.629213
38,2.8,0.377542,6.41883
38,3.2,0.393491,6.210837
38,3.6,0.41084,6.005445
38,4.0,0.42979,5.802892
38,4.4,0.450582,5.603454
38,4.8,0.473514,5.407453
38,5.2,0.498955,5.215262
38,5.6,0.527372,5.027327
38,6.0,0.559364,4.844183
38,6.4,0.595721,4.66648
38,6.8,0.637507,4.49503
38,7.2,0.686199,4.330863
38,7.6,0.743922,4.175321
38,8.0,0.813853,4.030221
38,8.4,0.900954,3.898108
38,8.8,1.013271,3.782715
38,9.2,1.164084,3.689736
38,9.6,1.374247,3.627969
38,10.0,1.670055,3.610255
38,10.4,2.066205,3.651971
38,10.8,2.538146,3.765088
38,11.2,3.021904,3.951687
38,11.6,3.449287,4.203132
38,12.0,3.77493,4.50382
38,12.4,3.978232,4.83514
38,12.8,4.053991,5.177833
38,13.2,4.00253,5.512803
38,13.6,3.821302,5.820672
38,14.0,3.4949,6.079913
38,14.4,2.972865,6.261882
38,14.8,2.085314,6.314458
38,15.2,0.560018,6.131781
38,15.6,0.418974,5.919679
38,16.0,0.438319,5.718387
38,16.4,0.459973,5.520356
38,16.8,0.483913,5.325912
38,17.2,0.510545,5.135457
38,17.6,0.540387,4.949472
38,18.0,0.574111,4.768535
38,18.4,0.612608,4.593359
38,18.8,0.657095,4.424839
38,19.2,0.709287,4.264123
38,19.6,0.77169,4.112729
38,20.0,0.848117,3.97274
38,20.4,0.944627,3.847132
38,20.8,1.071164,3.740347
38,21.2,1.243991,3.659234
38,21.6,1.487122,3.614251
38,22.0,1.825175,3.619744
38,22.4,2.259102,3.690581
38,22.8,2.744996,3.835108
38,23.2,3.212275,4.050614
38,23.6,3.600694,4.324977
38,24.0,3.87612,4.640925
38,24.4,4.025744,4.979384
38,24.8,4.047793,5.321142
38,25.2,3.942377,5.647106
38,25.6,3.703058,5.937334
38,26.0,3.303875,6.168221
38,26.4,2.662552,6.304626
38,26.8,1.478528,6.270137
38,27.2,0.420594,6.038057
38,27.6,0.426737,5.834404
38,28.0,0.447194,5.634458
38,28.4,0.469769,5.437895
38,28.8,0.494789,5.24508
38,29.2,0.522704,5.056446
38,29.6,0.55409,4.872512
38,30.0,0.589702,4.693909
38,30.4,0.630553,4.521419
38,30.8,0.678044,4.356032
38,31.2,0.734176,4.199035
38,31.6,0.801926,4.052154
38,32.0,0.885906,3.917799
38,32.4,0.993564,3.799475
38,32.8,1.137184,3.7025
38,33.2,1.336361,3.635104
38,33.6,1.617162,3.609496
38,34.0,1.997979,3.640939
38,34.4,2.461599,3.742444
38,34.8,2.948359,3.91787
38,35.2,3.388269,4.160069
38,35.6,3.73174,4.454237
38,36.0,3.954804,4.782032
38,36.4,4.050545,5.124211
38,36.8,4.019,5.461649
38,37.2,3.858621,5.775092
38,37.6,3.556945,6.04356
38,38.0,3.071752,6.240111
38,38.4,2.264618,6.318591
38,38.8,0.741231,6.172083
38,39.2,0.416613,5.951491
38,39.6,0.435116,5.74969
38,40.0,0.456441,5.55113
39,0.0,3.228129,8.703389
39,0.4,0.590734,8.552888
39,0.8,0.278901,8.308618
39,1.2,0.287593,8.08475
39,1.6,0.296838,7.862268
39,2.0,0.306682,7.641263
39,2.4,0.317187,7.421832
39,2.8,0.328422,7.204086
39,3.2,0.340467,6.988145
39,3.6,0.353413,6.774145
39,4.0,0.367369,6.562237
39,4.4,0.38246,6.352591
39,4.8,0.398834,6.145399
39,5.2,0.416667,5.94088
39,5.6,0.436172,5.739283
39,6.0,0.457608,5.540898
39,6.4,0.481292,5.346062
39,6.8,0.507621,5.155169
39,7.2,0.537099,4.968691
39,7.6,0.570379,4.787195
39,8.0,0.608327,4.611379
39,8.4,0.652118,4.442115
39,8.8,0.703404,4.280519
39,9.2,0.764589,4.128065
39,9.6,0.839315,3.986763
39,10.0,0.933345,3.859475
39,10.4,1.056113,3.750453
39,10.8,1.223101,3.666237
39,11.2,1.457602,3.616863
39,11.6,1.785017,3.61634
39,12.0,2.210194,3.679784
39,12.4,2.693829,3.816538
39,12.8,3.166281,4.025063
39,13.2,3.564995,4.294025
39,13.6,3.853118,4.606506
39,14.0,4.016086,4.943515
39,14.4,4.051433,5.28582
39,14.8,3.959456,5.61434
39,15.2,3.734856,5.909309
39,15.6,3.354712,6.147734
39,16.0,2.746289,6.296403
39,16.4,1.648291,6.286248
39,16.8,0.430313,6.060038
39,17.2,0.424727,5.855491
39,17.6,0.44496,5.655209
39,18.0,0.467301,5.458277
39,18.4,0.492047,5.265051
39,18.8,0.519635,5.075957
39,19.2,0.550626,4.891505
39,19.6,0.585754,4.712311
39,20.0,0.626,4.539139
39,20.4,0.672715,4.372955
39,20.8,0.727826,4.215009
39,21.2,0.79418,4.066973
39,21.6,0.876178,3.931167
39,22.0,0.980889,3.810957
39,22.4,1.119975,3.711425
39,22.8,1.312185,3.640439
39,23.2,1.583247,3.609773
39,23.6,1.953591,3.634541
39,24.0,2.410787,3.728343
39,24.4,2.898561,3.896202
39,24.8,3.346164,4.132019
39,25.2,3.70123,4.421578
39,25.6,3.937413,4.746757
39,26.0,4.046509,5.088331
39,26.4,4.02825,5.427156
39,26.8,3.88164,5.744038
39,27.2,3.595944,6.01831
39,27.6,3.133688,6.224009
39,28.0,2.373689,6.318306
39,28.4,0.910228,6.199761
39,28.8,0.41551,5.972798
39,29.2,0.433003,5.770639
39,29.6,0.454113,5.57173
39,30.0,0.477421,5.376313
39,30.4,0.503305,5.184774
39,30.8,0.532252,4.99757
39,31.2,0.564886,4.815252
39,31.6,0.602035,4.638495
39,32.0,0.644817,4.468139
39,32.4,0.694795,4.305256
39,32.8,0.754229,4.151254
39,33.2,0.826522,4.008044
39,33.6,0.917025,3.878325
39,34.0,1.034457,3.766084
39,34.4,1.193182,3.677425
39,34.8,1.415322,3.621763
39,35.2,1.726975,3.612555
39,35.6,2.138235,3.665134
39,36.0,2.616992,3.790219
39,36.4,3.095873,3.988052
39,36.8,3.50925,4.248578
39,37.2,3.816099,4.555477
39,37.6,3.999012,4.889921
39,38.0,4.054291,5.232657
39,38.4,3.98235,5.564604
39,38.8,3.779371,5.866214
39,39.2,3.426437,6.115283
39,39.6,2.862892,6.281069
39,40.0,1.877783,6.303802
40,0.0,3.657254,6.438321
40,0.4,3.003094,6.625418
40,0.8,1.866773,6.648063
40,1.2,0.405363,6.419284
40,1.6,0.393601,6.209818
40,2.0,0.41093,6.004437
40,2.4,0.429888,5.801899
40,2.8,0.45069,5.602478
40,3.2,0.473633,5.406494
40,3.6,0.499088,5.214323
40,4.0,0.52752,5.026411
40,4.4,0.559532,4.843291
40,4.8,0.595913,4.665618
40,5.2,0.637729,4.494201
40,5.6,0.68646,4.330072
40,6.0,0.744234,4.174577
40,6.4,0.814236,4.029534
40,6.8,0.901438,3.897493
40,7.2,1.013908,3.782196
40,7.6,1.164955,3.689345
40,8.0,1.375475,3.627761
40,8.4,1.671765,3.610302
40,8.8,2.06839,3.652348
40,9.2,2.540567,3.765832
40,9.6,3.024201,3.95278
40,10.0,3.451171,4.204511
40,10.4,3.776243,4.505396
40,10.8,3.97892,4.83682
40,11.2,4.054049,5.179522
40,11.6,4.00196,5.514406
40,12.0,3.820068,5.822091
40,12.4,3.49287,6.08103
40,12.8,2.969619,6.26252
40,13.2,2.079313,6.314232
40,13.6,0.555885,6.130566
40,14.0,0.419057,5.918677
40,14.4,0.438421,5.717401
40,14.8,0.460085,5.519387
40,15.2,0.484038,5.324962
40,15.6,0.510684,5.134528
40,16.0,0.540544,4.948565
40,16.4,0.574288,4.767655
40,16.8,0.612811,4.59251
40,17.2,0.657332,4.424026
40,17.6,0.709568,4.263351
40,18.0,0.772029,4.112008
40,18.4,0.848538,3.972081
40,18.8,0.945168,3.846554
40,19.2,1.071887,3.739877
40,19.6,1.244996,3.658912
40,20.0,1.488542,3.614141
40,20.4,1.827099,3.619922
40,20.8,2.261427,3.691111
40,21.2,2.747407,3.836004
40,21.6,3.214425,4.051837
40,22.0,3.602349,4.32645
40,22.4,3.877172,4.642556
40,22.8,4.026166,4.981079
40,23.2,4.047586,5.322806
40,23.6,3.941535,5.648644
40,24.0,3.701514,5.938642
40,24.4,3.301414,6.169164
40,24.8,2.658472,6.304972
40,25.2,1.470186,6.269284
40,25.6,0.4203,6.037029
40,26.0,0.426832,5.833409
40,26.4,0.447301,5.633479
40,26.8,0.469886,5.436933
40,27.2,0.49492,5.244138
40,27.6,0.52285,5.055526
40,28.0,0.554255,4.871617
40,28.4,0.58989,4.693042
40,28.8,0.63077,4.520584
40,29.2,0.678298,4.355235
40,29.6,0.734479,4.198283
40,30.0,0.802296,4.051458
40,30.4,0.886372,3.917172
40,30.8,0.994172,3.798938
40,31.2,1.138012,3.702086
40,31.6,1.337524,3.634863
40,32.0,1.618791,3.609498
40,32.4,2.000099,3.64126
40,32.8,2.464006,3.74313
40,33.2,2.950698,3.918911
40,33.6,3.390231,4.161408
40,34.0,3.733147,4.455788
40,34.4,3.955591,4.783702
40,34.8,4.050702,5.125904
40,35.2,4.018528,5.463272
40,35.6,3.857497,5.776546
40,36.0,3.555056,6.044733
40,36.4,3.068749,6.240841
40,36.8,2.259268,6.318546
40,37.2,0.734061,6.170773
40,37.6,0.416677,5.950486
40,38.0,0.435216,5.748701
40,38.4,0.456552,5.550158
40,38.8,0.480121,5.355146
40,39.2,0.506315,5.164058
40,39.6,0.535632,4.97736
40,40.0,0.568716,4.795615
41,0.0,4.256082,5.001838
41,0.4,4.264556,5.376187
41,0.8,4.141321,5.732024
41,1.2,3.883101,6.049255
41,1.6,3.466839,6.304542
41,2.0,2.815504,6.463741
41,2.4,1.641146,6.453395
41,2.8,0.40904,6.22002
41,3.2,0.410136,6.013671
41,3.6,0.428993,5.810997
41,4.0,0.449705,5.611428
41,4.4,0.472544,5.415281
41,4.8,0.497876,5.222929
41,5.2,0.526162,5.034813
41,5.6,0.557996,4.851463
41,6.0,0.594159,4.673527
41,6.4,0.635701,4.501807
41,6.8,0.684079,4.337322
41,7.2,0.741385,4.181402
41,7.6,0.810744,4.035838
41,8.0,0.897023,3.903139
41,8.4,1.008112,3.786979
41,8.8,1.157025,3.692951
41,9.2,1.364295,3.629706
41,9.6,1.656195,3.609922
41,10.0,2.048447,3.648963
41,10.4,2.5184,3.759084
41,10.8,3.003098,3.942826
41,11.2,3.433817,4.191927
41,11.6,3.764099,4.49098
41,12.0,3.972501,4.821438
41,12.4,4.053401,5.164044
41,12.8,4.007071,5.499694
41,13.2,3.83124,5.809047
41,13.6,3.511303,6.070726
41,14.0,2.999066,6.256556
41,14.4,2.133473,6.316078
41,14.8,0.597302,6.141843
41,15.2,0.418315,5.92786
41,15.6,0.43749,5.726438
41,16.0,0.459058,5.52827
41,16.4,0.482899,5.333675
41,16.8,0.509414,5.14305
41,17.2,0.539115,4.956874
41,17.6,0.572666,4.775721
41,18.0,0.61095,4.600298
41,18.4,0.655167,4.431489
41,18.8,0.707007,4.270432
41,19.2,0.768935,4.118626
41,19.6,0.844699,3.978127
41,20.0,0.940241,3.851866
41,20.4,1.065304,3.744211
41,20.8,1.235849,3.661888
41,21.2,1.475618,3.615194
41,21.6,1.809564,3.618347
41,22.0,2.240173,3.686323
41,22.4,2.725292,3.827856
41,22.8,3.194647,4.040686
41,23.2,3.587079,4.31299
41,23.6,3.867416,4.627626
41,24.0,4.022187,4.965551
41,24.4,4.04936,5.307545
41,24.8,3.949132,5.63452
41,25.2,3.715515,5.926604
41,25.6,3.323762,6.160439
41,26.0,2.695428,6.301656
41,26.4,1.545551,6.276782
41,26.8,0.423479,6.046484
41,27.2,0.425958,5.842529
41,27.6,0.446331,5.642453
41,28.0,0.468815,5.445747
41,28.4,0.493728,5.252774
41,28.8,0.521517,5.063962
41,29.2,0.55275,4.879827
41,29.6,0.588174,4.700995
41,30.0,0.62879,4.528241
41,30.4,0.675979,4.362545
41,30.8,0.731713,4.20518
41,31.2,0.79892,4.057851
41,31.6,0.882126,3.922932
41,32.0,0.988633,3.803874
41,32.4,1.13048,3.705903
41,32.8,1.326937,3.637108
41,33.2,1.603955,3.60953
41,33.6,1.980752,3.638381
41,34.0,2.441976,3.736911
41,34.4,2.929221,3.909429
41,34.8,3.372163,4.149187
41,35.2,3.720135,4.441602
41,35.6,3.948265,4.768414
41,36.0,4.049154,5.110384
41,36.4,4.022731,5.448382
41,36.8,3.867674,5.763177
41,37.2,3.572205,6.033915
41,37.6,3.096,6.234047
41,38.0,2.307599,6.318754
41,38.4,0.802795,6.182797
41,38.8,0.416124,5.959698
41,39.2,0.434299,5.757761
41,39.6,0.455541,5.559067
41,40.0,0.479002,5.363887
42,0.0,1.090848,4.540287
42,0.4,0.764867,4.383138
42,0.8,0.738845,4.224999
42,1.2,0.792601,4.076477
42,1.6,0.871151,3.939885
42,2.0,0.973444,3.818559
42,2.4,1.109503,3.71747
42,2.8,1.297269,3.644268
42,3.2,1.562099,3.61045
42,3.6,1.925523,3.631
42,4.0,2.378116,3.719852
42,4.4,2.866011,3.882766
42,4.8,3.318195,4.114341
42,5.2,3.680549,4.400776
42,5.6,3.925136,4.724106
42,6.0,4.042853,5.065132
42,6.4,4.033177,5.404696
42,6.8,3.895411,5.723637
42,7.2,3.619844,6.001466
42,7.6,3.171778,6.212796
42,8.0,2.439812,6.316703
42,8.4,1.030633,6.216726
42,8.8,0.4152,5.986313
42,9.2,0.431678,5.783908
42,9.6,0.452653,5.584781
42,10.0,0.475804,5.389122
42,10.4,0.501505,5.197313
42,10.8,0.530231,5.009807
42,11.2,0.562599,4.827146
42,11.6,0.599418,4.649997
42,12.0,0.641785,4.479188
42,12.4,0.691227,4.315771
42,12.8,0.749946,4.16113
42,13.2,0.821252,4.017133
42,13.6,0.910328,3.886417
42,14.0,1.025612,3.77286
42,14.4,1.181011,3.682394
42,14.8,1.398133,3.624178
42,15.2,1.703215,3.611418
42,15.6,2.108344,3.659486
42,16.0,2.584512,3.779641
42,16.4,3.065617,3.972879
42,16.8,3.484894,4.229717
42,17.2,3.799538,4.534118
42,17.6,3.990856,4.867336
42,18.0,4.054564,5.210114
42,18.4,3.991063,5.543366
42,18.8,3.797088,5.84762
42,19.2,3.455234,6.100967
42,19.6,2.909284,6.273574
42,20.0,1.966405,6.309035
42,20.4,0.495774,6.109179
42,20.8,0.420606,5.900521
42,21.2,0.440277,5.69953
42,21.6,0.462132,5.501823
42,22.0,0.486307,5.307738
42,22.4,0.513219,5.117683
42,22.8,0.543396,4.932148
42,23.2,0.577528,4.751723
42,23.6,0.616533,4.577135
42,24.0,0.661665,4.409298
42,24.4,0.7147,4.24939
42,24.8,0.778238,4.098974
42,25.2,0.856257,3.960199
42,25.6,0.955101,3.836151
42,26.0,1.085196,3.731451
42,26.4,1.26353,3.653239
42,26.8,1.514714,3.612364
42,27.2,1.862414,3.62344
42,27.6,2.303821,3.701043
42,28.0,2.791058,3.852567
42,28.4,3.253084,4.074266
42,28.8,3.631882,4.353345
42,29.2,3.895719,4.672246
42,29.6,4.033273,5.011835
42,30.0,4.043308,5.352919
42,30.4,3.925695,5.676388
42,30.8,3.672851,5.962114
42,31.2,3.255777,6.185875
42,31.6,2.582347,6.310557
42,32.0,1.314192,6.252385
42,32.4,0.416678,6.018463
42,32.8,0.428579,5.815374
42,33.2,0.449233,5.615734
42,33.6,0.472022,5.419508
42,34.0,0.497295,5.227069
42,34.4,0.525511,5.038856
42,34.8,0.557261,4.855396
42,35.2,0.59332,4.677335
42,35.6,0.634731,4.505469
42,36.0,0.682941,4.340814
42,36.4,0.740024,4.184691
42,36.8,0.809077,4.038878
42,37.2,0.894919,3.905865
42,37.6,1.005352,3.789295
42,38.0,1.153254,3.694707
42,38.4,1.358982,3.630672
42,38.8,1.648785,3.609782
42,39.2,2.038918,3.647388
42,39.6,2.507753,3.755894
42,40.0,2.992911,3.938088
43,0.0,3.889437,6.771263
43,0.4,3.143219,6.979616
43,0.8,1.854969,7.002135
43,1.2,0.36647,6.758148
43,1.6,0.368513,6.545742
43,2.0,0.383693,6.336281
43,2.4,0.400174,6.12929
43,2.8,0.418131,5.92499
43,3.2,0.437777,5.723633
43,3.6,0.459376,5.525514
43,4.0,0.483252,5.330971
43,4.4,0.509807,5.140405
43,4.8,0.539557,4.954295
43,5.2,0.573168,4.773217
43,5.6,0.611526,4.59788
43,6.0,0.655837,4.429172
43,6.4,0.707799,4.268233
43,6.8,0.769892,4.11657
43,7.2,0.845885,3.976248
43,7.6,0.941763,3.850214
43,8.0,1.067337,3.74286
43,8.4,1.238672,3.660957
43,8.8,1.479607,3.614856
43,9.2,1.814982,3.618821
43,9.6,2.246755,3.687792
43,10.0,2.732157,3.830368
43,10.4,3.2008,4.044133
43,10.8,3.591842,4.317157
43,11.2,3.870471,4.632253
43,11.6,4.023449,4.970368
43,12.0,4.048838,5.312283
43,12.4,3.946804,5.638909
43,12.8,3.711206,5.930352
43,13.2,3.316878,6.163166
43,13.6,2.684066,6.30272
43,14.0,1.522432,6.27453
43,14.4,0.42237,6.043544
43,14.8,0.426229,5.839699
43,15.2,0.446631,5.639668
43,15.6,0.469146,5.443012
43,16.0,0.494097,5.250094
43,16.4,0.52193,5.061344
43,16.8,0.553216,4.877279
43,17.2,0.588705,4.698526
43,17.6,0.629403,4.525864
43,18.0,0.676696,4.360275
43,18.4,0.732569,4.203038
43,18.8,0.799964,4.055865
43,19.2,0.883439,3.921142
43,19.6,0.990344,3.802338
43,20.0,1.132805,3.704713
43,20.4,1.330204,3.636403
43,20.8,1.608535,3.609507
43,21.2,1.986735,3.639259
43,21.6,2.448805,3.738824
43,22.0,2.935894,3.912356
43,22.4,3.37779,4.152967
43,22.8,3.724199,4.445996
43,23.2,3.950566,4.773154
43,23.6,4.049662,5.1152
43,24.0,4.021455,5.453006
43,24.4,3.864547,5.767335
43,24.8,3.566923,6.037287
43,25.2,3.08761,6.236179
43,25.6,2.292768,6.318737
43,26.0,0.780769,6.179064
43,26.4,0.416286,5.956839
43,26.8,0.434583,5.75495
43,27.2,0.455854,5.556302
43,27.6,0.479349,5.361174
43,28.0,0.505454,5.169957
43,28.4,0.534664,4.983114
43,28.8,0.567619,4.801205
43,29.2,0.605164,4.624916
43,29.6,0.648445,4.455103
43,30.0,0.699071,4.292859
43,30.4,0.759369,4.139625
43,30.8,0.832863,3.997361
43,31.2,0.925102,3.868845
43,31.6,1.045157,3.758194
43,32.0,1.207943,3.671728
43,32.4,1.43618,3.619168
43,32.8,1.755683,3.614254
43,33.2,2.174015,3.672233
43,33.6,2.655432,3.803155
43,34.0,3.131301,4.006369
43,34.4,3.537463,4.271165
43,34.8,3.834995,4.580914
43,35.2,4.007942,4.916699
43,35.6,4.053251,5.259278
43,36.0,3.971302,5.589571
43,36.4,3.75757,5.887928
43,36.8,3.391211,6.131768
43,37.2,2.80583,6.289172
43,37.6,1.766636,6.295968
43,38.0,0.443991,6.076836
43,38.4,0.423249,5.8713
43,38.8,0.443303,5.670768
43,39.2,0.465471,5.473561
43,39.6,0.490014,5.280031
43,40.0,0.517361,5.090597
44,0.0,1.645087,7.006269
44,0.4,0.359642,6.754726
44,0.8,0.368718,6.542742
44,1.2,0.383918,6.333314
44,1.6,0.400419,6.12636
44,2.0,0.418398,5.9221
44,2.4,0.43807,5.720787
44,2.8,0.4597,5.522716
44,3.2,0.48361,5.328227
44,3.6,0.510207,5.137721
44,4.0,0.540007,4.951679
44,4.4,0.573679,4.770677
44,4.8,0.612112,4.595428
44,5.2,0.656519,4.426822
44,5.6,0.708605,4.266003
44,6.0,0.770866,4.114486
44,6.4,0.847094,3.974344
44,6.8,0.943314,3.848541
44,7.2,1.069409,3.741495
44,7.6,1.241551,3.660019
44,8.0,1.483675,3.614524
44,8.4,1.820501,3.619316
44,8.8,2.253446,3.689298
44,9.2,2.739122,3.832933
44,9.6,3.207031,4.047643
44,10.0,3.596653,4.321394
44,10.4,3.873545,4.636954
44,10.8,4.024705,4.975257
44,11.2,4.048282,5.317089
44,11.6,3.944415,5.643358
44,12.0,3.7068,5.934143
44,12.4,3.309845,6.165915
44,12.8,2.672439,6.303767
44,13.2,1.498723,6.272177
44,13.6,0.421361,6.040566
44,14.0,0.426504,5.836827
44,14.4,0.446936,5.636842
44,14.8,0.469484,5.440236
44,15.2,0.494472,5.247374
44,15.6,0.522349,5.058687
44,16.0,0.55369,4.874693
44,16.4,0.589246,4.696022
44,16.8,0.630026,4.523453
44,17.2,0.677427,4.357973
44,17.6,0.73344,4.200866
44,18.0,0.801026,4.053851
44,18.4,0.884775,3.919327
44,18.8,0.992087,3.800784
44,19.2,1.135175,3.70351
44,19.6,1.333536,3.635695
44,20.0,1.613205,3.609496
44,20.4,1.992826,3.640164
44,20.8,2.455742,3.740781
44,21.2,2.942659,3.91534
44,21.6,3.383482,4.156814
44,22.0,3.728299,4.450462
44,22.4,3.952876,4.777968
44,22.8,4.050152,5.120088
44,23.2,4.020134,5.457696
44,23.6,3.861345,5.771546
44,24.0,3.561527,6.040695
44,24.4,3.079034,6.238321
44,24.8,2.277565,6.318676
44,25.2,0.75904,6.175276
44,25.6,0.41646,5.953938
44,26.0,0.434872,5.752097
44,26.4,0.456172,5.553497
44,26.8,0.479701,5.358422
44,27.2,0.505847,5.167263
44,27.6,0.535106,4.980486
44,28.0,0.568119,4.798653
44,28.4,0.605737,4.622449
44,28.8,0.649111,4.452735
44,29.2,0.699855,4.290609
44,29.6,0.760313,4.137516
44,30.0,0.834029,3.995425
44,30.4,0.92659,3.867132
44,30.8,1.047132,3.756774
44,31.2,1.210672,3.670713
44,31.6,1.440036,3.618726
44,32.0,1.760976,3.614604
44,32.4,2.180571,3.673574
44,32.8,2.662425,3.805558
44,33.2,3.137701,4.009743
44,33.6,3.542525,4.275306
44,34.0,3.838351,4.585561
44,34.4,4.009482,4.921578
44,34.8,4.052978,5.264115
44,35.2,3.969206,5.594095
44,35.6,3.753504,5.891845
44,36.0,3.384664,6.134713
44,36.4,2.795182,6.290554
44,36.8,1.745644,6.294343
44,37.2,0.440947,6.07375
44,37.6,0.423516,5.868421
44,38.0,0.443604,5.667934
44,38.4,0.465803,5.470777
44,38.8,0.490382,5.277303
44,39.2,0.517773,5.08793
44,39.6,0.548527,4.903163
44,40.0,0.583364,4.723611
45,0.0,1.609248,8.177922
45,0.4,0.2956,7.900391
45,0.8,0.304947,7.679102
45,1.2,0.315333,7.459393
45,1.6,0.326438,7.24135
45,2.0,0.338337,7.02509
45,2.4,0.351122,6.810746
45,2.8,0.364896,6.598468
45,3.2,0.379782,6.38842
45,3.6,0.395923,6.180792
45,4.0,0.413492,5.975797
45,4.4,0.432694,5.773679
45,4.8,0.453777,5.57472
45,5.2,0.477049,5.379248
45,5.6,0.502891,5.187647
45,6.0,0.531787,5.000373
45,6.4,0.56436,4.817977
45,6.8,0.601433,4.641129
45,7.2,0.644119,4.470668
45,7.6,0.693973,4.307663
45,8.0,0.753242,4.153514
45,8.4,0.825307,4.010122
45,8.8,0.91548,3.880174
45,9.2,1.032414,3.767628
45,9.6,1.190368,3.678552
45,10.0,1.411347,3.622299
45,10.4,1.721488,3.612271
45,10.8,2.131355,3.663811
45,11.2,2.609546,3.787765
45,11.6,3.088963,3.98455
45,12.0,3.503708,4.244236
45,12.4,3.812351,4.55057
45,12.8,3.997192,4.88474
45,13.2,4.054403,5.227493
45,13.6,3.984397,5.559747
45,14.0,3.783489,5.861971
45,14.4,3.433115,6.112033
45,14.8,2.87367,6.279402
45,15.2,1.898512,6.30511
45,15.6,0.472328,6.097508
45,16.0,0.421523,5.890199
45,16.4,0.44134,5.68937
45,16.8,0.463305,5.491839
45,17.2,0.487609,5.297948
45,17.6,0.514673,5.108112
45,18.0,0.545033,4.922822
45,18.4,0.57939,4.742675
45,18.8,0.618673,4.568407
45,19.2,0.66416,4.400944
45,19.6,0.717658,4.241478
45,20.0,0.781823,4.091597
45,20.4,0.860724,3.953488
45,20.8,0.960865,3.830297
45,21.2,1.092941,3.726749
45,21.6,1.274339,3.650142
45,22.0,1.529963,3.611537
45,22.4,1.882867,3.625682
45,22.8,2.328125,3.706964
45,23.2,2.815812,3.862249
45,23.6,3.274783,4.08724
45,24.0,3.648274,4.368798
45,24.4,3.905821,4.689219
45,24.8,4.036861,5.029347
45,25.2,4.040418,5.369997
45,25.6,3.916201,5.692047
45,26.0,3.655965,5.975256
45,26.4,3.228944,6.195044
45,26.8,2.537143,6.31313
45,27.2,1.222116,6.241566
45,27.6,0.415699,6.007962
45,28.0,0.429583,5.80512
45,28.4,0.450341,5.605646
45,28.8,0.473247,5.409604
45,29.2,0.498658,5.217369
45,29.6,0.527039,5.029384
45,30.0,0.558988,4.846183
45,30.4,0.595291,4.668416
45,30.8,0.63701,4.496892
45,31.2,0.685615,4.332637
45,31.6,0.743222,4.176991
45,32.0,0.812996,4.031762
45,32.4,0.899869,3.899488
45,32.8,1.011847,3.783884
45,33.2,1.162134,3.690614
45,33.6,1.371497,3.628439
45,34.0,1.666229,3.610154
45,34.4,2.061311,3.651133
45,34.8,2.532717,3.763426
45,35.2,3.016744,3.949241
45,35.6,3.445051,4.200044
45,36.0,3.771973,4.500286
45,36.4,3.976678,4.831372
45,36.8,4.053849,5.174044
45,37.2,4.003799,5.509204
45,37.6,3.824056,5.817484
45,38.0,3.499439,6.0774
45,38.4,2.98012,6.260438
45,38.8,2.098697,6.314943
45,39.2,0.569632,6.134521
45,39.6,0.41879,5.921927
45,40.0,0.438091,5.720599
46,0.0,2.784625,6.286127
46,0.4,1.729471,6.287574
46,0.8,0.439673,6.066184
46,1.2,0.424215,5.86106
46,1.6,0.444375,5.660688
46,2.0,0.466655,5.463659
46,2.4,0.491328,5.270326
46,2.8,0.518831,5.081112
46,3.2,0.54972,4.896524
46,3.6,0.584722,4.717175
46,4.0,0.624811,4.543826
46,4.4,0.671325,4.377434
46,4.8,0.726171,4.21924
46,5.2,0.792166,4.070903
46,5.6,0.873653,3.934722
46,6.0,0.977608,3.814023
46,6.4,1.115532,3.713831
46,6.8,1.305954,3.64192
46,7.2,1.574489,3.609948
46,7.6,1.942047,3.632981
46,8.0,2.397439,3.72476
46,8.4,2.885347,3.890612
46,8.8,3.334884,4.124718
46,9.2,3.692963,4.413029
46,9.6,3.932593,4.737482
46,10.0,4.045213,5.078862
46,10.4,4.030458,5.418018
46,10.8,3.88746,5.73577
46,11.2,3.605916,6.011526
46,11.6,3.149512,6.219564
46,12.0,2.401186,6.317855
46,12.4,0.958884,6.206908
46,12.8,0.415328,5.978429
46,13.2,0.43245,5.77617
46,13.6,0.453503,5.57717
46,14.0,0.476746,5.381652
46,14.4,0.502553,5.19
46,14.8,0.531407,5.00267
46,15.2,0.56393,4.820209
46,15.6,0.600941,4.643288
46,16.0,0.643549,4.472741
46,16.4,0.693302,4.309635
46,16.8,0.752436,4.155366
46,17.2,0.824315,4.011827
46,17.6,0.914219,3.88169
46,18.0,1.030748,3.768897
46,18.4,1.188074,3.67948
46,18.8,1.408107,3.622746
46,19.2,1.717013,3.612048
46,19.6,2.125734,3.66274
46,20.0,2.603448,3.785769
46,20.4,3.083293,3.981692
46,20.8,3.499152,4.240689
46,21.2,3.80926,4.546557
46,21.6,3.995679,4.880499
46,22.0,4.054472,5.223263
46,22.4,3.986051,5.555765
46,22.8,3.786836,5.858488
46,23.2,3.438549,6.109357
46,23.6,2.882431,6.278015
46,24.0,1.9153,6.306133
46,24.4,0.477431,6.100321
46,24.8,0.421298,5.892712
46,25.2,0.441081,5.691843
46,25.6,0.463019,5.494269
46,26.0,0.487291,5.300331
46,26.4,0.514318,5.110442
46,26.8,0.544634,4.925092
46,27.2,0.578935,4.744877
46,27.6,0.61815,4.570531
46,28.0,0.66355,4.402977
46,28.4,0.716935,4.243403
46,28.8,0.780946,4.093391
46,29.2,0.859632,3.955119
46,29.6,0.959454,3.831718
46,30.0,1.091043,3.727888
46,30.4,1.271689,3.650887
46,30.8,1.526226,3.611726
46,31.2,1.877863,3.62512
46,31.6,2.322195,3.705504
46,32.0,2.80979,3.859875
46,32.4,3.269519,4.084067
46,32.8,3.64431,4.365025
46,33.2,3.903391,4.685081
46,33.6,4.036017,5.025082
46,34.0,4.041153,5.365842
46,34.4,3.918545,5.688242
46,34.8,3.660116,5.97207
46,35.2,3.235537,6.192834
46,35.6,2.548283,6.312545
46,36.0,1.244706,6.244279
46,36.4,0.415883,6.010516
46,36.8,0.429338,5.807616
46,37.2,0.450071,5.608102
46,37.6,0.472948,5.412015
46,38.0,0.498325,5.21973
46,38.4,0.526666,5.031689
46,38.8,0.558566,4.848425
46,39.2,0.59481,4.670587
46,39.6,0.636453,4.498979
46,40.0,0.684961,4.334626
47,0.0,2.206048,7.781696
47,0.4,0.32259,7.530414
47,0.8,0.322789,7.311194
47,1.2,0.334423,7.094347
47,1.6,0.346913,6.879373
47,2.0,0.360357,6.666414
47,2.4,0.374871,6.45563
47,2.8,0.390592,6.247203
47,3.2,0.407682,6.041337
47,3.6,0.426334,5.838266
47,4.0,0.446783,5.63826
47,4.4,0.469315,5.441629
47,4.8,0.494284,5.248738
47,5.2,0.522139,5.06002
47,5.6,0.553452,4.87599
47,6.0,0.588974,4.697278
47,6.4,0.629713,4.524662
47,6.8,0.67706,4.359128
47,7.2,0.733003,4.201955
47,7.6,0.800493,4.054861
47,8.0,0.884104,3.920237
47,8.4,0.991212,3.801563
47,8.8,1.133985,3.704113
47,9.2,1.331862,3.636049
47,9.6,1.610859,3.6095
47,10.0,1.989768,3.639708
47,10.4,2.452261,3.739797
47,10.8,2.939266,3.913841
47,11.2,3.380629,4.154883
47,11.6,3.726245,4.448221
47,12.0,3.95172,4.775552
47,12.4,4.04991,5.117636
47,12.8,4.0208,5.455344
47,13.2,3.862955,5.769434
47,13.6,3.564239,6.038987
47,14.0,3.083344,6.23725
47,14.4,2.285211,6.318712
47,14.8,0.769859,6.177176
47,15.2,0.416372,5.955393
47,15.6,0.434727,5.753528
47,16.0,0.456012,5.554904
47,16.4,0.479524,5.359803
47,16.8,0.505649,5.168614
47,17.2,0.534884,4.981805
47,17.6,0.567868,4.799933
47,18.0,0.605449,4.623687
47,18.4,0.648777,4.453923
47,18.8,0.699461,4.291737
47,19.2,0.759839,4.138573
47,19.6,0.833443,3.996396
47,20.0,0.925843,3.867991
47,20.4,1.04614,3.757486
47,20.8,1.209302,3.671221
47,21.2,1.438099,3.618946
47,21.6,1.758318,3.614427
47,22.0,2.17728,3.672899
47,22.4,2.658917,3.804351
47,22.8,3.134492,4.008049
47,23.2,3.539989,4.273228
47,23.6,3.83667,4.583229
47,24.0,4.008713,4.91913
47,24.4,4.053118,5.261689
47,24.8,3.970261,5.591826
47,25.2,3.755547,5.889881
47,25.6,3.387954,6.133238
47,26.0,2.800534,6.289864
47,26.4,1.756205,6.295166
47,26.8,0.442439,6.075297
47,27.2,0.423382,5.869866
47,27.6,0.443453,5.669356
47,28.0,0.465636,5.472174
47,28.4,0.490197,5.278671
47,28.8,0.517566,5.089268
47,29.2,0.548294,4.904466
47,29.6,0.583098,4.724875
47,30.0,0.62294,4.551245
47,30.4,0.66914,4.384527
47,30.8,0.723572,4.225945
47,31.2,0.789005,4.077136
47,31.6,0.869695,3.940364
47,32.0,0.972473,3.818902
47,32.4,1.108589,3.717678
47,32.8,1.296224,3.644322
47,33.2,1.560801,3.61031
47,33.6,1.923942,3.630623
47,34.0,2.376391,3.719213
47,34.4,2.864394,3.881881
47,34.8,3.316907,4.113261
47,35.2,3.679707,4.399569
47,35.6,3.924775,4.722845
47,36.0,4.042966,5.063888
47,36.4,4.033749,5.403538
47,36.8,3.89645,5.722634
47,37.2,3.621418,6.000698
47,37.6,3.174108,6.212373
47,38.0,2.443647,6.316838
47,38.4,1.037697,6.217931
47,38.8,0.415171,5.987341
47,39.2,0.431578,5.784919
47,39.6,0.452542,5.585775
47,40.0,0.475682,5.390098
48,0.0,2.44725,4.5259
48,0.4,2.46878,4.629849
48,0.8,2.430866,4.728339
48,1.2,2.312223,4.809349
48,1.6,2.079723,4.856022
48,2.0,1.673581,4.842748
48,2.4,1.050368,4.73517
48,2.8,0.677107,4.562287
48,3.2,0.671156,4.394379
48,3.6,0.720666,4.235249
48,4.0,0.784811,4.085802
48,4.4,0.864326,3.948228
48,4.8,0.965483,3.825725
48,5.2,1.099143,3.723098
48,5.6,1.282996,3.647777
48,6.0,1.542163,3.610989
48,6.4,1.899158,3.627579
48,6.8,2.347349,3.711771
48,7.2,2.835249,3.870011
48,7.6,3.291706,4.097568
48,8.0,3.66096,4.381043
48,8.4,3.913533,4.702627
48,8.8,4.039442,5.043141
48,9.2,4.037898,5.383413
48,9.6,3.908466,5.704306
48,10.0,3.642357,5.985488
48,10.4,3.207344,6.20208
48,10.8,2.500506,6.314824
48,11.2,1.148548,6.232458
48,11.6,0.415307,5.999704
48,12.0,0.430378,5.797038
48,12.4,0.451218,5.597696
48,12.8,0.474218,5.401799
48,13.2,0.499738,5.209726
48,13.6,0.52825,5.021922
48,14.0,0.560357,4.838927
48,14.4,0.596856,4.661394
48,14.8,0.638819,4.49014
48,15.2,0.68774,4.326203
48,15.6,0.745767,4.170937
48,16.0,0.816117,4.026175
48,16.4,0.903819,3.894489
48,16.8,1.017038,3.779656
48,17.2,1.169244,3.687443
48,17.6,1.381526,3.626758
48,18.0,1.680177,3.610556
48,18.4,2.079119,3.654219
48,18.8,2.552429,3.769503
48,19.2,3.035435,3.958157
48,19.6,3.460362,4.21128
48,20.0,3.782633,4.51313
48,20.4,3.982245,4.845053
48,20.8,4.054288,5.187791
48,21.2,3.999119,5.52225
48,21.6,3.813975,5.829025
48,22.0,3.482856,6.086476
48,22.4,2.953596,6.265606
48,22.8,2.049585,6.313034
48,23.2,0.536946,6.124669
48,23.6,0.419466,5.913771
48,24.0,0.438921,5.712572
48,24.4,0.460636,5.51464
48,24.8,0.484648,5.320307
48,25.2,0.511366,5.129975
48,25.6,0.541311,4.944127
48,26.0,0.575159,4.763347
48,26.4,0.613812,4.588352
48,26.8,0.658496,4.420042
48,27.2,0.710946,4.259573
48,27.6,0.773694,4.108478
48,28.0,0.850607,3.968861
48,28.4,0.947827,3.843729
48,28.8,1.075445,3.737581
48,29.2,1.249946,3.657351
48,29.6,1.495534,3.613621
48,30.0,1.836558,3.62082
48,30.4,2.272836,3.693735
48,30.8,2.759215,3.840421
48,31.2,3.224932,4.057848
48,31.6,3.610417,4.333682
48,32.0,3.882282,4.650558
48,32.4,4.028186,4.989383
48,32.8,4.046531,5.330952
48,33.2,3.937362,5.656166
48,33.6,3.693897,5.945028
48,34.0,3.289273,6.173751
48,34.4,2.638309,6.306611
48,34.8,1.428903,6.264989
48,35.2,0.41902,6.031997
48,35.6,0.427302,5.828536
48,36.0,0.447821,5.628683
48,36.4,0.470461,5.432224
48,36.8,0.495559,5.239525
48,37.2,0.523566,5.05102
48,37.6,0.555064,4.867232
48,38.0,0.590812,4.688795
48,38.4,0.631835,4.516496
48,38.8,0.679545,4.351334
48,39.2,0.735968,4.194604
48,39.6,0.804114,4.04805
48,40.0,0.888662,3.914106
49,0.0,1.472024,9.771386
49,0.4,0.241301,9.47614
49,0.8,0.247822,9.246308
49,1.2,0.254708,9.01751
49,1.6,0.261977,8.789801
49,2.0,0.269662,8.563245
49,2.4,0.277799,8.337909
49,2.8,0.286429,8.113867
49,3.2,0.295599,7.8912
49,3.6,0.305362,7.669996
49,4.0,0.315777,7.450354
49,4.4,0.326913,7.232382
49,4.8,0.338847,7.016198
49,5.2,0.35167,6.801937
49,5.6,0.365488,6.589747
49,6.0,0.380422,6.379796
49,6.4,0.39662,6.172272
49,6.8,0.414251,5.96739
49,7.2,0.433525,5.765397
49,7.6,0.454693,5.566576
49,8.0,0.478063,5.371255
49,8.4,0.504021,5.179823
49,8.8,0.533055,4.99274
49,9.2,0.565796,4.810558
49,9.6,0.603076,4.633956
49,10.0,0.646024,4.46378
49,10.4,0.696216,4.30111
49,10.8,0.755936,4.147363
49,11.2,0.828627,4.004467
49,11.6,0.919704,3.875148
49,12.0,1.038002,3.763433
49,12.4,1.198068,3.6755
49,12.8,1.422224,3.620865
49,13.2,1.736491,3.61308
49,13.6,2.150136,3.667454
49,14.0,2.62983,3.794488
49,14.4,3.107751,3.994126
49,14.8,3.518745,4.256089
49,15.2,3.822494,4.563953
49,15.6,4.002081,4.898857
49,16.0,4.05403,5.241554
49,16.4,3.978749,5.572962
49,16.8,3.772192,5.873501
49,17.2,3.414814,6.120845
49,17.6,2.844104,6.283869
49,18.0,1.841444,6.301389
49,18.4,0.4578,6.08827
49,18.8,0.42228,5.881843
49,19.2,0.442205,5.681144
49,19.6,0.46426,5.483756
49,20.0,0.488669,5.290025
49,20.4,0.515857,5.100366
49,20.8,0.546368,4.915275
49,21.2,0.580907,4.735356
49,21.6,0.620418,4.561349
49,22.0,0.666196,4.39419
49,22.4,0.720074,4.235086
49,22.8,0.784755,4.085642
49,23.2,0.864383,3.948079
49,23.6,0.965594,3.825592
49,24.0,1.099308,3.72299
49,24.4,1.283237,3.647704
49,24.8,1.542508,3.610968
49,25.2,1.899623,3.627628
49,25.6,2.347902,3.711904
49,26.0,2.83581,3.870228
49,26.4,3.292197,4.09786
49,26.8,3.661331,4.381391
49,27.2,3.913763,4.703009
49,27.6,4.039524,5.043536
49,28.0,4.037834,5.383799
49,28.4,3.908253,5.70466
49,28.8,3.641975,5.985785
49,29.2,3.206731,6.202286
49,29.6,2.499457,6.314877
49,30.0,1.146452,6.232201
49,30.4,0.415299,5.999478
49,30.8,0.4304,5.796818
49,31.2,0.451242,5.597479
49,31.6,0.474244,5.401586
49,32.0,0.499768,5.209517
49,32.4,0.528283,5.021719
49,32.8,0.560394,4.838729
49,33.2,0.596898,4.661203
49,33.6,0.638869,4.489956
49,34.0,0.687798,4.326028
49,34.4,0.745837,4.170772
49,34.8,0.816203,4.026022
49,35.2,0.903927,3.894353
49,35.6,1.017181,3.779542
49,36.0,1.169439,3.687357
49,36.4,1.381801,3.626713
49,36.8,1.680559,3.610568
49,37.2,2.079607,3.654304
49,37.6,2.552967,3.76967
49,38.0,3.035944,3.958402
49,38.4,3.460777,4.211588
49,38.8,3.782921,4.513481
49,39.2,3.982394,4.845427
49,39.6,4.054297,5.188166
49,40.0,3.998988,5.522605
50,0.0,4.634323,8.198243
50,0.4,3.45838,8.45528
50,0.8,1.287891,8.406216
50,1.2,0.285807,8.131645
50,1.6,0.294849,7.90886
50,2.0,0.304563,7.687537
50,2.4,0.314923,7.467767
50,2.8,0.325999,7.249657
50,3.2,0.337866,7.033327
50,3.6,0.350615,6.818907
50,4.0,0.364349,6.606547
50,4.4,0.37919,6.39641
50,4.8,0.395281,6.188686
50,5.2,0.412792,5.983586
50,5.6,0.431927,5.781353
50,6.0,0.452933,5.582268
50,6.4,0.476115,5.386656
50,6.8,0.50185,5.194899
50,7.2,0.530619,5.00745
50,7.6,0.563038,4.824855
50,8.0,0.59992,4.647782
50,8.4,0.642366,4.477059
50,8.8,0.69191,4.313745
50,9.2,0.750766,4.159226
50,9.6,0.82226,4.01538
50,10.0,0.911608,3.884854
50,10.4,1.027301,3.771548
50,10.8,1.183332,3.681427
50,11.2,1.401411,3.623697
50,11.6,1.707752,3.611616
50,12.0,2.114072,3.660548
50,12.4,2.590762,3.781651
50,12.8,3.071462,3.975778
50,13.2,3.489618,4.233331
50,13.6,3.802768,4.538219
50,14.0,3.992469,4.871679
50,14.4,4.054555,5.214456
50,14.8,3.98943,5.547463
50,15.2,3.793728,5.851216
50,15.6,3.449759,6.103749
50,16.0,2.90048,6.275062
50,16.4,1.949708,6.308123
50,16.8,0.489279,6.106234
50,17.2,0.420833,5.897943
50,17.6,0.440542,5.696992
50,18.0,0.462424,5.499329
50,18.4,0.486632,5.305292
50,18.8,0.513581,5.115292
50,19.2,0.543804,4.929818
50,19.6,0.577992,4.749462
50,20.0,0.617066,4.574954
50,20.4,0.662286,4.40721
50,20.8,0.715436,4.247412
50,21.2,0.779129,4.097129
50,21.6,0.857368,3.95852
50,22.0,0.956533,3.834684
50,22.4,1.087119,3.730271
50,22.8,1.266211,3.652457
50,23.2,1.518498,3.612145
50,23.6,1.867498,3.623983
50,24.0,2.309878,3.702503
50,24.4,2.797246,3.854968
50,24.8,3.258523,4.077492
50,25.2,3.636003,4.357194
50,25.6,3.898272,4.676479
50,26.0,4.0342,5.016207
50,26.4,4.042618,5.357188
50,26.8,3.923357,5.680307
50,27.2,3.668674,5.96541
50,27.6,3.249136,6.188188
50,28.0,2.571192,6.311242
50,28.4,1.291385,6.249763
50,28.8,0.416375,6.015838
50,29.2,0.428829,5.812813
50,29.6,0.449509,5.613214
50,30.0,0.472328,5.417034
50,30.4,0.497635,5.224646
50,30.8,0.525892,5.036489
50,31.2,0.557691,4.853094
50,31.6,0.593811,4.675106
50,32.0,0.635298,4.503326
50,32.4,0.683606,4.33877
50,32.8,0.74082,4.182766
50,33.2,0.810051,4.037098
50,33.6,0.896149,3.904269
50,34.0,1.006965,3.787939
50,34.4,1.155458,3.693678
50,34.8,1.362086,3.630104
50,35.2,1.653115,3.609861
50,35.6,2.044489,3.648306
50,36.0,2.513983,3.757756
50,36.4,2.998875,3.940857
50,36.8,3.430331,4.18943
50,37.2,3.761647,4.488113
50,37.6,3.971189,4.818373
50,38.0,4.053241,5.160955
50,38.4,4.008059,5.496753
50,38.8,3.833433,5.806434
50,39.2,3.514933,6.068653
50,39.6,3.004858,6.255337
50,40.0,2.144055,6.316386
51,0.0,2.06348,9.815058
51,0.4,0.240421,9.510869
51,0.8,0.246816,9.280882
51,1.2,0.253647,9.051924
51,1.6,0.260856,8.824047
51,2.0,0.268476,8.597313
51,2.4,0.276542,8.371789
51,2.8,0.285095,8.147547
51,3.2,0.294181,7.924667
51,3.6,0.303851,7.703237
51,4.0,0.314163,7.483353
51,4.4,0.325185,7.265121
51,4.8,0.336994,7.04866
51,5.2,0.349677,6.8341
51,5.6,0.363337,6.621588
51,6.0,0.378095,6.411287
51,6.4,0.394091,6.203385
51,6.8,0.411495,5.99809
51,7.2,0.430506,5.795644
51,7.6,0.45137,5.596325
51,8.0,0.474386,5.400454
51,8.4,0.499925,5.208408
51,8.8,0.528459,5.020636
51,9.2,0.560594,4.837676
51,9.6,0.597126,4.660184
51,10.0,0.639132,4.488977
51,10.4,0.688108,4.325095
51,10.8,0.746208,4.169895
51,11.2,0.816658,4.025213
51,11.6,0.904504,3.893629
51,12.0,1.01794,3.778931
51,12.4,1.17048,3.686901
51,12.8,1.383269,3.626475
51,13.2,1.682599,3.610635
51,13.6,2.082204,3.654763
51,14.0,2.55583,3.770563
51,14.4,3.038649,3.959706
51,14.8,3.462985,4.213226
51,15.2,3.784451,4.51535
51,15.6,3.983184,4.847414
51,16.0,4.054343,5.19016
51,16.4,3.99829,5.524495
51,16.8,3.812213,5.831007
51,17.2,3.479965,6.088028
51,17.6,2.948966,6.266477
51,18.0,2.040961,6.312663
51,18.4,0.531907,6.122996
51,18.8,0.419585,5.912365
51,19.2,0.439064,5.711188
51,19.6,0.460794,5.51328
51,20.0,0.484824,5.318973
51,20.4,0.511562,5.12867
51,20.8,0.541531,4.942856
51,21.2,0.57541,4.762113
51,21.6,0.614099,4.587161
51,22.0,0.658831,4.418901
51,22.4,0.711342,4.258491
51,22.8,0.774173,4.107468
51,23.2,0.851202,3.967939
51,23.6,0.948592,3.842922
51,24.0,1.07647,3.736925
51,24.4,1.251372,3.656908
51,24.8,1.497548,3.613477
51,25.2,1.839281,3.621084
51,25.6,2.276112,3.694495
51,26.0,2.762597,3.841695
51,26.4,3.227935,4.059578
51,26.8,3.612717,4.335759
51,27.2,3.883733,4.652854
51,27.6,4.028752,4.991764
51,28.0,4.046215,5.333285
51,28.4,3.936152,5.658318
51,28.8,3.691697,5.946852
51,29.2,3.285768,6.175056
51,29.6,2.632477,6.307063
51,30.0,1.416947,6.263721
51,30.4,0.418699,6.030557
51,30.8,0.427437,5.827139
51,31.2,0.44797,5.627309
51,31.6,0.470626,5.430875
51,32.0,0.495742,5.238203
51,32.4,0.523772,5.049729
51,32.8,0.555296,4.865975
51,33.2,0.591077,4.687578
51,33.6,0.632141,4.515325
51,34.0,0.679903,4.350216
51,34.4,0.736395,4.19355
51,34.8,0.804638,4.047075
51,35.2,0.88932,3.913228
51,35.6,0.998024,3.795568
51,36.0,1.143258,3.699495
51,36.4,1.344905,3.633369
51,36.8,1.62912,3.609544
51,37.2,2.013511,3.643325
51,37.6,2.47919,3.747498
51,38.0,2.965414,3.925514
51,38.4,3.402543,4.169877
51,38.8,3.741954,4.465587
51,39.2,3.960478,4.794236
51,39.6,4.051615,5.136575
51,40.0,4.015485,5.473486
52,0.0,4.115004,8.301341
52,0.4,2.671897,8.444764
52,0.8,0.309011,8.209202
52,1.2,0.291688,7.984349
52,1.6,0.301195,7.762521
52,2.0,0.311329,7.542212
52,2.4,0.322153,7.323526
52,2.8,0.333742,7.106577
52,3.2,0.346181,6.891493
52,3.6,0.359568,6.678416
52,4.0,0.374018,6.467505
52,4.4,0.389667,6.258939
52,4.8,0.406675,6.052922
52,5.2,0.425233,5.849686
52,5.6,0.445572,5.649498
52,6.0,0.467977,5.452667
52,6.4,0.492798,5.259554
52,6.8,0.520475,5.070586
52,7.2,0.551574,4.886275
52,7.6,0.586834,4.707243
52,8.0,0.627245,4.534258
52,8.4,0.674172,4.368292
52,8.8,0.72956,4.210605
52,9.2,0.796294,4.062884
52,9.6,0.878829,3.927473
52,10.0,0.984337,3.807777
52,10.4,1.12465,3.708939
52,10.8,1.318747,3.638928
52,11.2,1.592463,3.609636
52,11.6,1.965702,3.636224
52,12.0,2.424731,3.73214
52,12.4,2.912306,3.902087
52,12.8,3.35785,4.139676
52,13.2,3.709753,4.430523
52,13.6,3.942335,4.756442
52,14.0,4.047758,5.098204
52,14.4,4.025845,5.436668
52,14.8,3.875459,5.752627
52,15.2,3.585407,6.02533
52,15.6,3.116963,6.228558
52,16.0,2.344466,6.318612
52,16.4,0.860947,6.192207
52,16.8,0.415755,5.966932
52,17.2,0.433582,5.764873
52,17.6,0.454751,5.56606
52,18.0,0.478127,5.370749
52,18.4,0.504092,5.179328
52,18.8,0.533135,4.992256
52,19.2,0.565887,4.810088
52,19.6,0.60318,4.633502
52,20.0,0.646145,4.463345
52,20.4,0.696359,4.300696
52,20.8,0.756108,4.146974
52,21.2,0.828839,4.00411
52,21.6,0.919973,3.87483
52,22.0,1.038358,3.763169
52,22.4,1.198559,3.675309
52,22.8,1.422918,3.620777
52,23.2,1.737447,3.613134
52,23.6,2.151329,3.667689
52,24.0,2.631114,3.794918
52,24.4,3.108936,3.994736
52,24.8,3.519691,4.256843
52,25.2,3.823129,4.564802
52,25.6,4.002383,4.899752
52,26.0,4.053999,5.242444
52,26.4,3.978384,5.573797
52,26.8,3.771468,5.874228
52,27.2,3.413643,6.121398
52,27.6,2.842209,6.284144
52,28.0,1.837766,6.301136
52,28.4,0.456995,6.087691
52,28.8,0.422328,5.881314
52,29.2,0.44226,5.680624
52,29.6,0.46432,5.483245
52,30.0,0.488736,5.289523
52,30.4,0.515933,5.099875
52,30.8,0.546452,4.914798
52,31.2,0.581003,4.734892
52,31.6,0.620529,4.560902
52,32.0,0.666325,4.393763
52,32.4,0.720228,4.234681
52,32.8,0.784941,4.085266
52,33.2,0.864616,3.947737
52,33.6,0.965895,3.825295
52,34.0,1.099714,3.722753
52,34.4,1.283804,3.647552
52,34.8,1.543308,3.610935
52,35.2,1.90069,3.627755
52,35.6,2.349157,3.712221
52,36.0,2.837074,3.870737
52,36.4,3.293294,4.098536
52,36.8,3.662151,4.382191
52,37.2,3.914258,4.703884
52,37.6,4.039686,5.044435
52,38.0,4.037664,5.384672
52,38.4,3.907742,5.705456
52,38.8,3.641079,5.986448
52,39.2,3.205309,6.202739
52,39.6,2.497037,6.314978
52,40.0,1.141643,6.231591
53,0.0,2.797446,5.633449
53,0.4,2.241599,5.706605
53,0.8,1.208234,5.629041
53,1.2,0.490099,5.415475
53,1.6,0.498118,5.222379
53,2.0,0.526252,5.03427
53,2.4,0.558095,4.850935
53,2.8,0.594272,4.673016
53,3.2,0.635832,4.501316
53,3.6,0.684232,4.336854
53,4.0,0.741568,4.180961
53,4.4,0.810968,4.03543
53,4.8,0.897307,3.902773
53,5.2,1.008484,3.786669
53,5.6,1.157533,3.692716
53,6.0,1.365012,3.629577
53,6.4,1.657194,3.609943
53,6.8,2.04973,3.649177
53,7.2,2.519831,3.759515
53,7.6,3.004464,3.943465
53,8.0,3.434944,4.192737
53,8.4,3.764891,4.49191
53,8.8,3.972923,4.822431
53,9.2,4.053451,5.165044
53,9.6,4.006749,5.500646
53,10.0,3.830527,5.809892
53,10.4,3.510124,6.071397
53,10.8,2.997184,6.256949
53,11.2,2.130029,6.315974
53,11.6,0.594382,6.141105
53,12.0,0.418362,5.927266
53,12.4,0.43755,5.725854
53,12.8,0.459125,5.527696
53,13.2,0.482973,5.333111
53,13.6,0.509496,5.142499
53,14.0,0.539207,4.956337
53,14.4,0.572771,4.775199
53,14.8,0.61107,4.599794
53,15.2,0.655306,4.431007
53,15.6,0.707171,4.269974
53,16.0,0.769134,4.118198
53,16.4,0.844945,3.977736
53,16.8,0.940557,3.851522
53,17.2,1.065727,3.743929
53,17.6,1.236436,3.661694
53,18.0,1.476447,3.615123
53,18.4,1.81069,3.618445
53,18.8,2.241543,3.686627
53,19.2,2.726722,3.828378
53,19.6,3.195929,4.041403
53,20.0,3.588073,4.313857
53,20.4,3.868054,4.628589
53,20.8,4.022452,4.966554
53,21.2,4.049254,5.308531
53,21.6,3.948649,5.635434
53,22.0,3.71462,5.927386
53,22.4,3.322332,6.161009
53,22.8,2.693069,6.30188
53,23.2,1.540756,6.276319
53,23.6,0.423238,6.045871
53,24.0,0.426014,5.84194
53,24.4,0.446393,5.641873
53,24.8,0.468884,5.445178
53,25.2,0.493805,5.252215
53,25.6,0.521602,5.063417
53,26.0,0.552847,4.879296
53,26.4,0.588284,4.700481
53,26.8,0.628917,4.527746
53,27.2,0.676128,4.362072
53,27.6,0.731891,4.204734
53,28.0,0.799137,4.057437
53,28.4,0.882399,3.922559
53,28.8,0.988989,3.803554
53,29.2,1.130964,3.705655
53,29.6,1.327616,3.636961
53,30.0,1.604907,3.609524
53,30.4,1.981997,3.638563
53,30.8,2.443397,3.737308
53,31.2,2.930611,3.910037
53,31.6,3.373337,4.149973
53,32.0,3.720983,4.442517
53,32.4,3.948746,4.769401
53,32.8,4.049262,5.111387
53,33.2,4.022468,5.449345
53,33.6,3.867025,5.764044
53,34.0,3.571108,6.034619
53,34.4,3.094257,6.234493
53,34.8,2.304523,6.318754
53,35.2,0.798158,6.182019
53,35.6,0.416157,5.959102
53,36.0,0.434358,5.757176
53,36.4,0.455606,5.558491
53,36.8,0.479074,5.363322
53,37.2,0.505148,5.172059
53,37.6,0.53432,4.985164
53,38.0,0.567229,4.803197
53,38.4,0.604717,4.626841
53,38.8,0.647928,4.45695
53,39.2,0.69846,4.294615
53,39.6,0.758635,4.141272
53,40.0,0.831956,3.998872
54,0.0,1.385564,9.415614
54,0.4,0.25139,9.126662
54,0.8,0.258456,8.898424
54,1.2,0.265937,8.67131
54,1.6,0.273853,8.445382
54,2.0,0.282242,8.220712
54,2.4,0.291149,7.997378
54,2.8,0.300622,7.775464
54,3.2,0.310717,7.555063
54,3.6,0.321499,7.336279
54,4.0,0.333042,7.119225
54,4.4,0.345428,6.904028
54,4.8,0.358756,6.690829
54,5.2,0.373141,6.479786
54,5.6,0.388715,6.271078
54,6.0,0.405639,6.064906
54,6.4,0.4241,5.8615
54,6.8,0.444328,5.661126
54,7.2,0.466603,5.464089
54,7.6,0.491271,5.270747
54,8.0,0.518767,5.081523
54,8.4,0.549648,4.896924
54,8.8,0.58464,4.717563
54,9.2,0.624716,4.5442
54,9.6,0.671214,4.377791
54,10.0,0.726039,4.219578
54,10.4,0.792006,4.071217
54,10.8,0.873452,3.935006
54,11.2,0.977347,3.814268
54,11.6,1.115179,3.714024
54,12.0,1.30546,3.642039
54,12.4,1.573794,3.609964
54,12.8,1.94113,3.632859
54,13.2,2.396376,3.724477
54,13.6,2.884291,3.890168
54,14.0,3.333981,4.124137
54,14.4,3.692299,4.412348
54,14.8,3.932204,4.736742
54,15.2,4.045105,5.078106
54,15.6,4.030629,5.417288
54,16.0,3.88792,5.735109
54,16.4,3.606706,6.010983
54,16.8,3.150765,6.219206
54,17.2,2.403358,6.317813
54,17.6,0.962812,6.207473
54,18.0,0.415316,5.978878
54,18.4,0.432406,5.776611
54,18.8,0.453454,5.577604
54,19.2,0.476692,5.382078
54,19.6,0.502493,5.190417
54,20.0,0.53134,5.003077
54,20.4,0.563854,4.820604
54,20.8,0.600854,4.64367
54,21.2,0.643448,4.473109
54,21.6,0.693183,4.309985
54,22.0,0.752294,4.155694
54,22.4,0.82414,4.012129
54,22.8,0.913996,3.881959
54,23.2,1.030453,3.769122
54,23.6,1.187669,3.679645
54,24.0,1.407535,3.622825
54,24.4,1.716222,3.61201
54,24.8,2.124739,3.662552
54,25.2,2.602368,3.785416
54,25.6,3.082287,3.981187
54,26.0,3.498343,4.240061
54,26.4,3.808711,4.545846
54,26.8,3.995409,4.879748
54,27.2,4.054483,5.222513
54,27.6,3.986342,5.555058
54,28.0,3.787427,5.85787
54,28.4,3.439509,6.108881
54,28.8,2.883978,6.277767
54,29.2,1.918258,6.30631
54,29.6,0.478374,6.100821
54,30.0,0.421258,5.893158
54,30.4,0.441035,5.692282
54,30.8,0.462968,5.4947
54,31.2,0.487235,5.300754
54,31.6,0.514255,5.110855
54,32.0,0.544563,4.925494
54,32.4,0.578855,4.745267
54,32.8,0.618058,4.570907
54,33.2,0.663442,4.403337
54,33.6,0.716807,4.243744
54,34.0,0.780791,4.093709
54,34.4,0.859438,3.955408
54,34.8,0.959204,3.83197
54,35.2,1.090708,3.72809
54,35.6,1.27122,3.65102
54,36.0,1.525565,3.61176
54,36.4,1.876978,3.625021
54,36.8,2.321145,3.705246
54,37.2,2.808723,3.859455
54,37.6,3.268585,4.083505
54,38.0,3.643605,4.364357
54,38.4,3.902958,4.684348
54,38.8,4.035866,5.024326
54,39.2,4.041281,5.365106
54,39.6,3.918959,5.687568
54,40.0,3.660849,5.971505
55,0.0,2.823105,5.21418
55,0.4,2.55192,5.332004
55,0.8,2.067693,5.378636
55,1.2,1.194489,5.296874
55,1.6,0.549891,5.097549
55,2.0,0.547764,4.911354
55,2.4,0.581726,4.731531
55,2.8,0.621337,4.557662
55,3.2,0.667266,4.390663
55,3.6,0.721346,4.231748
55,4.0,0.786299,4.082535
55,4.4,0.866312,3.945259
55,4.8,0.968089,3.823144
55,5.2,1.102673,3.721042
55,5.6,1.287942,3.646455
55,6.0,1.549138,3.610706
55,6.4,1.908454,3.628692
55,6.8,2.358276,3.714539
55,7.2,2.846249,3.87445
55,7.6,3.301245,4.103454
55,8.0,3.668081,4.388005
55,8.4,3.917831,4.710236
55,8.8,4.040831,5.050959
55,9.2,4.036396,5.391006
55,9.6,3.904004,5.711231
55,10.0,3.634545,5.99125
55,10.4,3.194938,6.206006
55,10.8,2.479348,6.315668
55,11.2,1.106721,6.227104
55,11.6,0.415199,5.995048
55,12.0,0.430828,5.792477
55,12.4,0.451715,5.593209
55,12.8,0.474768,5.397395
55,13.2,0.50035,5.205413
55,13.6,0.528936,5.017713
55,14.0,0.561133,4.834833
55,14.4,0.597743,4.657433
55,14.8,0.639846,4.486333
55,15.2,0.688947,4.322576
55,15.6,0.747212,4.167526
55,16.0,0.817892,4.023028
55,16.4,0.906067,3.891678
55,16.8,1.019997,3.777285
55,17.2,1.173301,3.685674
55,17.6,1.38725,3.62584
55,18.0,1.688127,3.610826
55,18.4,2.089231,3.656013
55,18.8,2.563567,3.772988
55,19.2,3.045946,3.963238
55,19.6,3.468933,4.217659
55,20.0,3.788564,4.520404
55,20.4,3.985298,4.852786
55,20.8,4.054446,5.195547
55,21.2,3.996383,5.529596
55,21.6,3.808181,5.835506
55,22.0,3.473357,6.091546
55,22.4,2.938376,6.268435
55,22.8,2.021176,6.311773
55,23.2,0.521068,6.119218
55,23.6,0.419857,5.909168
55,24.0,0.439391,5.708041
55,24.4,0.461154,5.510187
55,24.8,0.485223,5.31594
55,25.2,0.512008,5.125704
55,25.6,0.542033,4.939965
55,26.0,0.57598,4.759308
55,26.4,0.614754,4.584453
55,26.8,0.659593,4.416307
55,27.2,0.712244,4.256032
55,27.6,0.775265,4.105172
55,28.0,0.852559,3.965846
55,28.4,0.950338,3.841088
55,28.8,1.078809,3.73544
55,29.2,1.254629,3.655906
55,29.6,1.502147,3.613159
55,30.0,1.84549,3.621697
55,30.4,2.283572,3.696236
55,30.8,2.770285,3.844605
55,31.2,3.234749,4.063521
55,31.6,3.617927,4.340491
55,32.0,3.88701,4.658079
55,32.4,4.030014,4.997179
55,32.8,4.045474,5.338589
55,33.2,3.933375,5.663206
55,33.6,3.686665,5.950991
55,34.0,3.277755,6.178007
55,34.4,2.619122,6.308062
55,34.8,1.389563,6.260777
55,35.2,0.41804,6.027287
55,35.6,0.427745,5.823963
55,36.0,0.44831,5.624185
55,36.4,0.471002,5.427807
55,36.8,0.496161,5.235197
55,37.2,0.52424,5.046793
55,37.6,0.555825,4.863119
55,38.0,0.591681,4.684812
55,38.4,0.632837,4.512663
55,38.8,0.68072,4.347676
55,39.2,0.737371,4.191156
55,39.6,0.80583,4.044859
55,40.0,0.890823,3.911236
56,0.0,2.223826,7.475317
56,0.4,0.349706,7.238
56,0.8,0.338607,7.02045
56,1.2,0.351408,6.806149
56,1.6,0.365204,6.593916
56,2.0,0.380116,6.383919
56,2.4,0.396286,6.176345
56,2.8,0.413888,5.971409
56,3.2,0.433127,5.769357
56,3.6,0.454255,5.570469
56,4.0,0.477578,5.375076
56,4.4,0.50348,5.183563
56,4.8,0.532448,4.996389
56,5.2,0.565108,4.814104
56,5.6,0.602289,4.637385
56,6.0,0.645111,4.467072
56,6.4,0.695142,4.304241
56,6.8,0.754645,4.150302
56,7.2,0.827036,4.007168
56,7.6,0.917679,3.877547
56,8.0,1.035322,3.765434
56,8.4,1.194372,3.676952
56,8.8,1.417004,3.621541
56,9.2,1.729295,3.61268
56,9.6,2.141141,3.665696
56,10.0,2.620131,3.791258
56,10.4,3.098782,3.989534
56,10.8,3.511578,4.250412
56,11.2,3.817671,4.557548
56,11.6,3.99977,4.892105
56,12.0,4.054235,5.234833
56,12.4,3.981477,5.56665
56,12.8,3.777625,5.867999
56,13.2,3.423607,6.116648
56,13.6,2.858322,6.281762
56,14.0,1.868967,6.30323
56,14.4,0.464302,6.092665
56,14.8,0.421916,5.885838
56,15.2,0.441791,5.685077
56,15.6,0.463803,5.48762
56,16.0,0.488161,5.293813
56,16.4,0.51529,5.104068
56,16.8,0.545729,4.918882
56,17.2,0.58018,4.738854
56,17.6,0.619582,4.564722
56,18.0,0.66522,4.397418
56,18.4,0.718916,4.23814
56,18.8,0.78335,4.088487
56,19.2,0.862629,3.950662
56,19.6,0.963326,3.827838
56,20.0,1.096253,3.724782
56,20.4,1.278966,3.648862
56,20.8,1.536488,3.611229
56,21.2,1.891591,3.626683
56,21.6,2.338436,3.709526
56,22.0,2.826254,3.866398
56,22.4,3.283889,4.09277
56,22.8,3.655113,4.375361
56,23.2,3.909992,4.696411
56,23.6,4.038278,5.036752
56,24.0,4.039097,5.377204
56,24.4,3.912082,5.698637
56,24.8,3.648699,5.980764
56,25.2,3.217405,6.198844
56,25.6,2.517598,6.31408
56,26.0,1.182707,6.236744
56,26.4,0.415453,6.003532
56,26.8,0.430008,5.800787
56,27.2,0.450811,5.601383
56,27.6,0.473767,5.405419
56,28.0,0.499237,5.213271
56,28.4,0.527687,5.025383
56,28.8,0.559721,4.842292
56,29.2,0.596129,4.664651
56,29.6,0.637978,4.493271
56,30.0,0.686752,4.329186
56,30.4,0.744584,4.173743
56,30.8,0.814665,4.028764
56,31.2,0.901982,3.896805
56,31.6,1.014622,3.781613
56,32.0,1.165934,3.688908
56,32.4,1.376856,3.627529
56,32.8,1.673685,3.610357
56,33.2,2.070842,3.652773
56,33.6,2.543282,3.766669
56,34.0,3.026776,3.954008
56,34.4,3.45328,4.206058
56,34.8,3.777713,4.507165
56,35.2,3.979688,4.838704
56,35.6,4.05411,5.181415
56,36.0,4.001316,5.516203
56,36.4,3.818681,5.823681
56,36.8,3.490587,6.082281
56,37.2,2.965968,6.263233
56,37.6,2.072556,6.313971
56,38.0,0.551359,6.129208
56,38.4,0.41915,5.917554
56,38.8,0.438535,5.716295
56,39.2,0.460211,5.5183
56,39.6,0.484177,5.323896
56,40.0,0.51084,5.133485
57,0.0,1.707091,9.139686
57,0.4,0.260211,8.84649
57,0.8,0.267704,8.619635
57,1.2,0.275725,8.393988
57,1.6,0.284228,8.169616
57,2.0,0.293259,7.946598
57,2.4,0.302869,7.725021
57,2.8,0.313115,7.50498
57,3.2,0.324064,7.28658
57,3.6,0.335791,7.069939
57,4.0,0.348383,6.855185
57,4.4,0.361942,6.642463
57,4.8,0.376586,6.431937
57,5.2,0.392453,6.223789
57,5.6,0.409709,6.018226
57,6.0,0.428552,5.815488
57,6.4,0.449221,5.615847
57,6.8,0.472009,5.419619
57,7.2,0.49728,5.227178
57,7.6,0.525494,5.038962
57,8.0,0.557242,4.8555
57,8.4,0.593298,4.677435
57,8.8,0.634706,4.505566
57,9.2,0.682911,4.340906
57,9.6,0.739988,4.184777
57,10.0,0.809033,4.038957
57,10.4,0.894863,3.905937
57,10.8,1.00528,3.789356
57,11.2,1.153156,3.694753
57,11.6,1.358843,3.630698
57,12.0,1.648591,3.609779
57,12.4,2.038668,3.647347
57,12.8,2.507474,3.75581
57,13.2,2.992643,3.937964
57,13.6,3.425177,4.185756
57,14.0,3.758014,4.483891
57,14.4,3.969237,4.813858
57,14.8,4.052986,5.156401
57,15.2,4.009496,5.492415
57,15.6,3.836645,5.802575
57,16.0,3.520258,6.065586
57,16.4,3.01335,6.253522
57,16.8,2.159526,6.316805
57,17.2,0.620746,6.147523
57,17.6,0.417963,5.932393
57,18.0,0.437032,5.730899
57,18.4,0.458553,5.532656
57,18.8,0.482339,5.337976
57,19.2,0.508789,5.147259
57,19.6,0.538412,4.960977
57,20.0,0.571869,4.779705
57,20.4,0.610036,4.604145
57,20.8,0.654104,4.435177
57,21.2,0.70575,4.273932
57,21.6,0.767419,4.1219
57,22.0,0.842819,3.981121
57,22.4,0.937832,3.854501
57,22.8,1.06209,3.746368
57,23.2,1.231388,3.663383
57,23.6,1.469314,3.615751
57,24.0,1.800988,3.617619
57,24.4,2.22973,3.684016
57,24.8,2.714367,3.82389
57,25.2,3.184828,4.03523
57,25.6,3.579459,4.306381
57,26.0,3.862508,4.620277
57,26.4,4.020127,4.957893
57,26.8,4.05014,5.300004
57,27.2,3.952781,5.627525
57,27.6,3.722306,5.920622
57,28.0,3.334618,6.156067
57,28.4,2.713309,6.299903
57,28.8,1.581821,6.280227
57,29.2,0.425502,6.051174
57,29.6,0.425529,5.847031
57,30.0,0.445854,5.646883
57,30.4,0.468288,5.450099
57,30.8,0.493143,5.257037
57,31.2,0.520861,5.068127
57,31.6,0.55201,4.883882
57,32.0,0.587331,4.704924
57,32.4,0.627817,4.532024
57,32.8,0.674841,4.366158
57,33.2,0.730357,4.20859
57,33.6,0.797266,4.061014
57,34.0,0.880049,3.925786
57,34.4,0.985926,3.806326
57,34.8,1.126805,3.707809
57,35.2,1.321774,3.638246
57,35.6,1.596712,3.609588
57,36.0,1.971273,3.637014
57,36.4,2.431126,3.733899
57,36.8,2.918589,3.904802
57,37.2,3.363175,4.143197
57,37.6,3.713623,4.434629
57,38.0,3.944554,4.760882
57,38.4,4.048295,5.102724
57,38.8,4.024709,5.441018
57,39.2,3.872591,5.756548
57,39.6,3.580534,6.028526
57,40.0,3.109226,6.230611
58,0.0,4.034078,8.316778
58,0.4,2.532142,8.440315
58,0.8,0.296057,8.19029
58,1.2,0.292433,7.96638
58,1.6,0.301989,7.744671
58,2.0,0.312176,7.524489
58,2.4,0.32306,7.305939
58,2.8,0.334714,7.089136
58,3.2,0.347226,6.874208
58,3.6,0.360694,6.6613
58,4.0,0.375236,6.450571
58,4.4,0.390988,6.242203
58,4.8,0.408113,6.036402
58,5.2,0.426806,5.833402
58,5.6,0.447301,5.633473
58,6.0,0.469887,5.436928
58,6.4,0.49492,5.244132
58,6.8,0.522851,5.055521
58,7.2,0.554256,4.871611
58,7.6,0.589891,4.693037
58,8.0,0.630772,4.520579
58,8.4,0.6783,4.35523
58,8.8,0.734481,4.198278
58,9.2,0.802298,4.051453
58,9.6,0.886375,3.917168
58,10.0,0.994176,3.798935
58,10.4,1.138017,3.702083
58,10.8,1.337531,3.634862
58,11.2,1.618801,3.609498
58,11.6,2.000112,3.641262
58,12.0,2.464021,3.743134
58,12.4,2.950712,3.918918
58,12.8,3.390243,4.161416
58,13.2,3.733156,4.455798
58,13.6,3.955596,4.783713
58,14.0,4.050703,5.125915
58,14.4,4.018525,5.463282
58,14.8,3.85749,5.776555
58,15.2,3.555044,6.044741
58,15.6,3.06873,6.240846
58,16.0,2.259235,6.318546
58,16.4,0.734017,6.170765
58,16.8,0.416677,5.95048
58,17.2,0.435216,5.748695
58,17.6,0.456552,5.550152
58,18.0,0.480122,5.35514
58,18.4,0.506316,5.164052
58,18.8,0.535633,4.977354
58,19.2,0.568717,4.79561
58,19.6,0.606422,4.619509
58,20.0,0.649906,4.449914
58,20.4,0.700793,4.287928
58,20.8,0.761443,4.135003
58,21.2,0.835424,3.993121
58,21.6,0.928371,3.865093
58,22.0,1.049498,3.755087
58,22.4,1.213944,3.669512
58,22.8,1.44466,3.618213
58,23.2,1.767315,3.615039
58,23.6,2.188406,3.675192
58,24.0,2.670762,3.808443
58,24.4,3.145315,4.013784
58,24.8,3.548533,4.280256
58,25.2,3.84232,4.591109
58,25.6,4.011286,4.927397
58,26.0,4.052618,5.26988
58,26.4,3.966671,5.59948
58,26.8,3.748615,5.896501
58,27.2,3.376801,6.138203
58,27.6,2.782376,6.292164
58,28.0,1.720293,6.292322
58,28.4,0.437668,6.070087
58,28.8,0.423836,5.864989
58,29.2,0.443963,5.664556
58,29.6,0.4662,5.467459
58,30.0,0.490823,5.27405
58,30.4,0.518266,5.084751
58,30.8,0.549082,4.900067
58,31.2,0.583996,4.72061
58,31.6,0.623974,4.547136
58,32.0,0.670348,4.380598
58,32.4,0.725009,4.222231
58,32.8,0.790751,4.073682
58,33.2,0.871881,3.937237
58,33.6,0.975308,3.816196
58,34.0,1.112421,3.715542
58,34.4,1.301593,3.642983
58,34.8,1.568356,3.610097
58,35.2,1.933944,3.631912
58,35.6,2.388036,3.722267
58,36.0,2.876004,3.886699
58,36.4,3.326882,4.119591
58,36.8,3.687074,4.407013
58,37.2,3.929133,4.730945
58,37.6,4.04424,5.072179
58,38.0,4.031957,5.41156
58,38.4,3.891505,5.729917
58,38.8,3.612875,6.006709
58,39.2,3.160553,6.216379
58,39.6,2.420288,6.317447
58,40.0,0.993836,6.211875
59,0.0,2.728372,7.763853
59,0.4,0.475266,7.580186
59,0.8,0.320729,7.351714
59,1.2,0.332198,7.134533
59,1.6,0.344521,6.9192
59,2.0,0.357779,6.705855
59,2.4,0.372085,6.494654
59,2.8,0.38757,6.285774
59,3.2,0.404392,6.079415
59,3.6,0.422738,5.875805
59,4.0,0.442832,5.675206
59,4.4,0.464952,5.477922
59,4.8,0.489437,5.284305
59,5.2,0.516716,5.094775
59,5.6,0.547336,4.909829
59,6.0,0.582008,4.730075
59,6.4,0.621686,4.556258
59,6.8,0.667675,4.38932
59,7.2,0.721831,4.230478
59,7.6,0.786888,4.081353
59,8.0,0.867049,3.944187
59,8.4,0.969044,3.822214
59,8.8,1.10396,3.720303
59,9.2,1.289744,3.645984
59,9.6,1.551676,3.610613
59,10.0,1.911829,3.629106
59,10.4,2.362232,3.715552
59,10.8,2.85022,3.876066
59,11.2,3.30468,4.105592
59,11.6,3.670637,4.390529
59,12.0,3.919364,4.71299
59,12.4,4.041313,5.053786
59,12.8,4.035833,5.393748
59,13.2,3.902369,5.713729
59,13.6,3.631695,5.993324
59,14.0,3.190416,6.20741
59,14.4,2.471616,6.315947
59,14.8,1.091595,6.225129
59,15.2,0.415178,5.993362
59,15.6,0.430992,5.790824
59,16.0,0.451896,5.591583
59,16.4,0.474967,5.395799
59,16.8,0.500573,5.20385
59,17.2,0.529185,5.016187
59,17.6,0.561415,4.83335
59,18.0,0.598065,4.655998
59,18.4,0.640219,4.484954
59,18.8,0.689385,4.321263
59,19.2,0.747738,4.166291
59,19.6,0.818537,4.02189
59,20.0,0.906885,3.890661
59,20.4,1.021074,3.776429
59,20.8,1.17478,3.685037
59,21.2,1.389337,3.625513
59,21.6,1.691022,3.610931
59,22.0,2.092906,3.656672
59,22.4,2.567605,3.77426
59,22.8,3.049749,3.965089
59,23.2,3.472026,4.219978
59,23.6,3.790698,4.523045
59,24.0,3.986388,4.855591
59,24.4,4.054486,5.198358
59,24.8,3.995376,5.532256
59,25.2,3.806062,5.837849
59,25.6,3.469889,6.093373
59,26.0,2.932815,6.269444
59,26.4,2.010755,6.311283
59,26.8,0.515743,6.117261
59,27.2,0.42,5.9075
59,27.6,0.439561,5.706399
59,28.0,0.461343,5.508574
59,28.4,0.485432,5.314357
59,28.8,0.512241,5.124157
59,29.2,0.542295,4.938456
59,29.6,0.576278,4.757844
59,30.0,0.615096,4.583041
59,30.4,0.659992,4.414954
59,30.8,0.712716,4.25475
59,31.2,0.775837,4.103975
59,31.6,0.85327,3.964755
59,32.0,0.951253,3.840133
59,32.4,1.080034,3.734667
59,32.8,1.256335,3.655386
59,33.2,1.504557,3.612999
59,33.6,1.848739,3.622024
59,34.0,2.287469,3.697153
59,34.4,2.774295,3.84613
59,34.8,3.238297,4.065585
59,35.2,3.620635,4.342964
59,35.6,3.888707,4.660808
59,36.0,4.030661,5.000005
59,36.4,4.045074,5.341355
59,36.8,3.931913,5.665754
59,37.2,3.684024,5.953144
59,37.6,3.27355,6.179538
59,38.0,2.612103,6.308567
59,38.4,1.375169,6.259206
59,38.8,0.417731,6.025583
59,39.2,0.427905,5.822307
59,39.6,0.448488,5.622554
59,40.0,0.471199,5.426206
60,0.0,3.336392,7.89908
60,0.4,1.498727,7.876102
60,0.8,0.308858,7.604765
60,1.2,0.318999,7.385578
60,1.6,0.330362,7.168123
60,2.0,0.34255,6.952494
60,2.4,0.355656,6.738831
60,2.8,0.369791,6.527286
60,3.2,0.385084,6.318033
60,3.6,0.401687,6.111268
60,4.0,0.419782,5.907216
60,4.4,0.439588,5.706131
60,4.8,0.461373,5.50831
60,5.2,0.485466,5.314099
60,5.6,0.512279,5.123904
60,6.0,0.542338,4.93821
60,6.4,0.576326,4.757605
60,6.8,0.615152,4.58281
60,7.2,0.660057,4.414733
60,7.6,0.712794,4.254541
60,8.0,0.77593,4.10378
60,8.4,0.853386,3.964577
60,8.8,0.951402,3.839977
60,9.2,1.080234,3.734541
60,9.6,1.256614,3.655302
60,10.0,1.504951,3.612973
60,10.4,1.849271,3.622078
60,10.8,2.288106,3.697303
60,11.2,2.774949,3.84638
60,11.6,3.238876,4.065923
60,12.0,3.621076,4.343368
60,12.4,3.888984,4.661254
60,12.8,4.030766,5.000467
60,13.2,4.045008,5.341806
60,13.6,3.931673,5.666169
60,14.0,3.683591,5.953496
60,14.4,3.272862,6.179787
60,14.8,2.610954,6.308648
60,15.2,1.372811,6.258948
60,15.6,0.417683,6.025305
60,16.0,0.427931,5.822036
60,16.4,0.448517,5.622288
60,16.8,0.471231,5.425944
60,17.2,0.496415,5.233373
60,17.6,0.524525,5.045012
60,18.0,0.556146,4.861386
60,18.4,0.592048,4.683134
60,18.8,0.633261,4.511048
60,19.2,0.681217,4.346136
60,19.6,0.737964,4.189704
60,20.0,0.806556,4.043515
60,20.4,0.891738,3.910029
60,20.8,1.001187,3.792839
60,21.2,1.147569,3.697406
60,21.6,1.350974,3.632182
60,22.0,1.637604,3.609623
60,22.4,2.024493,3.645057
60,22.8,2.491568,3.751107
60,23.2,2.97736,3.930939
60,23.6,3.412496,4.17681
60,24.0,3.749038,4.473589
60,24.4,3.964367,4.802823
60,24.8,4.052268,5.14526
60,25.2,4.012915,5.481786
60,25.6,3.844395,5.793104
60,26.0,3.533143,6.058031
60,26.4,3.033882,6.248994
60,26.8,2.196731,6.317652
60,27.2,0.658535,6.155922
60,27.6,0.417468,5.939002
60,28.0,0.436366,5.737403
60,28.4,0.45782,5.53905
60,28.8,0.481526,5.344248
60,29.2,0.507882,5.153395
60,29.6,0.537393,4.966961
60,30.0,0.570713,4.785515
60,30.4,0.608709,4.609756
60,30.8,0.652562,4.440558
60,31.2,0.703929,4.279041
60,31.6,0.765221,4.126681
60,32.0,0.840098,3.985496
60,32.4,0.934347,3.858357
60,32.8,1.057446,3.749533
60,33.2,1.224948,3.665592
60,33.6,1.460213,3.616606
60,34.0,1.788582,3.616617
60,34.4,2.214564,3.680722
60,34.8,2.698435,3.818175
60,35.2,3.170451,4.027333
60,35.6,3.568255,4.296789
60,36.0,3.855242,4.60959
60,36.4,4.017012,4.946738
60,36.8,4.051163,5.289002
60,37.2,3.95798,5.617301
60,37.6,3.732066,5.911854
60,38.0,3.350241,6.149615
60,38.4,2.738963,6.29721
60,38.8,1.633577,6.284948
60,39.2,0.429107,6.058044
60,39.6,0.424907,5.853594
60,40.0,0.44516,5.653342
61,0.0,1.337777,6.494844
61,0.4,0.394621,6.254106
61,0.8,0.407116,6.047914
61,1.2,0.425708,5.844749
61,1.6,0.446095,5.644639
61,2.0,0.468554,5.447895
61,2.4,0.493439,5.254878
61,2.8,0.521193,5.066017
61,3.2,0.552384,4.881828
61,3.6,0.587757,4.702934
61,4.0,0.628309,4.530108
61,4.4,0.675417,4.364328
61,4.8,0.731043,4.206862
61,5.2,0.798102,4.059411
61,5.6,0.8811,3.92434
61,6.0,0.987295,3.805083
61,6.4,1.128663,3.706842
61,6.8,1.324384,3.637667
61,7.2,1.600374,3.609555
61,7.6,1.976068,3.637702
61,8.0,2.436619,3.73542
61,8.4,2.923977,3.907141
61,8.8,3.367733,4.146227
61,9.2,3.716929,4.438158
61,9.6,3.946442,4.764696
61,10.0,4.048738,5.106604
61,10.4,4.023715,5.444749
61,10.8,3.870109,5.759908
61,11.2,3.576326,6.03126
61,11.6,3.102546,6.232358
61,12.0,2.31914,6.318738
61,12.4,0.820485,6.185724
61,12.8,0.416002,5.961943
61,13.2,0.434076,5.759968
61,13.6,0.455295,5.561237
61,14.0,0.47873,5.366017
61,14.4,0.504764,5.174696
61,14.8,0.53389,4.987737
61,15.2,0.566741,4.805697
61,15.6,0.604159,4.629258
61,16.0,0.647279,4.459269
61,16.4,0.697696,4.29682
61,16.8,0.757716,4.143339
61,17.2,0.830822,4.00077
61,17.6,0.922499,3.871867
61,18.0,1.041705,3.760703
61,18.4,1.203177,3.673529
61,18.8,1.429443,3.619967
61,19.2,1.746427,3.613668
61,19.6,2.162519,3.669912
61,20.0,2.643133,3.798966
61,20.4,3.12001,4.000465
61,20.8,3.528507,4.263906
61,21.2,3.829031,4.572756
61,21.6,4.005169,4.908125
61,22.0,4.053668,5.250766
61,22.4,3.974924,5.581602
61,22.8,3.764646,5.881014
61,23.2,3.402621,6.126548
61,23.6,2.824354,6.286671
61,24.0,1.802971,6.298675
61,24.4,0.450065,6.082301
61,24.8,0.422781,5.876364
61,25.2,0.442775,5.675752
61,25.6,0.464888,5.478458
61,26.0,0.489367,5.284831
61,26.4,0.516637,5.095289
61,26.8,0.547247,4.91033
61,27.2,0.581907,4.73056
61,27.6,0.621569,4.556726
61,28.0,0.667539,4.389768
61,28.4,0.721669,4.230902
61,28.8,0.786692,4.081747
61,29.2,0.866803,3.944545
61,29.6,0.968725,3.822524
61,30.0,1.10353,3.720549
61,30.4,1.289142,3.646141
61,30.8,1.550829,3.610644
61,31.2,1.910702,3.628967
61,31.6,2.360912,3.715213
61,32.0,2.848896,3.875526
61,32.4,3.303535,4.104878
61,32.8,3.669786,4.389687
61,33.2,3.918854,4.712072
61,33.6,4.041154,5.052843
61,34.0,4.036022,5.392834
61,34.4,3.902915,5.712896
61,34.8,3.632647,5.992633
61,35.2,3.191926,6.206943
61,35.6,2.474199,6.315855
61,36.0,1.096638,6.22579
61,36.4,0.415184,5.993924
61,36.8,0.430937,5.791375
61,37.2,0.451836,5.592125
61,37.6,0.474901,5.396331
61,38.0,0.500498,5.204372
61,38.4,0.529102,5.016696
61,38.8,0.561321,4.833844
61,39.2,0.597958,4.656477
61,39.6,0.640094,4.485414
61,40.0,0.689239,4.321701
62,0.0,1.166457,6.963945
62,0.4,0.358154,6.714697
62,0.8,0.371471,6.503351
62,1.2,0.386904,6.294371
62,1.6,0.403667,6.087904
62,2.0,0.421945,5.884175
62,2.4,0.441962,5.683446
62,2.8,0.463992,5.486018
62,3.2,0.488372,5.292242
62,3.6,0.515525,5.102533
62,4.0,0.545994,4.917387
62,4.4,0.580481,4.737403
62,4.8,0.619929,4.563324
62,5.2,0.665624,4.396079
62,5.6,0.719396,4.236873
62,6.0,0.783931,4.087307
62,6.4,0.863356,3.94959
62,6.8,0.964265,3.826906
62,7.2,1.097518,3.724038
62,7.6,1.280733,3.64838
62,8.0,1.538979,3.611118
62,8.4,1.894917,3.627072
62,8.8,2.342359,3.710508
62,9.2,2.830217,3.867983
62,9.6,3.287338,4.094878
62,10.0,3.657697,4.377859
62,10.4,3.911562,4.699146
62,10.8,4.038801,5.039564
62,11.2,4.03858,5.379939
62,11.6,3.910501,5.701136
62,12.0,3.645919,5.982849
62,12.4,3.212992,6.200276
62,12.8,2.510104,6.314419
62,13.2,1.167688,6.234874
62,13.6,0.415381,6.001851
62,14.0,0.43017,5.799141
62,14.4,0.45099,5.599764
62,14.8,0.473965,5.40383
62,15.2,0.499457,5.211714
62,15.6,0.527934,5.023864
62,16.0,0.56,4.840814
62,16.4,0.596448,4.663221
62,16.8,0.638347,4.491897
62,17.2,0.687186,4.327876
62,17.6,0.745103,4.172511
62,18.0,0.815302,4.027627
62,18.4,0.902787,3.895787
62,18.8,1.015681,3.780753
62,19.2,1.167384,3.688264
62,19.6,1.378902,3.627189
62,20.0,1.67653,3.610442
62,20.4,2.074472,3.653404
62,20.8,2.547297,3.76791
62,21.2,3.030579,3.955826
62,21.6,3.456393,4.208348
62,22.0,3.779878,4.509782
62,22.4,3.980816,4.841491
62,22.8,4.054194,5.184214
62,23.2,4.000357,5.518858
62,23.6,3.816621,5.826029
62,24.0,3.487201,6.084125
62,24.4,2.960551,6.26428
62,24.8,2.062513,6.313571
62,25.2,0.544876,6.127209
62,25.6,0.419288,5.915893
62,26.0,0.438704,5.71466
62,26.4,0.460398,5.516693
62,26.8,0.484384,5.32232
62,27.2,0.511071,5.131944
62,27.6,0.540979,4.946047
62,28.0,0.574782,4.76521
62,28.4,0.613379,4.590151
62,28.8,0.657992,4.421765
62,29.2,0.710349,4.261207
62,29.6,0.772973,4.110004
62,30.0,0.84971,3.970253
62,30.4,0.946674,3.84495
62,30.8,1.073903,3.738572
62,31.2,1.2478,3.658024
62,31.6,1.492502,3.613842
62,32.0,1.832459,3.620427
62,32.4,2.267896,3.692594
62,32.8,2.754108,3.838505
62,33.2,3.220393,4.055243
62,33.6,3.606935,4.33055
62,34.0,3.88008,4.647095
62,34.4,4.027321,4.985791
62,34.8,4.046997,5.327429
62,35.2,3.939177,5.652915
62,35.6,3.697204,5.94227
62,36.0,3.294542,6.171773
62,36.4,2.647067,6.305913
62,36.8,1.446844,6.266872
62,37.2,0.419542,6.034172
62,37.6,0.427099,5.830644
62,38.0,0.447596,5.630758
62,38.4,0.470212,5.434261
62,38.8,0.495282,5.24152
62,39.2,0.523256,5.052969
62,39.6,0.554714,4.869128
62,40.0,0.590413,4.690632
63,0.0,2.319445,4.867145
63,0.4,2.047744,4.909263
63,0.8,1.575317,4.881679
63,1.2,0.903913,4.750421
63,1.6,0.645565,4.573048
63,2.0,0.66524,4.404977
63,2.4,0.716517,4.245288
63,2.8,0.780147,4.095151
63,3.2,0.858581,3.956722
63,3.6,0.958082,3.833117
63,4.0,1.089193,3.729011
63,4.4,1.269102,3.651627
63,4.8,1.522574,3.611922
63,5.2,1.872966,3.624581
63,5.6,2.31638,3.704085
63,6.0,2.803873,3.857556
63,6.4,3.264336,4.080962
63,6.8,3.640397,4.361329
63,7.2,3.900983,4.681022
63,7.6,4.035166,5.020895
63,8.0,4.04185,5.361761
63,8.4,3.920822,5.684501
63,8.8,3.664162,5.968932
63,9.2,3.241968,6.190648
63,9.6,2.55913,6.311941
63,10.0,1.26678,6.246889
63,10.4,0.416096,6.013021
63,10.8,0.429098,5.810063
63,11.2,0.449806,5.610509
63,11.6,0.472656,5.414379
63,12.0,0.498,5.222045
63,12.4,0.526301,5.03395
63,12.8,0.558154,4.850624
63,13.2,0.594339,4.672715
63,13.6,0.635909,4.501026
63,14.0,0.684323,4.336577
63,14.4,0.741676,4.1807
63,14.8,0.811101,4.035189
63,15.2,0.897474,3.902558
63,15.6,1.008703,3.786486
63,16.0,1.157834,3.692578
63,16.4,1.365435,3.629502
63,16.8,1.657784,3.609956
63,17.2,2.050487,3.649304
63,17.6,2.520674,3.75977
63,18.0,3.00527,3.943842
63,18.4,3.435608,4.193214
63,18.8,3.765358,4.492457
63,19.2,3.973172,4.823016
63,19.6,4.05348,5.165634
63,20.0,4.006558,5.501207
63,20.4,3.830106,5.810391
63,20.8,3.509428,6.071791
63,21.2,2.996073,6.25718
63,21.6,2.127996,6.315911
63,22.0,0.592676,6.140671
63,22.4,0.41839,5.926916
63,22.8,0.437585,5.72551
63,23.2,0.459164,5.527358
63,23.6,0.483016,5.33278
63,24.0,0.509544,5.142175
63,24.4,0.539261,4.95602
63,24.8,0.572832,4.774892
63,25.2,0.61114,4.599497
63,25.6,0.655388,4.430722
63,26.0,0.707269,4.269704
63,26.4,0.769251,4.117945
63,26.8,0.845091,3.977505
63,27.2,0.940744,3.851319
63,27.6,1.065976,3.743763
63,28.0,1.236782,3.661579
63,28.4,1.476936,3.615081
63,28.8,1.811355,3.618503
63,29.2,2.24235,3.686807
63,29.6,2.727564,3.828686
63,30.0,3.196685,4.041826
63,30.4,3.588658,4.314368
63,30.8,3.86843,4.629157
63,31.2,4.022607,4.967145
63,31.6,4.04919,5.309113
63,32.0,3.948364,5.635973
63,32.4,3.714092,5.927846
63,32.8,3.321488,6.161344
63,33.2,2.691677,6.302012
63,33.6,1.537926,6.276044
63,34.0,0.423099,6.04551
63,34.4,0.426048,5.841593
63,34.8,0.44643,5.641531
63,35.2,0.468924,5.444842
63,35.6,0.49385,5.251886
63,36.0,0.521653,5.063095
63,36.4,0.552904,4.878984
63,36.8,0.588349,4.700178
63,37.2,0.628992,4.527454
63,37.6,0.676216,4.361794
63,38.0,0.731996,4.204471
63,38.4,0.799265,4.057193
63,38.8,0.88256,3.922339
63,39.2,0.989198,3.803366
63,39.6,1.131249,3.705509
63,40.0,1.328016,3.636874
64,0.0,1.413612,7.525867
64,0.4,0.326081,7.261786
64,0.8,0.337184,7.045312
64,1.2,0.349881,6.830782
64,1.6,0.363557,6.618303
64,2.0,0.378333,6.408038
64,2.4,0.39435,6.200174
64,2.8,0.411777,5.994922
64,3.2,0.430815,5.792523
64,3.6,0.45171,5.593254
64,4.0,0.474762,5.39744
64,4.4,0.500344,5.205457
64,4.8,0.528929,5.017755
64,5.2,0.561125,4.834875
64,5.6,0.597734,4.657473
64,6.0,0.639835,4.486372
64,6.4,0.688934,4.322613
64,6.8,0.747198,4.167561
64,7.2,0.817874,4.02306
64,7.6,0.906044,3.891706
64,8.0,1.019967,3.777309
64,8.4,1.17326,3.685692
64,8.8,1.387192,3.625849
64,9.2,1.688046,3.610823
64,9.6,2.089128,3.655994
64,10.0,2.563454,3.772952
64,10.4,3.04584,3.963187
64,10.8,3.468846,4.217594
64,11.2,3.788504,4.52033
64,11.6,3.985267,4.852708
64,12.0,4.054444,5.195469
64,12.4,3.996412,5.529522
64,12.8,3.80824,5.835441
64,13.2,3.473454,6.091494
64,13.6,2.938531,6.268407
64,14.0,2.021467,6.311787
64,14.4,0.52122,6.119273
64,14.8,0.419853,5.909215
64,15.2,0.439386,5.708087
64,15.6,0.461149,5.510233
64,16.0,0.485217,5.315984
64,16.4,0.512001,5.125747
64,16.8,0.542026,4.940007
64,17.2,0.575971,4.759349
64,17.6,0.614744,4.584493
64,18.0,0.659582,4.416345
64,18.4,0.712231,4.256068
64,18.8,0.775249,4.105206
64,19.2,0.852539,3.965876
64,19.6,0.950313,3.841115
64,20.0,1.078775,3.735461
64,20.4,1.254581,3.65592
64,20.8,1.50208,3.613164
64,21.2,1.845398,3.621688
64,21.6,2.283462,3.696211
64,22.0,2.770172,3.844562
64,22.4,3.23465,4.063464
64,22.8,3.617851,4.340421
64,23.2,3.886962,4.658003
64,23.6,4.029996,4.9971
64,24.0,4.045485,5.338511
64,24.4,3.933416,5.663135
64,24.8,3.686739,5.95093
64,25.2,3.277873,6.177964
64,25.6,2.619319,6.308047
64,26.0,1.389967,6.26082
64,26.4,0.418049,6.027335
64,26.8,0.42774,5.82401
64,27.2,0.448305,5.62423
64,27.6,0.470997,5.427851
64,28.0,0.496154,5.235241
64,28.4,0.524233,5.046836
64,28.8,0.555817,4.863161
64,29.2,0.591672,4.684852
64,29.6,0.632827,4.512702
64,30.0,0.680708,4.347714
64,30.4,0.737356,4.191191
64,30.8,0.805812,4.044891
64,31.2,0.890801,3.911265
64,31.6,0.999961,3.793893
64,32.0,1.145897,3.698212
64,32.4,1.34862,3.632638
64,32.8,1.634314,3.609588
64,33.2,2.020238,3.644381
64,33.6,2.486778,3.749705
64,34.0,2.972742,3.928835
64,34.4,3.408653,4.174124
64,34.8,3.746307,4.470491
64,35.2,3.962872,4.799501
64,35.6,4.052025,5.141901
64,36.0,4.013919,5.478577
64,36.4,3.846702,5.790239
64,36.8,3.536988,6.055739
64,37.2,3.040005,6.247605
64,37.6,2.207771,6.317859
64,38.0,0.670761,6.158479
64,38.4,0.417324,5.940995
64,38.8,0.436166,5.739364
64,39.2,0.457599,5.540978
64,39.6,0.481282,5.34614
64,40.0,0.507609,5.155245
65,0.0,1.682372,9.550721
65,0.4,0.247673,9.252623
65,0.8,0.254514,9.023793
65,1.2,0.261772,8.796054
65,1.6,0.269444,8.569465
65,2.0,0.277568,8.344094
65,2.4,0.286184,8.120016
65,2.8,0.295339,7.897309
65,3.2,0.305085,7.676064
65,3.6,0.315481,7.456378
65,4.0,0.326596,7.238358
65,4.4,0.338507,7.022124
65,4.8,0.351304,6.807808
65,5.2,0.365093,6.595558
65,5.6,0.379995,6.385543
65,6.0,0.396155,6.17795
65,6.4,0.413745,5.972992
65,6.8,0.432971,5.770916
65,7.2,0.454082,5.572003
65,7.6,0.477387,5.376581
65,8.0,0.503268,5.185037
65,8.4,0.532209,4.997826
65,8.8,0.564838,4.815501
65,9.2,0.60198,4.638736
65,9.6,0.644753,4.46837
65,10.0,0.69472,4.305475
65,10.4,0.754138,4.15146
65,10.8,0.826411,4.008233
65,11.2,0.916884,3.878494
65,11.6,1.03427,3.766224
65,12.0,1.192924,3.677528
65,12.4,1.414958,3.621812
65,12.8,1.726473,3.612529
65,13.2,2.137606,3.665012
65,13.6,2.616312,3.789994
65,14.0,3.095242,3.987732
65,14.4,3.508744,4.248181
65,14.8,3.815758,4.555029
65,15.2,3.998847,4.889447
65,15.6,4.054302,5.232185
65,16.0,3.982538,5.564161
65,16.4,3.779749,5.865827
65,16.8,3.427049,6.114987
65,17.2,2.86388,6.280918
65,17.6,1.879686,6.303924
65,18.0,0.467081,6.094406
65,18.4,0.421774,5.887411
65,18.8,0.441628,5.686626
65,19.2,0.463623,5.489142
65,19.6,0.487962,5.295305
65,20.0,0.515067,5.105527
65,20.4,0.545478,4.920303
65,20.8,0.579895,4.740232
65,21.2,0.619254,4.566052
65,21.6,0.664837,4.39869
65,22.0,0.718462,4.239344
65,22.4,0.782798,4.089608
65,22.8,0.861941,3.951681
65,23.2,0.962436,3.828724
65,23.6,1.095056,3.72549
65,24.0,1.277292,3.649322
65,24.4,1.534129,3.611337
65,24.8,1.888438,3.626318
65,25.2,2.334714,3.708597
65,25.6,2.822488,3.864897
65,26.0,3.280608,4.090772
65,26.4,3.652652,4.372991
65,26.8,3.908494,4.693815
65,27.2,4.037773,5.03408
65,27.6,4.039581,5.374604
65,28.0,3.913576,5.696261
65,28.4,3.651329,5.97878
65,28.8,3.221582,6.197478
65,29.2,2.524681,6.313747
65,29.6,1.19695,6.2385
65,30.0,0.415532,6.00513
65,30.4,0.429855,5.80235
65,30.8,0.450641,5.602921
65,31.2,0.473579,5.406929
65,31.6,0.499028,5.214749
65,32.0,0.527453,5.026826
65,32.4,0.559456,4.843696
65,32.8,0.595826,4.666009
65,33.2,0.637628,4.494577
65,33.6,0.686341,4.330431
65,34.0,0.744092,4.174915
65,34.4,0.814062,4.029845
65,34.8,0.901218,3.897772
65,35.2,1.013619,3.782431
65,35.6,1.16456,3.689522
65,36.0,1.374918,3.627855
65,36.4,1.670989,3.610281
65,36.8,2.067399,3.652177
65,37.2,2.539469,3.765495
65,37.6,3.023159,3.952284
65,38.0,3.450317,4.203885
65,38.4,3.775648,4.504681
65,38.8,3.978609,4.836058
65,39.2,4.054023,5.178756
65,39.6,4.002219,5.513679
65,40.0,3.820628,5.821447
66,0.0,3.324245,6.081219
66,0.4,2.741144,6.228981
66,0.8,1.694754,6.225169
66,1.2,0.444733,6.00448
66,1.6,0.430132,5.800276
66,2.0,0.450867,5.600877
66,2.4,0.473829,5.404923
66,2.8,0.499305,5.212785
66,3.2,0.527764,5.024908
66,3.6,0.559808,4.84183
66,4.0,0.596228,4.664204
66,4.4,0.638093,4.492842
66,4.8,0.686888,4.328777
66,5.2,0.744746,4.173359
66,5.6,0.814864,4.028409
66,6.0,0.902233,3.896487
66,6.4,1.014953,3.781344
66,6.8,1.166386,3.688707
66,7.2,1.377494,3.627423
66,7.6,1.674573,3.610383
66,8.0,2.071975,3.652969
66,8.4,2.544535,3.767056
66,8.8,3.027964,3.954575
66,9.2,3.454253,4.206773
66,9.6,3.77839,4.507982
66,10.0,3.980041,4.839574
66,10.4,4.054137,5.182289
66,10.8,4.001017,5.517032
66,11.2,3.818039,5.824414
66,11.6,3.489531,6.082857
66,12.0,2.964279,6.263561
66,12.4,2.069427,6.313848
66,12.8,0.549308,6.128583
66,13.2,0.419193,5.917035
66,13.6,0.438588,5.715785
66,14.0,0.460269,5.517798
66,14.4,0.484242,5.323404
66,14.8,0.510912,5.133004
66,15.2,0.5408,4.94708
66,15.6,0.574579,4.766213
66,16.0,0.613146,4.591118
66,16.4,0.657721,4.422692
66,16.8,0.710028,4.262086
66,17.2,0.772585,4.110826
66,17.6,0.849229,3.971003
66,18.0,0.946056,3.845608
66,18.4,1.073075,3.739107
66,18.8,1.246648,3.658388
66,19.2,1.490876,3.613964
66,19.6,1.830258,3.620218
66,20.0,2.265241,3.691984
66,20.4,2.751359,3.837478
66,20.8,3.217947,4.053844
66,21.2,3.605056,4.328867
66,21.6,3.87889,4.645232
66,22.0,4.02685,4.983857
66,22.4,4.047242,5.325532
66,22.8,3.940147,5.651163
66,23.2,3.698976,5.940782
66,23.6,3.297366,6.170705
66,24.0,2.651757,6.305531
66,24.4,1.456446,6.26787
66,24.8,0.419842,6.035343
66,25.2,0.426989,5.831778
66,25.6,0.447474,5.631874
66,26.0,0.470078,5.435357
66,26.4,0.495133,5.242594
66,26.8,0.52309,5.054018
66,27.2,0.554525,4.870149
66,27.6,0.590198,4.69162
66,28.0,0.631126,4.519216
66,28.4,0.678715,4.353929
66,28.8,0.734976,4.197051
66,29.2,0.802903,4.050317
66,29.6,0.887137,3.916145
66,30.0,0.99517,3.79806
66,30.4,1.139371,3.701409
66,30.8,1.339436,3.634471
66,31.2,1.621468,3.609505
66,31.6,2.003579,3.64179
66,32.0,2.467953,3.744259
66,32.4,2.95453,3.920622
66,32.8,3.393442,4.163606
66,33.2,3.735449,4.458333
66,33.6,3.956874,4.786441
66,34.0,4.050951,5.12868
66,34.4,4.017749,5.46593
66,34.8,3.855646,5.778929
66,35.2,3.55195,6.046653
66,35.6,3.06381,6.242033
66,36.0,2.250458,6.318462
66,36.4,0.722497,6.168629
66,36.8,0.416784,5.948839
66,37.2,0.43538,5.747081
66,37.6,0.456733,5.548565
66,38.0,0.480322,5.353583
66,38.4,0.506539,5.162528
66,38.8,0.535884,4.975868
66,39.2,0.569001,4.794166
66,39.6,0.606747,4.618114
66,40.0,0.650284,4.448576
67,0.0,3.363662,4.136823
67,0.4,3.716736,4.428727
67,0.8,3.949853,4.755781
67,1.2,4.055367,5.098688
67,1.6,4.033279,5.438269
67,2.0,3.882602,5.7553
67,2.4,3.592285,6.029034
67,2.8,3.123822,6.233285
67,3.2,2.352185,6.324478
67,3.6,0.868932,6.199409
67,4.0,0.415168,5.973722
67,4.4,0.43291,5.771561
67,4.8,0.454011,5.572638
67,5.2,0.477308,5.377204
67,5.6,0.50318,5.185646
67,6.0,0.532111,4.998421
67,6.4,0.564726,4.816079
67,6.8,0.601852,4.639295
67,7.2,0.644605,4.468906
67,7.6,0.694545,4.305986
67,8.0,0.753929,4.15194
67,8.4,0.826153,4.008674
67,8.8,0.916555,3.878886
67,9.2,1.033836,3.766552
67,9.6,1.192326,3.677766
67,10.0,1.414113,3.621925
67,10.4,1.725306,3.612467
67,10.8,2.136145,3.66473
67,11.2,2.614731,3.789472
67,11.6,3.093777,3.986987
67,12.0,3.50757,4.247259
67,12.4,3.814964,4.553987
67,12.8,3.998462,4.888348
67,13.2,4.054328,5.231089
67,13.6,3.982974,5.56313
67,14.0,3.780625,5.864927
67,14.4,3.428469,6.114298
67,14.8,2.866173,6.280566
67,15.2,1.884102,6.304206
67,15.6,0.468269,6.095129
67,16.0,0.421715,5.888063
67,16.4,0.441561,5.687267
67,16.8,0.463549,5.489772
67,17.2,0.487879,5.295922
67,17.6,0.514975,5.106131
67,18.0,0.545374,4.920892
67,18.4,0.579777,4.740803
67,18.8,0.619118,4.566602
67,19.2,0.664679,4.399216
67,19.6,0.718274,4.239842
67,20.0,0.78257,4.090073
67,20.4,0.861656,3.952103
67,20.8,0.962068,3.829091
67,21.2,1.094561,3.725784
67,21.6,1.276601,3.649513
67,22.0,1.533154,3.611383
67,22.4,1.887135,3.626168
67,22.8,2.333174,3.708214
67,23.2,2.820929,3.864278
67,23.6,3.279249,4.089946
67,24.0,3.651631,4.372011
67,24.4,3.907872,4.692741
67,24.8,4.037562,5.032974
67,25.2,4.039778,5.373529
67,25.6,3.914191,5.695277
67,26.0,3.652415,5.977958
67,26.4,3.223306,6.196911
67,26.8,2.527601,6.313606
67,27.2,1.202836,6.239222
67,27.6,0.415568,6.005791
67,28.0,0.429791,5.802997
67,28.4,0.450571,5.603557
67,28.8,0.473502,5.407554
67,29.2,0.498941,5.215361
67,29.6,0.527356,5.027424
67,30.0,0.559347,4.844276
67,30.4,0.595701,4.666571
67,30.8,0.637484,4.495118
67,31.2,0.686172,4.330946
67,31.6,0.743889,4.175399
67,32.0,0.813813,4.030293
67,32.4,0.900903,3.898173
67,32.8,1.013204,3.78277
67,33.2,1.163992,3.689777
67,33.6,1.374117,3.627991
67,34.0,1.669875,3.61025
67,34.4,2.065975,3.651932
67,34.8,2.537891,3.76501
67,35.2,3.021662,3.951572
67,35.6,3.449088,4.202987
67,36.0,3.774792,4.503654
67,36.4,3.97816,4.834963
67,36.8,4.053984,5.177656
67,37.2,4.00259,5.512634
67,37.6,3.821431,5.820523
67,38.0,3.495113,6.079795
67,38.4,2.973207,6.261814
67,38.8,2.085945,6.314481
67,39.2,0.560459,6.131909
67,39.6,0.418966,5.919785
67,40.0,0.438309,5.71849
68,0.0,4.834237,6.893821
68,0.4,4.191492,7.257727
68,0.8,3.305358,7.490769
68,1.2,1.770655,7.503707
68,1.6,0.329315,7.241376
68,2.0,0.338345,7.024951
68,2.4,0.35113,6.810609
68,2.8,0.364905,6.598331
68,3.2,0.379792,6.388285
68,3.6,0.395934,6.180659
68,4.0,0.413504,5.975665
68,4.4,0.432707,5.773549
68,4.8,0.453792,5.574593
68,5.2,0.477065,5.379123
68,5.6,0.502909,5.187525
68,6.0,0.531807,5.000254
68,6.4,0.564382,4.817861
68,6.8,0.601458,4.641017
68,7.2,0.644149,4.470561
68,7.6,0.694008,4.30756
68,8.0,0.753284,4.153417
68,8.4,0.825359,4.010034
68,8.8,0.915546,3.880095
68,9.2,1.032501,3.767562
68,9.6,1.190487,3.678504
68,10.0,1.411515,3.622276
68,10.4,1.721721,3.612282
68,10.8,2.131648,3.663867
68,11.2,2.609863,3.787869
68,11.6,3.089257,3.984698
68,12.0,3.503945,4.244421
68,12.4,3.812511,4.550779
68,12.8,3.99727,4.884961
68,13.2,4.054398,5.227713
68,13.6,3.98431,5.559954
68,14.0,3.783314,5.862152
68,14.4,3.432831,6.112171
68,14.8,2.873213,6.279474
68,15.2,1.897634,6.305056
68,15.6,0.472072,6.097362
68,16.0,0.421535,5.890069
68,16.4,0.441353,5.689241
68,16.8,0.46332,5.491712
68,17.2,0.487625,5.297824
68,17.6,0.514691,5.107991
68,18.0,0.545054,4.922704
68,18.4,0.579413,4.74256
68,18.8,0.6187,4.568297
68,19.2,0.664191,4.400838
68,19.6,0.717695,4.241378
68,20.0,0.781868,4.091504
68,20.4,0.860781,3.953403
68,20.8,0.960938,3.830224
68,21.2,1.09304,3.72669
68,21.6,1.274477,3.650103
68,22.0,1.530158,3.611528
68,22.4,1.883128,3.625712
68,22.8,2.328434,3.70704
68,23.2,2.816125,3.862373
68,23.6,3.275056,4.087405
68,24.0,3.64848,4.368994
68,24.4,3.905947,4.689435
68,24.8,4.036904,5.029569
68,25.2,4.04038,5.370213
68,25.6,3.916079,5.692244
68,26.0,3.655748,5.975422
68,26.4,3.2286,6.195159
68,26.8,2.536561,6.313159
68,27.2,1.220938,6.241424
68,27.6,0.415691,6.007829
68,28.0,0.429595,5.80499
68,28.4,0.450355,5.605518
68,28.8,0.473263,5.409478
68,29.2,0.498675,5.217246
68,29.6,0.527058,5.029264
68,30.0,0.559009,4.846066
68,30.4,0.595316,4.668303
68,30.8,0.637039,4.496784
68,31.2,0.685649,4.332533
68,31.6,0.743263,4.176894
68,32.0,0.813045,4.031673
68,32.4,0.899932,3.899408
68,32.8,1.01193,3.783816
68,33.2,1.162247,3.690563
68,33.6,1.371657,3.628412
68,34.0,1.666451,3.61016
68,34.4,2.061596,3.651182
68,34.8,2.533033,3.763523
68,35.2,3.017045,3.949383
68,35.6,3.445299,4.200224
68,36.0,3.772146,4.500492
68,36.4,3.976769,4.831591
68,36.8,4.053858,5.174265
68,37.2,4.003726,5.509414
68,37.6,3.823896,5.81767
68,38.0,3.499175,6.077547
68,38.4,2.979698,6.260522
68,38.8,2.097921,6.314916
68,39.2,0.569058,6.134361
68,39.6,0.418801,5.921796
68,40.0,0.438104,5.72047
69,0.0,4.130941,4.49638
69,0.4,4.32005,4.87921
69,0.8,4.367216,5.269016
69,1.2,4.279826,5.64564
69,1.6,4.05949,5.98926
69,2.0,3.69279,6.278194
69,2.4,3.129246,6.483646
69,2.8,2.19303,6.552588
69,3.2,0.539381,6.368287
69,3.6,0.398419,6.152898
69,4.0,0.415991,5.948266
69,4.4,0.435431,5.746559
69,4.8,0.456792,5.548052
69,5.2,0.480387,5.35308
69,5.6,0.506612,5.162036
69,6.0,0.535965,4.975388
69,6.4,0.569093,4.7937
69,6.8,0.606853,4.617663
69,7.2,0.650406,4.448143
69,7.6,0.701384,4.286245
69,8.0,0.762154,4.133427
69,8.4,0.836303,3.991676
69,8.8,0.929495,3.863815
69,9.2,1.050991,3.754031
69,9.6,1.216009,3.668762
69,10.0,1.447579,3.617897
69,10.4,1.771312,3.615322
69,10.8,2.193338,3.67622
69,11.2,2.675998,3.810265
69,11.6,3.150087,4.016331
69,12.0,3.55229,4.283372
69,12.4,3.844794,4.594598
69,12.8,4.0124,4.931053
69,13.2,4.052374,5.2735
69,13.6,3.965059,5.602858
69,14.0,3.745523,5.899418
69,14.4,3.371831,6.140382
69,14.8,2.77427,6.293154
69,15.2,1.704192,6.291006
69,15.6,0.435789,6.067796
69,16.0,0.424037,5.862833
69,16.4,0.444189,5.662435
69,16.8,0.466449,5.465375
69,17.2,0.4911,5.272007
69,17.6,0.518576,5.082755
69,18.0,0.549432,4.898124
69,18.4,0.584394,4.718726
69,18.8,0.624433,4.54532
69,19.2,0.670883,4.378862
69,19.6,0.725646,4.22059
69,20.0,0.791526,4.072158
69,20.4,0.872852,3.935857
69,20.8,0.976568,3.815003
69,21.2,1.114125,3.714603
69,21.6,1.303981,3.642398
69,22.0,1.571715,3.610013
69,22.4,1.938384,3.632495
69,22.8,2.393192,3.723631
69,23.2,2.88113,3.888842
69,23.6,3.331275,4.122401
69,24.0,3.69031,4.410311
69,24.4,3.931037,4.734529
69,24.8,4.04478,5.075844
69,25.2,4.03114,5.415103
69,25.6,3.889293,5.733129
69,26.0,3.609066,6.009354
69,26.4,3.15451,6.218131
69,26.8,2.409842,6.31768
69,27.2,0.974612,6.209159
69,27.6,0.415282,5.980224
69,28.0,0.432274,5.777932
69,28.4,0.453309,5.578903
69,28.8,0.476531,5.383353
69,29.2,0.502314,5.191666
69,29.6,0.531139,5.004295
69,30.0,0.563626,4.821789
69,30.4,0.600593,4.644816
69,30.8,0.643146,4.474209
69,31.2,0.692828,4.311032
69,31.6,0.751867,4.156678
69,32.0,0.823615,4.013034
69,32.4,0.913329,3.882765
69,32.8,1.029573,3.769797
69,33.2,1.186457,3.68014
69,33.6,1.405823,3.623066
69,34.0,1.713856,3.611896
69,34.4,2.121762,3.661989
69,34.8,2.599133,3.784363
69,35.2,3.079274,3.979676
69,35.6,3.495917,4.238183
69,36.0,3.807061,4.543719
69,36.4,3.994597,4.877499
69,36.8,4.05451,5.220268
69,37.2,3.98721,5.552943
69,37.6,3.789191,5.856019
69,38.0,3.442376,6.107455
69,38.4,2.888597,6.27702
69,38.8,1.927082,6.306831
69,39.2,0.481268,6.102323
69,39.6,0.421139,5.894491
69,40.0,0.440897,5.693594
70,0.0,2.946633,6.944242
70,0.4,1.493197,6.91535
70,0.8,0.363877,6.664167
70,1.2,0.375046,6.453224
70,1.6,0.39078,6.244824
70,2.0,0.407887,6.038989
70,2.4,0.426558,5.835952
70,2.8,0.447029,5.635982
70,3.2,0.469587,5.439392
70,3.6,0.494587,5.246547
70,4.0,0.522477,5.057879
70,4.4,0.553834,4.873907
70,4.8,0.58941,4.69526
70,5.2,0.630216,4.522719
70,5.6,0.677649,4.357273
70,6.0,0.733705,4.200205
70,6.4,0.80135,4.053239
70,6.8,0.885183,3.918776
70,7.2,0.992619,3.800311
70,7.6,1.135899,3.703145
70,8.0,1.334553,3.635481
70,8.4,1.61463,3.609495
70,8.8,1.994682,3.640442
70,9.2,2.457853,3.741379
70,9.6,2.944714,3.916251
70,10.0,3.385209,4.157987
70,10.4,3.729541,4.451823
70,10.8,3.953573,4.779433
70,11.2,4.050296,5.121574
70,11.6,4.019727,5.459121
70,12.0,3.860365,5.772825
70,12.4,3.559878,6.041729
70,12.8,3.076414,6.238969
70,13.2,2.27291,6.318649
70,13.6,0.752563,6.174124
70,14.0,0.416514,5.953055
70,14.4,0.434959,5.751229
70,14.8,0.456269,5.552643
70,15.2,0.479808,5.357584
70,15.6,0.505966,5.166444
70,16.0,0.53524,4.979687
70,16.4,0.568272,4.797876
70,16.8,0.605911,4.621699
70,17.2,0.649313,4.452015
70,17.6,0.700094,4.289924
70,18.0,0.760601,4.136874
70,18.4,0.834384,3.994837
70,18.8,0.927044,3.866611
70,19.2,1.047734,3.756343
70,19.6,1.211505,3.670406
70,20.0,1.441213,3.618594
70,20.4,1.76259,3.614714
70,20.8,2.182568,3.673985
70,21.2,2.664552,3.806292
70,21.6,3.139646,4.010773
70,22.0,3.544061,4.276568
70,22.4,3.839367,4.586975
70,22.8,4.009946,4.923062
70,23.2,4.052889,5.265586
70,23.6,3.968563,5.595469
70,24.0,3.752261,5.893034
70,24.4,3.382664,6.135606
70,24.8,2.791927,6.290969
70,25.2,1.739209,6.293836
70,25.6,0.440076,6.072814
70,26.0,0.423597,5.867546
70,26.4,0.443695,5.667073
70,26.8,0.465904,5.469931
70,27.2,0.490495,5.276473
70,27.6,0.517899,5.087119
70,28.0,0.548668,4.902373
70,28.4,0.583525,4.722846
70,28.8,0.623432,4.54929
70,29.2,0.669714,4.382657
70,29.6,0.724255,4.224177
70,30.0,0.789834,4.075492
70,30.4,0.870733,3.938876
70,30.8,0.973819,3.817613
70,31.2,1.110408,3.71666
70,31.6,1.298772,3.643682
70,32.0,1.564387,3.610205
70,32.4,1.928693,3.631231
70,32.8,2.381928,3.72066
70,33.2,2.86992,3.884168
70,33.6,3.321658,4.116268
70,34.0,3.68322,4.403107
70,34.4,3.926857,4.726697
70,34.8,4.043581,5.067832
70,35.2,4.032906,5.407355
70,35.6,3.894108,5.726101
70,36.0,3.617366,6.003562
70,36.4,3.16768,6.214286
70,36.8,2.432582,6.317142
70,37.2,1.016776,6.215066
70,37.6,0.415195,5.984993
70,38.0,0.431807,5.782614
70,38.4,0.452795,5.583508
70,38.8,0.475962,5.387873
70,39.2,0.50168,5.19609
70,39.6,0.530428,5.008613
70,40.0,0.562821,4.825986
71,0.0,4.751306,7.430368
71,0.4,3.90693,7.752435
71,0.8,2.655055,7.891904
71,1.2,0.389003,7.685161
71,1.6,0.315286,7.460486
71,2.0,0.32638,7.242433
71,2.4,0.338276,7.026164
71,2.8,0.351055,6.811811
71,3.2,0.364824,6.599521
71,3.6,0.379704,6.389462
71,4.0,0.39584,6.181822
71,4.4,0.413401,5.976813
71,4.8,0.432594,5.77468
71,5.2,0.453667,5.575705
71,5.6,0.476927,5.380214
71,6.0,0.502755,5.188593
71,6.4,0.531634,5.001296
71,6.8,0.564187,4.818874
71,7.2,0.601235,4.641997
71,7.6,0.64389,4.471502
71,8.0,0.693703,4.308456
71,8.4,0.752918,4.154258
71,8.8,0.824908,4.010807
71,9.2,0.914973,3.880783
71,9.6,1.031744,3.768138
71,10.0,1.189445,3.678924
71,10.4,1.410043,3.622478
71,10.8,1.719687,3.61218
71,11.2,2.129094,3.663379
71,11.6,2.607095,3.786961
71,12.0,3.086685,3.9834
71,12.4,3.501879,4.24281
71,12.8,3.811111,4.548956
71,13.2,3.996586,4.883035
71,13.6,4.054433,5.225793
71,14.0,3.985064,5.558147
71,14.4,3.784837,5.860572
71,14.8,3.435303,6.110959
71,15.2,2.877198,6.278847
71,15.6,1.90528,6.305527
71,16.0,0.474335,6.098636
71,16.4,0.421432,5.891209
71,16.8,0.441236,5.690364
71,17.2,0.46319,5.492816
71,17.6,0.487481,5.298906
71,18.0,0.51453,5.109048
71,18.4,0.544873,4.923734
71,18.8,0.579207,4.74356
71,19.2,0.618463,4.569261
71,19.6,0.663915,4.401761
71,20.0,0.717367,4.242252
71,20.4,0.78147,4.092318
71,20.8,0.860285,3.954143
71,21.2,0.960297,3.830868
71,21.6,1.092177,3.727206
71,22.0,1.273272,3.650441
71,22.4,1.528459,3.611612
71,22.8,1.880854,3.625455
71,23.2,2.325741,3.706375
71,23.6,2.813392,3.861294
71,24.0,3.272669,4.085964
71,24.4,3.646683,4.36728
71,24.8,3.904847,4.687556
71,25.2,4.036524,5.027633
71,25.6,4.040716,5.368328
71,26.0,3.917146,5.690518
71,26.4,3.657636,5.973977
71,26.8,3.231598,6.194158
71,27.2,2.541631,6.312898
71,27.6,1.231206,6.242662
71,28.0,0.415769,6.008988
71,28.4,0.429484,5.806123
71,28.8,0.450232,5.606633
71,29.2,0.473127,5.410573
71,29.6,0.498524,5.218318
71,30.0,0.526889,5.03031
71,30.4,0.558818,4.847084
71,30.8,0.595098,4.669289
71,31.2,0.636786,4.497731
71,31.6,0.685352,4.333436
71,32.0,0.742908,4.177743
71,32.4,0.81261,4.032458
71,32.8,0.899382,3.900111
71,33.2,1.011207,3.784411
71,33.6,1.161258,3.691011
71,34.0,1.370262,3.628653
71,34.4,1.664509,3.610111
71,34.8,2.05911,3.650758
71,35.2,2.530271,3.76268
71,35.6,3.014417,3.948142
71,36.0,3.443139,4.198655
71,36.4,3.770636,4.498695
71,36.8,3.975972,4.829675
71,37.2,4.053781,5.172337
71,37.6,4.004366,5.507582
71,38.0,3.825292,5.816047
71,38.4,3.501476,6.076265
71,38.8,2.983375,6.259782
71,39.2,2.104689,6.315152
71,39.6,0.574117,6.135762
71,40.0,0.418708,5.92294
72,0.0,2.893958,5.601854
72,0.4,2.409823,5.699635
72,0.8,1.52561,5.668698
72,1.2,0.523304,5.465839
72,1.6,0.491864,5.270068
72,2.0,0.51888,5.08084
72,2.4,0.549768,4.896258
72,2.8,0.584776,4.716918
72,3.2,0.624873,4.543578
72,3.6,0.671398,4.377197
72,4.0,0.726258,4.219017
72,4.4,0.792272,4.070695
72,4.8,0.873786,3.934534
72,5.2,0.977781,3.813861
72,5.6,1.115766,3.713704
72,6.0,1.306282,3.641841
72,6.4,1.57495,3.609938
72,6.8,1.942656,3.633062
72,7.2,2.398144,3.724948
72,7.6,2.886046,3.890906
72,8.0,3.335482,4.125103
72,8.4,3.693402,4.41348
72,8.8,3.93285,4.737972
72,9.2,4.045284,5.079362
72,9.6,4.030343,5.418501
72,10.0,3.887155,5.736208
72,10.4,3.605392,6.011886
72,10.8,3.148681,6.219801
72,11.2,2.399746,6.317883
72,11.6,0.956284,6.206533
72,12.0,0.415336,5.978131
72,12.4,0.432479,5.775877
72,12.8,0.453535,5.576882
72,13.2,0.476781,5.38137
72,13.6,0.502593,5.189724
72,14.0,0.531452,5.0024
72,14.4,0.56398,4.819947
72,14.8,0.600999,4.643034
72,15.2,0.643616,4.472498
72,15.6,0.693381,4.309404
72,16.0,0.752531,4.155148
72,16.4,0.824432,4.011626
72,16.8,0.914367,3.881512
72,17.2,1.030943,3.768748
72,17.6,1.188343,3.679371
72,18.0,1.408487,3.622693
72,18.4,1.717537,3.612074
72,18.8,2.126393,3.662865
72,19.2,2.604164,3.786003
72,19.6,3.083959,3.982027
72,20.0,3.499688,4.241105
72,20.4,3.809624,4.547027
72,20.8,3.995858,4.880997
72,21.2,4.054465,5.22376
72,21.6,3.985858,5.556232
72,22.0,3.786444,5.858898
72,22.4,3.437913,6.109671
72,22.8,2.881406,6.278179
72,23.2,1.913339,6.306015
72,23.6,0.476813,6.09999
72,24.0,0.421324,5.892417
72,24.4,0.441111,5.691553
72,24.8,0.463052,5.493984
72,25.2,0.487329,5.300052
72,25.6,0.51436,5.110168
72,26.0,0.544681,4.924825
72,26.4,0.578988,4.744618
72,26.8,0.618211,4.570282
72,27.2,0.663622,4.402738
72,27.6,0.717019,4.243177
72,28.0,0.781049,4.09318
72,28.4,0.85976,3.954927
72,28.8,0.959619,3.831551
72,29.2,1.091266,3.727754
72,29.6,1.271999,3.6508
72,30.0,1.526664,3.611703
72,30.4,1.87845,3.625185
72,30.8,2.322891,3.705674
72,31.2,2.810497,3.860153
72,31.6,3.270138,4.084439
72,32.0,3.644776,4.365467
72,32.4,3.903677,4.685566
72,32.8,4.036117,5.025582
72,33.2,4.041067,5.36633
72,33.6,3.918271,5.688689
72,34.0,3.65963,5.972445
72,34.4,3.234765,6.193094
72,34.8,2.54698,6.312615
72,35.2,1.24206,6.243963
72,35.6,0.41586,6.010216
72,36.0,0.429366,5.807323
72,36.4,0.450102,5.607813
72,36.8,0.472983,5.411732
72,37.2,0.498364,5.219453
72,37.6,0.52671,5.031419
72,38.0,0.558616,4.848162
72,38.4,0.594866,4.670332
72,38.8,0.636518,4.498734
72,39.2,0.685038,4.334393
72,39.6,0.742532,4.178644
72,40.0,0.81215,4.033289
73,0.0,2.326276,7.124034
73,0.4,0.430205,6.917928
73,0.8,0.358199,6.699881
73,1.2,0.372504,6.488741
73,1.6,0.388025,6.279929
73,2.0,0.404887,6.073644
73,2.4,0.423278,5.870115
73,2.8,0.443426,5.669606
73,3.2,0.465607,5.472419
73,3.6,0.490165,5.278912
73,4.0,0.51753,5.089503
73,4.4,0.548253,4.904695
73,4.8,0.583052,4.725097
73,5.2,0.622887,4.551459
73,5.6,0.669077,4.384731
73,6.0,0.723498,4.226139
73,6.4,0.788914,4.077316
73,6.8,0.869582,3.940527
73,7.2,0.972325,3.819043
73,7.6,1.10839,3.71779
73,8.0,1.295946,3.644392
73,8.4,1.560409,3.610322
73,8.8,1.923423,3.630557
73,9.2,2.375785,3.719055
73,9.6,2.86379,3.881631
73,10.0,3.316386,4.112932
73,10.4,3.679322,4.399182
73,10.8,3.924546,4.722424
73,11.2,4.042898,5.063457
73,11.6,4.033841,5.40312
73,12.0,3.896706,5.722254
73,12.4,3.62186,6.000384
73,12.8,3.174809,6.212162
73,13.2,2.444853,6.316804
73,13.6,1.039992,6.218243
73,14.0,0.41517,5.987598
73,14.4,0.431553,5.785171
73,14.8,0.452514,5.586023
73,15.2,0.475651,5.390341
73,15.6,0.501334,5.198507
73,16.0,0.53004,5.010971
73,16.4,0.562382,4.828279
73,16.8,0.599171,4.651093
73,17.2,0.641499,4.48024
73,17.6,0.69089,4.316773
73,18.0,0.749542,4.162071
73,18.4,0.820754,4.018001
73,18.8,0.909697,3.887191
73,19.2,1.02478,3.77351
73,19.6,1.179868,3.682874
73,20.0,1.396519,3.624417
73,20.4,1.700979,3.611323
73,20.8,2.105518,3.658966
73,21.2,2.581424,3.778651
73,21.6,3.062725,3.971451
73,22.0,3.482554,4.227934
73,22.4,3.797934,4.532093
73,22.8,3.990052,4.86519
73,23.2,4.054561,5.207968
73,23.6,3.991862,5.541339
73,24.0,3.79874,5.84584
73,24.4,3.457927,6.099587
73,24.8,2.913613,6.272831
73,25.2,1.974594,6.309469
73,25.6,0.499154,6.110643
73,26.0,0.420495,5.901796
73,26.4,0.440146,5.700784
73,26.8,0.461987,5.503055
73,27.2,0.486147,5.308946
73,27.6,0.51304,5.118865
73,28.0,0.543195,4.9333
73,28.4,0.577299,4.75284
73,28.8,0.61627,4.578213
73,29.2,0.661359,4.41033
73,29.6,0.714336,4.250368
73,30.0,0.777798,4.099886
73,30.4,0.85571,3.96103
73,30.8,0.954396,3.836876
73,31.2,1.08425,3.732036
73,31.6,1.26221,3.653628
73,32.0,1.51285,3.612475
73,32.4,1.859908,3.623175
73,32.8,2.30083,3.700326
73,33.2,2.787999,3.851386
73,33.6,3.250391,4.072676
73,34.0,3.629838,4.351446
73,34.4,3.89445,4.670155
73,34.8,4.032807,5.009674
73,35.2,4.043642,5.350809
73,35.6,3.926842,5.674449
73,36.0,3.674905,5.960481
73,36.4,3.259044,6.184726
73,36.8,2.587827,6.310208
73,37.2,1.325412,6.25366
73,37.6,0.416843,6.019762
73,38.0,0.428456,5.81664
73,38.4,0.449097,5.616979
73,38.8,0.471872,5.420731
73,39.2,0.497128,5.228267
73,39.6,0.525324,5.040025
73,40.0,0.557049,4.856534
74,0.0,2.755646,4.129672
74,0.4,3.075895,4.324607
74,0.8,3.335228,4.558842
74,1.2,3.508033,4.819241
74,1.6,3.579493,5.090495
74,2.0,3.540192,5.355965
74,2.4,3.37881,5.597417
74,2.8,3.070684,5.793117
74,3.2,2.549377,5.911952
74,3.6,1.601607,5.893144
74,4.0,0.489635,5.683112
74,4.4,0.464535,5.483525
74,4.8,0.488703,5.289787
74,5.2,0.515893,5.100133
74,5.6,0.546408,4.915049
74,6.0,0.580953,4.735136
74,6.4,0.620471,4.561137
74,6.8,0.666257,4.393988
74,7.2,0.720147,4.234894
74,7.6,0.784843,4.085464
74,8.0,0.864494,3.947917
74,8.4,0.965737,3.825451
74,8.8,1.099501,3.722878
74,9.2,1.283506,3.647632
74,9.6,1.542887,3.610952
74,10.0,1.900129,3.627688
74,10.4,2.348497,3.712054
74,10.8,2.836409,3.87047
74,11.2,3.292717,4.098181
74,11.6,3.66172,4.381771
74,12.0,3.913998,4.703424
74,12.4,4.039601,5.043962
74,12.8,4.037754,5.384213
74,13.2,3.908011,5.705037
74,13.6,3.64155,5.9861
74,14.0,3.206057,6.202501
74,14.4,2.49831,6.314925
74,14.8,1.144172,6.231912
74,15.2,0.415291,5.999224
74,15.6,0.430424,5.796568
74,16.0,0.451269,5.597234
74,16.4,0.474274,5.401346
74,16.8,0.499801,5.209282
74,17.2,0.52832,5.021489
74,17.6,0.560437,4.838505
74,18.0,0.596947,4.660986
74,18.4,0.638925,4.489748
74,18.8,0.687864,4.325829
74,19.2,0.745915,4.170586
74,19.6,0.816299,4.02585
74,20.0,0.90405,3.894199
74,20.4,1.017342,3.779412
74,20.8,1.16966,3.68726
74,21.2,1.382113,3.626663
74,21.6,1.680993,3.610582
74,22.0,2.080159,3.654402
74,22.4,2.553575,3.76986
74,22.8,3.036519,3.958679
74,23.2,3.461247,4.211936
74,23.6,3.783246,4.513878
74,24.0,3.982562,4.845849
74,24.4,4.054308,5.18859
74,24.8,3.99884,5.523007
74,25.2,3.813382,5.829693
74,25.6,3.481883,6.086999
74,26.0,2.952037,6.2659
74,26.4,2.046683,6.312911
74,26.8,0.535228,6.124104
74,27.2,0.419506,5.913297
74,27.6,0.438969,5.712105
74,28.0,0.460689,5.514182
74,28.4,0.484708,5.319857
74,28.8,0.511432,5.129535
74,29.2,0.541385,4.943699
74,29.6,0.575244,4.762931
74,30.0,0.613909,4.587951
74,30.4,0.658609,4.419657
74,30.8,0.711079,4.259208
74,31.2,0.773856,4.108138
74,31.6,0.850807,3.96855
74,32.0,0.948085,3.843457
74,32.4,1.07579,3.73736
74,32.8,1.250426,3.657202
74,33.2,1.496212,3.613572
74,33.6,1.837475,3.620908
74,34.0,2.27394,3.69399
74,34.4,2.760355,3.84085
74,34.8,3.225945,4.058431
74,35.2,3.611193,4.334382
74,35.6,3.882771,4.651331
74,36.0,4.028378,4.990186
74,36.4,4.046426,5.331738
74,36.8,3.936955,5.656892
74,37.2,3.693157,5.945643
74,37.6,3.288093,6.174191
74,38.0,2.636346,6.306764
74,38.4,1.424879,6.264564
74,38.8,0.41891,6.031512
74,39.2,0.427348,5.828065
74,39.6,0.447871,5.62822
74,40.0,0.470517,5.431769
75,0.0,4.305168,9.376965
75,0.4,2.360516,9.479778
75,0.8,0.25014,9.188038
75,1.2,0.25652,8.959474
75,1.6,0.263891,8.732053
75,2.0,0.271687,8.5058
75,2.4,0.279946,8.280786
75,2.8,0.288709,8.057086
75,3.2,0.298025,7.834782
75,3.6,0.307947,7.613966
75,4.0,0.318539,7.394738
75,4.4,0.32987,7.177209
75,4.8,0.342021,6.961501
75,5.2,0.355087,6.747752
75,5.6,0.369176,6.536115
75,6.0,0.384417,6.326762
75,6.4,0.400962,6.119889
75,6.8,0.41899,5.915718
75,7.2,0.43872,5.714503
75,7.6,0.460416,5.516539
75,8.0,0.484404,5.322169
75,8.4,0.511093,5.131796
75,8.8,0.541004,4.945902
75,9.2,0.574811,4.76507
75,9.6,0.613411,4.590015
75,10.0,0.65803,4.421635
75,10.4,0.710394,4.261084
75,10.8,0.773027,4.109889
75,11.2,0.849778,3.970148
75,11.6,0.946761,3.844858
75,12.0,1.074019,3.738497
75,12.4,1.247961,3.657973
75,12.8,1.49273,3.613825
75,13.2,1.832767,3.620456
75,13.6,2.268268,3.69268
75,14.0,2.754493,3.838649
75,14.4,3.220735,4.055439
75,14.8,3.607197,4.330786
75,15.2,3.880246,4.647355
75,15.6,4.027387,4.986061
75,16.0,4.046962,5.327694
75,16.4,3.939041,5.653159
75,16.8,3.696955,5.942477
75,17.2,3.294146,6.171922
75,17.6,2.64641,6.305966
75,18.0,1.445498,6.266732
75,18.4,0.419501,6.034008
75,18.8,0.427114,5.830485
75,19.2,0.447613,5.630602
75,19.6,0.470231,5.434108
75,20.0,0.495303,5.24137
75,20.4,0.52328,5.052822
75,20.8,0.55474,4.868986
75,21.2,0.590443,4.690493
75,21.6,0.631408,4.518131
75,22.0,0.679046,4.352894
75,22.4,0.735371,4.196075
75,22.8,0.803386,4.049412
75,23.2,0.887744,3.915331
75,23.6,0.995964,3.797364
75,24.0,1.140451,3.700874
75,24.4,1.340956,3.634161
75,24.8,1.623595,3.609513
75,25.2,2.006343,3.642214
75,25.6,2.471083,3.745158
75,26.0,2.957566,3.921982
75,26.4,3.395984,4.165351
75,26.8,3.737269,4.460353
75,27.2,3.957885,4.788613
75,27.6,4.051143,5.130881
75,28.0,4.017125,5.468037
75,28.4,3.854172,5.780816
75,28.8,3.549478,6.048173
75,29.2,3.059879,6.242972
75,29.6,2.243435,6.318385
75,30.0,0.713496,6.166932
75,30.4,0.416871,5.947533
75,30.8,0.435511,5.745796
75,31.2,0.456877,5.547302
75,31.6,0.480482,5.352344
75,32.0,0.506717,5.161316
75,32.4,0.536083,4.974686
75,32.8,0.569228,4.793018
75,33.2,0.607007,4.617004
75,33.6,0.650585,4.447511
75,34.0,0.701595,4.285644
75,34.4,0.762408,4.132864
75,34.8,0.836618,3.99116
75,35.2,0.929896,3.863359
75,35.6,1.051525,3.753655
75,36.0,1.216748,3.668496
75,36.4,1.448623,3.617786
75,36.8,1.772741,3.615425
75,37.2,2.1951,3.676589
75,37.6,2.677867,3.810918
75,38.0,3.151788,4.017242
75,38.4,3.553628,4.284485
75,38.8,3.845674,4.595844
75,39.2,4.012794,4.932358
75,39.6,4.052283,5.274791
75,40.0,3.96448,5.604063
76,0.0,1.560996,7.324217
76,0.4,0.338005,7.063563
76,0.8,0.348777,6.848762
76,1.2,0.362366,6.636104
76,1.6,0.377044,6.425647
76,2.0,0.39295,6.217573
76,2.4,0.410251,6.012092
76,2.8,0.429145,5.809442
76,3.2,0.449873,5.609899
76,3.6,0.47273,5.41378
76,4.0,0.498082,5.221458
76,4.4,0.526393,5.033377
76,4.8,0.558258,4.850067
76,5.2,0.594458,4.672175
76,5.6,0.636047,4.500507
76,6.0,0.684484,4.336083
76,6.4,0.74187,4.180235
76,6.8,0.811338,4.034759
76,7.2,0.897774,3.902172
76,7.6,1.009096,3.786159
76,8.0,1.158371,3.692331
76,8.4,1.366192,3.629367
76,8.8,1.658839,3.609978
76,9.2,2.051842,3.649531
76,9.6,2.522184,3.760226
76,10.0,3.006711,3.944517
76,10.4,3.436796,4.194069
76,10.8,3.766191,4.493438
76,11.2,3.973616,4.824064
76,11.6,4.05353,5.166689
76,12.0,4.006217,5.502211
76,12.4,3.829352,5.811282
76,12.8,3.508181,6.072497
76,13.2,2.994083,6.257592
76,13.6,2.124351,6.315798
76,14.0,0.589655,6.139894
76,14.4,0.418439,5.926291
76,14.8,0.437649,5.724894
76,15.2,0.459233,5.526752
76,15.6,0.483093,5.332186
76,16.0,0.50963,5.141594
76,16.4,0.539358,4.955454
76,16.8,0.572943,4.774342
76,17.2,0.611267,4.598966
76,17.6,0.655535,4.430213
76,18.0,0.707443,4.269221
76,18.4,0.769461,4.117494
76,18.8,0.845352,3.977092
76,19.2,0.941078,3.850956
76,19.6,1.066422,3.743467
76,20.0,1.237402,3.661375
76,20.4,1.477812,3.615007
76,20.8,1.812544,3.618607
76,21.2,2.243796,3.68713
76,21.6,2.729072,3.829237
76,22.0,3.198037,4.042582
76,22.4,3.589704,4.315283
76,22.8,3.869101,4.630173
76,23.2,4.022885,4.968203
76,23.6,4.049076,5.310154
76,24.0,3.947854,5.636937
76,24.4,3.713146,5.928669
76,24.8,3.319977,6.161943
76,25.2,2.689183,6.302246
76,25.6,1.532851,6.275551
76,26.0,0.422854,6.044864
76,26.4,0.426107,5.840971
76,26.8,0.446496,5.64092
76,27.2,0.468997,5.444241
76,27.6,0.493931,5.251298
76,28.0,0.521744,5.06252
76,28.4,0.553006,4.878424
76,28.8,0.588466,4.699636
76,29.2,0.629127,4.526932
76,29.6,0.676374,4.361295
76,30.0,0.732184,4.204
76,30.4,0.799494,4.056757
76,30.8,0.882848,3.921946
76,31.2,0.989574,3.803028
76,31.6,1.131759,3.705247
76,32.0,1.328733,3.636719
76,32.4,1.606474,3.609516
76,32.8,1.984044,3.638863
76,33.2,2.445735,3.737963
76,33.6,2.932896,3.911039
76,34.0,3.375264,4.151267
76,34.4,3.722375,4.444021
76,34.8,3.949535,4.771023
76,35.2,4.049437,5.113036
76,35.6,4.022032,5.450929
76,36.0,3.865956,5.765467
76,36.4,3.569301,6.035774
76,36.8,3.091387,6.235224
76,37.2,2.299451,6.31875
76,37.6,0.790592,6.180742
76,38.0,0.416212,5.958123
76,38.4,0.434455,5.756213
76,38.8,0.455713,5.557544
76,39.2,0.479193,5.362393
76,39.6,0.50528,5.17115
76,40.0,0.534469,4.984278
77,0.0,1.434303,8.033441
77,0.4,0.301568,7.760459
77,0.8,0.311427,7.540148
77,1.2,0.322259,7.321478
77,1.6,0.333855,7.104546
77,2.0,0.346302,6.88948
77,2.4,0.359699,6.676422
77,2.8,0.37416,6.465532
77,3.2,0.38982,6.256989
77,3.6,0.406842,6.050997
77,4.0,0.425415,5.847789
77,4.4,0.445773,5.647631
77,4.8,0.468199,5.450833
77,5.2,0.493044,5.257757
77,5.6,0.520751,5.06883
77,6.0,0.551885,4.884566
77,6.4,0.587189,4.705587
77,6.8,0.627654,4.532663
77,7.2,0.67465,4.366768
77,7.6,0.730129,4.209166
77,8.0,0.796988,4.061548
77,8.4,0.8797,3.926268
77,8.8,0.985471,3.80674
77,9.2,1.126188,3.708131
77,9.6,1.320907,3.63844
77,10.0,1.595496,3.609601
77,10.4,1.969679,3.636787
77,10.8,2.429297,3.733395
77,11.2,2.916794,3.904024
77,11.6,3.361654,4.142189
77,12.0,3.712519,4.433454
77,12.4,3.943922,4.759612
77,12.8,4.048144,5.101431
77,13.2,4.025036,5.439774
77,13.6,3.873413,5.755427
77,14.0,3.58193,6.027613
77,14.4,3.111444,6.230026
77,14.8,2.334785,6.318675
77,15.2,0.845225,6.18972
77,15.6,0.415846,5.965014
77,16.0,0.433772,5.762988
77,16.4,0.45496,5.564207
77,16.8,0.478359,5.368931
77,17.2,0.50435,5.177548
77,17.6,0.533425,4.99052
77,18.0,0.566215,4.808401
77,18.4,0.603556,4.631871
77,18.8,0.64658,4.461778
77,19.2,0.696872,4.299206
77,19.6,0.756725,4.145577
77,20.0,0.829599,4.002826
77,20.4,0.920942,3.873691
77,20.8,1.039641,3.76222
77,21.2,1.200329,3.674623
77,21.6,1.425419,3.620462
77,22.0,1.74089,3.613335
77,22.4,2.155624,3.668538
77,22.8,2.635733,3.796469
77,23.2,3.113196,3.996933
77,23.6,3.523087,4.259553
77,24.0,3.825406,4.567856
77,24.4,4.003463,4.902968
77,24.8,4.053881,5.245643
77,25.2,3.977064,5.576798
77,25.6,3.768857,5.876839
77,26.0,3.409423,6.123383
77,26.4,2.835376,6.285125
77,26.8,1.824477,6.300212
77,27.2,0.454208,6.085614
77,27.6,0.422502,5.879412
77,28.0,0.442458,5.678752
77,28.4,0.464538,5.481405
77,28.8,0.488978,5.28772
77,29.2,0.516203,5.098113
77,29.6,0.546757,4.913081
77,30.0,0.58135,4.733227
77,30.4,0.620928,4.559297
77,30.8,0.666791,4.392227
77,31.2,0.720781,4.233228
77,31.6,0.785613,4.083913
77,32.0,0.865455,3.946509
77,32.4,0.96698,3.824229
77,32.8,1.101177,3.721905
77,33.2,1.28585,3.647007
77,33.6,1.546191,3.610819
77,34.0,1.90453,3.628216
77,34.4,2.353671,3.713365
77,34.8,2.841619,3.872573
77,35.2,3.297236,4.100969
77,35.6,3.665093,4.385069
77,36.0,3.916033,4.707028
77,36.4,4.040259,5.047666
77,36.8,4.037042,5.387809
77,37.2,3.905897,5.708318
77,37.6,3.637851,5.988829
77,38.0,3.200185,6.204361
77,38.4,2.488304,6.315328
77,38.8,1.124351,6.229382
77,39.2,0.415235,5.997013
77,39.6,0.430638,5.794403
77,40.0,0.451505,5.595103
78,0.0,2.124935,7.956536
78,0.4,0.30926,7.694345
78,0.8,0.314608,7.474231
78,1.2,0.325661,7.25607
78,1.6,0.337504,7.039685
78,2.0,0.350225,6.825208
78,2.4,0.363929,6.612784
78,2.8,0.378735,6.40258
78,3.2,0.394787,6.194781
78,3.6,0.412253,5.9896
78,4.0,0.431336,5.787279
78,4.4,0.452283,5.588096
78,4.8,0.475396,5.392377
78,5.2,0.50105,5.2005
78,5.6,0.529721,5.012917
78,6.0,0.562021,4.83017
78,6.4,0.598758,4.652922
78,6.8,0.641021,4.481998
78,7.2,0.690328,4.318447
78,7.6,0.748868,4.163644
78,8.0,0.819926,4.01945
78,8.4,0.908646,3.888483
78,8.8,1.023394,3.774596
78,9.2,1.177964,3.683678
78,9.6,1.393832,3.624822
78,10.0,1.697255,3.611171
78,10.4,2.100807,3.658104
78,10.8,2.576269,3.777007
78,11.2,3.05789,3.969072
78,11.6,3.478637,4.224962
78,12.0,3.795247,4.528716
78,12.4,3.988697,4.861609
78,12.8,4.054545,5.204384
78,13.2,3.993184,5.537954
78,13.6,3.801484,5.842864
78,14.0,3.462407,6.097276
78,14.4,2.920808,6.27158
78,14.8,1.988175,6.310171
78,15.2,0.505056,6.113098
78,15.6,0.420309,5.903923
78,16.0,0.439928,5.702878
78,16.4,0.461747,5.505113
78,16.8,0.48588,5.310964
78,17.2,0.512742,5.120838
78,17.6,0.542859,4.935223
78,18.0,0.576918,4.754706
78,18.4,0.615831,4.580013
78,18.8,0.660848,4.412054
78,19.2,0.713731,4.252002
78,19.6,0.777065,4.10141
78,20.0,0.854798,3.962418
78,20.4,0.953221,3.838089
78,20.8,1.082673,3.733015
78,21.2,1.260012,3.65428
78,21.6,1.509748,3.612666
78,22.0,1.855733,3.62274
78,22.4,2.295842,3.699135
78,22.8,2.78289,3.849419
78,23.2,3.245888,4.070026
78,23.6,3.626416,4.348278
78,24.0,3.89232,4.666667
78,24.4,4.032018,5.006068
78,24.8,4.044188,5.347284
78,25.2,3.928746,5.671209
78,25.6,3.678321,5.95775
78,26.0,3.264477,6.1828
78,26.4,2.59693,6.309612
78,26.8,1.34406,6.25576
78,27.2,0.417146,6.021931
78,27.6,0.42825,5.818753
78,28.0,0.44887,5.619058
78,28.4,0.47162,5.422773
78,28.8,0.496848,5.230266
78,29.2,0.52501,5.041978
78,29.6,0.556695,4.858434
78,30.0,0.592674,4.680276
78,30.4,0.633984,4.508299
78,30.8,0.682065,4.343513
78,31.2,0.738977,4.187233
78,31.6,0.807796,4.041228
78,32.0,0.893302,3.907975
78,32.4,1.003234,3.79109
78,32.8,1.150362,3.696072
78,33.2,1.354908,3.631432
78,33.6,1.643099,3.609694
78,34.0,2.031589,3.646196
78,34.4,2.49954,3.753455
78,34.8,2.985029,3.934452
78,35.2,3.418867,4.181289
78,35.6,3.753554,4.47875
78,36.0,3.966825,4.808354
78,36.4,4.052645,5.150847
78,36.8,4.011218,5.487118
78,37.2,3.840528,5.797858
78,37.6,3.526707,6.061828
78,38.0,3.023629,6.25128
78,38.4,2.178189,6.317258
78,38.8,0.639052,6.151694
78,39.2,0.417713,5.935688
78,39.6,0.4367,5.734142
78,40.0,0.458187,5.535844
79,0.0,3.907978,8.611885
79,0.4,2.121592,8.678611
79,0.8,0.276695,8.396897
79,1.2,0.284117,8.172442
79,1.6,0.293141,7.949407
79,2.0,0.302744,7.727811
79,2.4,0.312982,7.50775
79,2.8,0.323921,7.289329
79,3.2,0.335638,7.072664
79,3.6,0.348218,6.857885
79,4.0,0.361764,6.645137
79,4.4,0.376393,6.434582
79,4.8,0.392244,6.226402
79,5.2,0.409482,6.020806
79,5.6,0.428303,5.81803
79,6.0,0.448947,5.618348
79,6.4,0.471706,5.422075
79,6.8,0.496944,5.229583
79,7.2,0.525117,5.041311
79,7.6,0.556816,4.857785
79,8.0,0.592812,4.679647
79,8.4,0.634144,4.507694
79,8.8,0.682252,4.342936
79,9.2,0.739201,4.186689
79,9.6,0.808069,4.040726
79,10.0,0.893647,3.907524
79,10.4,1.003686,3.790706
79,10.8,1.150979,3.69578
79,11.2,1.355776,3.631269
79,11.6,1.644311,3.609711
79,12.0,2.033152,3.646449
79,12.4,2.501294,3.753974
79,12.8,2.986714,3.935227
79,13.2,3.420265,4.182275
79,13.6,3.754543,4.479886
79,14.0,3.967361,4.809571
79,14.4,4.052723,5.152075
79,14.8,4.01084,5.48829
79,15.2,3.839673,5.798902
79,15.6,3.525285,6.062661
79,16.0,3.021363,6.251778
79,16.4,2.174081,6.317163
79,16.8,0.634912,6.150768
79,17.2,0.417768,5.934959
79,17.6,0.436773,5.733425
79,18.0,0.458268,5.535139
79,18.4,0.482023,5.340412
79,18.8,0.508437,5.149641
79,19.2,0.538016,4.9633
79,19.6,0.57142,4.781961
79,20.0,0.60952,4.606323
79,20.4,0.653504,4.437266
79,20.8,0.705042,4.275915
79,21.2,0.766564,4.123755
79,21.6,0.84176,3.982818
79,22.0,0.936474,3.855997
79,22.4,1.060281,3.747594
79,22.8,1.228878,3.664236
79,23.2,1.465768,3.616077
79,23.6,1.796157,3.617222
79,24.0,2.223832,3.682727
79,24.4,2.708181,3.821661
79,24.8,3.179254,4.032155
79,25.2,3.575122,4.30265
79,25.6,3.859702,4.616123
79,26.0,4.018933,4.95356
79,26.4,4.050553,5.295733
79,26.8,3.954816,5.623558
79,27.2,3.726116,5.917224
79,27.6,3.340713,6.153572
79,28.0,2.723329,6.298876
79,28.4,1.602077,6.282102
79,28.8,0.426803,6.053837
79,29.2,0.425287,5.84958
79,29.6,0.445584,5.649391
79,30.0,0.46799,5.452562
79,30.4,0.492812,5.259451
79,30.8,0.520491,5.070486
79,31.2,0.551592,4.886178
79,31.6,0.586855,4.707148
79,32.0,0.627269,4.534167
79,32.4,0.674199,4.368205
79,32.8,0.729592,4.210522
79,33.2,0.796333,4.062807
79,33.6,0.878878,3.927405
79,34.0,0.984402,3.807717
79,34.4,1.124737,3.708893
79,34.8,1.31887,3.6389
79,35.2,1.592636,3.609633
79,35.6,1.965929,3.636256
79,36.0,2.424992,3.732211
79,36.4,2.912563,3.902198
79,36.8,3.358067,4.139819
79,37.2,3.709911,4.43069
79,37.6,3.942426,4.756623
79,38.0,4.04778,5.098388
79,38.4,4.025799,5.436845
79,38.8,3.875343,5.752787
79,39.2,3.585209,6.02546
79,39.6,3.116649,6.228642
79,40.0,2.343915,6.318616
