id,t,x0,x1,x2,x3
0,0.0,23.444725,0.043888,0.08586,7.124996
0,0.5,22.554462,0.672248,0.216811,6.365685
0,1.0,21.640255,1.023876,0.498101,5.732767
0,1.5,20.75854,1.209353,0.84622,5.199171
0,2.0,19.935126,1.295681,1.214763,4.7443
0,2.5,19.179224,1.323329,1.57889,4.352525
0,3.0,18.491486,1.316792,1.926028,4.011925
0,3.5,17.868441,1.290945,2.250474,3.713325
0,4.0,17.304865,1.254838,2.550315,3.449591
0,4.5,16.795025,1.213968,2.82567,3.215106
0,5.0,16.333294,1.171646,3.077697,3.005402
0,5.5,15.914437,1.12983,3.308033,2.816881
0,6.0,15.533723,1.089643,3.518484,2.646617
0,6.5,15.186941,1.051681,3.710855,2.492207
0,7.0,14.87038,1.016222,3.886866,2.351656
0,7.5,14.580781,0.983344,4.048104,2.223296
0,8.0,14.31529,0.953007,4.196018,2.105719
0,8.5,14.071406,0.925103,4.331912,1.997729
0,9.0,13.846938,0.899487,4.456954,1.898303
0,9.5,13.639962,0.876,4.572186,1.806558
0,10.0,13.448782,0.854474,4.678538,1.721732
0,10.5,13.271907,0.834748,4.776839,1.643157
0,11.0,13.108014,0.816667,4.867826,1.570251
0,11.5,12.955932,0.800085,4.952158,1.502501
0,12.0,12.81462,0.784869,5.030422,1.439453
0,12.5,12.683148,0.770895,5.103145,1.380704
0,13.0,12.560686,0.758051,5.170798,1.325895
0,13.5,12.44649,0.746235,5.233804,1.274705
0,14.0,12.339891,0.735353,5.292544,1.226847
0,14.5,12.240287,0.725323,5.347361,1.18206
0,15.0,12.147134,0.716067,5.398566,1.140111
0,15.5,12.059938,0.707518,5.446438,1.100787
0,16.0,11.978253,0.699615,5.491232,1.063897
0,16.5,11.901674,0.6923,5.53318,1.029264
0,17.0,11.829829,0.685524,5.57249,0.99673
0,17.5,11.762382,0.679241,5.609355,0.966148
0,18.0,11.699024,0.67341,5.64395,0.937385
0,18.5,11.639472,0.667993,5.676434,0.910317
0,19.0,11.583465,0.662956,5.706956,0.884832
0,19.5,11.530766,0.658269,5.735649,0.860826
0,20.0,11.481156,0.653904,5.762636,0.838203
0,20.5,11.43443,0.649836,5.788033,0.816875
0,21.0,11.390403,0.646041,5.811944,0.796759
0,21.5,11.348902,0.642498,5.834466,0.77778
0,22.0,11.309767,0.639189,5.855688,0.759867
0,22.5,11.272849,0.636095,5.875694,0.742954
0,23.0,11.238011,0.633201,5.89456,0.726982
0,23.5,11.205125,0.630492,5.912358,0.711894
0,24.0,11.174072,0.627955,5.929153,0.697636
0,24.5,11.144742,0.625576,5.945007,0.68416
0,25.0,11.117031,0.623346,5.959978,0.67142
0,25.5,11.090843,0.621254,5.974118,0.659372
0,26.0,11.066089,0.61929,5.987477,0.647977
0,26.5,11.042684,0.617445,6.000102,0.637197
0,27.0,11.020551,0.615711,6.012035,0.626998
0,27.5,10.999616,0.614081,6.023318,0.617345
0,28.0,10.97981,0.612548,6.033988,0.608209
0,28.5,10.961069,0.611105,6.04408,0.599559
0,29.0,10.943332,0.609747,6.053627,0.59137
0,29.5,10.926544,0.608468,6.062661,0.583615
0,30.0,10.91065,0.607263,6.07121,0.576271
0,30.5,10.895601,0.606128,6.079302,0.569314
0,31.0,10.88135,0.605057,6.086963,0.562724
0,31.5,10.867853,0.604047,6.094216,0.55648
0,32.0,10.855068,0.603095,6.101085,0.550564
0,32.5,10.842957,0.602196,6.10759,0.544958
0,33.0,10.831483,0.601348,6.113751,0.539645
0,33.5,10.82061,0.600547,6.119588,0.534609
0,34.0,10.810307,0.59979,6.125118,0.529836
0,34.5,10.800543,0.599076,6.130357,0.525311
0,35.0,10.791288,0.5984,6.135322,0.521021
0,35.5,10.782515,0.597762,6.140028,0.516954
0,36.0,10.774199,0.597159,6.144487,0.513098
0,36.5,10.766315,0.596588,6.148715,0.509441
0,37.0,10.75884,0.596049,6.152722,0.505973
0,37.5,10.751753,0.595539,6.156521,0.502685
0,38.0,10.745033,0.595056,6.160122,0.499566
0,38.5,10.73866,0.594599,6.163537,0.496608
0,39.0,10.732616,0.594167,6.166775,0.493802
0,39.5,10.726884,0.593757,6.169846,0.491141
0,40.0,10.721447,0.59337,6.172758,0.488616
0,40.5,10.716291,0.593003,6.175519,0.486221
0,41.0,10.7114,0.592656,6.178139,0.483949
0,41.5,10.70676,0.592327,6.180623,0.481794
0,42.0,10.702359,0.592016,6.182979,0.479749
0,42.5,10.698183,0.591721,6.185215,0.477809
0,43.0,10.694222,0.591441,6.187335,0.475968
0,43.5,10.690464,0.591176,6.189346,0.474221
0,44.0,10.686898,0.590925,6.191255,0.472564
0,44.5,10.683515,0.590687,6.193065,0.470991
0,45.0,10.680305,0.590462,6.194783,0.469499
0,45.5,10.677259,0.590248,6.196413,0.468083
0,46.0,10.674369,0.590046,6.197959,0.466739
0,46.5,10.671627,0.589854,6.199426,0.465464
0,47.0,10.669024,0.589672,6.200818,0.464254
0,47.5,10.666555,0.589499,6.20214,0.463105
0,48.0,10.664211,0.589335,6.203393,0.462015
0,48.5,10.661987,0.58918,6.204583,0.460981
0,49.0,10.659876,0.589033,6.205712,0.459999
0,49.5,10.657873,0.588894,6.206783,0.459067
0,50.0,10.655972,0.588761,6.2078,0.458183
1,0.0,3.731143,0.097562,0.076114,7.967611
1,0.5,3.585472,0.227638,0.083912,7.829738
1,1.0,3.446702,0.339118,0.097556,7.704613
1,1.5,3.314911,0.434768,0.115627,7.590892
1,2.0,3.190053,0.51691,0.136985,7.487392
1,2.5,3.071996,0.587505,0.160716,7.393066
1,3.0,2.960542,0.648207,0.186092,7.306988
1,3.5,2.855452,0.700415,0.212533,7.228339
1,4.0,2.756457,0.745316,0.239581,7.156391
1,4.5,2.663272,0.783917,0.266872,7.090498
1,5.0,2.575605,0.817078,0.294125,7.030084
1,5.5,2.493163,0.845533,0.321118,6.974635
1,6.0,2.415655,0.86991,0.347684,6.923693
1,6.5,2.342799,0.890748,0.373693,6.876846
1,7.0,2.274321,0.90851,0.399052,6.833726
1,7.5,2.209958,0.923596,0.42369,6.794002
1,8.0,2.14946,0.936351,0.447561,6.757375
1,8.5,2.092589,0.947075,0.470635,6.723578
1,9.0,2.03912,0.956026,0.492894,6.692367
1,9.5,1.98884,0.963431,0.514331,6.663525
1,10.0,1.941549,0.969486,0.534949,6.636852
1,10.5,1.89706,0.974363,0.554755,6.612169
1,11.0,1.855195,0.978211,0.573764,6.589312
1,11.5,1.815788,0.981161,0.591992,6.568134
1,12.0,1.778686,0.983329,0.609459,6.548499
1,12.5,1.743744,0.984816,0.626187,6.530284
1,13.0,1.710824,0.985711,0.642199,6.513377
1,13.5,1.679802,0.986091,0.65752,6.497676
1,14.0,1.650558,0.986026,0.672175,6.483087
1,14.5,1.622982,0.985575,0.686188,6.469524
1,15.0,1.59697,0.984794,0.699585,6.456908
1,15.5,1.572426,0.983729,0.712389,6.445169
1,16.0,1.54926,0.982421,0.724626,6.43424
1,16.5,1.527388,0.980908,0.736319,6.42406
1,17.0,1.50673,0.979221,0.747491,6.414575
1,17.5,1.487213,0.977391,0.758164,6.405732
1,18.0,1.468769,0.975442,0.768361,6.397484
1,18.5,1.451334,0.973397,0.778101,6.389789
1,19.0,1.434846,0.971275,0.787406,6.382606
1,19.5,1.41925,0.969094,0.796294,6.375898
1,20.0,1.404494,0.96687,0.804785,6.369633
1,20.5,1.390527,0.964615,0.812896,6.363777
1,21.0,1.377305,0.962341,0.820643,6.358302
1,21.5,1.364784,0.96006,0.828045,6.353182
1,22.0,1.352923,0.95778,0.835115,6.348392
1,22.5,1.341684,0.955508,0.84187,6.343909
1,23.0,1.331033,0.953253,0.848324,6.339711
1,23.5,1.320936,0.951019,0.854489,6.335779
1,24.0,1.311361,0.948812,0.86038,6.332095
1,24.5,1.302279,0.946636,0.866009,6.328642
1,25.0,1.293663,0.944496,0.871387,6.325404
1,25.5,1.285487,0.942393,0.876527,6.322367
1,26.0,1.277726,0.940331,0.881438,6.319518
1,26.5,1.270358,0.938312,0.886132,6.316844
1,27.0,1.263362,0.936337,0.890617,6.314333
1,27.5,1.256716,0.934409,0.894904,6.311974
1,28.0,1.250403,0.932527,0.899002,6.309759
1,28.5,1.244404,0.930693,0.902918,6.307676
1,29.0,1.238703,0.928907,0.906661,6.305718
1,29.5,1.233283,0.92717,0.91024,6.303877
1,30.0,1.22813,0.925482,0.913661,6.302145
1,30.5,1.22323,0.923842,0.916931,6.300515
1,31.0,1.218569,0.92225,0.920057,6.29898
1,31.5,1.214136,0.920706,0.923046,6.297535
1,32.0,1.209917,0.919209,0.925903,6.296174
1,32.5,1.205902,0.91776,0.928636,6.294892
1,33.0,1.202081,0.916356,0.931248,6.293683
1,33.5,1.198444,0.914997,0.933746,6.292544
1,34.0,1.194981,0.913684,0.936135,6.291469
1,34.5,1.191683,0.912413,0.938419,6.290455
1,35.0,1.188542,0.911186,0.940603,6.289499
1,35.5,1.18555,0.91,0.942691,6.288596
1,36.0,1.1827,0.908855,0.944689,6.287743
1,36.5,1.179985,0.90775,0.946599,6.286938
1,37.0,1.177397,0.906684,0.948426,6.286177
1,37.5,1.174931,0.905655,0.950173,6.285458
1,38.0,1.172581,0.904664,0.951845,6.284779
1,38.5,1.17034,0.903708,0.953443,6.284137
1,39.0,1.168204,0.902786,0.954972,6.283529
1,39.5,1.166167,0.901899,0.956434,6.282955
1,40.0,1.164224,0.901044,0.957832,6.282411
1,40.5,1.162372,0.900221,0.95917,6.281896
1,41.0,1.160605,0.899428,0.96045,6.281409
1,41.5,1.15892,0.898666,0.961674,6.280948
1,42.0,1.157312,0.897932,0.962845,6.280511
1,42.5,1.155778,0.897226,0.963965,6.280097
1,43.0,1.154314,0.896546,0.965037,6.279704
1,43.5,1.152917,0.895893,0.966062,6.279332
1,44.0,1.151584,0.895265,0.967042,6.27898
1,44.5,1.150312,0.894662,0.96798,6.278645
1,45.0,1.149097,0.894081,0.968877,6.278328
1,45.5,1.147938,0.893524,0.969736,6.278028
1,46.0,1.146831,0.892988,0.970557,6.277742
1,46.5,1.145774,0.892473,0.971343,6.277471
1,47.0,1.144766,0.891978,0.972095,6.277214
1,47.5,1.143802,0.891503,0.972814,6.27697
1,48.0,1.142882,0.891047,0.973502,6.276738
1,48.5,1.142004,0.890609,0.97416,6.276518
1,49.0,1.141165,0.890189,0.97479,6.276308
1,49.5,1.140363,0.889785,0.975392,6.27611
1,50.0,1.139598,0.889398,0.975969,6.275921
2,0.0,4.715295,0.045039,0.03708,9.304267
2,0.5,4.499787,0.241654,0.046526,9.098206
2,1.0,4.294274,0.405909,0.067155,8.913321
2,1.5,4.09935,0.543328,0.095907,8.74715
2,2.0,3.915249,0.65844,0.130402,8.597543
2,2.5,3.741937,0.754961,0.168798,8.462627
2,3.0,3.579196,0.835944,0.209677,8.340765
2,3.5,3.426679,0.903908,0.251953,8.230525
2,4.0,3.283958,0.960931,0.294802,8.130653
2,4.5,3.150555,1.008737,0.337601,8.040048
2,5.0,3.025966,1.048758,0.379885,7.957743
2,5.5,2.909678,1.082189,0.421313,7.882883
2,6.0,2.801181,1.110029,0.461642,7.814715
2,6.5,2.69998,1.133114,0.500699,7.752572
2,7.0,2.605596,1.152152,0.538373,7.695861
2,7.5,2.517571,1.167737,0.574593,7.644056
2,8.0,2.435472,1.180374,0.609324,7.596688
2,8.5,2.35889,1.190491,0.642556,7.553339
2,9.0,2.287442,1.198451,0.6743,7.513634
2,9.5,2.220768,1.204568,0.704579,7.477239
2,10.0,2.158533,1.209106,0.733428,7.443853
2,10.5,2.100424,1.212294,0.760888,7.413204
2,11.0,2.046151,1.214328,0.787007,7.38505
2,11.5,1.995443,1.215378,0.811836,7.359172
2,12.0,1.948051,1.21559,0.835426,7.33537
2,12.5,1.903741,1.215089,0.857832,7.313465
2,13.0,1.862298,1.213984,0.879106,7.293296
2,13.5,1.823522,1.212371,0.8993,7.274714
2,14.0,1.787228,1.210332,0.918467,7.257587
2,14.5,1.753244,1.207936,0.936657,7.241793
2,15.0,1.721411,1.205248,0.953918,7.227221
2,15.5,1.691582,1.202319,0.970296,7.21377
2,16.0,1.66362,1.199198,0.985838,7.20135
2,16.5,1.637399,1.195924,1.000585,7.189876
2,17.0,1.612801,1.192533,1.01458,7.179273
2,17.5,1.589717,1.189056,1.02786,7.16947
2,18.0,1.568046,1.185519,1.040464,7.160403
2,18.5,1.547695,1.181945,1.052426,7.152014
2,19.0,1.528577,1.178355,1.063781,7.14425
2,19.5,1.51061,1.174765,1.074559,7.137061
2,20.0,1.493719,1.17119,1.084792,7.130404
2,20.5,1.477835,1.167643,1.094508,7.124235
2,21.0,1.462893,1.164134,1.103733,7.118518
2,21.5,1.448832,1.160673,1.112494,7.113219
2,22.0,1.435596,1.157267,1.120815,7.108304
2,22.5,1.423134,1.153924,1.128718,7.103744
2,23.0,1.411395,1.150647,1.136226,7.099513
2,23.5,1.400335,1.147441,1.143359,7.095586
2,24.0,1.389911,1.144311,1.150136,7.091939
2,24.5,1.380085,1.141258,1.156575,7.088552
2,25.0,1.370818,1.138285,1.162695,7.085406
2,25.5,1.362078,1.135393,1.168511,7.082481
2,26.0,1.353831,1.132583,1.17404,7.079763
2,26.5,1.346048,1.129856,1.179295,7.077235
2,27.0,1.338701,1.127212,1.18429,7.074884
2,27.5,1.331764,1.124649,1.18904,7.072696
2,28.0,1.325212,1.122169,1.193556,7.07066
2,28.5,1.319022,1.11977,1.197851,7.068765
2,29.0,1.313173,1.117451,1.201934,7.067
2,29.5,1.307646,1.115211,1.205818,7.065356
2,30.0,1.30242,1.113049,1.209512,7.063824
2,30.5,1.297479,1.110963,1.213026,7.062397
2,31.0,1.292806,1.108952,1.216368,7.061066
2,31.5,1.288385,1.107014,1.219547,7.059825
2,32.0,1.284203,1.105147,1.222572,7.058667
2,32.5,1.280245,1.103349,1.22545,7.057587
2,33.0,1.276499,1.101619,1.228188,7.056579
2,33.5,1.272953,1.099955,1.230793,7.055638
2,34.0,1.269595,1.098355,1.233272,7.054759
2,34.5,1.266415,1.096817,1.235631,7.053938
2,35.0,1.263403,1.09534,1.237875,7.053171
2,35.5,1.26055,1.09392,1.240012,7.052454
2,36.0,1.257846,1.092557,1.242045,7.051784
2,36.5,1.255285,1.091249,1.24398,7.051157
2,37.0,1.252856,1.089993,1.245822,7.050571
2,37.5,1.250555,1.088789,1.247575,7.050022
2,38.0,1.248372,1.087634,1.249244,7.049508
2,38.5,1.246303,1.086526,1.250832,7.049028
2,39.0,1.244341,1.085464,1.252344,7.048578
2,39.5,1.24248,1.084446,1.253784,7.048156
2,40.0,1.240714,1.083471,1.255154,7.047761
2,40.5,1.23904,1.082537,1.256459,7.04739
2,41.0,1.23745,1.081642,1.257701,7.047043
2,41.5,1.235942,1.080785,1.258883,7.046718
2,42.0,1.234511,1.079965,1.260009,7.046412
2,42.5,1.233153,1.07918,1.26108,7.046126
2,43.0,1.231864,1.078428,1.262101,7.045857
2,43.5,1.230639,1.077709,1.263072,7.045604
2,44.0,1.229477,1.077021,1.263998,7.045367
2,44.5,1.228374,1.076363,1.264878,7.045144
2,45.0,1.227326,1.075733,1.265717,7.044935
2,45.5,1.22633,1.075131,1.266516,7.044738
2,46.0,1.225385,1.074556,1.267276,7.044554
2,46.5,1.224487,1.074006,1.268001,7.04438
2,47.0,1.223634,1.073479,1.26869,7.044216
2,47.5,1.222824,1.072977,1.269347,7.044062
2,48.0,1.222054,1.072496,1.269972,7.043918
2,48.5,1.221322,1.072037,1.270567,7.043782
2,49.0,1.220627,1.071598,1.271135,7.043653
2,49.5,1.219966,1.071179,1.271675,7.043533
2,50.0,1.219338,1.070778,1.272189,7.043419
3,0.0,19.672088,0.082276,0.044341,2.658768
3,0.5,19.379158,0.269891,0.096999,2.418495
3,1.0,19.076479,0.38516,0.190704,2.209522
3,1.5,18.777036,0.452458,0.306777,2.026151
3,2.0,18.488392,0.488157,0.433249,1.863979
3,2.5,18.214643,0.503221,0.562592,1.719573
3,3.0,17.957706,0.504987,0.690177,1.590221
3,3.5,17.718159,0.498362,0.813263,1.47376
3,4.0,17.49578,0.486618,0.930325,1.368443
3,4.5,17.289887,0.471933,1.040614,1.272839
3,5.0,17.099557,0.455748,1.143871,1.185766
3,5.5,16.923756,0.439007,1.240142,1.106236
3,6.0,16.761423,0.422318,1.329653,1.033414
3,6.5,16.611516,0.406065,1.412733,0.966588
3,7.0,16.473043,0.390477,1.489764,0.905145
3,7.5,16.345073,0.375684,1.561145,0.848556
3,8.0,16.226742,0.361748,1.627279,0.796358
3,8.5,16.117255,0.348686,1.688553,0.748146
3,9.0,16.015885,0.336487,1.745338,0.70356
3,9.5,15.921967,0.325123,1.797979,0.662284
3,10.0,15.834895,0.314553,1.8468,0.624032
3,10.5,15.754117,0.304734,1.892098,0.588553
3,11.0,15.679131,0.295618,1.934149,0.555618
3,11.5,15.609478,0.287158,1.973205,0.525022
3,12.0,15.544742,0.279308,2.009499,0.496579
3,12.5,15.484542,0.272023,2.043241,0.470121
3,13.0,15.42853,0.265261,2.074628,0.445496
3,13.5,15.376389,0.258984,2.103837,0.422564
3,14.0,15.327829,0.253154,2.131032,0.401199
3,14.5,15.282583,0.247738,2.156363,0.381284
3,15.0,15.240409,0.242704,2.179968,0.362714
3,15.5,15.201081,0.238023,2.201972,0.345391
3,16.0,15.164395,0.233669,2.222492,0.329224
3,16.5,15.13016,0.229618,2.241635,0.314133
3,17.0,15.098204,0.225846,2.259499,0.300041
3,17.5,15.068365,0.222333,2.276175,0.286877
3,18.0,15.040495,0.21906,2.291746,0.274579
3,18.5,15.014457,0.21601,2.30629,0.263085
3,19.0,14.990125,0.213166,2.319879,0.252341
3,19.5,14.967381,0.210513,2.332577,0.242296
3,20.0,14.946118,0.208038,2.344446,0.232902
3,20.5,14.926235,0.205728,2.355542,0.224115
3,21.0,14.907638,0.203572,2.365919,0.215895
3,21.5,14.890242,0.201558,2.375624,0.208204
3,22.0,14.873966,0.199677,2.384702,0.201006
3,22.5,14.858736,0.19792,2.393196,0.19427
3,23.0,14.844482,0.196278,2.401144,0.187964
3,23.5,14.83114,0.194743,2.408582,0.182061
3,24.0,14.818651,0.193307,2.415545,0.176533
3,24.5,14.806957,0.191965,2.422063,0.171358
3,25.0,14.796008,0.19071,2.428165,0.16651
3,25.5,14.785754,0.189536,2.433879,0.161971
3,26.0,14.776151,0.188438,2.43923,0.157718
3,26.5,14.767156,0.18741,2.444241,0.153735
3,27.0,14.758731,0.186448,2.448935,0.150003
3,27.5,14.750838,0.185547,2.453331,0.146507
3,28.0,14.743443,0.184704,2.45745,0.143231
3,28.5,14.736515,0.183915,2.461309,0.140162
3,29.0,14.730023,0.183176,2.464924,0.137285
3,29.5,14.72394,0.182484,2.468312,0.13459
3,30.0,14.718239,0.181836,2.471486,0.132063
3,30.5,14.712897,0.181229,2.474461,0.129696
3,31.0,14.70789,0.180661,2.477249,0.127476
3,31.5,14.703197,0.180128,2.479861,0.125396
3,32.0,14.698799,0.179629,2.48231,0.123447
3,32.5,14.694676,0.179161,2.484605,0.121619
3,33.0,14.690811,0.178723,2.486757,0.119905
3,33.5,14.687188,0.178313,2.488773,0.118299
3,34.0,14.683792,0.177928,2.490664,0.116793
3,34.5,14.680608,0.177568,2.492436,0.115382
3,35.0,14.677623,0.17723,2.494097,0.114058
3,35.5,14.674825,0.176914,2.495655,0.112817
3,36.0,14.672201,0.176617,2.497115,0.111654
3,36.5,14.669741,0.176339,2.498484,0.110563
3,37.0,14.667435,0.176078,2.499767,0.10954
3,37.5,14.665272,0.175833,2.500971,0.108581
3,38.0,14.663245,0.175604,2.502099,0.107682
3,38.5,14.661343,0.17539,2.503157,0.106839
3,39.0,14.659561,0.175188,2.504149,0.106048
3,39.5,14.657889,0.174999,2.50508,0.105306
3,40.0,14.656321,0.174822,2.505952,0.104611
3,40.5,14.654851,0.174656,2.50677,0.103959
3,41.0,14.653473,0.174501,2.507537,0.103348
3,41.5,14.65218,0.174355,2.508256,0.102774
3,42.0,14.650968,0.174218,2.50893,0.102237
3,42.5,14.649832,0.17409,2.509563,0.101732
3,43.0,14.648766,0.17397,2.510156,0.10126
3,43.5,14.647766,0.173857,2.510712,0.100816
3,44.0,14.646828,0.173751,2.511234,0.1004
3,44.5,14.645949,0.173652,2.511723,0.10001
3,45.0,14.645125,0.173559,2.512182,0.099644
3,45.5,14.644351,0.173472,2.512612,0.099301
3,46.0,14.643626,0.17339,2.513016,0.09898
3,46.5,14.642946,0.173313,2.513394,0.098678
3,47.0,14.642308,0.173242,2.513749,0.098395
3,47.5,14.64171,0.173174,2.514082,0.09813
3,48.0,14.641149,0.173111,2.514394,0.097881
3,48.5,14.640623,0.173052,2.514687,0.097647
3,49.0,14.640129,0.172996,2.514961,0.097428
3,49.5,14.639667,0.172944,2.515219,0.097223
3,50.0,14.639232,0.172895,2.51546,0.09703
4,0.0,17.082959,0.006382,0.082763,6.500812
4,0.5,16.508107,0.459605,0.143578,5.986774
4,1.0,15.91884,0.75504,0.290493,5.544424
4,1.5,15.340204,0.943858,0.485402,5.160696
4,2.0,14.786146,1.060805,0.703958,4.825194
4,2.5,14.26365,1.129388,0.930915,4.529654
4,3.0,13.775468,1.165517,1.156941,4.267498
4,3.5,13.321864,1.17999,1.376506,4.03346
4,4.0,12.901705,1.180156,1.586503,3.823298
4,4.5,12.513123,1.171031,1.785357,3.633569
4,5.0,12.153918,1.156046,1.972452,3.461459
4,5.5,11.821799,1.137549,2.147759,3.304648
4,6.0,11.514515,1.117143,2.311604,3.161209
4,6.5,11.229931,1.095918,2.464509,3.02953
4,7.0,10.966063,1.074604,2.6071,2.908253
4,7.5,10.721087,1.053686,2.740047,2.796224
4,8.0,10.493348,1.033477,2.864021,2.692459
4,8.5,10.281343,1.014167,2.979679,2.596111
4,9.0,10.083718,0.995864,3.087642,2.50645
4,9.5,9.899251,0.978619,3.188498,2.422839
4,10.0,9.726844,0.962443,3.28279,2.344724
4,10.5,9.565504,0.94732,3.371021,2.271615
4,11.0,9.414338,0.933218,3.453655,2.203083
4,11.5,9.272541,0.920093,3.531116,2.138747
4,12.0,9.139384,0.907895,3.603794,2.078268
4,12.5,9.014209,0.89657,3.672044,2.021342
4,13.0,8.896417,0.886065,3.736192,1.9677
4,13.5,8.785469,0.876324,3.796537,1.917096
4,14.0,8.68087,0.867296,3.853351,1.86931
4,14.5,8.582171,0.85893,3.906883,1.824144
4,15.0,8.488964,0.851179,3.957362,1.781416
4,15.5,8.400875,0.843997,4.004998,1.740962
4,16.0,8.317559,0.837342,4.049983,1.702632
4,16.5,8.238704,0.831175,4.092494,1.666288
4,17.0,8.164021,0.825458,4.132694,1.631805
4,17.5,8.093244,0.820157,4.170733,1.599067
4,18.0,8.026129,0.815241,4.206748,1.567967
4,18.5,7.96245,0.810681,4.240868,1.538408
4,19.0,7.901998,0.806449,4.27321,1.510298
4,19.5,7.84458,0.80252,4.303883,1.483553
4,20.0,7.790017,0.798872,4.332989,1.458096
4,20.5,7.738143,0.795483,4.360621,1.433854
4,21.0,7.688804,0.792333,4.386865,1.410759
4,21.5,7.641856,0.789404,4.411803,1.388749
4,22.0,7.597166,0.78668,4.43551,1.367766
4,22.5,7.554608,0.784145,4.458057,1.347755
4,23.0,7.514067,0.781786,4.479507,1.328664
4,23.5,7.475433,0.779588,4.499923,1.310445
4,24.0,7.438604,0.777541,4.519361,1.293055
4,24.5,7.403486,0.775633,4.537874,1.27645
4,25.0,7.369989,0.773854,4.555512,1.260591
4,25.5,7.338029,0.772194,4.572322,1.245441
4,26.0,7.307527,0.770644,4.588348,1.230964
4,26.5,7.278409,0.769198,4.60363,1.217129
4,27.0,7.250605,0.767847,4.618208,1.203902
4,27.5,7.224051,0.766584,4.632116,1.191257
4,28.0,7.198683,0.765403,4.64539,1.179163
4,28.5,7.174445,0.764299,4.658062,1.167596
4,29.0,7.15128,0.763265,4.670161,1.156531
4,29.5,7.129137,0.762298,4.681716,1.145943
4,30.0,7.107968,0.761392,4.692754,1.135811
4,30.5,7.087725,0.760542,4.7033,1.126114
4,31.0,7.068365,0.759746,4.713378,1.116832
4,31.5,7.049846,0.759,4.723011,1.107946
4,32.0,7.032129,0.758299,4.732219,1.099438
4,32.5,7.015176,0.757642,4.741024,1.091291
4,33.0,6.998954,0.757024,4.749445,1.083488
4,33.5,6.983427,0.756444,4.757498,1.076015
4,34.0,6.968564,0.755898,4.765202,1.068856
4,34.5,6.954335,0.755385,4.772573,1.061998
4,35.0,6.940712,0.754903,4.779626,1.055428
4,35.5,6.927666,0.754449,4.786376,1.049132
4,36.0,6.915173,0.754021,4.792836,1.043099
4,36.5,6.903207,0.753618,4.799021,1.037318
4,37.0,6.891746,0.753238,4.804941,1.031777
4,37.5,6.880766,0.75288,4.81061,1.026466
4,38.0,6.870247,0.752543,4.816038,1.021375
4,38.5,6.860169,0.752224,4.821237,1.016495
4,39.0,6.850511,0.751923,4.826216,1.011817
4,39.5,6.841257,0.751639,4.830986,1.007332
4,40.0,6.832387,0.751371,4.835554,1.003031
4,40.5,6.823887,0.751117,4.839931,0.998908
4,41.0,6.815739,0.750877,4.844125,0.994954
4,41.5,6.807929,0.75065,4.848144,0.991162
4,42.0,6.800442,0.750436,4.851995,0.987526
4,42.5,6.793264,0.750232,4.855685,0.984039
4,43.0,6.786382,0.75004,4.859222,0.980694
4,43.5,6.779784,0.749858,4.862612,0.977487
4,44.0,6.773458,0.749685,4.865862,0.97441
4,44.5,6.767391,0.749521,4.868977,0.971458
4,45.0,6.761574,0.749366,4.871964,0.968627
4,45.5,6.755995,0.749218,4.874827,0.965912
4,46.0,6.750644,0.749078,4.877572,0.963306
4,46.5,6.745513,0.748946,4.880204,0.960807
4,47.0,6.740591,0.748819,4.882728,0.958409
4,47.5,6.73587,0.7487,4.885148,0.956109
4,48.0,6.731342,0.748586,4.887469,0.953902
4,48.5,6.726999,0.748477,4.889695,0.951784
4,49.0,6.722832,0.748375,4.89183,0.949752
4,49.5,6.718835,0.748277,4.893878,0.947802
4,50.0,6.715001,0.748184,4.895841,0.945932
5,0.0,22.984544,0.035453,0.09707,8.984651
5,0.5,21.895863,0.818786,0.249744,8.048643
5,1.0,20.788761,1.259977,0.582699,7.274497
5,1.5,19.730541,1.496925,0.993335,6.626913
5,2.0,18.750125,1.612429,1.425791,6.078953
5,2.5,17.856281,1.656075,1.85089,5.610208
5,3.0,17.047823,1.657677,2.254318,5.205177
5,3.5,16.319054,1.63526,2.629911,4.852002
5,4.0,15.662593,1.599773,2.975885,4.541515
5,4.5,15.070777,1.557875,3.292742,4.266556
5,5.0,14.536323,1.5136,3.582107,4.021466
5,5.5,14.052602,1.469363,3.846086,3.801724
5,6.0,13.61372,1.426568,4.086924,3.603681
5,6.5,13.214502,1.385995,4.30682,3.424358
5,7.0,12.850433,1.348029,4.507837,3.261307
5,7.5,12.517586,1.312816,4.691867,3.11249
5,8.0,12.212548,1.280351,4.860619,2.976203
5,8.5,11.93235,1.250545,5.015621,2.851007
5,9.0,11.674406,1.223258,5.158236,2.735679
5,9.5,11.436456,1.198324,5.289678,2.629171
5,10.0,11.216524,1.17557,5.411021,2.530582
5,10.5,11.012873,1.154821,5.523222,2.439131
5,11.0,10.823973,1.135908,5.627128,2.354137
5,11.5,10.648474,1.118671,5.723496,2.275006
5,12.0,10.485178,1.10296,5.812999,2.201214
5,12.5,10.333023,1.088639,5.896237,2.132297
5,13.0,10.19106,1.075579,5.973749,2.067845
5,13.5,10.058441,1.063665,6.046016,2.007493
5,14.0,9.934407,1.052791,6.113469,1.950913
5,14.5,9.818275,1.042861,6.1765,1.897812
5,15.0,9.709431,1.033789,6.235459,1.847926
5,15.5,9.607318,1.025495,6.290662,1.801016
5,16.0,9.511434,1.017908,6.342397,1.756868
5,16.5,9.421321,1.010964,6.390926,1.715283
5,17.0,9.336566,1.004604,6.436483,1.676086
5,17.5,9.256788,0.998776,6.479286,1.639111
5,18.0,9.181644,0.993431,6.519531,1.604211
5,18.5,9.110815,0.988527,6.557397,1.571249
5,19.0,9.044013,0.984023,6.59305,1.5401
5,19.5,8.980971,0.979886,6.62664,1.510647
5,20.0,8.921444,0.976082,6.658305,1.482786
5,20.5,8.865207,0.972583,6.688173,1.456416
5,21.0,8.81205,0.969362,6.716362,1.431449
5,21.5,8.761783,0.966395,6.742979,1.407798
5,22.0,8.714226,0.963661,6.768125,1.385387
5,22.5,8.669214,0.961139,6.791892,1.364142
5,23.0,8.626594,0.958812,6.814365,1.343996
5,23.5,8.586225,0.956663,6.835625,1.324886
5,24.0,8.547972,0.954677,6.855744,1.306752
5,24.5,8.511714,0.952841,6.874791,1.289541
5,25.0,8.477335,0.951142,6.89283,1.273201
5,25.5,8.444728,0.94957,6.90992,1.257684
5,26.0,8.413792,0.948113,6.926116,1.242944
5,26.5,8.384434,0.946763,6.94147,1.22894
5,27.0,8.356567,0.945511,6.956029,1.215633
5,27.5,8.330108,0.944349,6.96984,1.202984
5,28.0,8.30498,0.94327,6.982944,1.19096
5,28.5,8.28111,0.942267,6.995379,1.179526
5,29.0,8.258432,0.941335,7.007185,1.168653
5,29.5,8.236881,0.940468,7.018394,1.158311
5,30.0,8.216397,0.939661,7.029039,1.148473
5,30.5,8.196925,0.938909,7.039151,1.139113
5,31.0,8.17841,0.938209,7.048759,1.130206
5,31.5,8.160804,0.937555,7.057889,1.121729
5,32.0,8.144058,0.936946,7.066567,1.113661
5,32.5,8.128129,0.936377,7.074816,1.105981
5,33.0,8.112974,0.935845,7.082659,1.098669
5,33.5,8.098554,0.935348,7.090117,1.091708
5,34.0,8.084831,0.934883,7.097211,1.085079
5,34.5,8.071771,0.934449,7.103958,1.078766
5,35.0,8.05934,0.934041,7.110378,1.072754
5,35.5,8.047506,0.93366,7.116485,1.067028
5,36.0,8.03624,0.933303,7.122297,1.061573
5,36.5,8.025512,0.932967,7.127828,1.056377
5,37.0,8.015297,0.932653,7.133093,1.051427
5,37.5,8.005569,0.932358,7.138105,1.04671
5,38.0,7.996304,0.932081,7.142876,1.042217
5,38.5,7.98748,0.93182,7.147418,1.037935
5,39.0,7.979074,0.931575,7.151744,1.033854
5,39.5,7.971066,0.931345,7.155863,1.029965
5,40.0,7.963438,0.931128,7.159786,1.026259
5,40.5,7.956169,0.930924,7.163522,1.022727
5,41.0,7.949244,0.930732,7.167081,1.019361
5,41.5,7.942645,0.930551,7.170471,1.016152
5,42.0,7.936357,0.93038,7.1737,1.013093
5,42.5,7.930364,0.930219,7.176777,1.010177
5,43.0,7.924653,0.930067,7.179708,1.007398
5,43.5,7.91921,0.929924,7.182502,1.004748
5,44.0,7.914022,0.929788,7.185163,1.002221
5,44.5,7.909077,0.92966,7.1877,0.999813
5,45.0,7.904363,0.92954,7.190117,0.997516
5,45.5,7.89987,0.929425,7.192421,0.995327
5,46.0,7.895587,0.929317,7.194616,0.993239
5,46.5,7.891503,0.929215,7.196709,0.991249
5,47.0,7.88761,0.929119,7.198704,0.989351
5,47.5,7.883899,0.929027,7.200605,0.987541
5,48.0,7.880361,0.928941,7.202418,0.985815
5,48.5,7.876987,0.928859,7.204146,0.984169
5,49.0,7.87377,0.928781,7.205793,0.982599
5,49.5,7.870703,0.928707,7.207363,0.981103
5,50.0,7.867778,0.928637,7.208861,0.979675
6,0.0,23.573121,0.019464,0.046672,0.916136
6,0.5,23.452812,0.097649,0.067734,0.816888
6,1.0,23.325813,0.14173,0.109193,0.731349
6,1.5,23.199486,0.16433,0.161056,0.656885
6,2.0,23.078037,0.173575,0.217159,0.591538
6,2.5,22.963702,0.174669,0.273779,0.533823
6,3.0,22.857501,0.17094,0.328745,0.482588
6,3.5,22.759723,0.164498,0.380854,0.43692
6,4.0,22.67023,0.156675,0.429512,0.396085
6,4.5,22.588641,0.1483,0.474495,0.359477
6,5.0,22.514451,0.139878,0.5158,0.326594
6,5.5,22.447107,0.13171,0.553556,0.297006
6,6.0,22.386044,0.123962,0.587962,0.270348
6,6.5,22.330714,0.116719,0.619248,0.246304
6,7.0,22.280597,0.110015,0.647659,0.224598
6,7.5,22.235212,0.10385,0.673434,0.204988
6,8.0,22.194113,0.098208,0.696804,0.18726
6,8.5,22.156894,0.093059,0.717988,0.171224
6,9.0,22.123185,0.088372,0.737186,0.156714
6,9.5,22.092651,0.084111,0.754584,0.143577
6,10.0,22.064988,0.080242,0.77035,0.13168
6,10.5,22.039923,0.076731,0.784638,0.120903
6,11.0,22.017206,0.073545,0.797589,0.111138
6,11.5,21.996616,0.070657,0.809328,0.102287
6,12.0,21.977949,0.068037,0.819972,0.094263
6,12.5,21.961024,0.065662,0.829622,0.086988
6,13.0,21.945675,0.063509,0.838373,0.08039
6,13.5,21.931754,0.061556,0.84631,0.074406
6,14.0,21.919127,0.059785,0.853509,0.068978
6,14.5,21.907671,0.058179,0.86004,0.064053
6,15.0,21.897278,0.056723,0.865965,0.059585
6,15.5,21.887847,0.055401,0.871341,0.05553
6,16.0,21.879289,0.054203,0.876219,0.05185
6,16.5,21.871522,0.053115,0.880646,0.048511
6,17.0,21.864473,0.052128,0.884664,0.045479
6,17.5,21.858075,0.051233,0.888311,0.042728
6,18.0,21.852267,0.05042,0.891621,0.04023
6,18.5,21.846994,0.049683,0.894626,0.037963
6,19.0,21.842208,0.049013,0.897354,0.035904
6,19.5,21.837863,0.048406,0.899831,0.034035
6,20.0,21.833918,0.047854,0.902079,0.032339
6,20.5,21.830336,0.047354,0.90412,0.030798
6,21.0,21.827083,0.046899,0.905974,0.029399
6,21.5,21.82413,0.046486,0.907657,0.028129
6,22.0,21.821448,0.046112,0.909185,0.026975
6,22.5,21.819013,0.045772,0.910572,0.025928
6,23.0,21.816802,0.045463,0.911832,0.024977
6,23.5,21.814794,0.045182,0.912977,0.024113
6,24.0,21.812971,0.044928,0.914016,0.023329
6,24.5,21.811315,0.044696,0.914959,0.022616
6,25.0,21.809811,0.044486,0.915816,0.021969
6,25.5,21.808445,0.044296,0.916594,0.021382
6,26.0,21.807205,0.044122,0.917301,0.020848
6,26.5,21.806078,0.043965,0.917943,0.020364
6,27.0,21.805055,0.043822,0.918526,0.019923
6,27.5,21.804126,0.043693,0.919055,0.019524
6,28.0,21.803282,0.043575,0.919536,0.019161
6,28.5,21.802516,0.043468,0.919973,0.018831
6,29.0,21.80182,0.043371,0.92037,0.018532
6,29.5,21.801187,0.043282,0.92073,0.01826
6,30.0,21.800613,0.043202,0.921057,0.018013
6,30.5,21.800092,0.043129,0.921354,0.017788
6,31.0,21.799618,0.043063,0.921624,0.017584
6,31.5,21.799188,0.043003,0.921869,0.017399
6,32.0,21.798797,0.042949,0.922092,0.017231
6,32.5,21.798442,0.042899,0.922294,0.017079
6,33.0,21.79812,0.042854,0.922478,0.01694
6,33.5,21.797827,0.042813,0.922644,0.016814
6,34.0,21.797561,0.042776,0.922796,0.016699
6,34.5,21.79732,0.042743,0.922934,0.016596
6,35.0,21.7971,0.042712,0.923059,0.016501
6,35.5,21.796901,0.042684,0.923172,0.016415
6,36.0,21.79672,0.042659,0.923275,0.016338
6,36.5,21.796556,0.042636,0.923369,0.016267
6,37.0,21.796406,0.042615,0.923454,0.016203
6,37.5,21.796271,0.042596,0.923531,0.016144
6,38.0,21.796148,0.042579,0.923601,0.016091
6,38.5,21.796036,0.042563,0.923665,0.016043
6,39.0,21.795934,0.042549,0.923723,0.015999
6,39.5,21.795842,0.042536,0.923776,0.01596
6,40.0,21.795758,0.042525,0.923823,0.015924
6,40.5,21.795682,0.042514,0.923867,0.015891
6,41.0,21.795613,0.042504,0.923906,0.015861
6,41.5,21.79555,0.042496,0.923942,0.015834
6,42.0,21.795493,0.042488,0.923974,0.01581
6,42.5,21.795441,0.04248,0.924004,0.015787
6,43.0,21.795394,0.042474,0.924031,0.015767
6,43.5,21.795351,0.042468,0.924055,0.015749
6,44.0,21.795312,0.042462,0.924077,0.015732
6,44.5,21.795277,0.042458,0.924097,0.015717
6,45.0,21.795245,0.042453,0.924116,0.015703
6,45.5,21.795216,0.042449,0.924132,0.01569
6,46.0,21.79519,0.042445,0.924147,0.015679
6,46.5,21.795166,0.042442,0.924161,0.015669
6,47.0,21.795144,0.042439,0.924173,0.015659
6,47.5,21.795124,0.042436,0.924185,0.015651
6,48.0,21.795106,0.042434,0.924195,0.015643
6,48.5,21.79509,0.042431,0.924204,0.015636
6,49.0,21.795075,0.042429,0.924213,0.01563
6,49.5,21.795061,0.042427,0.92422,0.015624
6,50.0,21.795049,0.042426,0.924227,0.015619
7,0.0,5.474395,0.068305,0.074476,9.691342
7,0.5,5.212541,0.302385,0.088363,9.443375
7,1.0,4.962233,0.494584,0.117418,9.222121
7,1.5,4.72466,0.652646,0.157173,9.024304
7,2.0,4.500391,0.782811,0.204225,8.847087
7,2.5,4.289551,0.890116,0.255993,8.688015
7,3.0,4.091955,0.978629,0.310534,8.54496
7,3.5,3.907208,1.051649,0.366397,8.416077
7,4.0,3.734782,1.111856,0.422507,8.29976
7,4.5,3.574065,1.161434,0.478077,8.194613
7,5.0,3.424405,1.202171,0.532538,8.099414
7,5.5,3.285134,1.235534,0.585492,8.013097
7,6.0,3.155586,1.262732,0.636667,7.934724
7,6.5,3.035113,1.284765,0.685887,7.863471
7,7.0,2.923093,1.302462,0.733049,7.798613
7,7.5,2.818932,1.316514,0.778104,7.739506
7,8.0,2.72207,1.327496,0.821043,7.685584
7,8.5,2.63198,1.335893,0.86189,7.636341
7,9.0,2.548171,1.342111,0.900685,7.591327
7,9.5,2.470184,1.346492,0.937488,7.550144
7,10.0,2.397593,1.349325,0.972367,7.512432
7,10.5,2.330003,1.350855,1.005397,7.477871
7,11.0,2.267047,1.351292,1.036657,7.446175
7,11.5,2.208386,1.350811,1.066228,7.417085
7,12.0,2.153707,1.349565,1.09419,7.390368
7,12.5,2.10272,1.347681,1.120626,7.365817
7,13.0,2.055158,1.345272,1.145611,7.343241
7,13.5,2.010774,1.34243,1.169225,7.322469
7,14.0,1.969338,1.339238,1.191538,7.303348
7,14.5,1.930641,1.335764,1.212624,7.285736
7,15.0,1.894488,1.332069,1.232548,7.269507
7,15.5,1.860698,1.328203,1.251376,7.254545
7,16.0,1.829105,1.324211,1.269168,7.240745
7,16.5,1.799556,1.32013,1.285983,7.22801
7,17.0,1.771908,1.315992,1.301876,7.216255
7,17.5,1.74603,1.311826,1.316898,7.205399
7,18.0,1.721799,1.307654,1.3311,7.19537
7,18.5,1.699103,1.303497,1.344526,7.1861
7,19.0,1.677839,1.299372,1.357221,7.177531
7,19.5,1.657907,1.295292,1.369227,7.169605
7,20.0,1.63922,1.29127,1.380581,7.162272
7,20.5,1.621694,1.287316,1.391321,7.155486
7,21.0,1.605251,1.283438,1.401482,7.149204
7,21.5,1.589821,1.279643,1.411095,7.143386
7,22.0,1.575335,1.275936,1.420191,7.137997
7,22.5,1.561733,1.272321,1.428799,7.133003
7,23.0,1.548957,1.268803,1.436946,7.128374
7,23.5,1.536953,1.265382,1.444659,7.124083
7,24.0,1.525673,1.262061,1.451959,7.120103
7,24.5,1.515068,1.258841,1.458872,7.116411
7,25.0,1.505097,1.255722,1.465417,7.112985
7,25.5,1.495719,1.252703,1.471615,7.109805
7,26.0,1.486896,1.249785,1.477486,7.106853
7,26.5,1.478594,1.246967,1.483046,7.104111
7,27.0,1.470781,1.244247,1.488312,7.101564
7,27.5,1.463425,1.241624,1.493302,7.099197
7,28.0,1.456498,1.239096,1.498029,7.096998
7,28.5,1.449975,1.236662,1.502508,7.094954
7,29.0,1.44383,1.234319,1.506752,7.093052
7,29.5,1.438039,1.232066,1.510774,7.091284
7,30.0,1.432583,1.229899,1.514585,7.089639
7,30.5,1.42744,1.227817,1.518198,7.088108
7,31.0,1.422591,1.225818,1.521622,7.086683
7,31.5,1.418018,1.223899,1.524868,7.085357
7,32.0,1.413706,1.222058,1.527944,7.084121
7,32.5,1.409639,1.220292,1.530861,7.082971
7,33.0,1.405801,1.218599,1.533626,7.081899
7,33.5,1.40218,1.216976,1.536248,7.080899
7,34.0,1.398763,1.215422,1.538734,7.079968
7,34.5,1.395538,1.213933,1.541091,7.0791
7,35.0,1.392493,1.212508,1.543326,7.07829
7,35.5,1.389618,1.211144,1.545446,7.077534
7,36.0,1.386903,1.209839,1.547455,7.076829
7,36.5,1.384339,1.208591,1.549362,7.076171
7,37.0,1.381917,1.207397,1.551169,7.075557
7,37.5,1.379629,1.206256,1.552884,7.074984
7,38.0,1.377467,1.205165,1.55451,7.074448
7,38.5,1.375425,1.204123,1.556052,7.073948
7,39.0,1.373494,1.203128,1.557515,7.073481
7,39.5,1.37167,1.202177,1.558903,7.073044
7,40.0,1.369945,1.201269,1.560219,7.072635
7,40.5,1.368315,1.200403,1.561468,7.072253
7,41.0,1.366773,1.199575,1.562652,7.071896
7,41.5,1.365315,1.198786,1.563776,7.071562
7,42.0,1.363937,1.198033,1.564841,7.071249
7,42.5,1.362633,1.197314,1.565853,7.070957
7,43.0,1.3614,1.196629,1.566812,7.070683
7,43.5,1.360234,1.195975,1.567722,7.070426
7,44.0,1.35913,1.195352,1.568585,7.070186
7,44.5,1.358086,1.194758,1.569404,7.069961
7,45.0,1.357098,1.194192,1.570181,7.06975
7,45.5,1.356163,1.193652,1.570919,7.069553
7,46.0,1.355279,1.193138,1.571618,7.069368
7,46.5,1.354441,1.192648,1.572282,7.069194
7,47.0,1.353649,1.192181,1.572911,7.069031
7,47.5,1.352899,1.191736,1.573509,7.068878
7,48.0,1.352189,1.191313,1.574076,7.068735
7,48.5,1.351516,1.19091,1.574613,7.068601
7,49.0,1.35088,1.190526,1.575124,7.068474
7,49.5,1.350277,1.19016,1.575608,7.068356
7,50.0,1.349706,1.189812,1.576067,7.068245
8,0.0,10.448935,0.037046,0.046956,2.299978
8,0.5,10.322945,0.136856,0.060046,2.187077
8,1.0,10.19439,0.213202,0.08615,2.084627
8,1.5,10.065495,0.2712,0.121599,1.991181
8,2.0,9.937871,0.314863,0.163579,1.905537
8,2.5,9.812666,0.34734,0.209943,1.826696
8,3.0,9.690674,0.371096,0.259061,1.753822
8,3.5,9.572422,0.388064,0.309703,1.686212
8,4.0,9.45824,0.399757,0.360948,1.623274
8,4.5,9.348308,0.407364,0.41211,1.564505
8,5.0,9.242702,0.411815,0.462687,1.509477
8,5.5,9.141417,0.413842,0.512317,1.457821
8,6.0,9.044393,0.414018,0.56074,1.409221
8,6.5,8.951531,0.412794,0.607784,1.363402
8,7.0,8.862705,0.410523,0.653332,1.320124
8,7.5,8.777774,0.407482,0.697318,1.279179
8,8.0,8.696585,0.403888,0.73971,1.240382
8,8.5,8.618979,0.39991,0.780502,1.203568
8,9.0,8.5448,0.39568,0.819706,1.168593
8,9.5,8.473889,0.3913,0.857352,1.135328
8,10.0,8.406092,0.38685,0.893475,1.103654
8,10.5,8.341261,0.382391,0.92812,1.073468
8,11.0,8.279251,0.377968,0.961337,1.044675
8,11.5,8.219924,0.373616,0.993176,1.017187
8,12.0,8.163148,0.36936,1.023692,0.990927
8,12.5,8.108797,0.36522,1.052938,0.965822
8,13.0,8.056753,0.361206,1.080966,0.941807
8,13.5,8.006903,0.357329,1.107831,0.91882
8,14.0,7.959138,0.353592,1.133581,0.896806
8,14.5,7.913358,0.349999,1.158268,0.875713
8,15.0,7.869466,0.346548,1.181939,0.855492
8,15.5,7.827373,0.34324,1.204639,0.8361
8,16.0,7.786992,0.340072,1.226414,0.817493
8,16.5,7.748243,0.33704,1.247305,0.799635
8,17.0,7.711048,0.33414,1.267352,0.782487
8,17.5,7.675336,0.331369,1.286594,0.766017
8,18.0,7.641038,0.32872,1.305067,0.750192
8,18.5,7.608089,0.326191,1.322806,0.734982
8,19.0,7.576429,0.323775,1.339844,0.72036
8,19.5,7.545999,0.321468,1.356213,0.706298
8,20.0,7.516744,0.319266,1.371942,0.692772
8,20.5,7.488612,0.317163,1.387059,0.679758
8,21.0,7.461555,0.315154,1.401592,0.667234
8,21.5,7.435525,0.313236,1.415566,0.655178
8,22.0,7.410478,0.311404,1.429005,0.64357
8,22.5,7.386372,0.309655,1.441933,0.632392
8,23.0,7.363168,0.307983,1.454371,0.621626
8,23.5,7.340827,0.306385,1.46634,0.611254
8,24.0,7.319313,0.304859,1.477861,0.60126
8,24.5,7.298591,0.303399,1.488951,0.591629
8,25.0,7.27863,0.302003,1.49963,0.582347
8,25.5,7.259398,0.300668,1.509913,0.573398
8,26.0,7.240866,0.299391,1.519818,0.564771
8,26.5,7.223005,0.298169,1.529359,0.556451
8,27.0,7.205789,0.297,1.538552,0.548428
8,27.5,7.189191,0.29588,1.547411,0.540689
8,28.0,7.173188,0.294808,1.555948,0.533223
8,28.5,7.157756,0.293781,1.564178,0.526021
8,29.0,7.142873,0.292797,1.572111,0.519071
8,29.5,7.128517,0.291854,1.57976,0.512365
8,30.0,7.114669,0.29095,1.587137,0.505893
8,30.5,7.101308,0.290084,1.59425,0.499645
8,31.0,7.088417,0.289253,1.601112,0.493615
8,31.5,7.075976,0.288455,1.60773,0.487794
8,32.0,7.06397,0.287691,1.614116,0.482173
8,32.5,7.052382,0.286957,1.620277,0.476746
8,33.0,7.041196,0.286252,1.626222,0.471505
8,33.5,7.030398,0.285576,1.63196,0.466444
8,34.0,7.019972,0.284926,1.637497,0.461556
8,34.5,7.009906,0.284302,1.642842,0.456835
8,35.0,7.000186,0.283703,1.648002,0.452275
8,35.5,6.990799,0.283126,1.652984,0.447869
8,36.0,6.981733,0.282573,1.657793,0.443613
8,36.5,6.972977,0.282041,1.662437,0.439502
8,37.0,6.96452,0.281529,1.666922,0.435529
8,37.5,6.95635,0.281037,1.671253,0.43169
8,38.0,6.948457,0.280563,1.675436,0.42798
8,38.5,6.940832,0.280108,1.679476,0.424395
8,39.0,6.933465,0.27967,1.683379,0.420931
8,39.5,6.926347,0.279248,1.687149,0.417582
8,40.0,6.919468,0.278842,1.690791,0.414346
8,40.5,6.912821,0.278452,1.69431,0.411218
8,41.0,6.906398,0.278075,1.69771,0.408194
8,41.5,6.900189,0.277713,1.700995,0.405271
8,42.0,6.894189,0.277364,1.704169,0.402446
8,42.5,6.88839,0.277028,1.707237,0.399714
8,43.0,6.882784,0.276705,1.710202,0.397073
8,43.5,6.877365,0.276393,1.713067,0.39452
8,44.0,6.872127,0.276092,1.715837,0.392051
8,44.5,6.867063,0.275802,1.718513,0.389664
8,45.0,6.862168,0.275523,1.721101,0.387356
8,45.5,6.857435,0.275254,1.723602,0.385124
8,46.0,6.852859,0.274994,1.72602,0.382966
8,46.5,6.848434,0.274744,1.728357,0.380878
8,47.0,6.844156,0.274503,1.730617,0.37886
8,47.5,6.840019,0.27427,1.732802,0.376908
8,48.0,6.836019,0.274045,1.734914,0.37502
8,48.5,6.832151,0.273829,1.736956,0.373195
8,49.0,6.828411,0.27362,1.738931,0.371429
8,49.5,6.824793,0.273418,1.740841,0.369721
8,50.0,6.821295,0.273223,1.742687,0.368069
9,0.0,4.767724,0.04757,0.022691,6.863233
9,0.5,4.605443,0.193457,0.030888,6.709149
9,1.0,4.448637,0.316604,0.047718,6.569173
9,1.5,4.29785,0.420649,0.071088,6.441757
9,2.0,4.153403,0.508625,0.099324,6.325545
9,2.5,4.015445,0.583056,0.131088,6.219351
9,3.0,3.883998,0.646051,0.165313,6.12213
9,3.5,3.75899,0.699373,0.201157,6.032965
9,4.0,3.64028,0.744496,0.23795,5.951048
9,4.5,3.527679,0.782659,0.275169,5.875667
9,5.0,3.420966,0.814902,0.312404,5.806189
9,5.5,3.3199,0.842102,0.349337,5.742056
9,6.0,3.224228,0.865,0.385724,5.68277
9,6.5,3.133692,0.884222,0.421381,5.627891
9,7.0,3.048035,0.900301,0.45617,5.577023
9,7.5,2.967003,0.913687,0.489993,5.529814
9,8.0,2.890351,0.924766,0.522779,5.485949
9,8.5,2.81784,0.933866,0.554485,5.445143
9,9.0,2.74924,0.941269,0.585083,5.407142
9,9.5,2.684334,0.947214,0.614564,5.371717
9,10.0,2.622913,0.951908,0.642928,5.338659
9,10.5,2.564779,0.955529,0.670184,5.307781
9,11.0,2.509746,0.95823,0.69635,5.278914
9,11.5,2.457636,0.960142,0.721449,5.251903
9,12.0,2.408283,0.961379,0.745507,5.226608
9,12.5,2.361531,0.96204,0.768552,5.202902
9,13.0,2.317231,0.96221,0.790617,5.180666
9,13.5,2.275243,0.961963,0.811735,5.159797
9,14.0,2.235439,0.961362,0.831938,5.140195
9,14.5,2.197693,0.960463,0.85126,5.121771
9,15.0,2.161891,0.959315,0.869735,5.104445
9,15.5,2.127925,0.957958,0.887397,5.08814
9,16.0,2.095691,0.956429,0.904278,5.072787
9,16.5,2.065095,0.95476,0.920411,5.058324
9,17.0,2.036046,0.952978,0.935826,5.04469
9,17.5,2.008459,0.951107,0.950555,5.031832
9,18.0,1.982255,0.949167,0.964627,5.0197
9,18.5,1.957359,0.947176,0.97807,5.008248
9,19.0,1.9337,0.94515,0.990913,4.997431
9,19.5,1.911213,0.943102,1.003181,4.987212
9,20.0,1.889833,0.941043,1.0149,4.977551
9,20.5,1.869504,0.938984,1.026094,4.968417
9,21.0,1.850169,0.936932,1.036787,4.959775
9,21.5,1.831777,0.934895,1.047002,4.951597
9,22.0,1.814277,0.932879,1.05676,4.943856
9,22.5,1.797625,0.930889,1.066081,4.936524
9,23.0,1.781775,0.92893,1.074986,4.929579
9,23.5,1.766687,0.927005,1.083492,4.922997
9,24.0,1.752322,0.925117,1.091619,4.916759
9,24.5,1.738642,0.923269,1.099382,4.910843
9,25.0,1.725614,0.921463,1.106799,4.905232
9,25.5,1.713205,0.919699,1.113886,4.899909
9,26.0,1.701382,0.91798,1.120657,4.894857
9,26.5,1.690118,0.916306,1.127126,4.890062
9,27.0,1.679384,0.914677,1.133307,4.88551
9,27.5,1.669154,0.913095,1.139214,4.881186
9,28.0,1.659402,0.911558,1.144858,4.877079
9,28.5,1.650107,0.910067,1.150251,4.873176
9,29.0,1.641244,0.908621,1.155405,4.869468
9,29.5,1.632794,0.907221,1.160331,4.865943
9,30.0,1.624735,0.905865,1.165038,4.862591
9,30.5,1.61705,0.904553,1.169536,4.859405
9,31.0,1.60972,0.903284,1.173836,4.856374
9,31.5,1.602727,0.902058,1.177945,4.853491
9,32.0,1.596057,0.900873,1.181873,4.850748
9,32.5,1.589692,0.89973,1.185627,4.848138
9,33.0,1.58362,0.898625,1.189215,4.845654
9,33.5,1.577825,0.89756,1.192646,4.843289
9,34.0,1.572295,0.896532,1.195924,4.841038
9,34.5,1.567018,0.895542,1.199058,4.838894
9,35.0,1.56198,0.894587,1.202054,4.836853
9,35.5,1.557172,0.893667,1.204919,4.834909
9,36.0,1.552582,0.892781,1.207657,4.833057
9,36.5,1.5482,0.891928,1.210274,4.831293
9,37.0,1.544017,0.891106,1.212777,4.829612
9,37.5,1.540022,0.890316,1.215169,4.82801
9,38.0,1.536209,0.889555,1.217456,4.826483
9,38.5,1.532567,0.888823,1.219643,4.825028
9,39.0,1.529089,0.888119,1.221734,4.823641
9,39.5,1.525768,0.887443,1.223733,4.822319
9,40.0,1.522596,0.886792,1.225644,4.821058
9,40.5,1.519566,0.886167,1.227472,4.819856
9,41.0,1.516672,0.885566,1.229219,4.81871
9,41.5,1.513908,0.884988,1.23089,4.817616
9,42.0,1.511268,0.884434,1.232487,4.816574
9,42.5,1.508746,0.883901,1.234014,4.815579
9,43.0,1.506337,0.883389,1.235475,4.81463
9,43.5,1.504035,0.882898,1.236872,4.813725
9,44.0,1.501836,0.882426,1.238207,4.812861
9,44.5,1.499735,0.881973,1.239484,4.812037
9,45.0,1.497727,0.881539,1.240705,4.811251
9,45.5,1.495809,0.881121,1.241873,4.8105
9,46.0,1.493976,0.880721,1.242989,4.809784
9,46.5,1.492225,0.880337,1.244057,4.8091
9,47.0,1.490551,0.879968,1.245078,4.808448
9,47.5,1.488952,0.879615,1.246055,4.807825
9,48.0,1.487424,0.879276,1.246988,4.80723
9,48.5,1.485963,0.87895,1.247881,4.806663
9,49.0,1.484567,0.878639,1.248735,4.806121
9,49.5,1.483233,0.878339,1.249552,4.805603
9,50.0,1.481958,0.878053,1.250333,4.805109
10,0.0,13.677406,0.083268,0.070027,3.467483
10,0.5,13.421865,0.267952,0.105455,3.24737
10,1.0,13.161018,0.398553,0.170578,3.051647
10,1.5,12.901706,0.489572,0.254724,2.876481
10,2.0,12.648387,0.551681,0.350329,2.718767
10,2.5,12.403838,0.592713,0.452088,2.575977
10,3.0,12.169674,0.61842,0.556316,2.446042
10,3.5,11.946717,0.633023,0.660493,2.327261
10,4.0,11.73525,0.639628,0.762924,2.218225
10,4.5,11.535208,0.640518,0.862501,2.117759
10,5.0,11.346298,0.637372,0.958528,2.024877
10,5.5,11.16809,0.631429,1.050603,1.938745
10,6.0,11.000076,0.623599,1.138526,1.858652
10,6.5,10.841706,0.61455,1.222235,1.783992
10,7.0,10.692422,0.604772,1.301766,1.714239
10,7.5,10.55167,0.594621,1.377217,1.648939
10,8.0,10.418915,0.584355,1.448728,1.587694
10,8.5,10.293644,0.574156,1.516463,1.530158
10,9.0,10.175371,0.564156,1.5806,1.476022
10,9.5,10.063642,0.554442,1.641322,1.425014
10,10.0,9.958029,0.545073,1.698812,1.376893
10,10.5,9.858137,0.536085,1.753252,1.33144
10,11.0,9.763596,0.527499,1.804816,1.288463
10,11.5,9.674063,0.519322,1.853671,1.247784
10,12.0,9.58922,0.511555,1.899976,1.209247
10,12.5,9.508772,0.504189,1.943882,1.172706
10,13.0,9.432447,0.497215,1.985532,1.13803
10,13.5,9.359991,0.490618,2.025058,1.105101
10,14.0,9.29117,0.484384,2.062586,1.073807
10,14.5,9.225766,0.478494,2.098233,1.04405
10,15.0,9.163576,0.472933,2.132109,1.015736
10,15.5,9.104413,0.467682,2.164316,0.98878
10,16.0,9.048102,0.462725,2.194949,0.963103
10,16.5,8.994481,0.458046,2.2241,0.938632
10,17.0,8.943399,0.453628,2.25185,0.915299
10,17.5,8.894713,0.449456,2.278279,0.893043
10,18.0,8.848294,0.445515,2.303459,0.871803
10,18.5,8.804017,0.441792,2.327458,0.851527
10,19.0,8.761769,0.438274,2.350342,0.832162
10,19.5,8.721441,0.434947,2.372169,0.813661
10,20.0,8.682934,0.431801,2.392996,0.79598
10,20.5,8.646151,0.428825,2.412875,0.779077
10,21.0,8.611006,0.426008,2.431856,0.762913
10,21.5,8.577416,0.423341,2.449985,0.747452
10,22.0,8.545301,0.420814,2.467306,0.732658
10,22.5,8.514589,0.41842,2.483859,0.718499
10,23.0,8.48521,0.416151,2.499683,0.704944
10,23.5,8.457101,0.413998,2.514814,0.691965
10,24.0,8.430198,0.411956,2.529286,0.679535
10,24.5,8.404445,0.410018,2.543132,0.667627
10,25.0,8.379786,0.408178,2.556381,0.656218
10,25.5,8.356171,0.40643,2.569063,0.645284
10,26.0,8.333549,0.404769,2.581204,0.634804
10,26.5,8.311877,0.40319,2.59283,0.624758
10,27.0,8.291108,0.401688,2.603965,0.615124
10,27.5,8.271203,0.40026,2.614632,0.605886
10,28.0,8.252122,0.3989,2.624852,0.597025
10,28.5,8.233828,0.397606,2.634646,0.588525
10,29.0,8.216286,0.396374,2.644033,0.58037
10,29.5,8.199462,0.395199,2.653033,0.572545
10,30.0,8.183324,0.394081,2.661661,0.565036
10,30.5,8.167843,0.393014,2.669935,0.557829
10,31.0,8.152989,0.391997,2.67787,0.55091
10,31.5,8.138736,0.391027,2.685482,0.544269
10,32.0,8.125057,0.390101,2.692784,0.537892
10,32.5,8.111928,0.389218,2.699791,0.531769
10,33.0,8.099325,0.388374,2.706514,0.525889
10,33.5,8.087225,0.387569,2.712966,0.520242
10,34.0,8.075608,0.3868,2.719159,0.514819
10,34.5,8.064453,0.386065,2.725104,0.509609
10,35.0,8.053741,0.385362,2.730812,0.504604
10,35.5,8.043453,0.384691,2.736291,0.499795
10,36.0,8.033571,0.384049,2.741553,0.495175
10,36.5,8.024079,0.383435,2.746606,0.490736
10,37.0,8.014961,0.382847,2.751459,0.486471
10,37.5,8.0062,0.382286,2.75612,0.482371
10,38.0,7.997783,0.381748,2.760598,0.478432
10,38.5,7.989695,0.381233,2.764899,0.474645
10,39.0,7.981923,0.38074,2.769031,0.471006
10,39.5,7.974455,0.380269,2.773002,0.467507
10,40.0,7.967277,0.379817,2.776816,0.464144
10,40.5,7.960378,0.379384,2.780482,0.460911
10,41.0,7.953747,0.378969,2.784005,0.457803
10,41.5,7.947373,0.378572,2.787391,0.454815
10,42.0,7.941246,0.378191,2.790645,0.451941
10,42.5,7.935355,0.377826,2.793772,0.449179
10,43.0,7.929692,0.377476,2.796779,0.446522
10,43.5,7.924248,0.377141,2.799669,0.443968
10,44.0,7.919013,0.376819,2.802447,0.441511
10,44.5,7.91398,0.376511,2.805118,0.439149
10,45.0,7.90914,0.376215,2.807686,0.436877
10,45.5,7.904486,0.375931,2.810155,0.434691
10,46.0,7.90001,0.375659,2.812529,0.43259
10,46.5,7.895706,0.375398,2.814811,0.430568
10,47.0,7.891567,0.375147,2.817007,0.428624
10,47.5,7.887586,0.374906,2.819117,0.426754
10,48.0,7.883757,0.374675,2.821147,0.424955
10,48.5,7.880074,0.374453,2.823099,0.423225
10,49.0,7.876532,0.374241,2.824977,0.42156
10,49.5,7.873125,0.374036,2.826783,0.419959
10,50.0,7.869848,0.37384,2.828519,0.418418
11,0.0,25.135534,0.080476,0.038748,3.239117
11,0.5,24.678262,0.363865,0.12569,2.868786
11,1.0,24.204004,0.515747,0.286878,2.555717
11,1.5,23.741779,0.588791,0.481468,2.288082
11,2.0,23.306093,0.615168,0.686123,2.057051
11,2.5,22.903172,0.614459,0.887938,1.855944
11,3.0,22.534665,0.598557,1.080142,1.679642
11,3.5,22.19979,0.574661,1.259528,1.524153
11,4.0,21.896564,0.547102,1.424921,1.386319
11,4.5,21.622486,0.51845,1.576285,1.263606
11,5.0,21.374923,0.490197,1.714193,1.153951
11,5.5,21.151299,0.463174,1.839517,1.055651
11,6.0,20.949205,0.437804,1.953249,0.967289
11,6.5,20.766432,0.414268,2.056403,0.88767
11,7.0,20.600986,0.3926,2.14996,0.815781
11,7.5,20.451079,0.372753,2.234837,0.750751
11,8.0,20.315118,0.35463,2.31188,0.691832
11,8.5,20.191683,0.338114,2.381855,0.638373
11,9.0,20.079516,0.32308,2.445456,0.589806
11,9.5,19.977493,0.309402,2.503306,0.545634
11,10.0,19.884617,0.296959,2.555965,0.505417
11,10.5,19.800001,0.28564,2.603933,0.468769
11,11.0,19.722851,0.275339,2.647658,0.435344
11,11.5,19.652459,0.26596,2.687544,0.404837
11,12.0,19.58819,0.257418,2.723949,0.376974
11,12.5,19.529478,0.249633,2.757198,0.351511
11,13.0,19.475812,0.242533,2.787581,0.328227
11,13.5,19.426732,0.236056,2.815359,0.306926
11,14.0,19.381827,0.230143,2.840768,0.28743
11,14.5,19.340722,0.224743,2.864021,0.269578
11,15.0,19.303081,0.219807,2.885309,0.253225
11,15.5,19.2686,0.215295,2.904805,0.238241
11,16.0,19.237003,0.211168,2.922668,0.224505
11,16.5,19.208039,0.207392,2.939038,0.211912
11,17.0,19.181482,0.203935,2.954045,0.200362
11,17.5,19.157124,0.200769,2.967807,0.189766
11,18.0,19.134779,0.197868,2.980429,0.180044
11,18.5,19.114276,0.195211,2.99201,0.171121
11,19.0,19.095459,0.192774,3.002636,0.162931
11,19.5,19.078186,0.190541,3.01239,0.155411
11,20.0,19.062328,0.188492,3.021343,0.148506
11,20.5,19.047767,0.186612,3.029564,0.142165
11,21.0,19.034394,0.184888,3.037112,0.136341
11,21.5,19.022111,0.183305,3.044045,0.130991
11,22.0,19.010828,0.181853,3.050413,0.126076
11,22.5,19.000462,0.180519,3.056263,0.12156
11,23.0,18.990938,0.179294,3.061637,0.11741
11,23.5,18.982187,0.17817,3.066575,0.113596
11,24.0,18.974144,0.177137,3.071113,0.110092
11,24.5,18.966753,0.176188,3.075283,0.10687
11,25.0,18.959959,0.175316,3.079115,0.10391
11,25.5,18.953715,0.174516,3.082638,0.101188
11,26.0,18.947975,0.17378,3.085876,0.098686
11,26.5,18.942698,0.173104,3.088852,0.096385
11,27.0,18.937847,0.172482,3.091588,0.094271
11,27.5,18.933388,0.171911,3.094104,0.092326
11,28.0,18.929287,0.171386,3.096417,0.090539
11,28.5,18.925517,0.170903,3.098543,0.088895
11,29.0,18.92205,0.17046,3.100498,0.087383
11,29.5,18.918863,0.170052,3.102296,0.085994
11,30.0,18.915932,0.169677,3.103949,0.084715
11,30.5,18.913236,0.169332,3.105469,0.08354
11,31.0,18.910757,0.169015,3.106867,0.082459
11,31.5,18.908478,0.168724,3.108152,0.081465
11,32.0,18.906382,0.168456,3.109334,0.080551
11,32.5,18.904454,0.168209,3.110422,0.07971
11,33.0,18.902681,0.167983,3.111421,0.078937
11,33.5,18.90105,0.167774,3.112341,0.078226
11,34.0,18.89955,0.167583,3.113187,0.077572
11,34.5,18.898171,0.167406,3.113964,0.07697
11,35.0,18.896902,0.167244,3.11468,0.076417
11,35.5,18.895736,0.167095,3.115338,0.075908
11,36.0,18.894662,0.166958,3.115943,0.07544
11,36.5,18.893675,0.166832,3.116499,0.07501
11,37.0,18.892768,0.166716,3.117011,0.074614
11,37.5,18.891932,0.16661,3.117482,0.074249
11,38.0,18.891164,0.166512,3.117915,0.073914
11,38.5,18.890458,0.166421,3.118314,0.073606
11,39.0,18.889808,0.166338,3.11868,0.073323
11,39.5,18.88921,0.166262,3.119017,0.073062
11,40.0,18.888661,0.166192,3.119327,0.072822
11,40.5,18.888155,0.166127,3.119612,0.072602
11,41.0,18.88769,0.166068,3.119874,0.072399
11,41.5,18.887262,0.166013,3.120116,0.072212
11,42.0,18.886868,0.165963,3.120338,0.072041
11,42.5,18.886506,0.165917,3.120542,0.071883
11,43.0,18.886173,0.165874,3.120729,0.071738
11,43.5,18.885867,0.165835,3.120902,0.071604
11,44.0,18.885585,0.165799,3.121061,0.071481
11,44.5,18.885326,0.165766,3.121207,0.071368
11,45.0,18.885088,0.165736,3.121342,0.071264
11,45.5,18.884868,0.165708,3.121465,0.071168
11,46.0,18.884667,0.165682,3.121579,0.07108
11,46.5,18.884481,0.165658,3.121684,0.070999
11,47.0,18.88431,0.165637,3.12178,0.070925
11,47.5,18.884153,0.165616,3.121868,0.070856
11,48.0,18.884009,0.165598,3.12195,0.070793
11,48.5,18.883876,0.165581,3.122025,0.070736
11,49.0,18.883754,0.165565,3.122094,0.070682
11,49.5,18.883641,0.165551,3.122157,0.070633
11,50.0,18.883538,0.165538,3.122215,0.070588
12,0.0,20.79237,0.013975,0.019991,0.569942
12,0.5,20.726324,0.057441,0.03128,0.515186
12,1.0,20.656784,0.083703,0.05292,0.467285
12,1.5,20.587071,0.098557,0.080349,0.425002
12,2.0,20.519231,0.105913,0.110591,0.387403
12,2.5,20.454464,0.108408,0.141727,0.353773
12,3.0,20.393416,0.107809,0.172551,0.323548
12,3.5,20.336376,0.105302,0.202324,0.296281
12,4.0,20.283405,0.101675,0.230623,0.27161
12,4.5,20.234424,0.097448,0.257227,0.249232
12,5.0,20.189269,0.092963,0.282048,0.228898
12,5.5,20.14773,0.088437,0.30508,0.210391
12,6.0,20.109574,0.08401,0.326371,0.193526
12,6.5,20.074562,0.079763,0.346,0.178144
12,7.0,20.042459,0.075745,0.364061,0.164101
12,7.5,20.013036,0.071977,0.380657,0.151274
12,8.0,19.986078,0.068467,0.39589,0.13955
12,8.5,19.961383,0.065213,0.409865,0.128829
12,9.0,19.938763,0.062206,0.422679,0.119023
12,9.5,19.918043,0.059435,0.434424,0.110049
12,10.0,19.899065,0.056884,0.445189,0.101835
12,10.5,19.88168,0.05454,0.455053,0.094314
12,11.0,19.865755,0.052388,0.464092,0.087428
12,11.5,19.851165,0.050414,0.472374,0.08112
12,12.0,19.837797,0.048602,0.479964,0.075342
12,12.5,19.825548,0.046941,0.486919,0.070048
12,13.0,19.814323,0.045419,0.493292,0.065197
12,13.5,19.804036,0.044023,0.499134,0.060751
12,14.0,19.794608,0.042744,0.504488,0.056676
12,14.5,19.785965,0.041571,0.509395,0.052942
12,15.0,19.778043,0.040496,0.513893,0.049518
12,15.5,19.770781,0.039511,0.518017,0.046379
12,16.0,19.764123,0.038608,0.521798,0.043502
12,16.5,19.758018,0.03778,0.525264,0.040863
12,17.0,19.75242,0.037021,0.528442,0.038444
12,17.5,19.747288,0.036326,0.531356,0.036225
12,18.0,19.742581,0.035688,0.534029,0.034191
12,18.5,19.738265,0.035103,0.536479,0.032325
12,19.0,19.734307,0.034567,0.538726,0.030614
12,19.5,19.730677,0.034075,0.540787,0.029045
12,20.0,19.727347,0.033624,0.542678,0.027606
12,20.5,19.724293,0.033211,0.544411,0.026286
12,21.0,19.721493,0.032832,0.546001,0.025075
12,21.5,19.718924,0.032484,0.54746,0.023964
12,22.0,19.716567,0.032165,0.548797,0.022945
12,22.5,19.714406,0.031872,0.550024,0.022011
12,23.0,19.712423,0.031604,0.55115,0.021154
12,23.5,19.710604,0.031358,0.552182,0.020367
12,24.0,19.708935,0.031132,0.553129,0.019646
12,24.5,19.707405,0.030925,0.553998,0.018984
12,25.0,19.706001,0.030735,0.554795,0.018377
12,25.5,19.704713,0.030561,0.555526,0.01782
12,26.0,19.703531,0.030401,0.556197,0.017309
12,26.5,19.702447,0.030255,0.556812,0.016841
12,27.0,19.701452,0.03012,0.557377,0.016411
12,27.5,19.70054,0.029997,0.557895,0.016016
12,28.0,19.699703,0.029884,0.55837,0.015654
12,28.5,19.698935,0.02978,0.558806,0.015322
12,29.0,19.698231,0.029685,0.559206,0.015017
12,29.5,19.697584,0.029597,0.559573,0.014738
12,30.0,19.696991,0.029517,0.559909,0.014481
12,30.5,19.696447,0.029443,0.560218,0.014246
12,31.0,19.695948,0.029376,0.560501,0.01403
12,31.5,19.69549,0.029314,0.560761,0.013832
12,32.0,19.69507,0.029257,0.561,0.013651
12,32.5,19.694684,0.029205,0.561218,0.013484
12,33.0,19.694331,0.029157,0.561419,0.013331
12,33.5,19.694006,0.029113,0.561603,0.013191
12,34.0,19.693709,0.029073,0.561772,0.013062
12,34.5,19.693435,0.029036,0.561927,0.012944
12,35.0,19.693185,0.029002,0.56207,0.012836
12,35.5,19.692955,0.028971,0.5622,0.012736
12,36.0,19.692744,0.028943,0.56232,0.012645
12,36.5,19.69255,0.028917,0.56243,0.012561
12,37.0,19.692373,0.028893,0.562531,0.012484
12,37.5,19.69221,0.028871,0.562623,0.012414
12,38.0,19.69206,0.02885,0.562708,0.012349
12,38.5,19.691923,0.028832,0.562786,0.01229
12,39.0,19.691797,0.028815,0.562857,0.012236
12,39.5,19.691682,0.028799,0.562923,0.012186
12,40.0,19.691576,0.028785,0.562983,0.01214
12,40.5,19.691479,0.028772,0.563038,0.012098
12,41.0,19.69139,0.02876,0.563089,0.012059
12,41.5,19.691308,0.028749,0.563135,0.012024
12,42.0,19.691233,0.028739,0.563178,0.011991
12,42.5,19.691164,0.028729,0.563217,0.011962
12,43.0,19.691101,0.028721,0.563253,0.011934
12,43.5,19.691043,0.028713,0.563286,0.011909
12,44.0,19.690989,0.028706,0.563316,0.011886
12,44.5,19.690941,0.028699,0.563343,0.011865
12,45.0,19.690896,0.028693,0.563369,0.011846
12,45.5,19.690855,0.028687,0.563392,0.011828
12,46.0,19.690817,0.028682,0.563414,0.011812
12,46.5,19.690782,0.028678,0.563433,0.011797
12,47.0,19.690751,0.028673,0.563451,0.011783
12,47.5,19.690722,0.028669,0.563468,0.01177
12,48.0,19.690695,0.028666,0.563483,0.011759
12,48.5,19.69067,0.028663,0.563497,0.011748
12,49.0,19.690648,0.02866,0.56351,0.011739
12,49.5,19.690627,0.028657,0.563521,0.01173
12,50.0,19.690608,0.028654,0.563532,0.011721
13,0.0,23.820807,0.066485,0.070517,7.916926
13,0.5,22.812143,0.766159,0.225011,7.062757
13,1.0,21.782969,1.152659,0.546349,6.35492
13,1.5,20.796985,1.353657,0.938841,5.761429
13,2.0,19.881913,1.445394,1.350509,5.258024
13,2.5,19.046519,1.473282,1.754262,4.826383
13,3.0,18.290137,1.464456,2.136866,4.452606
13,3.5,17.607777,1.435195,2.492677,4.126056
13,4.0,16.992773,1.395293,2.82013,3.838505
13,4.5,16.43813,1.350634,3.119781,3.583513
13,5.0,15.937152,1.30472,3.393227,3.355981
13,5.5,15.483718,1.259599,3.642504,3.151824
13,6.0,15.072367,1.216422,3.869768,2.967737
13,6.5,14.698287,1.175788,4.077125,2.801014
13,7.0,14.357273,1.137958,4.266547,2.649422
13,7.5,14.045658,1.102988,4.43984,2.5111
13,8.0,13.760249,1.070813,4.598631,2.384483
13,8.5,13.498267,1.041301,4.744379,2.268248
13,9.0,13.257283,1.014282,4.87838,2.161265
13,9.5,13.035176,0.989574,5.001788,2.062566
13,10.0,12.830085,0.96699,5.115625,1.971313
13,10.5,12.640375,0.946349,5.220801,1.886778
13,11.0,12.464604,0.92748,5.318121,1.808327
13,11.5,12.301496,0.910223,5.408303,1.735401
13,12.0,12.149922,0.894431,5.491986,1.66751
13,12.5,12.008875,0.879969,5.569741,1.604218
13,13.0,11.877458,0.866712,5.642077,1.545138
13,13.5,11.754868,0.854551,5.709453,1.489923
13,14.0,11.640386,0.843384,5.772278,1.438266
13,14.5,11.533363,0.83312,5.830921,1.389886
13,15.0,11.433217,0.823677,5.885716,1.344535
13,15.5,11.33942,0.814979,5.936963,1.301985
13,16.0,11.251493,0.806962,5.984935,1.262031
13,16.5,11.169004,0.799563,6.029879,1.224485
13,17.0,11.091557,0.792729,6.07202,1.189179
13,17.5,11.018792,0.78641,6.111561,1.155956
13,18.0,10.950381,0.780563,6.148691,1.124674
13,18.5,10.886022,0.775146,6.183579,1.095203
13,19.0,10.82544,0.770123,6.216381,1.067423
13,19.5,10.768381,0.765462,6.247241,1.041224
13,20.0,10.714613,0.761133,6.276289,1.016505
13,20.5,10.66392,0.757109,6.303648,0.99317
13,21.0,10.616104,0.753365,6.329428,0.971135
13,21.5,10.570983,0.749878,6.353732,0.950317
13,22.0,10.528386,0.746629,6.376655,0.930643
13,22.5,10.488157,0.743599,6.398285,0.912044
13,23.0,10.450149,0.740771,6.418702,0.894454
13,23.5,10.414229,0.73813,6.437983,0.877814
13,24.0,10.38027,0.735662,6.456197,0.862069
13,24.5,10.348154,0.733353,6.473409,0.847165
13,25.0,10.317773,0.731193,6.48968,0.833055
13,25.5,10.289026,0.729169,6.505065,0.819693
13,26.0,10.261817,0.727273,6.519618,0.807037
13,26.5,10.236057,0.725495,6.533386,0.795046
13,27.0,10.211664,0.723827,6.546417,0.783683
13,27.5,10.188559,0.722262,6.558752,0.772914
13,28.0,10.166671,0.720791,6.570432,0.762705
13,28.5,10.14593,0.71941,6.581493,0.753025
13,29.0,10.126274,0.71811,6.59197,0.743847
13,29.5,10.107641,0.716888,6.601898,0.735141
13,30.0,10.089977,0.715739,6.611305,0.726884
13,30.5,10.073227,0.714656,6.620221,0.71905
13,31.0,10.057341,0.713636,6.628674,0.711617
13,31.5,10.042274,0.712675,6.636688,0.704564
13,32.0,10.027981,0.711769,6.644287,0.697871
13,32.5,10.01442,0.710915,6.651495,0.691517
13,33.0,10.001553,0.710109,6.658331,0.685487
13,33.5,9.989342,0.709349,6.664817,0.679761
13,34.0,9.977753,0.708631,6.670971,0.674326
13,34.5,9.966752,0.707953,6.67681,0.669164
13,35.0,9.956309,0.707312,6.682352,0.664263
13,35.5,9.946395,0.706707,6.687611,0.659609
13,36.0,9.936982,0.706135,6.692604,0.655188
13,36.5,9.928044,0.705594,6.697343,0.65099
13,37.0,9.919556,0.705083,6.701843,0.647002
13,37.5,9.911496,0.704599,6.706115,0.643213
13,38.0,9.90384,0.704141,6.710172,0.639614
13,38.5,9.896568,0.703708,6.714025,0.636195
13,39.0,9.889661,0.703297,6.717684,0.632946
13,39.5,9.883099,0.702909,6.721159,0.62986
13,40.0,9.876865,0.702541,6.724459,0.626927
13,40.5,9.870943,0.702193,6.727595,0.62414
13,41.0,9.865316,0.701863,6.730573,0.621491
13,41.5,9.859969,0.70155,6.733403,0.618974
13,42.0,9.854889,0.701253,6.736092,0.616583
13,42.5,9.850061,0.700972,6.738646,0.614309
13,43.0,9.845473,0.700706,6.741073,0.612149
13,43.5,9.841113,0.700453,6.743379,0.610095
13,44.0,9.83697,0.700214,6.745571,0.608143
13,44.5,9.833032,0.699986,6.747653,0.606287
13,45.0,9.829289,0.699771,6.749633,0.604524
13,45.5,9.825731,0.699566,6.751514,0.602847
13,46.0,9.82235,0.699372,6.753301,0.601254
13,46.5,9.819136,0.699188,6.755001,0.599739
13,47.0,9.81608,0.699014,6.756616,0.598298
13,47.5,9.813176,0.698848,6.758151,0.596929
13,48.0,9.810415,0.69869,6.75961,0.595627
13,48.5,9.80779,0.698541,6.760997,0.59439
13,49.0,9.805295,0.698399,6.762315,0.593213
13,49.5,9.802923,0.698264,6.763569,0.592094
13,50.0,9.800668,0.698136,6.76476,0.591031
14,0.0,14.308557,0.056874,0.01398,1.588036
14,0.5,14.182025,0.14084,0.035263,1.482787
14,1.0,14.051993,0.199604,0.070897,1.388388
14,1.5,13.921787,0.239856,0.115874,1.303159
14,2.0,13.793666,0.266549,0.166588,1.225753
14,2.5,13.669125,0.283348,0.220459,1.155082
14,3.0,13.549105,0.292962,0.275662,1.090266
14,3.5,13.434162,0.297391,0.330919,1.03058
14,4.0,13.324576,0.298112,0.385351,0.975426
14,4.5,13.220439,0.296217,0.438367,0.924305
14,5.0,13.121715,0.292508,0.489584,0.876797
14,5.5,13.028278,0.287576,0.538768,0.832545
14,6.0,12.939952,0.281855,0.585792,0.791243
14,6.5,12.856524,0.275661,0.630603,0.752625
14,7.0,12.777762,0.269225,0.673202,0.716462
14,7.5,12.703427,0.262711,0.713627,0.682552
14,8.0,12.63328,0.256237,0.751937,0.650716
14,8.5,12.567087,0.249886,0.788209,0.620794
14,9.0,12.504617,0.243713,0.82253,0.592646
14,9.5,12.445654,0.237756,0.85499,0.566143
14,10.0,12.389989,0.232037,0.885682,0.54117
14,10.5,12.337425,0.226569,0.914699,0.517622
14,11.0,12.287776,0.221356,0.94213,0.495404
14,11.5,12.240867,0.216398,0.968063,0.474428
14,12.0,12.196535,0.211691,0.992582,0.454616
14,12.5,12.154626,0.207228,1.015768,0.435893
14,13.0,12.114995,0.203001,1.037697,0.418191
14,13.5,12.077509,0.198999,1.058441,0.401449
14,14.0,12.042041,0.195213,1.078069,0.385608
14,14.5,12.008472,0.191633,1.096643,0.370614
14,15.0,11.976693,0.188247,1.114225,0.356417
14,15.5,11.946601,0.185046,1.130872,0.342972
14,16.0,11.918098,0.18202,1.146636,0.330233
14,16.5,11.891095,0.179158,1.161569,0.318163
14,17.0,11.865506,0.176452,1.175716,0.306721
14,17.5,11.841252,0.173894,1.189123,0.295873
14,18.0,11.818259,0.171473,1.201829,0.285587
14,18.5,11.796456,0.169184,1.213876,0.27583
14,19.0,11.775777,0.167018,1.225298,0.266574
14,19.5,11.756162,0.164967,1.236131,0.257791
14,20.0,11.737552,0.163027,1.246406,0.249457
14,20.5,11.719893,0.161189,1.256154,0.241546
14,21.0,11.703133,0.15945,1.265404,0.234036
14,21.5,11.687224,0.157802,1.274183,0.226905
14,22.0,11.672121,0.15624,1.282515,0.220134
14,22.5,11.657781,0.154761,1.290425,0.213704
14,23.0,11.644163,0.153359,1.297935,0.207596
14,23.5,11.63123,0.15203,1.305066,0.201794
14,24.0,11.618946,0.150769,1.311838,0.196282
14,24.5,11.607276,0.149574,1.31827,0.191045
14,25.0,11.59619,0.148441,1.32438,0.186068
14,25.5,11.585656,0.147366,1.330185,0.181339
14,26.0,11.575646,0.146346,1.3357,0.176844
14,26.5,11.566134,0.145378,1.34094,0.172572
14,27.0,11.557093,0.144459,1.34592,0.168511
14,27.5,11.548499,0.143587,1.350652,0.16465
14,28.0,11.540331,0.142759,1.355151,0.16098
14,28.5,11.532565,0.141973,1.359426,0.15749
14,29.0,11.525183,0.141227,1.363491,0.154172
14,29.5,11.518164,0.140518,1.367355,0.151017
14,30.0,11.511489,0.139844,1.371029,0.148017
14,30.5,11.505143,0.139205,1.374522,0.145163
14,31.0,11.499108,0.138597,1.377843,0.142449
14,31.5,11.493368,0.13802,1.381001,0.139868
14,32.0,11.48791,0.137471,1.384005,0.137413
14,32.5,11.482718,0.13695,1.386862,0.135078
14,33.0,11.47778,0.136455,1.389578,0.132857
14,33.5,11.473083,0.135984,1.392162,0.130744
14,34.0,11.468615,0.135536,1.39462,0.128733
14,34.5,11.464364,0.135111,1.396958,0.126821
14,35.0,11.460321,0.134706,1.399182,0.125001
14,35.5,11.456474,0.134322,1.401298,0.12327
14,36.0,11.452814,0.133956,1.40331,0.121623
14,36.5,11.449332,0.133608,1.405225,0.120056
14,37.0,11.44602,0.133278,1.407047,0.118565
14,37.5,11.442867,0.132963,1.40878,0.117146
14,38.0,11.439868,0.132664,1.410429,0.115796
14,38.5,11.437014,0.13238,1.411998,0.114511
14,39.0,11.434299,0.132109,1.413492,0.113289
14,39.5,11.431714,0.131852,1.414912,0.112125
14,40.0,11.429255,0.131607,1.416264,0.111018
14,40.5,11.426915,0.131374,1.417551,0.109964
14,41.0,11.424688,0.131153,1.418775,0.108962
14,41.5,11.422569,0.130942,1.41994,0.108007
14,42.0,11.420552,0.130742,1.421049,0.107099
14,42.5,11.418633,0.130551,1.422104,0.106235
14,43.0,11.416806,0.13037,1.423108,0.105412
14,43.5,11.415067,0.130197,1.424063,0.104629
14,44.0,11.413412,0.130033,1.424973,0.103884
14,44.5,11.411837,0.129877,1.425839,0.103174
14,45.0,11.410338,0.129728,1.426662,0.102499
14,45.5,11.408911,0.129586,1.427447,0.101856
14,46.0,11.407553,0.129452,1.428193,0.101245
14,46.5,11.406261,0.129324,1.428903,0.100663
14,47.0,11.405031,0.129202,1.429579,0.100108
14,47.5,11.40386,0.129086,1.430223,0.099581
14,48.0,11.402745,0.128975,1.430835,0.099079
14,48.5,11.401684,0.12887,1.431418,0.098601
14,49.0,11.400674,0.12877,1.431973,0.098146
14,49.5,11.399713,0.128675,1.432502,0.097713
14,50.0,11.398797,0.128584,1.433005,0.097301
15,0.0,20.383686,0.04711,0.056524,7.767489
15,0.5,19.548866,0.659337,0.16782,7.043966
15,1.0,18.697651,1.026911,0.40964,6.434571
15,1.5,17.874303,1.24021,0.714665,5.916248
15,2.0,17.100266,1.356533,1.043522,5.471067
15,2.5,16.384003,1.412101,1.37387,5.085152
15,3.0,15.726919,1.429858,1.693533,4.747731
15,3.5,15.12679,1.4244,1.996326,4.450396
15,4.0,14.579698,1.40505,2.279548,4.186525
15,4.5,14.081087,1.377779,2.542489,3.950855
15,5.0,13.626336,1.34641,2.785548,3.739164
15,5.5,13.21104,1.313381,3.009711,3.548031
15,6.0,12.831144,1.280227,3.216236,3.37466
15,6.5,12.482979,1.247895,3.406484,3.216743
15,7.0,12.163273,1.21695,3.58181,3.072362
15,7.5,11.869116,1.187702,3.743512,2.939908
15,8.0,11.597939,1.160299,3.892802,2.818021
15,8.5,11.347469,1.134783,4.030796,2.705544
15,9.0,11.115699,1.111127,4.158508,2.601487
15,9.5,10.900856,1.089266,4.27686,2.504996
15,10.0,10.70137,1.069107,4.386683,2.415333
15,10.5,10.515848,1.050548,4.488724,2.331851
15,11.0,10.343051,1.03348,4.583656,2.253986
15,11.5,10.181878,1.017794,4.672085,2.181243
15,12.0,10.031344,1.003384,4.754557,2.113181
15,12.5,9.890568,0.990149,4.831563,2.049411
15,13.0,9.758761,0.977993,4.903545,1.989585
15,13.5,9.635211,0.966826,4.970903,1.933393
15,14.0,9.519278,0.956566,5.033999,1.880557
15,14.5,9.410383,0.947137,5.093162,1.830824
15,15.0,9.308002,0.938468,5.148687,1.783968
15,15.5,9.21166,0.930494,5.200844,1.739784
15,16.0,9.120925,0.923156,5.249881,1.698085
15,16.5,9.035401,0.9164,5.29602,1.658702
15,17.0,8.954731,0.910178,5.339467,1.621478
15,17.5,8.878584,0.904443,5.380408,1.586271
15,18.0,8.806659,0.899155,5.419015,1.552953
15,18.5,8.738679,0.894276,5.455444,1.521402
15,19.0,8.674389,0.889772,5.489841,1.491509
15,19.5,8.613554,0.885612,5.522338,1.463172
15,20.0,8.555959,0.881767,5.553058,1.436297
15,20.5,8.501403,0.878212,5.582114,1.410797
15,21.0,8.449702,0.874923,5.609609,1.386591
15,21.5,8.400683,0.871877,5.635641,1.363604
15,22.0,8.354187,0.869056,5.6603,1.341766
15,22.5,8.310067,0.866442,5.683667,1.321014
15,23.0,8.268185,0.864017,5.70582,1.301285
15,23.5,8.228414,0.861767,5.726831,1.282524
15,24.0,8.190633,0.859678,5.746766,1.264678
15,24.5,8.154731,0.857738,5.765687,1.247697
15,25.0,8.120604,0.855934,5.783653,1.231536
15,25.5,8.088154,0.854256,5.800716,1.21615
15,26.0,8.057291,0.852695,5.816928,1.201499
15,26.5,8.027929,0.851242,5.832336,1.187545
15,27.0,7.999988,0.849887,5.846983,1.174252
15,27.5,7.973393,0.848625,5.860912,1.161585
15,28.0,7.948073,0.847448,5.874161,1.149513
15,28.5,7.923961,0.846349,5.886767,1.138007
15,29.0,7.900995,0.845323,5.898762,1.127037
15,29.5,7.879117,0.844365,5.910181,1.116577
15,30.0,7.85827,0.843469,5.921052,1.106602
15,30.5,7.838403,0.842631,5.931405,1.097087
15,31.0,7.819466,0.841847,5.941265,1.088011
15,31.5,7.801413,0.841113,5.950659,1.079351
15,32.0,7.7842,0.840425,5.959609,1.071088
15,32.5,7.767785,0.83978,5.968139,1.063203
15,33.0,7.752129,0.839176,5.976269,1.055678
15,33.5,7.737196,0.838609,5.984019,1.048494
15,34.0,7.722949,0.838077,5.991409,1.041637
15,34.5,7.709355,0.837577,5.998455,1.03509
15,35.0,7.696384,0.837107,6.005176,1.02884
15,35.5,7.684005,0.836665,6.011586,1.022871
15,36.0,7.67219,0.83625,6.017701,1.017171
15,36.5,7.660912,0.835859,6.023536,1.011728
15,37.0,7.650146,0.835491,6.029103,1.006528
15,37.5,7.639867,0.835144,6.034416,1.001562
15,38.0,7.630053,0.834818,6.039486,0.996818
15,38.5,7.620681,0.83451,6.044326,0.992287
15,39.0,7.611731,0.834219,6.048946,0.987957
15,39.5,7.603184,0.833945,6.053357,0.983821
15,40.0,7.595021,0.833687,6.057568,0.979868
15,40.5,7.587223,0.833442,6.061589,0.976092
15,41.0,7.579775,0.833211,6.065428,0.972483
15,41.5,7.572659,0.832993,6.069095,0.969034
15,42.0,7.565861,0.832787,6.072597,0.965738
15,42.5,7.559366,0.832592,6.075942,0.962588
15,43.0,7.553161,0.832407,6.079137,0.959578
15,43.5,7.547231,0.832233,6.08219,0.9567
15,44.0,7.541565,0.832067,6.085105,0.95395
15,44.5,7.53615,0.83191,6.087891,0.951321
15,45.0,7.530976,0.831762,6.090553,0.948808
15,45.5,7.526031,0.831621,6.093096,0.946406
15,46.0,7.521304,0.831487,6.095526,0.944109
15,46.5,7.516787,0.831361,6.097848,0.941914
15,47.0,7.512469,0.831241,6.100067,0.939815
15,47.5,7.508342,0.831127,6.102187,0.937808
15,48.0,7.504396,0.831018,6.104214,0.93589
15,48.5,7.500625,0.830916,6.106151,0.934056
15,49.0,7.49702,0.830818,6.108002,0.932302
15,49.5,7.493574,0.830725,6.109772,0.930625
15,50.0,7.490279,0.830637,6.111463,0.929022
16,0.0,19.406831,0.055358,0.055921,3.387526
16,0.5,19.050109,0.305106,0.109408,3.084291
16,1.0,18.679761,0.46022,0.217025,2.82156
16,1.5,18.312715,0.552556,0.35438,2.591869
16,2.0,17.958754,0.60348,0.505899,2.389426
16,2.5,17.62311,0.627279,0.661821,2.209705
16,3.0,17.308192,0.633502,0.816168,2.049134
16,3.5,17.014689,0.628526,0.965408,1.904871
16,4.0,16.742278,0.61661,1.107571,1.774623
16,4.5,16.490068,0.600595,1.241684,1.656526
16,5.0,16.256874,0.582365,1.367396,1.549044
16,5.5,16.041384,0.563162,1.484742,1.450901
16,6.0,15.842266,0.543795,1.593985,1.361025
16,6.5,15.658219,0.52478,1.695516,1.278508
16,7.0,15.488011,0.506436,1.789792,1.202576
16,7.5,15.330493,0.488948,1.877295,1.132562
16,8.0,15.184605,0.472413,1.958506,1.067885
16,8.5,15.049376,0.456868,2.033894,1.008043
16,9.0,14.923918,0.442312,2.1039,0.952592
16,9.5,14.807427,0.428722,2.168941,0.901142
16,10.0,14.699168,0.416056,2.229404,0.853345
16,10.5,14.598477,0.404267,2.285643,0.808895
16,11.0,14.50475,0.393302,2.337989,0.767513
16,11.5,14.417438,0.383108,2.386742,0.728955
16,12.0,14.336043,0.373632,2.432178,0.692995
16,12.5,14.26011,0.364822,2.474549,0.659433
16,13.0,14.189226,0.35663,2.514087,0.628087
16,13.5,14.123013,0.349011,2.551003,0.59879
16,14.0,14.061127,0.341921,2.585491,0.571393
16,14.5,14.003253,0.33532,2.617729,0.545756
16,15.0,13.949102,0.329172,2.647879,0.521754
16,15.5,13.898409,0.323442,2.67609,0.499273
16,16.0,13.850931,0.3181,2.7025,0.478205
16,16.5,13.806445,0.313116,2.727234,0.458454
16,17.0,13.764745,0.308465,2.75041,0.439929
16,17.5,13.725641,0.304121,2.772135,0.422549
16,18.0,13.688958,0.300062,2.792506,0.406237
16,18.5,13.654533,0.296268,2.811615,0.390922
16,19.0,13.622219,0.29272,2.829546,0.376539
16,19.5,13.591875,0.289399,2.846378,0.363027
16,20.0,13.563374,0.286292,2.862182,0.350331
16,20.5,13.536597,0.283381,2.877026,0.338397
16,21.0,13.511432,0.280654,2.890972,0.327178
16,21.5,13.487778,0.278099,2.904077,0.316629
16,22.0,13.465537,0.275703,2.916395,0.306706
16,22.5,13.444623,0.273456,2.927976,0.297373
16,23.0,13.42495,0.271348,2.938866,0.288591
16,23.5,13.406443,0.269369,2.949109,0.280326
16,24.0,13.38903,0.267512,2.958744,0.272548
16,24.5,13.372642,0.265768,2.96781,0.265226
16,25.0,13.357217,0.26413,2.976342,0.258333
16,25.5,13.342696,0.262591,2.984372,0.251842
16,26.0,13.329025,0.261144,2.991931,0.24573
16,26.5,13.316152,0.259785,2.999047,0.239973
16,27.0,13.304029,0.258506,3.005748,0.23455
16,27.5,13.29261,0.257304,3.012058,0.229442
16,28.0,13.281855,0.256174,3.018001,0.22463
16,28.5,13.271723,0.25511,3.023599,0.220096
16,29.0,13.262177,0.254109,3.028872,0.215823
16,29.5,13.253182,0.253168,3.03384,0.211797
16,30.0,13.244707,0.252281,3.038521,0.208002
16,30.5,13.236719,0.251447,3.042932,0.204425
16,31.0,13.229192,0.250662,3.047089,0.201054
16,31.5,13.222097,0.249922,3.051006,0.197877
16,32.0,13.215409,0.249226,3.054698,0.194881
16,32.5,13.209105,0.24857,3.058178,0.192057
16,33.0,13.203162,0.247952,3.061458,0.189394
16,33.5,13.19756,0.24737,3.06455,0.186884
16,34.0,13.192278,0.246822,3.067466,0.184517
16,34.5,13.187297,0.246305,3.070214,0.182285
16,35.0,13.182601,0.245819,3.072805,0.18018
16,35.5,13.178173,0.24536,3.075249,0.178196
16,36.0,13.173998,0.244928,3.077553,0.176324
16,36.5,13.17006,0.244521,3.079725,0.174559
16,37.0,13.166346,0.244137,3.081774,0.172894
16,37.5,13.162844,0.243775,3.083706,0.171324
16,38.0,13.159542,0.243433,3.085528,0.169843
16,38.5,13.156426,0.243112,3.087246,0.168447
16,39.0,13.153488,0.242809,3.088867,0.167129
16,39.5,13.150717,0.242523,3.090395,0.165886
16,40.0,13.148103,0.242253,3.091837,0.164714
16,40.5,13.145638,0.241999,3.093197,0.163609
16,41.0,13.143312,0.241759,3.09448,0.162566
16,41.5,13.141118,0.241533,3.09569,0.161582
16,42.0,13.139049,0.24132,3.096831,0.160654
16,42.5,13.137097,0.241119,3.097907,0.159778
16,43.0,13.135255,0.24093,3.098923,0.158952
16,43.5,13.133518,0.240751,3.099881,0.158173
16,44.0,13.131879,0.240582,3.100785,0.157438
16,44.5,13.130333,0.240423,3.101637,0.156744
16,45.0,13.128874,0.240273,3.102442,0.15609
16,45.5,13.127498,0.240132,3.103201,0.155472
16,46.0,13.126199,0.239998,3.103916,0.15489
16,46.5,13.124975,0.239872,3.104592,0.15434
16,47.0,13.123819,0.239754,3.105229,0.153822
16,47.5,13.122729,0.239642,3.10583,0.153333
16,48.0,13.1217,0.239536,3.106397,0.152871
16,48.5,13.120729,0.239436,3.106932,0.152436
16,49.0,13.119814,0.239342,3.107437,0.152025
16,49.5,13.11895,0.239254,3.107914,0.151637
16,50.0,13.118135,0.23917,3.108363,0.151272
17,0.0,1.893717,0.043672,0.021458,4.381022
17,0.5,1.853931,0.080614,0.02288,4.342658
17,1.0,1.815837,0.114057,0.025206,4.30689
17,1.5,1.779371,0.144347,0.028294,4.273511
17,2.0,1.744465,0.171791,0.032025,4.242336
17,2.5,1.711057,0.196667,0.036291,4.213194
17,3.0,1.679081,0.21922,0.041003,4.18593
17,3.5,1.648476,0.239672,0.046079,4.160402
17,4.0,1.619181,0.258221,0.051452,4.136479
17,4.5,1.591138,0.275048,0.05706,4.114044
17,5.0,1.564289,0.290311,0.062853,4.092988
17,5.5,1.53858,0.304156,0.068785,4.073211
17,6.0,1.513959,0.316714,0.074816,4.054622
17,6.5,1.490375,0.328102,0.080914,4.037136
17,7.0,1.467781,0.338426,0.08705,4.020677
17,7.5,1.446129,0.347782,0.093197,4.005173
17,8.0,1.425377,0.356258,0.099335,3.990559
17,8.5,1.405482,0.363933,0.105446,3.976774
17,9.0,1.386404,0.370878,0.111512,3.963763
17,9.5,1.368106,0.377157,0.117522,3.951474
17,10.0,1.35055,0.38283,0.123463,3.93986
17,10.5,1.333704,0.38795,0.129326,3.928876
17,11.0,1.317534,0.392566,0.135103,3.918483
17,11.5,1.302008,0.396723,0.140787,3.908642
17,12.0,1.287099,0.40046,0.146374,3.899319
17,12.5,1.272776,0.403814,0.151858,3.89048
17,13.0,1.259015,0.406819,0.157236,3.882097
17,13.5,1.245789,0.409506,0.162506,3.874141
17,14.0,1.233074,0.411902,0.167665,3.866586
17,14.5,1.220848,0.414032,0.172713,3.859407
17,15.0,1.20909,0.415921,0.177648,3.852583
17,15.5,1.197777,0.41759,0.18247,3.846093
17,16.0,1.186891,0.419057,0.187179,3.839917
17,16.5,1.176414,0.42034,0.191776,3.834036
17,17.0,1.166327,0.421457,0.196261,3.828434
17,17.5,1.156614,0.422422,0.200635,3.823096
17,18.0,1.147259,0.423248,0.204899,3.818005
17,18.5,1.138246,0.423948,0.209056,3.813149
17,19.0,1.129562,0.424534,0.213105,3.808514
17,19.5,1.121192,0.425015,0.217049,3.804088
17,20.0,1.113124,0.425402,0.22089,3.79986
17,20.5,1.105344,0.425704,0.224629,3.795819
17,21.0,1.097842,0.425928,0.228268,3.791956
17,21.5,1.090605,0.426082,0.23181,3.788261
17,22.0,1.083623,0.426172,0.235255,3.784725
17,22.5,1.076887,0.426206,0.238607,3.78134
17,23.0,1.070385,0.426187,0.241867,3.778098
17,23.5,1.064109,0.426123,0.245037,3.774992
17,24.0,1.05805,0.426017,0.24812,3.772016
17,24.5,1.052199,0.425874,0.251117,3.769162
17,25.0,1.046548,0.425698,0.25403,3.766425
17,25.5,1.04109,0.425492,0.256862,3.763798
17,26.0,1.035817,0.425261,0.259614,3.761278
17,26.5,1.030722,0.425006,0.262289,3.758858
17,27.0,1.025799,0.424731,0.264888,3.756533
17,27.5,1.02104,0.424439,0.267413,3.7543
17,28.0,1.01644,0.424131,0.269867,3.752154
17,28.5,1.011993,0.42381,0.272251,3.750091
17,29.0,1.007693,0.423478,0.274567,3.748107
17,29.5,1.003535,0.423137,0.276817,3.746199
17,30.0,0.999514,0.422788,0.279002,3.744362
17,30.5,0.995624,0.422432,0.281125,3.742595
17,31.0,0.991861,0.422072,0.283186,3.740894
17,31.5,0.98822,0.421708,0.285189,3.739256
17,32.0,0.984697,0.421341,0.287134,3.737678
17,32.5,0.981289,0.420973,0.289022,3.736157
17,33.0,0.977989,0.420604,0.290856,3.734692
17,33.5,0.974796,0.420235,0.292637,3.73328
17,34.0,0.971705,0.419867,0.294367,3.731918
17,34.5,0.968712,0.419501,0.296046,3.730605
17,35.0,0.965815,0.419136,0.297677,3.729339
17,35.5,0.96301,0.418774,0.299261,3.728117
17,36.0,0.960293,0.418416,0.300798,3.726938
17,36.5,0.957662,0.418061,0.302291,3.7258
17,37.0,0.955114,0.41771,0.303741,3.724702
17,37.5,0.952647,0.417363,0.305148,3.723641
17,38.0,0.950256,0.41702,0.306515,3.722617
17,38.5,0.94794,0.416683,0.307842,3.721628
17,39.0,0.945696,0.41635,0.30913,3.720673
17,39.5,0.943523,0.416023,0.31038,3.719749
17,40.0,0.941416,0.415701,0.311594,3.718857
17,40.5,0.939375,0.415384,0.312773,3.717995
17,41.0,0.937398,0.415073,0.313918,3.717162
17,41.5,0.935481,0.414768,0.315029,3.716356
17,42.0,0.933623,0.414468,0.316107,3.715577
17,42.5,0.931823,0.414174,0.317154,3.714824
17,43.0,0.930078,0.413886,0.318171,3.714095
17,43.5,0.928386,0.413604,0.319158,3.71339
17,44.0,0.926746,0.413328,0.320116,3.712709
17,44.5,0.925156,0.413057,0.321046,3.712049
17,45.0,0.923615,0.412792,0.321949,3.711411
17,45.5,0.922121,0.412534,0.322826,3.710793
17,46.0,0.920672,0.41228,0.323677,3.710195
17,46.5,0.919267,0.412033,0.324503,3.709616
17,47.0,0.917905,0.411791,0.325305,3.709056
17,47.5,0.916584,0.411555,0.326084,3.708514
17,48.0,0.915303,0.411324,0.32684,3.707989
17,48.5,0.91406,0.411099,0.327573,3.70748
17,49.0,0.912856,0.410879,0.328286,3.706988
17,49.5,0.911687,0.410664,0.328977,3.706511
17,50.0,0.910554,0.410455,0.329648,3.706049
18,0.0,25.748689,0.023394,0.00583,3.173147
18,0.5,25.303928,0.324735,0.077541,2.800096
18,1.0,24.836292,0.485612,0.23092,2.48584
18,1.5,24.377967,0.562886,0.421445,2.21804
18,2.0,23.945113,0.59105,0.623791,1.987531
18,2.5,23.544774,0.590941,0.824014,1.787416
18,3.0,23.178973,0.575115,1.014828,1.612428
18,3.5,22.847069,0.55111,1.192783,1.458479
18,4.0,22.547105,0.523421,1.356609,1.322341
18,4.5,22.276555,0.494692,1.506249,1.201431
18,5.0,22.032735,0.466438,1.642285,1.093647
18,5.5,21.813018,0.439492,1.765617,0.997262
18,6.0,21.614942,0.41427,1.877266,0.910836
18,6.5,21.436254,0.390939,1.978275,0.833157
18,7.0,21.274918,0.369523,2.069651,0.763197
18,7.5,21.129116,0.34996,2.152334,0.700077
18,8.0,20.997226,0.332146,2.227186,0.643039
18,8.5,20.877806,0.315956,2.29499,0.591425
18,9.0,20.76958,0.301258,2.356453,0.544661
18,9.5,20.671411,0.28792,2.412206,0.502245
18,10.0,20.582291,0.27582,2.462817,0.463735
18,10.5,20.501322,0.264839,2.508791,0.428741
18,11.0,20.427706,0.254873,2.550582,0.396916
18,11.5,20.36073,0.245823,2.588595,0.367953
18,12.0,20.299757,0.237601,2.623193,0.341578
18,12.5,20.244218,0.230128,2.654699,0.317544
18,13.0,20.1936,0.223331,2.683406,0.295634
18,13.5,20.147447,0.217146,2.709575,0.27565
18,14.0,20.105344,0.211516,2.733442,0.257413
18,14.5,20.066922,0.206388,2.755217,0.240766
18,15.0,20.031845,0.201714,2.775092,0.225565
18,15.5,19.99981,0.197453,2.79324,0.211678
18,16.0,19.970545,0.193567,2.809815,0.198988
18,16.5,19.943803,0.190021,2.82496,0.18739
18,17.0,19.91936,0.186785,2.8388,0.176787
18,17.5,19.897012,0.18383,2.851451,0.16709
18,18.0,19.876575,0.18113,2.863019,0.158222
18,18.5,19.857883,0.178664,2.873598,0.150109
18,19.0,19.840783,0.17641,2.883275,0.142686
18,19.5,19.825137,0.17435,2.892128,0.135893
18,20.0,19.810819,0.172466,2.900229,0.129676
18,20.5,19.797714,0.170744,2.907643,0.123985
18,21.0,19.785718,0.169168,2.914429,0.118775
18,21.5,19.774736,0.167726,2.920641,0.114004
18,22.0,19.764681,0.166407,2.926328,0.109637
18,22.5,19.755475,0.1652,2.931535,0.105637
18,23.0,19.747043,0.164095,2.936303,0.101974
18,23.5,19.739322,0.163084,2.940669,0.098618
18,24.0,19.73225,0.162158,2.944668,0.095545
18,24.5,19.725772,0.16131,2.948331,0.09273
18,25.0,19.719838,0.160534,2.951686,0.090151
18,25.5,19.714402,0.159823,2.95476,0.087789
18,26.0,19.709422,0.159172,2.957575,0.085624
18,26.5,19.704859,0.158575,2.960155,0.083641
18,27.0,19.700679,0.158029,2.962518,0.081824
18,27.5,19.696848,0.157529,2.964683,0.080159
18,28.0,19.693339,0.15707,2.966667,0.078634
18,28.5,19.690123,0.15665,2.968485,0.077235
18,29.0,19.687176,0.156266,2.970151,0.075954
18,29.5,19.684475,0.155913,2.971678,0.07478
18,30.0,19.682,0.15559,2.973077,0.073704
18,30.5,19.679732,0.155294,2.974359,0.072718
18,31.0,19.677654,0.155023,2.975533,0.071815
18,31.5,19.675749,0.154774,2.97661,0.070987
18,32.0,19.674003,0.154547,2.977597,0.070228
18,32.5,19.672403,0.154338,2.978501,0.069532
18,33.0,19.670937,0.154147,2.97933,0.068894
18,33.5,19.669593,0.153972,2.98009,0.06831
18,34.0,19.668361,0.153811,2.980786,0.067774
18,34.5,19.667232,0.153664,2.981424,0.067283
18,35.0,19.666197,0.153529,2.982009,0.066833
18,35.5,19.665248,0.153405,2.982545,0.066421
18,36.0,19.664379,0.153292,2.983036,0.066043
18,36.5,19.663582,0.153188,2.983487,0.065697
18,37.0,19.662852,0.153093,2.9839,0.065379
18,37.5,19.662182,0.153005,2.984278,0.065088
18,38.0,19.661569,0.152925,2.984625,0.064821
18,38.5,19.661006,0.152852,2.984943,0.064576
18,39.0,19.660491,0.152785,2.985234,0.064352
18,39.5,19.660018,0.152723,2.985501,0.064147
18,40.0,19.659585,0.152667,2.985746,0.063958
18,40.5,19.659188,0.152615,2.98597,0.063786
18,41.0,19.658824,0.152568,2.986176,0.063627
18,41.5,19.65849,0.152524,2.986365,0.063482
18,42.0,19.658184,0.152484,2.986538,0.063349
18,42.5,19.657904,0.152448,2.986696,0.063227
18,43.0,19.657647,0.152414,2.986841,0.063116
18,43.5,19.657411,0.152384,2.986974,0.063013
18,44.0,19.657195,0.152356,2.987096,0.062919
18,44.5,19.656997,0.15233,2.987208,0.062833
18,45.0,19.656816,0.152306,2.987311,0.062754
18,45.5,19.65665,0.152284,2.987405,0.062682
18,46.0,19.656497,0.152265,2.987491,0.062616
18,46.5,19.656358,0.152246,2.98757,0.062555
18,47.0,19.656229,0.15223,2.987642,0.062499
18,47.5,19.656112,0.152214,2.987709,0.062448
18,48.0,19.656004,0.1522,2.987769,0.062401
18,48.5,19.655906,0.152187,2.987825,0.062359
18,49.0,19.655815,0.152176,2.987876,0.062319
18,49.5,19.655732,0.152165,2.987923,0.062283
18,50.0,19.655656,0.152155,2.987966,0.06225
19,0.0,9.514219,0.066192,0.055703,7.947033
19,0.5,9.129952,0.387352,0.087257,7.594319
19,1.0,8.75097,0.631946,0.15445,7.282532
19,1.5,8.383582,0.818049,0.245093,7.005786
19,2.0,8.031643,0.959422,0.350376,6.75913
19,2.5,7.697292,1.066527,0.463999,6.538402
19,3.0,7.381492,1.147321,0.581502,6.340105
19,3.5,7.084419,1.207869,0.699764,6.161294
19,4.0,6.805736,1.25281,0.816636,5.999482
19,4.5,6.544788,1.285698,0.930666,5.852564
19,5.0,6.300733,1.309271,1.040907,5.71875
19,5.5,6.07263,1.325643,1.146772,5.596513
19,6.0,5.8595,1.336453,1.247932,5.484543
19,6.5,5.660366,1.342976,1.344237,5.381714
19,7.0,5.474277,1.346206,1.435667,5.287055
19,7.5,5.300324,1.346921,1.522286,5.199721
19,8.0,5.137646,1.345729,1.604221,5.118978
19,8.5,4.985438,1.343108,1.681635,5.044184
19,9.0,4.842949,1.339435,1.754717,4.974776
19,9.5,4.709481,1.335003,1.823667,4.910258
19,10.0,4.584389,1.330045,1.888691,4.850192
19,10.5,4.467079,1.324742,1.949998,4.794188
19,11.0,4.357001,1.319236,2.00779,4.741902
19,11.5,4.253648,1.313636,2.062266,4.693025
19,12.0,4.156554,1.30803,2.113617,4.647281
19,12.5,4.065288,1.302481,2.162024,4.604422
19,13.0,3.979454,1.297041,2.207661,4.564226
19,13.5,3.898687,1.291744,2.250693,4.526491
19,14.0,3.822649,1.28662,2.291274,4.491034
19,14.5,3.75103,1.281686,2.329551,4.457691
19,15.0,3.68354,1.276955,2.365661,4.426312
19,15.5,3.619914,1.272435,2.399734,4.396759
19,16.0,3.559906,1.268128,2.431891,4.368908
19,16.5,3.503286,1.264037,2.462247,4.342644
19,17.0,3.449844,1.260159,2.490907,4.317862
19,17.5,3.399383,1.256489,2.517972,4.294466
19,18.0,3.35172,1.253023,2.543537,4.272368
19,18.5,3.306685,1.249755,2.567688,4.251484
19,19.0,3.264121,1.246678,2.590509,4.231741
19,19.5,3.223879,1.243784,2.612077,4.213067
19,20.0,3.185823,1.241065,2.632465,4.195398
19,20.5,3.149825,1.238513,2.65174,4.178675
19,21.0,3.115764,1.236121,2.669966,4.162841
19,21.5,3.083529,1.23388,2.687204,4.147844
19,22.0,3.053016,1.231783,2.703509,4.133636
19,22.5,3.024125,1.229822,2.718935,4.120171
19,23.0,2.996767,1.227988,2.733531,4.107409
19,23.5,2.970853,1.226276,2.747344,4.095308
19,24.0,2.946305,1.224677,2.760418,4.083833
19,24.5,2.923045,1.223186,2.772793,4.072949
19,25.0,2.901003,1.221795,2.784509,4.062623
19,25.5,2.880113,1.220499,2.795603,4.052826
19,26.0,2.86031,1.219292,2.806107,4.043528
19,26.5,2.841536,1.218168,2.816056,4.034703
19,27.0,2.823735,1.217122,2.82548,4.026326
19,27.5,2.806856,1.216149,2.834406,4.018373
19,28.0,2.790847,1.215244,2.842863,4.010821
19,28.5,2.775663,1.214403,2.850875,4.003649
19,29.0,2.76126,1.213621,2.858468,3.996839
19,29.5,2.747597,1.212895,2.865662,3.99037
19,30.0,2.734633,1.212221,2.872481,3.984225
19,30.5,2.722333,1.211596,2.878944,3.978388
19,31.0,2.710662,1.211015,2.88507,3.972843
19,31.5,2.699586,1.210476,2.890877,3.967574
19,32.0,2.689075,1.209977,2.896383,3.962568
19,32.5,2.679098,1.209514,2.901603,3.957812
19,33.0,2.669629,1.209084,2.906552,3.953292
19,33.5,2.660641,1.208687,2.911245,3.948996
19,34.0,2.652108,1.208318,2.915695,3.944914
19,34.5,2.644008,1.207977,2.919916,3.941035
19,35.0,2.636318,1.207661,2.923919,3.937348
19,35.5,2.629017,1.207369,2.927715,3.933844
19,36.0,2.622086,1.207098,2.931317,3.930513
19,36.5,2.615504,1.206848,2.934733,3.927347
19,37.0,2.609254,1.206616,2.937973,3.924338
19,37.5,2.60332,1.206402,2.941048,3.921478
19,38.0,2.597684,1.206204,2.943964,3.918759
19,38.5,2.592333,1.206021,2.946731,3.916175
19,39.0,2.587251,1.205852,2.949357,3.913719
19,39.5,2.582424,1.205696,2.951848,3.911384
19,40.0,2.577841,1.205552,2.954212,3.909164
19,40.5,2.573487,1.205418,2.956456,3.907054
19,41.0,2.569353,1.205295,2.958585,3.905048
19,41.5,2.565426,1.205182,2.960605,3.903141
19,42.0,2.561696,1.205077,2.962522,3.901329
19,42.5,2.558153,1.20498,2.964342,3.899606
19,43.0,2.554788,1.204891,2.966069,3.897968
19,43.5,2.551591,1.204808,2.967709,3.896411
19,44.0,2.548555,1.204732,2.969265,3.894931
19,44.5,2.545671,1.204662,2.970742,3.893524
19,45.0,2.542931,1.204597,2.972144,3.892186
19,45.5,2.540329,1.204538,2.973475,3.890915
19,46.0,2.537857,1.204483,2.974739,3.889706
19,46.5,2.535508,1.204432,2.975938,3.888557
19,47.0,2.533277,1.204386,2.977077,3.887465
19,47.5,2.531158,1.204343,2.978158,3.886427
19,48.0,2.529144,1.204303,2.979185,3.88544
19,48.5,2.527232,1.204267,2.980159,3.884502
19,49.0,2.525415,1.204233,2.981085,3.88361
19,49.5,2.523689,1.204202,2.981963,3.882763
19,50.0,2.522049,1.204174,2.982797,3.881957
20,0.0,20.265093,0.040639,0.081402,2.086243
20,0.5,20.033349,0.199104,0.118041,1.891138
20,1.0,19.790899,0.295864,0.190886,1.721533
20,1.5,19.54931,0.351855,0.283685,1.572743
20,2.0,19.315427,0.381109,0.386,1.441175
20,2.5,19.093059,0.392999,0.491238,1.324046
20,3.0,18.884086,0.393781,0.595334,1.219168
20,3.5,18.689189,0.387618,0.695864,1.124801
20,4.0,18.508325,0.377277,0.791467,1.03954
20,4.5,18.341025,0.364587,0.881462,0.962235
20,5.0,18.186586,0.35075,0.9656,0.891934
20,5.5,18.04419,0.336544,1.0439,0.827839
20,6.0,17.912983,0.322469,1.116542,0.769273
20,6.5,17.792114,0.30883,1.183796,0.715658
20,7.0,17.680765,0.295809,1.245981,0.666494
20,7.5,17.578164,0.283504,1.303434,0.621346
20,8.0,17.483592,0.271956,1.356494,0.579834
20,8.5,17.396384,0.261172,1.405489,0.541622
20,9.0,17.31593,0.251138,1.450734,0.506412
20,9.5,17.241669,0.241822,1.492523,0.473939
20,10.0,17.173091,0.233187,1.531129,0.443968
20,10.5,17.10973,0.225193,1.566806,0.416284
20,11.0,17.051161,0.217797,1.599789,0.390698
20,11.5,16.996995,0.210957,1.630292,0.367035
20,12.0,16.94688,0.204632,1.658512,0.34514
20,12.5,16.900492,0.198783,1.68463,0.32487
20,13.0,16.857537,0.193375,1.708812,0.306097
20,13.5,16.817745,0.188372,1.731209,0.288702
20,14.0,16.780871,0.183744,1.75196,0.272579
20,14.5,16.746689,0.179462,1.771193,0.257629
20,15.0,16.714992,0.175497,1.789023,0.243763
20,15.5,16.685591,0.171827,1.805559,0.230898
20,16.0,16.658312,0.168427,1.820899,0.218958
20,16.5,16.632995,0.165276,1.835132,0.207875
20,17.0,16.609494,0.162357,1.848342,0.197584
20,17.5,16.587673,0.15965,1.860606,0.188027
20,18.0,16.567408,0.15714,1.871994,0.17915
20,18.5,16.548585,0.154812,1.882569,0.170902
20,19.0,16.531097,0.152652,1.892393,0.163238
20,19.5,16.514847,0.150648,1.90152,0.156115
20,20.0,16.499745,0.148787,1.910002,0.149495
20,20.5,16.485709,0.147059,1.917884,0.14334
20,21.0,16.47266,0.145455,1.92521,0.137618
20,21.5,16.460528,0.143965,1.932021,0.132298
20,22.0,16.449248,0.14258,1.938354,0.127349
20,22.5,16.438758,0.141294,1.944242,0.122747
20,23.0,16.429001,0.140099,1.949718,0.118467
20,23.5,16.419927,0.138988,1.95481,0.114485
20,24.0,16.411486,0.137955,1.959547,0.110781
20,24.5,16.403633,0.136995,1.963954,0.107334
20,25.0,16.396327,0.136103,1.968053,0.104128
20,25.5,16.38953,0.135273,1.971867,0.101144
20,26.0,16.383205,0.134501,1.975415,0.098368
20,26.5,16.377319,0.133783,1.978717,0.095784
20,27.0,16.371842,0.133115,1.981789,0.093379
20,27.5,16.366745,0.132494,1.984648,0.091141
20,28.0,16.362001,0.131916,1.987309,0.089058
20,28.5,16.357585,0.131378,1.989786,0.087119
20,29.0,16.353476,0.130878,1.992091,0.085314
20,29.5,16.34965,0.130413,1.994236,0.083635
20,30.0,16.346089,0.129979,1.996233,0.082071
20,30.5,16.342775,0.129576,1.998092,0.080615
20,31.0,16.339689,0.129201,1.999823,0.07926
20,31.5,16.336816,0.128852,2.001434,0.077998
20,32.0,16.334142,0.128527,2.002933,0.076823
20,32.5,16.331652,0.128224,2.004329,0.07573
20,33.0,16.329334,0.127943,2.005629,0.074712
20,33.5,16.327176,0.127681,2.006839,0.073764
20,34.0,16.325167,0.127437,2.007966,0.072881
20,34.5,16.323296,0.127209,2.009015,0.072059
20,35.0,16.321554,0.126998,2.009991,0.071294
20,35.5,16.319933,0.126801,2.010901,0.070581
20,36.0,16.318422,0.126618,2.011748,0.069918
20,36.5,16.317016,0.126447,2.012536,0.0693
20,37.0,16.315707,0.126288,2.01327,0.068725
20,37.5,16.314488,0.12614,2.013954,0.068189
20,38.0,16.313353,0.126003,2.01459,0.067691
20,38.5,16.312295,0.125875,2.015183,0.067226
20,39.0,16.311311,0.125755,2.015735,0.066794
20,39.5,16.310394,0.125644,2.016249,0.066391
20,40.0,16.309541,0.12554,2.016727,0.066016
20,40.5,16.308746,0.125444,2.017173,0.065667
20,41.0,16.308006,0.125354,2.017588,0.065341
20,41.5,16.307316,0.125271,2.017974,0.065039
20,42.0,16.306675,0.125193,2.018334,0.064757
20,42.5,16.306077,0.12512,2.018669,0.064494
20,43.0,16.30552,0.125053,2.018981,0.064249
20,43.5,16.305002,0.12499,2.019272,0.064022
20,44.0,16.304519,0.124932,2.019542,0.063809
20,44.5,16.30407,0.124877,2.019794,0.063612
20,45.0,16.303651,0.124826,2.020029,0.063428
20,45.5,16.303261,0.124779,2.020248,0.063257
20,46.0,16.302898,0.124735,2.020451,0.063097
20,46.5,16.30256,0.124694,2.020641,0.062949
20,47.0,16.302245,0.124656,2.020817,0.06281
20,47.5,16.301952,0.12462,2.020982,0.062681
20,48.0,16.301678,0.124587,2.021135,0.062561
20,48.5,16.301424,0.124556,2.021277,0.06245
20,49.0,16.301187,0.124528,2.02141,0.062346
20,49.5,16.300967,0.124501,2.021534,0.062249
20,50.0,16.300761,0.124476,2.021649,0.062158
21,0.0,1.65865,0.009005,0.072236,4.887834
21,0.5,1.620273,0.048124,0.071865,4.849086
21,1.0,1.583721,0.083661,0.072372,4.813041
21,1.5,1.54891,0.115961,0.073628,4.779486
21,2.0,1.515762,0.145332,0.075517,4.748226
21,2.5,1.484196,0.17205,0.07794,4.719084
21,3.0,1.454138,0.196364,0.080812,4.691898
21,3.5,1.425513,0.218496,0.084059,4.666519
21,4.0,1.39825,0.238647,0.087615,4.642812
21,4.5,1.372282,0.256998,0.091424,4.620653
21,5.0,1.347543,0.27371,0.095437,4.599927
21,5.5,1.32397,0.288931,0.099612,4.580531
21,6.0,1.301505,0.302795,0.103913,4.562366
21,6.5,1.280091,0.31542,0.108308,4.545346
21,7.0,1.259673,0.326916,0.112769,4.529389
21,7.5,1.240201,0.337382,0.117272,4.51442
21,8.0,1.221626,0.346908,0.121797,4.50037
21,8.5,1.203901,0.355574,0.126326,4.487175
21,9.0,1.186984,0.363454,0.130845,4.474776
21,9.5,1.170832,0.370616,0.135339,4.463119
21,10.0,1.155407,0.377122,0.139799,4.452153
21,10.5,1.140671,0.383027,0.144214,4.441833
21,11.0,1.12659,0.388382,0.148577,4.432115
21,11.5,1.11313,0.393234,0.152881,4.422959
21,12.0,1.10026,0.397625,0.157121,4.414329
21,12.5,1.08795,0.401594,0.161291,4.406189
21,13.0,1.076173,0.405177,0.165388,4.398509
21,13.5,1.064901,0.408406,0.16941,4.391258
21,14.0,1.05411,0.411312,0.173353,4.38441
21,14.5,1.043775,0.41392,0.177216,4.377939
21,15.0,1.033875,0.416257,0.180997,4.37182
21,15.5,1.024389,0.418345,0.184696,4.366033
21,16.0,1.015296,0.420206,0.188313,4.360556
21,16.5,1.006577,0.421858,0.191846,4.355371
21,17.0,0.998215,0.423319,0.195296,4.350459
21,17.5,0.990192,0.424607,0.198664,4.345804
21,18.0,0.982493,0.425734,0.20195,4.34139
21,18.5,0.975102,0.426716,0.205154,4.337204
21,19.0,0.968005,0.427565,0.208278,4.333231
21,19.5,0.961189,0.428292,0.211323,4.329459
21,20.0,0.95464,0.428909,0.214289,4.325877
21,20.5,0.948346,0.429424,0.217178,4.322472
21,21.0,0.942296,0.429848,0.219991,4.319235
21,21.5,0.936479,0.430188,0.22273,4.316157
21,22.0,0.930884,0.430451,0.225396,4.313227
21,22.5,0.925502,0.430646,0.22799,4.310439
21,23.0,0.920322,0.430778,0.230514,4.307783
21,23.5,0.915337,0.430853,0.232968,4.305253
21,24.0,0.910538,0.430876,0.235356,4.302842
21,24.5,0.905916,0.430854,0.237678,4.300542
21,25.0,0.901465,0.43079,0.239936,4.298349
21,25.5,0.897177,0.430688,0.242131,4.296255
21,26.0,0.893045,0.430553,0.244265,4.294257
21,26.5,0.889062,0.430387,0.246339,4.292348
21,27.0,0.885223,0.430195,0.248354,4.290525
21,27.5,0.881521,0.42998,0.250313,4.288782
21,28.0,0.877951,0.429743,0.252216,4.287115
21,28.5,0.874508,0.429487,0.254066,4.285521
21,29.0,0.871186,0.429216,0.255863,4.283996
21,29.5,0.86798,0.42893,0.257608,4.282536
21,30.0,0.864886,0.428633,0.259304,4.281138
21,30.5,0.8619,0.428325,0.260951,4.279798
21,31.0,0.859017,0.428008,0.262551,4.278515
21,31.5,0.856233,0.427684,0.264105,4.277285
21,32.0,0.853544,0.427355,0.265614,4.276106
21,32.5,0.850947,0.42702,0.26708,4.274974
21,33.0,0.848438,0.426682,0.268503,4.273889
21,33.5,0.846014,0.426342,0.269886,4.272847
21,34.0,0.843671,0.426,0.271228,4.271847
21,34.5,0.841407,0.425657,0.272531,4.270886
21,35.0,0.839219,0.425315,0.273797,4.269963
21,35.5,0.837103,0.424973,0.275026,4.269076
21,36.0,0.835057,0.424632,0.276219,4.268224
21,36.5,0.833079,0.424293,0.277377,4.267404
21,37.0,0.831166,0.423957,0.278502,4.266616
21,37.5,0.829316,0.423623,0.279594,4.265858
21,38.0,0.827526,0.423293,0.280654,4.265128
21,38.5,0.825795,0.422966,0.281683,4.264425
21,39.0,0.82412,0.422643,0.282682,4.263749
21,39.5,0.822498,0.422324,0.283652,4.263098
21,40.0,0.82093,0.42201,0.284594,4.262471
21,40.5,0.819411,0.4217,0.285508,4.261867
21,41.0,0.817942,0.421395,0.286395,4.261284
21,41.5,0.816519,0.421095,0.287256,4.260723
21,42.0,0.815142,0.4208,0.288093,4.260182
21,42.5,0.813809,0.42051,0.288904,4.25966
21,43.0,0.812517,0.420225,0.289692,4.259157
21,43.5,0.811267,0.419946,0.290457,4.258672
21,44.0,0.810056,0.419672,0.291199,4.258203
21,44.5,0.808884,0.419403,0.29192,4.257751
21,45.0,0.807748,0.41914,0.292619,4.257315
21,45.5,0.806648,0.418882,0.293298,4.256894
21,46.0,0.805582,0.41863,0.293957,4.256487
21,46.5,0.80455,0.418383,0.294597,4.256095
21,47.0,0.80355,0.418141,0.295218,4.255715
21,47.5,0.802581,0.417905,0.295821,4.255349
21,48.0,0.801642,0.417674,0.296406,4.254995
21,48.5,0.800732,0.417448,0.296973,4.254653
21,49.0,0.79985,0.417228,0.297524,4.254322
21,49.5,0.798996,0.417012,0.298059,4.254003
21,50.0,0.798168,0.416802,0.298579,4.253694
22,0.0,5.676882,0.050104,0.015231,7.115044
22,0.5,5.475343,0.228551,0.026777,6.925051
22,1.0,5.279712,0.376237,0.05075,6.753392
22,1.5,5.091108,0.498565,0.083888,6.597926
22,2.0,4.910234,0.599957,0.123629,6.456793
22,2.5,4.737477,0.684032,0.16797,6.328378
22,3.0,4.572992,0.753754,0.215351,6.211274
22,3.5,4.416761,0.811559,0.264564,6.104256
22,4.0,4.268647,0.859447,0.314677,6.006255
22,4.5,4.128426,0.899067,0.364978,5.916334
22,5.0,3.995818,0.931782,0.414924,5.833673
22,5.5,3.870506,0.95872,0.464111,5.757548
22,6.0,3.752156,0.980816,0.512238,5.687325
22,6.5,3.640421,0.99885,0.559089,5.62244
22,7.0,3.534954,1.013472,0.604511,5.562396
22,7.5,3.435416,1.025224,0.648404,5.506751
22,8.0,3.341474,1.034562,0.690706,5.455111
22,8.5,3.252808,1.041869,0.731386,5.407124
22,9.0,3.169112,1.047466,0.770435,5.362478
22,9.5,3.090094,1.051625,0.807865,5.32089
22,10.0,3.015479,1.054574,0.843698,5.282107
22,10.5,2.945004,1.056508,0.877968,5.245903
22,11.0,2.878424,1.057592,0.910716,5.212071
22,11.5,2.815507,1.057965,0.941988,5.180426
22,12.0,2.756034,1.057745,0.971835,5.1508
22,12.5,2.699802,1.057034,1.000306,5.123039
22,13.0,2.646619,1.055916,1.027457,5.097006
22,13.5,2.596305,1.054467,1.053339,5.072574
22,14.0,2.548691,1.052746,1.078005,5.049627
22,14.5,2.503621,1.050809,1.101509,5.028061
22,15.0,2.460945,1.0487,1.123902,5.007778
22,15.5,2.420527,1.046457,1.145233,4.98869
22,16.0,2.382235,1.044113,1.16555,4.970716
22,16.5,2.345949,1.041697,1.184901,4.953781
22,17.0,2.311555,1.039232,1.203331,4.937816
22,17.5,2.278945,1.036738,1.220883,4.922759
22,18.0,2.248021,1.034232,1.237598,4.90855
22,18.5,2.218687,1.031728,1.253517,4.895135
22,19.0,2.190856,1.029238,1.268677,4.882464
22,19.5,2.164445,1.026772,1.283116,4.870491
22,20.0,2.139375,1.024339,1.296867,4.859173
22,20.5,2.115575,1.021946,1.309964,4.84847
22,21.0,2.092975,1.019597,1.322438,4.838344
22,21.5,2.07151,1.017298,1.33432,4.828761
22,22.0,2.05112,1.015052,1.345638,4.819689
22,22.5,2.031747,1.012862,1.35642,4.811098
22,23.0,2.013338,1.010729,1.366691,4.80296
22,23.5,1.995842,1.008656,1.376475,4.795248
22,24.0,1.97921,1.006643,1.385797,4.787939
22,24.5,1.963398,1.004691,1.394679,4.781009
22,25.0,1.948364,1.0028,1.403142,4.774437
22,25.5,1.934066,1.00097,1.411206,4.768203
22,26.0,1.920467,0.999201,1.418891,4.762288
22,26.5,1.907531,0.997491,1.426213,4.756675
22,27.0,1.895224,0.99584,1.433192,4.751347
22,27.5,1.883515,0.994248,1.439843,4.746289
22,28.0,1.872372,0.992712,1.446182,4.741485
22,28.5,1.861768,0.991232,1.452224,4.736923
22,29.0,1.851675,0.989807,1.457984,4.732589
22,29.5,1.842067,0.988435,1.463473,4.728471
22,30.0,1.832921,0.987114,1.468706,4.724558
22,30.5,1.824214,0.985845,1.473695,4.72084
22,31.0,1.815923,0.984624,1.478451,4.717304
22,31.5,1.808028,0.98345,1.482985,4.713944
22,32.0,1.800509,0.982323,1.487308,4.710748
22,32.5,1.793349,0.98124,1.49143,4.707709
22,33.0,1.786529,0.980201,1.495359,4.704819
22,33.5,1.780033,0.979203,1.499107,4.70207
22,34.0,1.773844,0.978245,1.502679,4.699455
22,34.5,1.767949,0.977326,1.506086,4.696966
22,35.0,1.762333,0.976445,1.509335,4.694599
22,35.5,1.756981,0.9756,1.512433,4.692346
22,36.0,1.751883,0.97479,1.515388,4.690201
22,36.5,1.747024,0.974014,1.518206,4.68816
22,37.0,1.742394,0.973269,1.520893,4.686217
22,37.5,1.737982,0.972556,1.523455,4.684368
22,38.0,1.733777,0.971873,1.525899,4.682607
22,38.5,1.729769,0.971219,1.52823,4.68093
22,39.0,1.725949,0.970592,1.530454,4.679334
22,39.5,1.722308,0.969992,1.532574,4.677813
22,40.0,1.718838,0.969417,1.534597,4.676365
22,40.5,1.71553,0.968867,1.536526,4.674986
22,41.0,1.712376,0.96834,1.538366,4.673673
22,41.5,1.70937,0.967836,1.540121,4.672422
22,42.0,1.706504,0.967354,1.541795,4.67123
22,42.5,1.703771,0.966892,1.543392,4.670094
22,43.0,1.701166,0.966451,1.544916,4.669013
22,43.5,1.698682,0.966028,1.546369,4.667982
22,44.0,1.696314,0.965624,1.547755,4.667
22,44.5,1.694056,0.965238,1.549077,4.666064
22,45.0,1.691903,0.964868,1.550339,4.665173
22,45.5,1.68985,0.964515,1.551542,4.664323
22,46.0,1.687892,0.964177,1.55269,4.663513
22,46.5,1.686026,0.963853,1.553785,4.662741
22,47.0,1.684245,0.963544,1.554829,4.662006
22,47.5,1.682548,0.963249,1.555826,4.661305
22,48.0,1.680929,0.962966,1.556777,4.660636
22,48.5,1.679385,0.962696,1.557684,4.659999
22,49.0,1.677912,0.962438,1.558549,4.659392
22,49.5,1.676508,0.962191,1.559374,4.658813
22,50.0,1.675169,0.961956,1.560162,4.658262
23,0.0,13.938532,0.038102,0.030151,6.487685
23,0.5,13.47051,0.411099,0.077664,6.067175
23,1.0,12.996442,0.671306,0.184595,5.700038
23,1.5,12.530943,0.851039,0.327477,5.377422
23,2.0,12.082711,0.97341,0.490408,5.09212
23,2.5,11.656505,1.0549,0.662766,4.838272
23,3.0,11.254536,1.107264,0.837568,4.611106
23,3.5,10.877405,1.138902,1.010315,4.406721
23,4.0,10.524727,1.155836,1.178187,4.221915
23,4.5,10.195541,1.162395,1.3395,4.054043
23,5.0,9.888578,1.161701,1.493329,3.900908
23,5.5,9.602422,1.156011,1.639252,3.760675
23,6.0,9.335622,1.146958,1.777178,3.631801
23,6.5,9.086749,1.135727,1.907231,3.512981
23,7.0,8.854437,1.123172,2.029664,3.403102
23,7.5,8.637402,1.10991,2.144812,3.301216
23,8.0,8.43445,1.096384,2.253051,3.206503
23,8.5,8.24448,1.082907,2.354775,3.118256
23,9.0,8.066479,1.069698,2.450379,3.03586
23,9.5,7.899524,1.056909,2.540252,2.958777
23,10.0,7.742769,1.044636,2.624766,2.886536
23,10.5,7.595444,1.032943,2.704275,2.81872
23,11.0,7.456845,1.021861,2.779115,2.754962
23,11.5,7.326333,1.011406,2.849598,2.694933
23,12.0,7.203323,1.001577,2.916018,2.638343
23,12.5,7.087281,0.992364,2.978646,2.584928
23,13.0,6.97772,0.983747,3.037735,2.534456
23,13.5,6.874194,0.975706,3.093518,2.486714
23,14.0,6.776295,0.968213,3.146214,2.44151
23,14.5,6.683647,0.961243,3.196023,2.398672
23,15.0,6.595908,0.954766,3.243131,2.358041
23,15.5,6.512761,0.948754,3.287711,2.319473
23,16.0,6.433915,0.943179,3.329921,2.282838
23,16.5,6.359101,0.938014,3.369911,2.248013
23,17.0,6.288073,0.933232,3.407816,2.21489
23,17.5,6.2206,0.928808,3.443764,2.183365
23,18.0,6.156471,0.924719,3.477873,2.153346
23,18.5,6.09549,0.92094,3.510253,2.124745
23,19.0,6.037475,0.91745,3.541006,2.097482
23,19.5,5.982255,0.91423,3.570226,2.071482
23,20.0,5.929673,0.911259,3.598002,2.046677
23,20.5,5.879583,0.908521,3.624417,2.023001
23,21.0,5.831848,0.905997,3.649546,2.000395
23,21.5,5.786339,0.903673,3.673462,1.978803
23,22.0,5.742938,0.901534,3.696232,1.958172
23,22.5,5.701532,0.899566,3.717919,1.938453
23,23.0,5.662018,0.897756,3.738581,1.919601
23,23.5,5.624297,0.896094,3.758273,1.901571
23,24.0,5.588277,0.894567,3.777046,1.884325
23,24.5,5.553872,0.893165,3.79495,1.867823
23,25.0,5.521,0.89188,3.812028,1.85203
23,25.5,5.489586,0.890701,3.828325,1.836912
23,26.0,5.459557,0.889622,3.843879,1.822437
23,26.5,5.430845,0.888634,3.858729,1.808575
23,27.0,5.403387,0.887731,3.87291,1.795298
23,27.5,5.377122,0.886905,3.886455,1.782578
23,28.0,5.351993,0.886152,3.899396,1.77039
23,28.5,5.327947,0.885464,3.911763,1.758711
23,29.0,5.304932,0.884838,3.923583,1.747517
23,29.5,5.282901,0.884268,3.934884,1.736786
23,30.0,5.261808,0.883749,3.94569,1.726499
23,30.5,5.241609,0.883278,3.956025,1.716635
23,31.0,5.222264,0.882852,3.96591,1.707176
23,31.5,5.203734,0.882465,3.975369,1.698104
23,32.0,5.185982,0.882116,3.984419,1.689403
23,32.5,5.168973,0.881801,3.993081,1.681056
23,33.0,5.152674,0.881517,4.001373,1.673049
23,33.5,5.137054,0.881261,4.009311,1.665366
23,34.0,5.122082,0.881032,4.016911,1.657994
23,34.5,5.107729,0.880828,4.02419,1.65092
23,35.0,5.093969,0.880645,4.031161,1.644132
23,35.5,5.080776,0.880482,4.037839,1.637617
23,36.0,5.068125,0.880339,4.044236,1.631363
23,36.5,5.055993,0.880212,4.050366,1.625361
23,37.0,5.044358,0.8801,4.05624,1.619598
23,37.5,5.033197,0.880002,4.061869,1.614067
23,38.0,5.022491,0.879918,4.067264,1.608756
23,38.5,5.012221,0.879845,4.072435,1.603658
23,39.0,5.002368,0.879782,4.077393,1.598762
23,39.5,4.992914,0.87973,4.082146,1.594062
23,40.0,4.983842,0.879686,4.086704,1.589548
23,40.5,4.975137,0.87965,4.091075,1.585213
23,41.0,4.966784,0.879621,4.095266,1.581051
23,41.5,4.958766,0.879599,4.099286,1.577054
23,42.0,4.951071,0.879582,4.103141,1.573214
23,42.5,4.943686,0.879571,4.10684,1.569527
23,43.0,4.936596,0.879564,4.110388,1.565986
23,43.5,4.92979,0.879562,4.113792,1.562584
23,44.0,4.923257,0.879563,4.117058,1.559317
23,44.5,4.916985,0.879568,4.120192,1.556178
23,45.0,4.910963,0.879576,4.123199,1.553163
23,45.5,4.905181,0.879586,4.126084,1.550267
23,46.0,4.89963,0.879599,4.128854,1.547485
23,46.5,4.8943,0.879614,4.131512,1.544813
23,47.0,4.889181,0.87963,4.134063,1.542245
23,47.5,4.884266,0.879648,4.136511,1.539779
23,48.0,4.879546,0.879667,4.138862,1.537409
23,48.5,4.875013,0.879688,4.141118,1.535132
23,49.0,4.870659,0.879709,4.143284,1.532945
23,49.5,4.866478,0.879731,4.145364,1.530843
23,50.0,4.862462,0.879754,4.14736,1.528824
24,0.0,11.492566,0.008765,0.011801,9.638028
24,0.5,10.934537,0.481557,0.054419,9.122618
24,1.0,10.382887,0.824964,0.158541,8.675089
24,1.5,9.850904,1.073949,0.30004,8.284605
24,2.0,9.346052,1.253944,0.462468,7.942181
24,2.5,8.871957,1.383407,0.634784,7.640402
24,3.0,8.429803,1.475747,0.809691,7.373155
24,3.5,8.019271,1.540737,0.982462,7.135395
24,4.0,7.63916,1.585529,1.150122,6.922943
24,4.5,7.287787,1.615385,1.31088,6.732329
24,5.0,6.963247,1.634194,1.463746,6.560654
24,5.5,6.663564,1.644843,1.608262,6.405488
24,6.0,6.386796,1.64949,1.744323,6.264781
24,6.5,6.131084,1.649748,1.87205,6.136796
24,7.0,5.894682,1.64683,1.99171,6.020054
24,7.5,5.675975,1.641652,2.103652,5.913289
24,8.0,5.473474,1.634904,2.208277,5.815413
24,8.5,5.28582,1.627105,2.306003,5.725485
24,9.0,5.111772,1.61865,2.397255,5.642689
24,9.5,4.950205,1.609832,2.482447,5.566314
24,10.0,4.800093,1.600874,2.561982,5.495737
24,10.5,4.660508,1.591939,2.636242,5.430412
24,11.0,4.530606,1.583147,2.705589,5.369857
24,11.5,4.409619,1.574587,2.770363,5.313643
24,12.0,4.296851,1.56632,2.830881,5.261393
24,12.5,4.191668,1.558386,2.887439,5.212768
24,13.0,4.093492,1.550813,2.940313,5.167467
24,13.5,4.001798,1.543616,2.989759,5.125218
24,14.0,3.916103,1.536801,3.036014,5.085778
24,14.5,3.83597,1.530368,3.079297,5.048928
24,15.0,3.760995,1.52431,3.119813,5.01447
24,15.5,3.69081,1.51862,3.157751,4.982222
24,16.0,3.625076,1.513285,3.193285,4.952023
24,16.5,3.563484,1.508293,3.226578,4.923723
24,17.0,3.505746,1.503627,3.257779,4.897187
24,17.5,3.4516,1.499273,3.287029,4.872291
24,18.0,3.400802,1.495216,3.314457,4.848921
24,18.5,3.353129,1.491439,3.340182,4.826973
24,19.0,3.308372,1.487926,3.364317,4.806351
24,19.5,3.266341,1.484663,3.386964,4.786966
24,20.0,3.226856,1.481633,3.408221,4.768739
24,20.5,3.189754,1.478824,3.428177,4.751593
24,21.0,3.154882,1.47622,3.446915,4.735458
24,21.5,3.122097,1.473808,3.464513,4.720272
24,22.0,3.091267,1.471577,3.481044,4.705972
24,22.5,3.062269,1.469513,3.496575,4.692506
24,23.0,3.03499,1.467605,3.511169,4.67982
24,23.5,3.009321,1.465843,3.524884,4.667867
24,24.0,2.985165,1.464216,3.537775,4.656602
24,24.5,2.962427,1.462715,3.549895,4.645983
24,25.0,2.941021,1.461331,3.56129,4.635973
24,25.5,2.920867,1.460056,3.572005,4.626533
24,26.0,2.901888,1.45888,3.582082,4.617631
24,26.5,2.884013,1.457798,3.59156,4.609235
24,27.0,2.867177,1.456803,3.600476,4.601315
24,27.5,2.851317,1.455887,3.608864,4.593842
24,28.0,2.836374,1.455045,3.616756,4.586792
24,28.5,2.822295,1.454271,3.624183,4.580139
24,29.0,2.809028,1.453561,3.631171,4.573861
24,29.5,2.796526,1.452908,3.637749,4.567936
24,30.0,2.784743,1.45231,3.64394,4.562344
24,30.5,2.773636,1.451761,3.649767,4.557065
24,31.0,2.763168,1.451257,3.655254,4.552083
24,31.5,2.753299,1.450796,3.660418,4.547379
24,32.0,2.743995,1.450374,3.665281,4.542938
24,32.5,2.735224,1.449987,3.66986,4.538746
24,33.0,2.726954,1.449633,3.674172,4.534788
24,33.5,2.719156,1.44931,3.678233,4.531051
24,34.0,2.711804,1.449014,3.682057,4.527522
24,34.5,2.70487,1.448744,3.685659,4.524191
24,35.0,2.698332,1.448497,3.689051,4.521045
24,35.5,2.692166,1.448272,3.692247,4.518074
24,36.0,2.68635,1.448067,3.695257,4.515269
24,36.5,2.680866,1.447879,3.698093,4.512621
24,37.0,2.675693,1.447709,3.700765,4.510119
24,37.5,2.670814,1.447554,3.703282,4.507758
24,38.0,2.666212,1.447412,3.705654,4.505527
24,38.5,2.661871,1.447283,3.707889,4.503421
24,39.0,2.657777,1.447167,3.709994,4.501433
24,39.5,2.653914,1.44706,3.711979,4.499555
24,40.0,2.650271,1.446964,3.713848,4.497781
24,40.5,2.646834,1.446876,3.715611,4.496106
24,41.0,2.643592,1.446797,3.717271,4.494525
24,41.5,2.640533,1.446725,3.718837,4.493032
24,42.0,2.637648,1.44666,3.720312,4.491621
24,42.5,2.634926,1.446601,3.721702,4.49029
24,43.0,2.632358,1.446548,3.723013,4.489032
24,43.5,2.629935,1.4465,3.724248,4.487845
24,44.0,2.627649,1.446457,3.725413,4.486724
24,44.5,2.625492,1.446418,3.726511,4.485665
24,45.0,2.623458,1.446383,3.727546,4.484665
24,45.5,2.621538,1.446351,3.728521,4.483721
24,46.0,2.619727,1.446323,3.729441,4.48283
24,46.5,2.618018,1.446297,3.730308,4.481988
24,47.0,2.616406,1.446274,3.731126,4.481193
24,47.5,2.614885,1.446254,3.731897,4.480443
24,48.0,2.613449,1.446236,3.732623,4.479734
24,48.5,2.612095,1.446219,3.733309,4.479065
24,49.0,2.610817,1.446205,3.733955,4.478434
24,49.5,2.609612,1.446192,3.734564,4.477837
24,50.0,2.608474,1.446181,3.735139,4.477274
25,0.0,27.34884,0.069971,0.026587,9.707176
25,0.5,25.925191,1.022339,0.262227,8.519167
25,1.0,24.485554,1.502394,0.742018,7.559321
25,1.5,23.133323,1.723296,1.307683,6.772754
25,2.0,21.905424,1.803018,1.881771,6.118944
25,2.5,20.807705,1.806795,2.428742,5.568196
25,3.0,19.832703,1.770903,2.934189,5.098641
25,3.5,18.968139,1.715629,3.394108,4.693996
25,4.0,18.200792,1.652328,3.809433,4.341973
25,4.5,17.518157,1.587305,4.183261,4.033167
25,5.0,16.909054,1.523982,4.519475,3.760277
25,5.5,16.363757,1.464118,4.822055,3.51756
25,6.0,15.87392,1.408521,5.094772,3.30044
25,6.5,15.432425,1.35745,5.341055,3.105228
25,7.0,15.033213,1.310857,5.563957,2.928919
25,7.5,14.671124,1.268531,5.766165,2.769038
25,8.0,14.341753,1.23018,5.950026,2.623528
25,8.5,14.041329,1.195479,6.117588,2.490666
25,9.0,13.766613,1.1641,6.270636,2.368997
25,9.5,13.51481,1.135727,6.410724,2.257283
25,10.0,13.283501,1.110062,6.539211,2.154461
25,10.5,13.070585,1.086834,6.657283,2.059616
25,11.0,12.874225,1.065793,6.765984,1.971957
25,11.5,12.692814,1.046715,6.866228,1.89079
25,12.0,12.52494,1.0294,6.958822,1.815511
25,12.5,12.369353,1.013668,7.044482,1.745584
25,13.0,12.224951,0.999356,7.123839,1.680539
25,13.5,12.090751,0.986322,7.197456,1.619956
25,14.0,11.965879,0.974437,7.265834,1.563462
25,14.5,11.849553,0.963588,7.329422,1.510723
25,15.0,11.741071,0.953672,7.388621,1.46144
25,15.5,11.639803,0.944599,7.443791,1.415343
25,16.0,11.545181,0.936287,7.495258,1.372188
25,16.5,11.456692,0.928664,7.543314,1.331755
25,17.0,11.373869,0.921665,7.588225,1.293843
25,17.5,11.29629,0.915232,7.630231,1.25827
25,18.0,11.223572,0.909313,7.66955,1.22487
25,18.5,11.155364,0.903861,7.70638,1.193492
25,19.0,11.091345,0.898834,7.740903,1.163997
25,19.5,11.031223,0.894194,7.773284,1.136255
25,20.0,10.974729,0.889907,7.803674,1.110152
25,20.5,10.921616,0.885943,7.832213,1.085577
25,21.0,10.871658,0.882274,7.859026,1.062433
25,21.5,10.824645,0.878875,7.884233,1.040626
25,22.0,10.780384,0.875723,7.907939,1.020071
25,22.5,10.738697,0.872797,7.930245,1.000691
25,23.0,10.69942,0.87008,7.951242,0.982411
25,23.5,10.662399,0.867555,7.971016,0.965163
25,24.0,10.627493,0.865205,7.989643,0.948885
25,24.5,10.594571,0.863017,8.007198,0.933518
25,25.0,10.56351,0.860979,8.023748,0.919007
25,25.5,10.534197,0.859078,8.039355,0.9053
25,26.0,10.506526,0.857305,8.054077,0.892351
25,26.5,10.480398,0.855649,8.067969,0.880115
25,27.0,10.455721,0.854102,8.08108,0.86855
25,27.5,10.43241,0.852656,8.093459,0.857618
25,28.0,10.410384,0.851304,8.105149,0.847281
25,28.5,10.389567,0.850038,8.11619,0.837506
25,29.0,10.369891,0.848852,8.126621,0.82826
25,29.5,10.351288,0.847741,8.136478,0.819515
25,30.0,10.333698,0.846699,8.145794,0.81124
25,30.5,10.317062,0.845722,8.1546,0.803411
25,31.0,10.301327,0.844805,8.162926,0.796002
25,31.5,10.286441,0.843945,8.1708,0.788989
25,32.0,10.272356,0.843136,8.178246,0.782351
25,32.5,10.259029,0.842376,8.18529,0.776067
25,33.0,10.246416,0.841662,8.191954,0.770118
25,33.5,10.234478,0.84099,8.198259,0.764485
25,34.0,10.223177,0.840358,8.204225,0.759151
25,34.5,10.212479,0.839763,8.209872,0.754099
25,35.0,10.202349,0.839202,8.215216,0.749314
25,35.5,10.192758,0.838675,8.220276,0.744783
25,36.0,10.183676,0.838178,8.225066,0.74049
25,36.5,10.175075,0.837709,8.229601,0.736424
25,37.0,10.166928,0.837267,8.233895,0.732571
25,37.5,10.159212,0.836851,8.237961,0.728921
25,38.0,10.151902,0.836458,8.241812,0.725463
25,38.5,10.144978,0.836087,8.24546,0.722186
25,39.0,10.138418,0.835737,8.248915,0.719081
25,39.5,10.132203,0.835407,8.252187,0.716139
25,40.0,10.126314,0.835095,8.255288,0.71335
25,40.5,10.120734,0.834801,8.258225,0.710708
25,41.0,10.115447,0.834523,8.261008,0.708203
25,41.5,10.110436,0.83426,8.263644,0.705829
25,42.0,10.105688,0.834011,8.266143,0.703579
25,42.5,10.101188,0.833777,8.26851,0.701447
25,43.0,10.096923,0.833555,8.270754,0.699425
25,43.5,10.09288,0.833345,8.27288,0.697509
25,44.0,10.089049,0.833146,8.274895,0.695692
25,44.5,10.085417,0.832959,8.276805,0.69397
25,45.0,10.081974,0.832781,8.278615,0.692337
25,45.5,10.078711,0.832613,8.28033,0.69079
25,46.0,10.075617,0.832455,8.281956,0.689322
25,46.5,10.072685,0.832304,8.283498,0.687931
25,47.0,10.069905,0.832162,8.284959,0.686612
25,47.5,10.067269,0.832027,8.286344,0.685362
25,48.0,10.06477,0.8319,8.287657,0.684176
25,48.5,10.062401,0.831779,8.288902,0.683052
25,49.0,10.060155,0.831665,8.290082,0.681986
25,49.5,10.058026,0.831557,8.291201,0.680975
25,50.0,10.056006,0.831454,8.292262,0.680017
26,0.0,23.583776,0.071689,0.044936,3.086295
26,0.5,23.177879,0.330606,0.118426,2.753887
26,1.0,22.75615,0.475279,0.256954,2.470686
26,1.5,22.342631,0.549432,0.426637,2.226851
26,2.0,21.949931,0.580509,0.607448,2.014962
26,2.5,21.58391,0.585683,0.787872,1.829365
26,3.0,21.246549,0.575676,0.961556,1.665688
26,3.5,20.937679,0.55717,1.125245,1.520506
26,4.0,20.655991,0.53431,1.277518,1.391092
26,4.5,20.399637,0.509645,1.418028,1.275248
26,5.0,20.166565,0.484717,1.547028,1.171175
26,5.5,19.954709,0.460436,1.665097,1.077388
26,6.0,19.762089,0.437309,1.77297,0.992641
26,6.5,19.586862,0.415598,1.871439,0.915884
26,7.0,19.427343,0.395406,1.961294,0.84622
26,7.5,19.282001,0.376744,2.043296,0.78288
26,8.0,19.149461,0.359567,2.118155,0.725198
26,8.5,19.028485,0.3438,2.186526,0.672593
26,9.0,18.917967,0.329352,2.249009,0.624559
26,9.5,18.816917,0.316124,2.306148,0.580648
26,10.0,18.724448,0.30402,2.358435,0.540465
26,10.5,18.639764,0.292946,2.406314,0.50366
26,11.0,18.562154,0.282813,2.450185,0.469922
26,11.5,18.490977,0.273539,2.490411,0.43897
26,12.0,18.425657,0.265048,2.527316,0.410556
26,12.5,18.365678,0.25727,2.561195,0.384455
26,13.0,18.310571,0.250142,2.592312,0.360466
26,13.5,18.259915,0.243606,2.620909,0.338406
26,14.0,18.213327,0.23761,2.647201,0.31811
26,14.5,18.170461,0.232106,2.671385,0.299429
26,15.0,18.131005,0.227052,2.69364,0.282228
26,15.5,18.094673,0.222409,2.714128,0.266383
26,16.0,18.061206,0.218141,2.732996,0.251784
26,16.5,18.030367,0.214216,2.750377,0.238327
26,17.0,18.001943,0.210605,2.766395,0.22592
26,17.5,17.975736,0.207282,2.78116,0.214478
26,18.0,17.951568,0.204222,2.794774,0.203924
26,18.5,17.929274,0.201405,2.80733,0.194186
26,19.0,17.908705,0.198809,2.818912,0.185199
26,19.5,17.889723,0.196416,2.829599,0.176905
26,20.0,17.872203,0.194211,2.839462,0.169247
26,20.5,17.85603,0.192177,2.848565,0.162177
26,21.0,17.841096,0.190302,2.85697,0.155649
26,21.5,17.827307,0.188572,2.86473,0.149619
26,22.0,17.814571,0.186975,2.871896,0.144049
26,22.5,17.802807,0.185502,2.878514,0.138904
26,23.0,17.79194,0.184143,2.884628,0.13415
26,23.5,17.7819,0.182887,2.890275,0.129757
26,24.0,17.772623,0.181728,2.895493,0.125699
26,24.5,17.76405,0.180658,2.900315,0.121948
26,25.0,17.756128,0.179669,2.90477,0.118481
26,25.5,17.748807,0.178756,2.908887,0.115277
26,26.0,17.742039,0.177912,2.912693,0.112315
26,26.5,17.735784,0.177133,2.91621,0.109577
26,27.0,17.730002,0.176413,2.919461,0.107046
26,27.5,17.724656,0.175748,2.922467,0.104706
26,28.0,17.719714,0.175133,2.925245,0.102542
26,28.5,17.715145,0.174564,2.927814,0.100542
26,29.0,17.710921,0.174039,2.930189,0.098692
26,29.5,17.707015,0.173553,2.932385,0.096982
26,30.0,17.703403,0.173104,2.934415,0.0954
26,30.5,17.700063,0.17269,2.936293,0.093938
26,31.0,17.696975,0.172306,2.938029,0.092586
26,31.5,17.694119,0.171951,2.939634,0.091335
26,32.0,17.691477,0.171623,2.941118,0.090178
26,32.5,17.689035,0.17132,2.942491,0.089109
26,33.0,17.686776,0.17104,2.943761,0.088119
26,33.5,17.684687,0.17078,2.944935,0.087204
26,34.0,17.682755,0.170541,2.946021,0.086358
26,34.5,17.680967,0.170319,2.947026,0.085575
26,35.0,17.679315,0.170114,2.947954,0.084852
26,35.5,17.677786,0.169924,2.948814,0.084182
26,36.0,17.676372,0.169749,2.949608,0.083563
26,36.5,17.675064,0.169587,2.950343,0.08299
26,37.0,17.673854,0.169437,2.951023,0.08246
26,37.5,17.672735,0.169298,2.951652,0.08197
26,38.0,17.6717,0.16917,2.952234,0.081517
26,38.5,17.670743,0.169051,2.952772,0.081097
26,39.0,17.669858,0.168941,2.953269,0.080709
26,39.5,17.669038,0.16884,2.95373,0.080351
26,40.0,17.668281,0.168746,2.954155,0.080019
26,40.5,17.66758,0.168659,2.954549,0.079712
26,41.0,17.666932,0.168579,2.954914,0.079428
26,41.5,17.666332,0.168504,2.955251,0.079165
26,42.0,17.665777,0.168436,2.955562,0.078922
26,42.5,17.665264,0.168372,2.955851,0.078697
26,43.0,17.664789,0.168313,2.956118,0.078489
26,43.5,17.66435,0.168259,2.956364,0.078297
26,44.0,17.663944,0.168208,2.956593,0.078119
26,44.5,17.663568,0.168162,2.956804,0.077954
26,45.0,17.66322,0.168119,2.956999,0.077802
26,45.5,17.662899,0.168079,2.95718,0.077661
26,46.0,17.662601,0.168042,2.957347,0.077531
26,46.5,17.662326,0.168008,2.957502,0.07741
26,47.0,17.662072,0.167977,2.957645,0.077299
26,47.5,17.661836,0.167947,2.957777,0.077196
26,48.0,17.661618,0.16792,2.957899,0.0771
26,48.5,17.661417,0.167895,2.958013,0.077012
26,49.0,17.661231,0.167872,2.958117,0.07693
26,49.5,17.661058,0.167851,2.958214,0.076855
26,50.0,17.660899,0.167831,2.958304,0.076785
27,0.0,3.795338,0.09026,0.045578,2.422452
27,0.5,3.748966,0.125811,0.050988,2.38149
27,1.0,3.703522,0.157044,0.058094,2.343152
27,1.5,3.659059,0.184486,0.066604,2.3072
27,2.0,3.615616,0.208598,0.07627,2.273422
27,2.5,3.573217,0.229784,0.086876,2.24163
27,3.0,3.531878,0.248398,0.098239,2.211653
27,3.5,3.491605,0.264749,0.1102,2.183341
27,4.0,3.452397,0.27911,0.122623,2.156557
27,4.5,3.414249,0.291718,0.135393,2.131178
27,5.0,3.377148,0.302783,0.148411,2.107096
27,5.5,3.341082,0.312489,0.161591,2.08421
27,6.0,3.306032,0.320996,0.174862,2.062431
27,6.5,3.27198,0.328447,0.188163,2.041679
27,7.0,3.238902,0.334967,0.201442,2.021881
27,7.5,3.206778,0.340666,0.214654,2.002969
27,8.0,3.175583,0.345642,0.227764,1.984884
27,8.5,3.145294,0.349978,0.240741,1.967571
27,9.0,3.115886,0.353751,0.253558,1.95098
27,9.5,3.087335,0.357028,0.266195,1.935066
27,10.0,3.059616,0.359867,0.278635,1.919788
27,10.5,3.032706,0.362321,0.290864,1.905106
27,11.0,3.006579,0.364434,0.30287,1.890986
27,11.5,2.981214,0.366248,0.314646,1.877396
27,12.0,2.956586,0.367798,0.326185,1.864307
27,12.5,2.932673,0.369116,0.337482,1.851691
27,13.0,2.909453,0.370231,0.348535,1.839524
27,13.5,2.886905,0.371167,0.359341,1.827782
27,14.0,2.865008,0.371945,0.3699,1.816444
27,14.5,2.843741,0.372587,0.380213,1.80549
27,15.0,2.823085,0.373108,0.39028,1.794902
27,15.5,2.803021,0.373523,0.400105,1.784662
27,16.0,2.78353,0.373848,0.409688,1.774754
27,16.5,2.764594,0.374092,0.419033,1.765164
27,17.0,2.746197,0.374268,0.428145,1.755877
27,17.5,2.72832,0.374384,0.437025,1.746881
27,18.0,2.710949,0.374448,0.445678,1.738164
27,18.5,2.694067,0.374468,0.454109,1.729713
27,19.0,2.67766,0.37445,0.462322,1.721518
27,19.5,2.661712,0.3744,0.47032,1.713569
27,20.0,2.64621,0.374323,0.47811,1.705857
27,20.5,2.63114,0.374223,0.485695,1.698372
27,21.0,2.616489,0.374105,0.49308,1.691105
27,21.5,2.602244,0.373971,0.500269,1.68405
27,22.0,2.588393,0.373824,0.507268,1.677197
27,22.5,2.574924,0.373668,0.514081,1.670541
27,23.0,2.561825,0.373504,0.520712,1.664073
27,23.5,2.549085,0.373335,0.527167,1.657788
27,24.0,2.536695,0.373162,0.533449,1.65168
27,24.5,2.524642,0.372986,0.539563,1.645741
27,25.0,2.512918,0.372809,0.545513,1.639968
27,25.5,2.501513,0.372633,0.551304,1.634353
27,26.0,2.490417,0.372457,0.556939,1.628893
27,26.5,2.479621,0.372284,0.562424,1.623582
27,27.0,2.469117,0.372113,0.567762,1.618416
27,27.5,2.458896,0.371945,0.572956,1.613389
27,28.0,2.44895,0.37178,0.578012,1.608498
27,28.5,2.439271,0.37162,0.582931,1.603739
27,29.0,2.429851,0.371464,0.587719,1.599107
27,29.5,2.420683,0.371312,0.592379,1.594599
27,30.0,2.41176,0.371165,0.596914,1.59021
27,30.5,2.403075,0.371024,0.601328,1.585939
27,31.0,2.39462,0.370887,0.605623,1.58178
27,31.5,2.386391,0.370755,0.609804,1.577731
27,32.0,2.378379,0.370628,0.613873,1.573788
27,32.5,2.37058,0.370507,0.617834,1.56995
27,33.0,2.362986,0.37039,0.621688,1.566211
27,33.5,2.355593,0.370279,0.625441,1.56257
27,34.0,2.348395,0.370172,0.629093,1.559025
27,34.5,2.341387,0.37007,0.632648,1.555571
27,35.0,2.334562,0.369974,0.636109,1.552208
27,35.5,2.327917,0.369881,0.639477,1.548931
27,36.0,2.321446,0.369794,0.642757,1.545739
27,36.5,2.315145,0.36971,0.645949,1.54263
27,37.0,2.309008,0.369631,0.649057,1.539601
27,37.5,2.303031,0.369557,0.652083,1.536651
27,38.0,2.297211,0.369486,0.655028,1.533776
27,38.5,2.291542,0.369419,0.657896,1.530975
27,39.0,2.286021,0.369356,0.660688,1.528246
27,39.5,2.280643,0.369296,0.663407,1.525587
27,40.0,2.275405,0.36924,0.666054,1.522996
27,40.5,2.270303,0.369188,0.668631,1.520471
27,41.0,2.265334,0.369139,0.671141,1.518011
27,41.5,2.260493,0.369092,0.673584,1.515613
27,42.0,2.255777,0.369049,0.675964,1.513277
27,42.5,2.251184,0.369009,0.678281,1.511001
27,43.0,2.246709,0.368971,0.680537,1.508782
27,43.5,2.242349,0.368936,0.682734,1.50662
27,44.0,2.238102,0.368903,0.684874,1.504513
27,44.5,2.233965,0.368873,0.686958,1.502459
27,45.0,2.229934,0.368845,0.688987,1.500458
27,45.5,2.226007,0.368819,0.690964,1.498507
27,46.0,2.222181,0.368795,0.692888,1.496606
27,46.5,2.218453,0.368774,0.694763,1.494753
27,47.0,2.214821,0.368754,0.696589,1.492947
27,47.5,2.211283,0.368735,0.698368,1.491187
27,48.0,2.207835,0.368719,0.7001,1.489471
27,48.5,2.204475,0.368704,0.701787,1.487799
27,49.0,2.201202,0.36869,0.703431,1.486169
27,49.5,2.198012,0.368678,0.705032,1.48458
27,50.0,2.194904,0.368667,0.706591,1.483032
28,0.0,9.872742,0.057922,0.017677,8.637836
28,0.5,9.440133,0.420143,0.052871,8.240421
28,1.0,9.014228,0.693137,0.129327,7.890971
28,1.5,8.602663,0.89871,0.232323,7.582402
28,2.0,8.209964,1.053273,0.351391,7.308771
28,2.5,7.838516,1.16916,0.479171,7.065104
28,3.0,7.489272,1.255648,0.610549,6.847238
28,3.5,7.162248,1.319731,0.74202,6.651684
28,4.0,6.856871,1.3667,0.871224,6.475511
28,4.5,6.572215,1.400572,0.996616,6.316247
28,5.0,6.307158,1.424412,1.117224,6.171799
28,5.5,6.060489,1.440563,1.232483,6.040389
28,6.0,5.830976,1.450827,1.342108,5.9205
28,6.5,5.617406,1.456596,1.446008,5.810831
28,7.0,5.418619,1.458943,1.544228,5.710263
28,7.5,5.233512,1.458705,1.636901,5.617829
28,8.0,5.061057,1.456529,1.724216,5.532689
28,8.5,4.900294,1.452922,1.806401,5.454111
28,9.0,4.750339,1.448278,1.883701,5.381456
28,9.5,4.610375,1.442904,1.95637,5.314161
28,10.0,4.47965,1.43704,2.024664,5.251731
28,10.5,4.357475,1.430871,2.088836,5.193728
28,11.0,4.243218,1.424543,2.149129,5.139763
28,11.5,4.136297,1.418166,2.205778,5.089491
28,12.0,4.036179,1.411826,2.259007,5.042603
28,12.5,3.942377,1.405586,2.309028,4.998821
28,13.0,3.854441,1.399495,2.356041,4.957899
28,13.5,3.771959,1.393588,2.400236,4.919611
28,14.0,3.694551,1.387891,2.441788,4.883756
28,14.5,3.62187,1.382419,2.480865,4.850151
28,15.0,3.553594,1.377184,2.517621,4.818631
28,15.5,3.489426,1.37219,2.552201,4.789043
28,16.0,3.429093,1.36744,2.584743,4.761252
28,16.5,3.372342,1.362932,2.615372,4.735131
28,17.0,3.318941,1.358662,2.644208,4.710565
28,17.5,3.268672,1.354624,2.671361,4.687449
28,18.0,3.221335,1.350813,2.696935,4.665687
28,18.5,3.176745,1.347219,2.721027,4.645188
28,19.0,3.134729,1.343836,2.743727,4.625872
28,19.5,3.095127,1.340653,2.765119,4.607662
28,20.0,3.057789,1.337662,2.785284,4.590489
28,20.5,3.022578,1.334854,2.804293,4.574287
28,21.0,2.989362,1.33222,2.822218,4.558997
28,21.5,2.958023,1.329751,2.839122,4.544562
28,22.0,2.928448,1.327437,2.855067,4.530931
28,22.5,2.900531,1.325271,2.870109,4.518055
28,23.0,2.874174,1.323244,2.884301,4.505891
28,23.5,2.849285,1.321348,2.897693,4.494394
28,24.0,2.82578,1.319575,2.910332,4.483528
28,24.5,2.803576,1.317919,2.922262,4.473254
28,25.0,2.782599,1.316372,2.933524,4.463539
28,25.5,2.762778,1.314927,2.944157,4.454351
28,26.0,2.744047,1.313579,2.954196,4.44566
28,26.5,2.726344,1.31232,2.963677,4.437437
28,27.0,2.709609,1.311146,2.972632,4.429657
28,27.5,2.693789,1.310051,2.981089,4.422295
28,28.0,2.678832,1.30903,2.989078,4.415326
28,28.5,2.664689,1.308079,2.996625,4.408731
28,29.0,2.651315,1.307192,3.003756,4.402487
28,29.5,2.638666,1.306365,3.010494,4.396576
28,30.0,2.626703,1.305595,3.01686,4.390979
28,30.5,2.615387,1.304878,3.022877,4.38568
28,31.0,2.604682,1.30421,3.028563,4.380662
28,31.5,2.594556,1.303588,3.033938,4.37591
28,32.0,2.584975,1.303008,3.039018,4.371409
28,32.5,2.57591,1.302469,3.04382,4.367146
28,33.0,2.567333,1.301967,3.048359,4.363109
28,33.5,2.559217,1.3015,3.052651,4.359284
28,34.0,2.551536,1.301065,3.056709,4.355661
28,34.5,2.544268,1.30066,3.060545,4.352229
28,35.0,2.537389,1.300283,3.064173,4.348978
28,35.5,2.530878,1.299933,3.067604,4.345899
28,36.0,2.524717,1.299606,3.070848,4.342981
28,36.5,2.518884,1.299303,3.073916,4.340216
28,37.0,2.513364,1.29902,3.076817,4.337597
28,37.5,2.508138,1.298758,3.079562,4.335116
28,38.0,2.503191,1.298513,3.082157,4.332765
28,38.5,2.498509,1.298285,3.084612,4.330537
28,39.0,2.494076,1.298074,3.086935,4.328427
28,39.5,2.489879,1.297877,3.089131,4.326427
28,40.0,2.485906,1.297693,3.09121,4.324532
28,40.5,2.482145,1.297523,3.093176,4.322737
28,41.0,2.478584,1.297364,3.095035,4.321036
28,41.5,2.475212,1.297216,3.096795,4.319424
28,42.0,2.47202,1.297079,3.09846,4.317897
28,42.5,2.468998,1.29695,3.100035,4.316449
28,43.0,2.466136,1.296831,3.101525,4.315078
28,43.5,2.463427,1.29672,3.102936,4.313779
28,44.0,2.460861,1.296617,3.10427,4.312548
28,44.5,2.458432,1.296521,3.105533,4.311381
28,45.0,2.456132,1.296431,3.106728,4.310276
28,45.5,2.453954,1.296348,3.107858,4.309229
28,46.0,2.451892,1.29627,3.108928,4.308236
28,46.5,2.449939,1.296198,3.109941,4.307296
28,47.0,2.44809,1.296131,3.110899,4.306405
28,47.5,2.446338,1.296068,3.111806,4.305561
28,48.0,2.44468,1.296009,3.112665,4.304761
28,48.5,2.44311,1.295955,3.113477,4.304003
28,49.0,2.441623,1.295904,3.114246,4.303285
28,49.5,2.440215,1.295856,3.114974,4.302605
28,50.0,2.438882,1.295812,3.115662,4.30196
29,0.0,22.997066,0.071946,0.043209,6.459434
29,0.5,22.19663,0.623368,0.167716,5.783505
29,1.0,21.374982,0.935007,0.422722,5.216862
29,1.5,20.580297,1.100939,0.737098,4.736553
29,2.0,19.835302,1.178891,1.070619,4.32508
29,2.5,19.148638,1.204175,1.401309,3.969106
29,3.0,18.521493,1.198427,1.717756,3.658407
29,3.5,17.951335,1.174938,2.014579,3.385072
29,4.0,17.433962,1.141882,2.289794,3.142914
29,4.5,16.964601,1.104274,2.543278,2.927038
29,5.0,16.538476,1.065168,2.775894,2.733528
29,5.5,16.151079,1.026391,2.988981,2.559218
29,6.0,15.798293,0.989005,3.184067,2.401518
29,6.5,15.476423,0.953587,3.362711,2.258292
29,7.0,15.182187,0.920414,3.526415,2.12776
29,7.5,14.912685,0.889578,3.676584,2.008427
29,8.0,14.665363,0.861056,3.814507,1.899027
29,8.5,14.437972,0.83476,3.94135,1.79848
29,9.0,14.228534,0.810567,4.058165,1.705858
29,9.5,14.035303,0.788334,4.165897,1.620358
29,10.0,13.856738,0.767915,4.265389,1.541285
29,10.5,13.691475,0.749163,4.357397,1.46803
29,11.0,13.538304,0.731939,4.442594,1.400056
29,11.5,13.396149,0.716111,4.521586,1.336893
29,12.0,13.264052,0.701557,4.594911,1.278122
29,12.5,13.141156,0.688164,4.663056,1.22337
29,13.0,13.026692,0.675829,4.726455,1.172305
29,13.5,12.919971,0.664459,4.785501,1.12463
29,14.0,12.820372,0.653969,4.840546,1.080075
29,14.5,12.727334,0.64428,4.891909,1.038401
29,15.0,12.640351,0.635323,4.939879,0.999388
29,15.5,12.558963,0.627035,4.984717,0.962838
29,16.0,12.482753,0.619359,5.02666,0.928571
29,16.5,12.41134,0.612242,5.065924,0.896423
29,17.0,12.344379,0.605638,5.102707,0.866244
29,17.5,12.281552,0.599504,5.137187,0.837898
29,18.0,12.22257,0.593803,5.169529,0.811258
29,18.5,12.167167,0.588498,5.199883,0.786209
29,19.0,12.115099,0.583558,5.228387,0.762644
29,19.5,12.066141,0.578955,5.255168,0.740467
29,20.0,12.020086,0.574662,5.280342,0.719586
29,20.5,11.976743,0.570655,5.304016,0.699918
29,21.0,11.935937,0.566913,5.326291,0.681386
29,21.5,11.897504,0.563415,5.347256,0.663918
29,22.0,11.861293,0.560144,5.366997,0.647448
29,22.5,11.827164,0.557083,5.385592,0.631914
29,23.0,11.794987,0.554217,5.403114,0.617259
29,23.5,11.764641,0.551531,5.41963,0.603429
29,24.0,11.736014,0.549013,5.435202,0.590374
29,24.5,11.709001,0.546652,5.449889,0.578049
29,25.0,11.683505,0.544436,5.463745,0.566409
29,25.5,11.659435,0.542355,5.476821,0.555414
29,26.0,11.636706,0.5404,5.489162,0.545027
29,26.5,11.615239,0.538564,5.500814,0.535212
29,27.0,11.594959,0.536837,5.511817,0.525935
29,27.5,11.575798,0.535213,5.52221,0.517166
29,28.0,11.55769,0.533685,5.532028,0.508877
29,28.5,11.540575,0.532246,5.541305,0.501038
29,29.0,11.524395,0.530892,5.550072,0.493625
29,29.5,11.509097,0.529617,5.558359,0.486614
29,30.0,11.494632,0.528415,5.566192,0.479982
29,30.5,11.480951,0.527282,5.573599,0.473708
29,31.0,11.468011,0.526214,5.580603,0.467772
29,31.5,11.45577,0.525207,5.587227,0.462155
29,32.0,11.444189,0.524257,5.593493,0.45684
29,32.5,11.433231,0.523361,5.59942,0.451809
29,33.0,11.422861,0.522515,5.605027,0.447047
29,33.5,11.413048,0.521717,5.610333,0.44254
29,34.0,11.40376,0.520963,5.615354,0.438273
29,34.5,11.394969,0.520251,5.620106,0.434233
29,35.0,11.386647,0.519578,5.624603,0.430408
29,35.5,11.378768,0.518943,5.62886,0.426786
29,36.0,11.371309,0.518343,5.63289,0.423357
29,36.5,11.364246,0.517776,5.636704,0.420109
29,37.0,11.357559,0.51724,5.640316,0.417034
29,37.5,11.351226,0.516733,5.643736,0.414121
29,38.0,11.345229,0.516254,5.646974,0.411362
29,38.5,11.339549,0.515801,5.65004,0.408748
29,39.0,11.33417,0.515372,5.652944,0.406273
29,39.5,11.329075,0.514967,5.655695,0.403928
29,40.0,11.324249,0.514584,5.658299,0.401707
29,40.5,11.319678,0.514221,5.660766,0.399602
29,41.0,11.315347,0.513878,5.663103,0.397609
29,41.5,11.311245,0.513553,5.665317,0.39572
29,42.0,11.307358,0.513246,5.667413,0.39393
29,42.5,11.303676,0.512955,5.6694,0.392235
29,43.0,11.300188,0.51268,5.671282,0.390628
29,43.5,11.296883,0.512419,5.673065,0.389106
29,44.0,11.293751,0.512173,5.674754,0.387663
29,44.5,11.290784,0.511939,5.676354,0.386297
29,45.0,11.287973,0.511718,5.67787,0.385001
29,45.5,11.285308,0.511509,5.679307,0.383774
29,46.0,11.282784,0.51131,5.680668,0.382611
29,46.5,11.280392,0.511123,5.681958,0.381508
29,47.0,11.278125,0.510945,5.683181,0.380464
29,47.5,11.275976,0.510776,5.684339,0.379474
29,48.0,11.27394,0.510617,5.685437,0.378536
29,48.5,11.272011,0.510466,5.686477,0.377646
29,49.0,11.270183,0.510323,5.687463,0.376804
29,49.5,11.26845,0.510187,5.688397,0.376005
29,50.0,11.266807,0.510059,5.689282,0.375248
30,0.0,17.938841,0.064985,0.008444,4.45017
30,0.5,17.509746,0.373003,0.068983,4.081614
30,1.0,17.067886,0.570332,0.191248,3.762019
30,1.5,16.631569,0.692977,0.348084,3.482538
30,2.0,16.211349,0.765425,0.52197,3.236204
30,2.5,15.812826,0.804283,0.701803,3.017514
30,3.0,15.438513,0.820808,0.880697,2.822095
30,3.5,15.089049,0.822643,1.054512,2.646445
30,4.0,14.763967,0.81498,1.220884,2.487736
30,4.5,14.462187,0.801349,1.378589,2.343661
30,5.0,14.182315,0.784147,1.527126,2.212326
30,5.5,13.922827,0.764998,1.666445,2.092156
30,6.0,13.682183,0.744994,1.796769,1.981837
30,6.5,13.458891,0.72486,1.918482,1.880257
30,7.0,13.251535,0.705072,2.032054,1.786474
30,7.5,13.058803,0.68593,2.137991,1.699679
30,8.0,12.879483,0.667617,2.236808,1.619175
30,8.5,12.712466,0.650232,2.329008,1.544359
30,9.0,12.556743,0.633821,2.415076,1.474703
30,9.5,12.411396,0.618389,2.495465,1.409745
30,10.0,12.275592,0.603921,2.5706,1.349078
30,10.5,12.148576,0.590383,2.640878,1.292338
30,11.0,12.029662,0.577733,2.70666,1.239206
30,11.5,11.918227,0.565922,2.768283,1.189394
30,12.0,11.813706,0.554902,2.826054,1.142644
30,12.5,11.715585,0.54462,2.880255,1.098724
30,13.0,11.623396,0.535029,2.931145,1.057425
30,13.5,11.536711,0.52608,2.978962,1.018558
30,14.0,11.455142,0.517728,3.023922,0.981949
30,14.5,11.378331,0.50993,3.066227,0.947442
30,15.0,11.305951,0.502646,3.106059,0.914895
30,15.5,11.237704,0.495839,3.143586,0.884175
30,16.0,11.173314,0.489474,3.178963,0.855162
30,16.5,11.112529,0.483518,3.212334,0.827747
30,17.0,11.055114,0.477943,3.243829,0.801828
30,17.5,11.000856,0.47272,3.273569,0.77731
30,18.0,10.949555,0.467825,3.301667,0.754107
30,18.5,10.901027,0.463234,3.328227,0.732139
30,19.0,10.855103,0.458925,3.353343,0.711331
30,19.5,10.811625,0.454879,3.377105,0.691615
30,20.0,10.770445,0.451078,3.399596,0.672926
30,20.5,10.731429,0.447503,3.420891,0.655205
30,21.0,10.694448,0.444141,3.441063,0.638396
30,21.5,10.659386,0.440977,3.460176,0.622446
30,22.0,10.626131,0.437997,3.478293,0.607309
30,22.5,10.594581,0.435189,3.495472,0.592938
30,23.0,10.564641,0.432542,3.511766,0.579291
30,23.5,10.536219,0.430046,3.527225,0.566329
30,24.0,10.509233,0.42769,3.541896,0.554013
30,24.5,10.483602,0.425466,3.555823,0.54231
30,25.0,10.459254,0.423366,3.569047,0.531186
30,25.5,10.43612,0.421381,3.581607,0.520611
30,26.0,10.414133,0.419505,3.593538,0.510556
30,26.5,10.393233,0.417731,3.604875,0.500993
30,27.0,10.373362,0.416053,3.61565,0.491897
30,27.5,10.354467,0.414465,3.625891,0.483243
30,28.0,10.336496,0.412961,3.635629,0.475009
30,28.5,10.319401,0.411537,3.644888,0.467174
30,29.0,10.303137,0.410188,3.653695,0.459716
30,29.5,10.287661,0.40891,3.662072,0.452617
30,30.0,10.272933,0.407698,3.670042,0.445859
30,30.5,10.258915,0.406549,3.677625,0.439425
30,31.0,10.245571,0.40546,3.684842,0.433298
30,31.5,10.232867,0.404426,3.691711,0.427463
30,32.0,10.220771,0.403445,3.698249,0.421906
30,32.5,10.209253,0.402513,3.704474,0.416612
30,33.0,10.198284,0.401629,3.710401,0.411569
30,33.5,10.187836,0.400789,3.716045,0.406765
30,34.0,10.177884,0.399992,3.72142,0.402188
30,34.5,10.168403,0.399234,3.726539,0.397827
30,35.0,10.159371,0.398514,3.731415,0.393671
30,35.5,10.150766,0.39783,3.73606,0.38971
30,36.0,10.142566,0.397179,3.740485,0.385936
30,36.5,10.134752,0.396561,3.744701,0.382338
30,37.0,10.127306,0.395972,3.748718,0.378909
30,37.5,10.120208,0.395413,3.752547,0.37564
30,38.0,10.113444,0.394881,3.756195,0.372524
30,38.5,10.106996,0.394375,3.759672,0.369553
30,39.0,10.10085,0.393893,3.762986,0.366721
30,39.5,10.094991,0.393435,3.766144,0.36402
30,40.0,10.089405,0.392998,3.769155,0.361446
30,40.5,10.08408,0.392583,3.772026,0.358991
30,41.0,10.079003,0.392188,3.774762,0.35665
30,41.5,10.074162,0.391812,3.777371,0.354417
30,42.0,10.069545,0.391453,3.779858,0.352288
30,42.5,10.065144,0.391112,3.78223,0.350258
30,43.0,10.060946,0.390787,3.784491,0.348322
30,43.5,10.056943,0.390477,3.786647,0.346475
30,44.0,10.053126,0.390182,3.788703,0.344714
30,44.5,10.049485,0.389901,3.790664,0.343034
30,45.0,10.046013,0.389634,3.792534,0.341431
30,45.5,10.042701,0.389379,3.794317,0.339903
30,46.0,10.039542,0.389136,3.796018,0.338445
30,46.5,10.036529,0.388904,3.797641,0.337055
30,47.0,10.033655,0.388684,3.799188,0.335728
30,47.5,10.030914,0.388473,3.800664,0.334462
30,48.0,10.028299,0.388273,3.802071,0.333255
30,48.5,10.025805,0.388082,3.803414,0.332104
30,49.0,10.023425,0.3879,3.804695,0.331005
30,49.5,10.021155,0.387726,3.805917,0.329957
30,50.0,10.01899,0.387561,3.807082,0.328957
31,0.0,2.206811,0.049399,0.032986,1.87298
31,0.5,2.18725,0.066154,0.034389,1.854822
31,1.0,2.16822,0.081415,0.036274,1.837676
31,1.5,2.149706,0.095321,0.038578,1.821466
31,2.0,2.131695,0.107995,0.041246,1.806124
31,2.5,2.114171,0.119549,0.044231,1.791585
31,3.0,2.097121,0.130085,0.047488,1.777792
31,3.5,2.080531,0.139694,0.050978,1.764692
31,4.0,2.064387,0.148461,0.054667,1.752237
31,4.5,2.048676,0.15646,0.058523,1.740382
31,5.0,2.033385,0.16376,0.062519,1.729086
31,5.5,2.0185,0.170424,0.066629,1.718312
31,6.0,2.004009,0.176507,0.070833,1.708025
31,6.5,1.989901,0.182062,0.07511,1.698193
31,7.0,1.976163,0.187134,0.079443,1.688788
31,7.5,1.962784,0.191767,0.083816,1.679782
31,8.0,1.949753,0.195998,0.088216,1.671151
31,8.5,1.937059,0.199863,0.09263,1.662871
31,9.0,1.924692,0.203395,0.097048,1.654922
31,9.5,1.912642,0.206621,0.10146,1.647285
31,10.0,1.9009,0.209568,0.105857,1.63994
31,10.5,1.889456,0.212261,0.110233,1.632871
31,11.0,1.878301,0.214722,0.11458,1.626063
31,11.5,1.867426,0.21697,0.118893,1.619502
31,12.0,1.856824,0.219025,0.123167,1.613174
31,12.5,1.846486,0.220902,0.127397,1.607066
31,13.0,1.836405,0.222617,0.131581,1.601168
31,13.5,1.826572,0.224184,0.135713,1.595468
31,14.0,1.816981,0.225615,0.139793,1.589957
31,14.5,1.807625,0.226923,0.143817,1.584625
31,15.0,1.798498,0.228118,0.147784,1.579464
31,15.5,1.789592,0.229209,0.151691,1.574465
31,16.0,1.780901,0.230205,0.155538,1.569622
31,16.5,1.77242,0.231115,0.159324,1.564926
31,17.0,1.764142,0.231946,0.163047,1.560372
31,17.5,1.756062,0.232705,0.166708,1.555952
31,18.0,1.748175,0.233397,0.170305,1.551663
31,18.5,1.740475,0.234029,0.173839,1.547497
31,19.0,1.732957,0.234606,0.17731,1.54345
31,19.5,1.725617,0.235132,0.180717,1.539516
31,20.0,1.718449,0.235612,0.184061,1.535692
31,20.5,1.711449,0.23605,0.187342,1.531974
31,21.0,1.704613,0.236449,0.19056,1.528356
31,21.5,1.697937,0.236812,0.193717,1.524836
31,22.0,1.691415,0.237144,0.196812,1.521409
31,22.5,1.685045,0.237446,0.199846,1.518073
31,23.0,1.678821,0.237722,0.20282,1.514824
31,23.5,1.672742,0.237972,0.205734,1.511658
31,24.0,1.666802,0.238201,0.20859,1.508574
31,24.5,1.660998,0.238409,0.211388,1.505569
31,25.0,1.655328,0.238598,0.214128,1.502639
31,25.5,1.649787,0.23877,0.216813,1.499782
31,26.0,1.644372,0.238927,0.219442,1.496996
31,26.5,1.63908,0.239069,0.222016,1.494279
31,27.0,1.633909,0.239199,0.224537,1.491629
31,27.5,1.628855,0.239317,0.227006,1.489043
31,28.0,1.623915,0.239424,0.229422,1.486519
31,28.5,1.619086,0.239521,0.231787,1.484056
31,29.0,1.614367,0.23961,0.234103,1.481652
31,29.5,1.609753,0.239691,0.236369,1.479305
31,30.0,1.605244,0.239764,0.238587,1.477014
31,30.5,1.600835,0.239831,0.240758,1.474776
31,31.0,1.596526,0.239891,0.242883,1.472591
31,31.5,1.592312,0.239947,0.244962,1.470457
31,32.0,1.588193,0.239997,0.246996,1.468372
31,32.5,1.584166,0.240043,0.248987,1.466335
31,33.0,1.580228,0.240084,0.250935,1.464346
31,33.5,1.576378,0.240122,0.252841,1.462402
31,34.0,1.572614,0.240157,0.254706,1.460502
31,34.5,1.568933,0.240189,0.25653,1.458646
31,35.0,1.565334,0.240218,0.258315,1.456832
31,35.5,1.561814,0.240245,0.260062,1.455059
31,36.0,1.558373,0.240269,0.26177,1.453326
31,36.5,1.555007,0.240292,0.263442,1.451632
31,37.0,1.551716,0.240312,0.265077,1.449976
31,37.5,1.548498,0.240332,0.266677,1.448357
31,38.0,1.54535,0.240349,0.268241,1.446774
31,38.5,1.542272,0.240366,0.269772,1.445227
31,39.0,1.539261,0.240381,0.27127,1.443714
31,39.5,1.536317,0.240396,0.272735,1.442234
31,40.0,1.533438,0.240409,0.274168,1.440788
31,40.5,1.530621,0.240422,0.275569,1.439373
31,41.0,1.527867,0.240434,0.276941,1.43799
31,41.5,1.525173,0.240446,0.278282,1.436637
31,42.0,1.522538,0.240457,0.279594,1.435314
31,42.5,1.51996,0.240467,0.280878,1.43402
31,43.0,1.517439,0.240477,0.282133,1.432755
31,43.5,1.514973,0.240487,0.283361,1.431517
31,44.0,1.512562,0.240496,0.284562,1.430307
31,44.5,1.510202,0.240505,0.285737,1.429122
31,45.0,1.507895,0.240514,0.286887,1.427964
31,45.5,1.505637,0.240523,0.288011,1.426831
31,46.0,1.503429,0.240531,0.289111,1.425723
31,46.5,1.50127,0.24054,0.290187,1.424639
31,47.0,1.499157,0.240548,0.291239,1.423578
31,47.5,1.49709,0.240556,0.292268,1.422541
31,48.0,1.495068,0.240564,0.293275,1.421526
31,48.5,1.49309,0.240572,0.29426,1.420533
31,49.0,1.491156,0.24058,0.295223,1.419562
31,49.5,1.489263,0.240588,0.296166,1.418611
31,50.0,1.487412,0.240596,0.297087,1.417682
32,0.0,3.998686,0.058764,0.017059,9.288641
32,0.5,3.816618,0.22464,0.025156,9.114669
32,1.0,3.643915,0.365171,0.041242,8.958052
32,1.5,3.48074,0.484389,0.06322,8.816856
32,2.0,3.327046,0.585642,0.089441,8.689382
32,2.5,3.182636,0.671711,0.118611,8.574142
32,3.0,3.047209,0.744917,0.149721,8.469827
32,3.5,2.920398,0.807195,0.181988,8.375282
32,4.0,2.801791,0.860167,0.214806,8.289493
32,4.5,2.690954,0.905195,0.24771,8.21156
32,5.0,2.587446,0.943427,0.280348,8.14069
32,5.5,2.490826,0.975832,0.312456,8.076177
32,6.0,2.400662,1.00323,0.343838,8.017396
32,6.5,2.31654,1.026321,0.374354,7.96379
32,7.0,2.238059,1.045697,0.403906,7.914861
32,7.5,2.164841,1.061868,0.43243,7.870167
32,8.0,2.096526,1.075268,0.459888,7.829309
32,8.5,2.032776,1.086272,0.48626,7.791932
32,9.0,1.973276,1.095202,0.511546,7.757717
32,9.5,1.917728,1.102336,0.535753,7.726377
32,10.0,1.865856,1.107914,0.5589,7.697652
32,10.5,1.817402,1.112145,0.581011,7.671309
32,11.0,1.772126,1.115211,0.602116,7.647138
32,11.5,1.729805,1.117269,0.622248,7.624948
32,12.0,1.690232,1.118456,0.64144,7.604568
32,12.5,1.653215,1.118894,0.65973,7.585841
32,13.0,1.618575,1.118687,0.677154,7.568624
32,13.5,1.586147,1.117926,0.693748,7.552791
32,14.0,1.555778,1.116693,0.709549,7.538223
32,14.5,1.527325,1.115057,0.724593,7.524814
32,15.0,1.500658,1.113082,0.738915,7.512468
32,15.5,1.475653,1.110821,0.752547,7.501096
32,16.0,1.452198,1.108322,0.765524,7.490618
32,16.5,1.430187,1.105628,0.777877,7.48096
32,17.0,1.409524,1.102774,0.789636,7.472055
32,17.5,1.390117,1.099794,0.800829,7.463842
32,18.0,1.371884,1.096715,0.811485,7.456265
32,18.5,1.354746,1.093563,0.82163,7.449272
32,19.0,1.338631,1.090359,0.831289,7.442816
32,19.5,1.323472,1.087123,0.840487,7.436855
32,20.0,1.309207,1.083871,0.849246,7.431349
32,20.5,1.295779,1.080617,0.857587,7.426261
32,21.0,1.283132,1.077374,0.865532,7.42156
32,21.5,1.271218,1.074152,0.8731,7.417213
32,22.0,1.259989,1.070962,0.880309,7.413194
32,22.5,1.249402,1.06781,0.887178,7.409476
32,23.0,1.239418,1.064705,0.893723,7.406037
32,23.5,1.229998,1.061651,0.89996,7.402854
32,24.0,1.221108,1.058653,0.905904,7.399908
32,24.5,1.212714,1.055716,0.911569,7.39718
32,25.0,1.204787,1.052842,0.91697,7.394653
32,25.5,1.197298,1.050035,0.922118,7.392312
32,26.0,1.190221,1.047295,0.927026,7.390143
32,26.5,1.18353,1.044626,0.931706,7.388133
32,27.0,1.177204,1.042027,0.936169,7.386269
32,27.5,1.171219,1.0395,0.940425,7.38454
32,28.0,1.165556,1.037045,0.944484,7.382936
32,28.5,1.160197,1.034661,0.948356,7.381448
32,29.0,1.155122,1.032349,0.952049,7.380067
32,29.5,1.150317,1.030109,0.955572,7.378785
32,30.0,1.145765,1.027938,0.958933,7.377594
32,30.5,1.141452,1.025838,0.962139,7.376488
32,31.0,1.137365,1.023806,0.965199,7.37546
32,31.5,1.13349,1.021842,0.968119,7.374504
32,32.0,1.129815,1.019944,0.970905,7.373616
32,32.5,1.12633,1.018111,0.973564,7.37279
32,33.0,1.123024,1.016341,0.976102,7.372022
32,33.5,1.119886,1.014634,0.978524,7.371306
32,34.0,1.116909,1.012988,0.980836,7.370641
32,34.5,1.114082,1.011401,0.983043,7.370021
32,35.0,1.111398,1.009871,0.98515,7.369444
32,35.5,1.108849,1.008398,0.987161,7.368906
32,36.0,1.106427,1.006979,0.989082,7.368405
32,36.5,1.104127,1.005613,0.990915,7.367937
32,37.0,1.101941,1.004298,0.992665,7.367501
32,37.5,1.099863,1.003034,0.994336,7.367095
32,38.0,1.097888,1.001817,0.995932,7.366716
32,38.5,1.09601,1.000647,0.997456,7.366361
32,39.0,1.094224,0.999523,0.998911,7.366031
32,39.5,1.092525,0.998442,1.000301,7.365722
32,40.0,1.09091,0.997404,1.001628,7.365433
32,40.5,1.089373,0.996406,1.002895,7.365163
32,41.0,1.08791,0.995448,1.004106,7.364911
32,41.5,1.086518,0.994528,1.005262,7.364675
32,42.0,1.085193,0.993645,1.006366,7.364455
32,42.5,1.083932,0.992797,1.00742,7.364248
32,43.0,1.082731,0.991983,1.008428,7.364055
32,43.5,1.081588,0.991202,1.00939,7.363873
32,44.0,1.080499,0.990453,1.010309,7.363704
32,44.5,1.079462,0.989734,1.011187,7.363545
32,45.0,1.078475,0.989044,1.012025,7.363395
32,45.5,1.077534,0.988383,1.012826,7.363256
32,46.0,1.076637,0.987749,1.013591,7.363124
32,46.5,1.075783,0.987141,1.014322,7.363001
32,47.0,1.074969,0.986559,1.015021,7.362886
32,47.5,1.074193,0.986,1.015688,7.362777
32,48.0,1.073454,0.985465,1.016325,7.362675
32,48.5,1.072749,0.984952,1.016934,7.362579
32,49.0,1.072077,0.98446,1.017516,7.362489
32,49.5,1.071437,0.983989,1.018071,7.362404
32,50.0,1.070826,0.983538,1.018602,7.362324
33,0.0,17.850773,0.034687,0.059092,0.716637
33,0.5,17.777338,0.078904,0.0737,0.657811
33,1.0,17.701329,0.107333,0.097491,0.605592
33,1.5,17.625346,0.124775,0.126761,0.558879
33,2.0,17.551073,0.134622,0.158974,0.516819
33,2.5,17.479561,0.139261,0.19241,0.478744
33,3.0,17.411426,0.140374,0.225922,0.44412
33,3.5,17.346986,0.139139,0.258759,0.412517
33,4.0,17.286366,0.136383,0.290447,0.383585
33,4.5,17.229556,0.132681,0.320703,0.357031
33,5.0,17.176464,0.128433,0.349373,0.332609
33,5.5,17.126946,0.123913,0.376392,0.310111
33,6.0,17.080828,0.119307,0.401754,0.289354
33,6.5,17.037919,0.114742,0.425491,0.270182
33,7.0,16.998024,0.110299,0.44766,0.252457
33,7.5,16.96095,0.106028,0.468333,0.236055
33,8.0,16.926507,0.101961,0.487588,0.220867
33,8.5,16.894515,0.098112,0.505508,0.206795
33,9.0,16.864802,0.094488,0.522176,0.193751
33,9.5,16.837206,0.091087,0.537675,0.181653
33,10.0,16.811576,0.087905,0.552081,0.170429
33,10.5,16.787769,0.084932,0.565471,0.160013
33,11.0,16.765655,0.082159,0.577915,0.150342
33,11.5,16.745111,0.079575,0.589478,0.141362
33,12.0,16.726023,0.07717,0.600225,0.13302
33,12.5,16.708286,0.074931,0.610213,0.125271
33,13.0,16.691803,0.072849,0.619495,0.11807
33,13.5,16.676482,0.070913,0.628124,0.111378
33,14.0,16.662241,0.069113,0.636144,0.105158
33,14.5,16.649002,0.06744,0.643601,0.099375
33,15.0,16.636692,0.065884,0.650533,0.093998
33,15.5,16.625246,0.064438,0.65698,0.088998
33,16.0,16.614602,0.063093,0.662974,0.084348
33,16.5,16.604702,0.061843,0.668549,0.080023
33,17.0,16.595495,0.060681,0.673734,0.076001
33,17.5,16.58693,0.0596,0.678557,0.072258
33,18.0,16.578962,0.058596,0.683043,0.068777
33,18.5,16.571549,0.057661,0.687217,0.065538
33,19.0,16.564652,0.056792,0.6911,0.062524
33,19.5,16.558234,0.055984,0.694712,0.059719
33,20.0,16.552263,0.055232,0.698074,0.057109
33,20.5,16.546706,0.054533,0.701202,0.05468
33,21.0,16.541534,0.053882,0.704113,0.05242
33,21.5,16.536721,0.053277,0.706823,0.050316
33,22.0,16.532242,0.052714,0.709344,0.048358
33,22.5,16.528072,0.052189,0.711691,0.046535
33,23.0,16.524192,0.051702,0.713875,0.044839
33,23.5,16.520579,0.051248,0.715908,0.043259
33,24.0,16.517217,0.050826,0.7178,0.041789
33,24.5,16.514086,0.050433,0.719562,0.040421
33,25.0,16.511172,0.050067,0.721202,0.039146
33,25.5,16.50846,0.049726,0.722729,0.03796
33,26.0,16.505934,0.04941,0.72415,0.036856
33,26.5,16.503583,0.049115,0.725473,0.035828
33,27.0,16.501394,0.04884,0.726705,0.034871
33,27.5,16.499355,0.048584,0.727852,0.033979
33,28.0,16.497458,0.048346,0.728919,0.033149
33,28.5,16.495691,0.048125,0.729914,0.032377
33,29.0,16.494046,0.047919,0.730839,0.031657
33,29.5,16.492514,0.047727,0.731701,0.030988
33,30.0,16.491088,0.047548,0.732504,0.030364
33,30.5,16.48976,0.047381,0.733251,0.029783
33,31.0,16.488523,0.047226,0.733947,0.029242
33,31.5,16.487372,0.047082,0.734594,0.028739
33,32.0,16.4863,0.046948,0.735198,0.02827
33,32.5,16.485301,0.046823,0.735759,0.027833
33,33.0,16.484372,0.046706,0.736282,0.027426
33,33.5,16.483506,0.046598,0.73677,0.027048
33,34.0,16.4827,0.046497,0.737223,0.026695
33,34.5,16.481949,0.046403,0.737645,0.026367
33,35.0,16.48125,0.046315,0.738039,0.026061
33,35.5,16.480599,0.046234,0.738405,0.025776
33,36.0,16.479993,0.046158,0.738746,0.025511
33,36.5,16.479429,0.046087,0.739064,0.025264
33,37.0,16.478903,0.046021,0.739359,0.025034
33,37.5,16.478413,0.04596,0.739635,0.02482
33,38.0,16.477957,0.045903,0.739891,0.024621
33,38.5,16.477533,0.04585,0.74013,0.024435
33,39.0,16.477138,0.0458,0.740353,0.024262
33,39.5,16.476769,0.045754,0.74056,0.024101
33,40.0,16.476426,0.045711,0.740753,0.023951
33,40.5,16.476107,0.045671,0.740932,0.023812
33,41.0,16.47581,0.045634,0.7411,0.023682
33,41.5,16.475533,0.0456,0.741255,0.02356
33,42.0,16.475275,0.045567,0.7414,0.023448
33,42.5,16.475035,0.045537,0.741536,0.023343
33,43.0,16.474811,0.045509,0.741661,0.023245
33,43.5,16.474603,0.045483,0.741779,0.023154
33,44.0,16.474409,0.045459,0.741888,0.023069
33,44.5,16.474228,0.045436,0.741989,0.02299
33,45.0,16.47406,0.045415,0.742084,0.022916
33,45.5,16.473903,0.045396,0.742172,0.022848
33,46.0,16.473757,0.045377,0.742254,0.022784
33,46.5,16.473621,0.04536,0.742331,0.022724
33,47.0,16.473495,0.045344,0.742402,0.022669
33,47.5,16.473377,0.04533,0.742468,0.022617
33,48.0,16.473267,0.045316,0.74253,0.022569
33,48.5,16.473165,0.045303,0.742587,0.022525
33,49.0,16.47307,0.045291,0.742641,0.022483
33,49.5,16.472981,0.04528,0.742691,0.022444
33,50.0,16.472899,0.04527,0.742737,0.022408
34,0.0,28.798217,0.04823,0.078274,1.285935
34,0.5,28.582809,0.167883,0.126152,1.118405
34,1.0,28.358758,0.225615,0.209311,0.977513
34,1.5,28.141518,0.248048,0.306714,0.857677
34,2.0,27.938628,0.250831,0.406767,0.75484
34,2.5,27.753191,0.243116,0.503344,0.665979
34,3.0,27.585891,0.230209,0.593447,0.588783
34,3.5,27.436148,0.215153,0.675847,0.521439
34,4.0,27.302771,0.199657,0.750283,0.462499
34,4.5,27.184321,0.184644,0.817014,0.41078
34,5.0,27.07931,0.170583,0.876551,0.365305
34,5.5,26.986301,0.157676,0.929509,0.325254
34,6.0,26.903958,0.145977,0.97653,0.289932
34,6.5,26.831067,0.135458,1.018235,0.258746
34,7.0,26.76654,0.126049,1.055203,0.231187
34,7.5,26.709405,0.117662,1.087964,0.206813
34,8.0,26.658803,0.110201,1.116995,0.185242
34,8.5,26.613975,0.103574,1.142723,0.166142
34,9.0,26.574249,0.097691,1.165527,0.149221
34,9.5,26.539035,0.092471,1.185744,0.134224
34,10.0,26.507812,0.087841,1.203671,0.120927
34,10.5,26.48012,0.083734,1.219571,0.109134
34,11.0,26.455553,0.080091,1.233675,0.098673
34,11.5,26.433755,0.076859,1.24619,0.08939
34,12.0,26.41441,0.073992,1.257297,0.08115
34,12.5,26.397237,0.071448,1.267155,0.073836
34,13.0,26.381991,0.069189,1.275907,0.067343
34,13.5,26.368454,0.067185,1.283678,0.061576
34,14.0,26.356432,0.065406,1.290578,0.056455
34,14.5,26.345755,0.063826,1.296707,0.051906
34,15.0,26.336271,0.062423,1.30215,0.047866
34,15.5,26.327846,0.061177,1.306986,0.044276
34,16.0,26.320361,0.06007,1.311282,0.041087
34,16.5,26.313711,0.059087,1.315098,0.038253
34,17.0,26.307802,0.058214,1.31849,0.035736
34,17.5,26.302551,0.057438,1.321503,0.033498
34,18.0,26.297885,0.056748,1.324181,0.03151
34,18.5,26.293739,0.056136,1.32656,0.029743
34,19.0,26.290053,0.055592,1.328675,0.028173
34,19.5,26.286778,0.055108,1.330554,0.026777
34,20.0,26.283867,0.054678,1.332225,0.025536
34,20.5,26.28128,0.054296,1.333709,0.024434
34,21.0,26.278981,0.053956,1.335029,0.023454
34,21.5,26.276937,0.053655,1.336202,0.022583
34,22.0,26.27512,0.053386,1.337244,0.021808
34,22.5,26.273505,0.053148,1.338171,0.02112
34,23.0,26.272069,0.052936,1.338995,0.020508
34,23.5,26.270793,0.052748,1.339727,0.019964
34,24.0,26.269659,0.05258,1.340378,0.019481
34,24.5,26.26865,0.052431,1.340956,0.019051
34,25.0,26.267754,0.052299,1.341471,0.018669
34,25.5,26.266957,0.052182,1.341928,0.018329
34,26.0,26.266249,0.052077,1.342334,0.018027
34,26.5,26.265619,0.051984,1.342696,0.017759
34,27.0,26.265059,0.051901,1.343017,0.01752
34,27.5,26.264562,0.051828,1.343302,0.017308
34,28.0,26.264119,0.051763,1.343556,0.01712
34,28.5,26.263726,0.051705,1.343782,0.016952
34,29.0,26.263376,0.051653,1.343983,0.016803
34,29.5,26.263066,0.051607,1.344161,0.016671
34,30.0,26.262789,0.051566,1.344319,0.016553
34,30.5,26.262544,0.05153,1.34446,0.016448
34,31.0,26.262325,0.051498,1.344586,0.016355
34,31.5,26.262131,0.051469,1.344697,0.016272
34,32.0,26.261958,0.051444,1.344796,0.016199
34,32.5,26.261805,0.051421,1.344884,0.016133
34,33.0,26.261669,0.051401,1.344962,0.016075
34,33.5,26.261547,0.051383,1.345032,0.016024
34,34.0,26.26144,0.051367,1.345094,0.015978
34,34.5,26.261344,0.051353,1.345149,0.015937
34,35.0,26.261259,0.051341,1.345198,0.015901
34,35.5,26.261183,0.051329,1.345241,0.015868
34,36.0,26.261115,0.051319,1.34528,0.01584
34,36.5,26.261056,0.051311,1.345314,0.015814
34,37.0,26.261002,0.051303,1.345345,0.015791
34,37.5,26.260955,0.051296,1.345372,0.015771
34,38.0,26.260913,0.05129,1.345396,0.015753
34,38.5,26.260876,0.051284,1.345417,0.015737
34,39.0,26.260842,0.051279,1.345436,0.015723
34,39.5,26.260813,0.051275,1.345453,0.015711
34,40.0,26.260787,0.051271,1.345469,0.015699
34,40.5,26.260763,0.051268,1.345482,0.015689
34,41.0,26.260742,0.051264,1.345494,0.015681
34,41.5,26.260724,0.051262,1.345504,0.015673
34,42.0,26.260708,0.051259,1.345514,0.015666
34,42.5,26.260693,0.051257,1.345522,0.015659
34,43.0,26.26068,0.051255,1.34553,0.015654
34,43.5,26.260668,0.051254,1.345536,0.015649
34,44.0,26.260658,0.051252,1.345542,0.015645
34,44.5,26.260649,0.051251,1.345547,0.015641
34,45.0,26.260641,0.051249,1.345552,0.015637
34,45.5,26.260634,0.051248,1.345556,0.015634
34,46.0,26.260627,0.051247,1.34556,0.015632
34,46.5,26.260622,0.051247,1.345563,0.015629
34,47.0,26.260617,0.051246,1.345566,0.015627
34,47.5,26.260612,0.051245,1.345569,0.015625
34,48.0,26.260608,0.051245,1.345571,0.015623
34,48.5,26.260605,0.051244,1.345573,0.015622
34,49.0,26.260601,0.051244,1.345575,0.01562
34,49.5,26.260599,0.051243,1.345576,0.015619
34,50.0,26.260596,0.051243,1.345578,0.015618
35,0.0,15.113092,0.049071,0.093783,5.931416
35,0.5,14.645037,0.412755,0.145968,5.515547
35,1.0,14.16823,0.660443,0.260527,5.1533
35,1.5,13.698977,0.826751,0.412,4.835519
35,2.0,13.246889,0.936058,0.583391,4.554822
35,2.5,12.817179,1.005481,0.763534,4.305255
35,3.0,12.41225,1.047043,0.945217,4.082009
35,3.5,12.032748,1.069204,1.123888,3.881178
35,4.0,11.678265,1.07793,1.296767,3.699574
35,4.5,11.347781,1.077442,1.462252,3.534576
35,5.0,11.039954,1.070733,1.61952,3.384016
35,5.5,10.7533,1.059929,1.76825,3.246091
35,6.0,10.486298,1.046536,1.908447,3.119287
35,6.5,10.237464,1.031625,2.040319,3.002325
35,7.0,10.005381,1.01595,2.164198,2.894121
35,7.5,9.788723,1.00004,2.280483,2.793748
35,8.0,9.58626,0.98426,2.389604,2.700406
35,8.5,9.396862,0.968861,2.492003,2.613407
35,9.0,9.219494,0.954005,2.588114,2.53215
35,9.5,9.05321,0.939798,2.67836,2.456112
35,10.0,8.897152,0.926298,2.763139,2.384833
35,10.5,8.750535,0.913533,2.84283,2.317907
35,11.0,8.612647,0.901511,2.917785,2.254974
35,11.5,8.482838,0.890222,2.988334,2.195714
35,12.0,8.360519,0.879646,3.054781,2.139843
35,12.5,8.245151,0.869757,3.11741,2.087103
35,13.0,8.136243,0.860523,3.176481,2.037266
35,13.5,8.033345,0.851912,3.232235,1.990122
35,14.0,7.936047,0.843888,3.284896,1.945486
35,14.5,7.843974,0.836417,3.334668,1.903185
35,15.0,7.75678,0.829464,3.381742,1.863064
35,15.5,7.674149,0.822996,3.426291,1.824983
35,16.0,7.59579,0.816981,3.468478,1.788811
35,16.5,7.521434,0.811388,3.508453,1.754429
35,17.0,7.450833,0.806188,3.546353,1.721729
35,17.5,7.38376,0.801354,3.582307,1.690609
35,18.0,7.320002,0.796861,3.616432,1.660977
35,18.5,7.259365,0.792684,3.64884,1.632747
35,19.0,7.201665,0.7888,3.679631,1.605839
35,19.5,7.146736,0.785189,3.708901,1.58018
35,20.0,7.09442,0.781831,3.736739,1.555701
35,20.5,7.044571,0.778707,3.763225,1.532338
35,21.0,6.997053,0.775802,3.788436,1.510031
35,21.5,6.95174,0.773099,3.812444,1.488726
35,22.0,6.908512,0.770584,3.835316,1.46837
35,22.5,6.86726,0.768243,3.857113,1.448915
35,23.0,6.827879,0.766063,3.877893,1.430314
35,23.5,6.790273,0.764033,3.897711,1.412526
35,24.0,6.75435,0.762143,3.916618,1.39551
35,24.5,6.720024,0.760381,3.934661,1.379227
35,25.0,6.687216,0.75874,3.951886,1.363644
35,25.5,6.65585,0.75721,3.968334,1.348726
35,26.0,6.625854,0.755784,3.984045,1.334442
35,26.5,6.597163,0.754453,3.999056,1.320761
35,27.0,6.569712,0.753212,4.013402,1.307656
35,27.5,6.543442,0.752054,4.027116,1.2951
35,28.0,6.518297,0.750973,4.040229,1.283068
35,28.5,6.494223,0.749963,4.052771,1.271536
35,29.0,6.471171,0.749021,4.064768,1.260481
35,29.5,6.449093,0.74814,4.076247,1.249883
35,30.0,6.427944,0.747317,4.087233,1.23972
35,30.5,6.407682,0.746547,4.097749,1.229973
35,31.0,6.388266,0.745828,4.107817,1.220625
35,31.5,6.369657,0.745155,4.117458,1.211657
35,32.0,6.35182,0.744525,4.126691,1.203053
35,32.5,6.33472,0.743936,4.135536,1.194798
35,33.0,6.318325,0.743384,4.14401,1.186876
35,33.5,6.302602,0.742867,4.152129,1.179274
35,34.0,6.287523,0.742383,4.159911,1.171976
35,34.5,6.27306,0.741929,4.167369,1.164972
35,35.0,6.259186,0.741503,4.174519,1.158247
35,35.5,6.245875,0.741104,4.181374,1.151791
35,36.0,6.233103,0.74073,4.187948,1.145593
35,36.5,6.220847,0.740378,4.194251,1.13964
35,37.0,6.209085,0.740048,4.200297,1.133924
35,37.5,6.197796,0.739739,4.206097,1.128435
35,38.0,6.18696,0.739447,4.21166,1.123162
35,38.5,6.176558,0.739174,4.216998,1.118098
35,39.0,6.166571,0.738917,4.22212,1.113233
35,39.5,6.156983,0.738675,4.227035,1.10856
35,40.0,6.147777,0.738447,4.231752,1.104071
35,40.5,6.138936,0.738233,4.236279,1.099758
35,41.0,6.130446,0.738031,4.240625,1.095614
35,41.5,6.122293,0.737841,4.244797,1.091632
35,42.0,6.114462,0.737662,4.248802,1.087806
35,42.5,6.10694,0.737493,4.252647,1.084129
35,43.0,6.099715,0.737334,4.256339,1.080596
35,43.5,6.092774,0.737184,4.259885,1.077201
35,44.0,6.086106,0.737042,4.26329,1.073938
35,44.5,6.0797,0.736909,4.26656,1.070802
35,45.0,6.073545,0.736782,4.2697,1.067787
35,45.5,6.067631,0.736663,4.272717,1.06489
35,46.0,6.061949,0.73655,4.275614,1.062105
35,46.5,6.056488,0.736444,4.278398,1.059428
35,47.0,6.051241,0.736343,4.281072,1.056855
35,47.5,6.046199,0.736247,4.283641,1.054382
35,48.0,6.041353,0.736157,4.286109,1.052004
35,48.5,6.036695,0.736072,4.28848,1.049718
35,49.0,6.032219,0.735991,4.290759,1.04752
35,49.5,6.027916,0.735914,4.292949,1.045407
35,50.0,6.023781,0.735841,4.295053,1.043376
36,0.0,14.731193,0.026698,0.033157,5.446388
36,0.5,14.314444,0.357213,0.076273,5.072756
36,1.0,13.888423,0.584843,0.175469,4.74593
36,1.5,13.467346,0.739499,0.30868,4.458064
36,2.0,13.059833,0.842487,0.460942,4.202813
36,2.5,12.670756,0.908938,0.622255,3.975049
36,3.0,12.302539,0.949593,0.786036,3.770613
36,3.5,11.956045,0.97209,0.948034,3.586117
36,4.0,11.631165,0.981873,1.105583,3.418786
36,4.5,11.32721,0.982829,1.257082,3.266331
36,5.0,11.043164,0.977741,1.40165,3.126852
36,5.5,10.777846,0.968601,1.538879,2.998763
36,6.0,10.530017,0.956838,1.668675,2.88073
36,6.5,10.298439,0.943475,1.791145,2.771622
36,7.0,10.081917,0.929242,1.906523,2.670478
36,7.5,9.879317,0.914654,2.015117,2.576472
36,8.0,9.68958,0.900076,2.117274,2.488892
36,8.5,9.511723,0.885757,2.213362,2.407123
36,9.0,9.344841,0.871868,2.303748,2.330627
36,9.5,9.188102,0.858518,2.388792,2.258932
36,10.0,9.040746,0.845775,2.468842,2.191626
36,10.5,8.902075,0.833675,2.544227,2.12834
36,11.0,8.771454,0.822233,2.615258,2.068751
36,11.5,8.648302,0.811446,2.682228,2.012568
36,12.0,8.532086,0.801302,2.745408,1.959532
36,12.5,8.422321,0.791782,2.805051,1.90941
36,13.0,8.318562,0.78286,2.861391,1.861991
36,13.5,8.220402,0.774508,2.914647,1.817087
36,14.0,8.127468,0.766697,2.965019,1.774526
36,14.5,8.039416,0.759398,3.012695,1.734149
36,15.0,7.955931,0.752579,3.057847,1.695816
36,15.5,7.876723,0.746211,3.100635,1.659396
36,16.0,7.801524,0.740267,3.141207,1.624769
36,16.5,7.730088,0.734718,3.179699,1.591826
36,17.0,7.662187,0.729538,3.216239,1.560465
36,17.5,7.59761,0.724704,3.250945,1.530593
36,18.0,7.53616,0.720191,3.283927,1.502125
36,18.5,7.477658,0.715978,3.315284,1.47498
36,19.0,7.421934,0.712043,3.345113,1.449085
36,19.5,7.368832,0.708369,3.373501,1.424372
36,20.0,7.318206,0.704937,3.40053,1.400775
36,20.5,7.269921,0.70173,3.426276,1.378236
36,21.0,7.22385,0.698733,3.450811,1.356699
36,21.5,7.179874,0.695931,3.4742,1.336112
36,22.0,7.137883,0.69331,3.496505,1.316426
36,22.5,7.097772,0.690859,3.517786,1.297597
36,23.0,7.059446,0.688565,3.538096,1.279581
36,23.5,7.022813,0.686418,3.557486,1.262338
36,24.0,6.987788,0.684407,3.576005,1.24583
36,24.5,6.954289,0.682524,3.593696,1.230023
36,25.0,6.922243,0.680759,3.610601,1.214882
36,25.5,6.891577,0.679104,3.626762,1.200376
36,26.0,6.862224,0.677553,3.642213,1.186476
36,26.5,6.834123,0.676097,3.656992,1.173153
36,27.0,6.807212,0.674731,3.67113,1.160381
36,27.5,6.781436,0.673449,3.684659,1.148134
36,28.0,6.756742,0.672245,3.697609,1.136389
36,28.5,6.733079,0.671113,3.710006,1.125123
36,29.0,6.7104,0.67005,3.721877,1.114316
36,29.5,6.688661,0.66905,3.733247,1.103946
36,30.0,6.667817,0.66811,3.744138,1.093994
36,30.5,6.64783,0.667225,3.754575,1.084443
36,31.0,6.62866,0.666392,3.764576,1.075275
36,31.5,6.610272,0.665607,3.774162,1.066473
36,32.0,6.59263,0.664868,3.783353,1.058021
36,32.5,6.575703,0.664172,3.792164,1.049906
36,33.0,6.559458,0.663516,3.800615,1.042112
36,33.5,6.543867,0.662896,3.80872,1.034626
36,34.0,6.528901,0.662312,3.816496,1.027435
36,34.5,6.514533,0.661761,3.823955,1.020526
36,35.0,6.500738,0.66124,3.831113,1.013889
36,35.5,6.487491,0.660748,3.837983,1.007512
36,36.0,6.474769,0.660283,3.844576,1.001383
36,36.5,6.462551,0.659844,3.850905,0.995494
36,37.0,6.450815,0.659428,3.85698,0.989833
36,37.5,6.43954,0.659035,3.862814,0.984393
36,38.0,6.428709,0.658663,3.868416,0.979163
36,38.5,6.418302,0.658311,3.873796,0.974135
36,39.0,6.408302,0.657978,3.878962,0.969302
36,39.5,6.398692,0.657662,3.883925,0.964655
36,40.0,6.389457,0.657362,3.888693,0.960187
36,40.5,6.38058,0.657078,3.893273,0.955891
36,41.0,6.372049,0.656809,3.897673,0.95176
36,41.5,6.363847,0.656554,3.901901,0.947787
36,42.0,6.355964,0.656311,3.905965,0.943967
36,42.5,6.348384,0.656081,3.909869,0.940292
36,43.0,6.341097,0.655862,3.913622,0.936758
36,43.5,6.334091,0.655655,3.917229,0.933358
36,44.0,6.327354,0.655457,3.920697,0.930089
36,44.5,6.320876,0.655269,3.92403,0.926943
36,45.0,6.314646,0.655091,3.927234,0.923918
36,45.5,6.308654,0.654921,3.930314,0.921007
36,46.0,6.302892,0.65476,3.933276,0.918207
36,46.5,6.297351,0.654606,3.936124,0.915513
36,47.0,6.29202,0.654459,3.938862,0.912921
36,47.5,6.286893,0.65432,3.941496,0.910427
36,48.0,6.281961,0.654187,3.944028,0.908028
36,48.5,6.277217,0.65406,3.946463,0.905719
36,49.0,6.272653,0.653939,3.948806,0.903497
36,49.5,6.268263,0.653824,3.951058,0.90136
36,50.0,6.264039,0.653714,3.953225,0.899303
37,0.0,13.728432,0.002161,0.082629,9.013527
37,0.5,13.100541,0.522108,0.136602,8.439608
37,1.0,12.47202,0.883377,0.270228,7.944714
37,1.5,11.862831,1.132906,0.450057,7.515354
37,2.0,11.283974,1.303733,0.654072,7.140512
37,2.5,10.740737,1.419036,0.86804,6.811242
37,3.0,10.234879,1.495095,1.082939,6.520284
37,3.5,9.766071,1.543383,1.293199,6.261736
37,4.0,9.332802,1.572024,1.495513,6.03078
37,4.5,8.932947,1.5868,1.688053,5.823465
37,5.0,8.564121,1.591842,1.869944,5.636531
37,5.5,8.223883,1.590121,2.040924,5.467273
37,6.0,7.909854,1.583775,2.201112,5.313431
37,6.5,7.619787,1.574349,2.350858,5.173111
37,7.0,7.351594,1.56296,2.490649,5.044708
37,7.5,7.103359,1.550417,2.621038,4.926863
37,8.0,6.873336,1.537299,2.742608,4.818411
37,8.5,6.659943,1.524021,2.855944,4.718352
37,9.0,6.461747,1.510879,2.961613,4.625826
37,9.5,6.277456,1.498077,3.06016,4.540081
37,10.0,6.105904,1.485753,3.152097,4.460467
37,10.5,5.946038,1.473999,3.237907,4.386411
37,11.0,5.796909,1.462868,3.318038,4.317412
37,11.5,5.657657,1.45239,3.392903,4.253025
37,12.0,5.527506,1.442572,3.462887,4.192858
37,12.5,5.405751,1.433413,3.528344,4.136561
37,13.0,5.291754,1.424896,3.589601,4.083821
37,13.5,5.184934,1.417001,3.646958,4.034358
37,14.0,5.084764,1.409702,3.700693,3.987923
37,14.5,4.990762,1.402972,3.751059,3.944287
37,15.0,4.902487,1.396779,3.798293,3.903245
37,15.5,4.819538,1.391093,3.84261,3.864614
37,16.0,4.741546,1.385884,3.884211,3.828223
37,16.5,4.668173,1.381119,3.92328,3.793919
37,17.0,4.599109,1.37677,3.959987,3.761561
37,17.5,4.534067,1.372808,3.994488,3.731021
37,18.0,4.472784,1.369206,4.026931,3.702181
37,18.5,4.415018,1.365937,4.057448,3.674932
37,19.0,4.360543,1.362976,4.086166,3.649175
37,19.5,4.309151,1.360301,4.1132,3.624817
37,20.0,4.26065,1.357888,4.138657,3.601773
37,20.5,4.214861,1.355717,4.162637,3.579964
37,21.0,4.171618,1.353769,4.185233,3.559316
37,21.5,4.130767,1.352026,4.20653,3.539762
37,22.0,4.092163,1.35047,4.226609,3.521239
37,22.5,4.055674,1.349086,4.245546,3.503686
37,23.0,4.021175,1.347859,4.263409,3.48705
37,23.5,3.988548,1.346776,4.280264,3.471278
37,24.0,3.957686,1.345824,4.296171,3.456323
37,24.5,3.928486,1.344991,4.311188,3.442139
37,25.0,3.900853,1.344267,4.325366,3.428684
37,25.5,3.874698,1.343642,4.338756,3.41592
37,26.0,3.849937,1.343106,4.351404,3.403807
37,26.5,3.826492,1.342651,4.363354,3.392312
37,27.0,3.80429,1.342269,4.374646,3.381402
37,27.5,3.783261,1.341954,4.385319,3.371045
37,28.0,3.763341,1.341697,4.395407,3.361213
37,28.5,3.744468,1.341494,4.404945,3.351878
37,29.0,3.726584,1.341339,4.413964,3.343015
37,29.5,3.709637,1.341226,4.422494,3.334597
37,30.0,3.693576,1.341152,4.430562,3.326604
37,30.5,3.678351,1.341111,4.438195,3.319012
37,31.0,3.663919,1.3411,4.445417,3.311801
37,31.5,3.650236,1.341116,4.45225,3.304952
37,32.0,3.637262,1.341154,4.458718,3.298446
37,32.5,3.62496,1.341213,4.464839,3.292265
37,33.0,3.613294,1.341289,4.470634,3.286394
37,33.5,3.60223,1.341381,4.47612,3.280816
37,34.0,3.591736,1.341486,4.481315,3.275517
37,34.5,3.581783,1.341601,4.486234,3.270483
37,35.0,3.572341,1.341726,4.490893,3.265699
37,35.5,3.563384,1.341858,4.495305,3.261155
37,36.0,3.554886,1.341997,4.499484,3.256837
37,36.5,3.546824,1.34214,4.503444,3.252734
37,37.0,3.539175,1.342287,4.507195,3.248836
37,37.5,3.531917,1.342437,4.510749,3.245132
37,38.0,3.525029,1.342588,4.514117,3.241612
37,38.5,3.518493,1.342741,4.517309,3.238268
37,39.0,3.512291,1.342894,4.520334,3.23509
37,39.5,3.506404,1.343046,4.523201,3.232071
37,40.0,3.500818,1.343197,4.525918,3.229202
37,40.5,3.495516,1.343347,4.528494,3.226476
37,41.0,3.490483,1.343496,4.530937,3.223885
37,41.5,3.485706,1.343641,4.533252,3.221424
37,42.0,3.481172,1.343785,4.535448,3.219085
37,42.5,3.476868,1.343926,4.537529,3.216863
37,43.0,3.472782,1.344063,4.539503,3.214751
37,43.5,3.468904,1.344198,4.541375,3.212745
37,44.0,3.465222,1.344329,4.54315,3.210838
37,44.5,3.461727,1.344457,4.544834,3.209027
37,45.0,3.458409,1.344581,4.546431,3.207306
37,45.5,3.455258,1.344701,4.547946,3.20567
37,46.0,3.452268,1.344819,4.549383,3.204116
37,46.5,3.449428,1.344932,4.550746,3.20264
37,47.0,3.446732,1.345042,4.552039,3.201237
37,47.5,3.444172,1.345148,4.553266,3.199904
37,48.0,3.441742,1.34525,4.55443,3.198637
37,48.5,3.439434,1.345349,4.555534,3.197434
37,49.0,3.437243,1.345445,4.556582,3.196291
37,49.5,3.435162,1.345537,4.557576,3.195204
37,50.0,3.433187,1.345626,4.55852,3.194172
38,0.0,5.067224,0.055404,0.010858,6.886281
38,0.5,4.893403,0.209603,0.020668,6.722271
38,1.0,4.725179,0.338933,0.040115,6.573494
38,1.5,4.563247,0.447498,0.066799,6.438246
38,2.0,4.408031,0.538697,0.098807,6.315037
38,2.5,4.259743,0.61535,0.134625,6.202568
38,3.0,4.118445,0.679793,0.173052,6.099697
38,3.5,3.984081,0.733969,0.213146,6.005427
38,4.0,3.856513,0.779496,0.254167,5.918879
38,4.5,3.735546,0.817723,0.295537,5.839283
38,5.0,3.620946,0.849777,0.33681,5.765955
38,5.5,3.512451,0.876605,0.377643,5.698294
38,6.0,3.40979,0.898999,0.417777,5.635766
38,6.5,3.312681,0.917628,0.457016,5.577897
38,7.0,3.220845,0.933055,0.495221,5.524266
38,7.5,3.134006,0.945757,0.532289,5.474495
38,8.0,3.051895,0.956138,0.568155,5.428249
38,8.5,2.974252,0.96454,0.602776,5.385227
38,9.0,2.900826,0.971254,0.636131,5.345157
38,9.5,2.831381,0.97653,0.668215,5.307797
38,10.0,2.76569,0.98058,0.699036,5.272926
38,10.5,2.703537,0.983584,0.728611,5.240347
38,11.0,2.64472,0.985699,0.756962,5.209881
38,11.5,2.589046,0.987058,0.784119,5.181365
38,12.0,2.536335,0.987775,0.810116,5.154651
38,12.5,2.486417,0.987949,0.834988,5.129605
38,13.0,2.439132,0.987665,0.858773,5.106105
38,13.5,2.394329,0.986995,0.881509,5.084038
38,14.0,2.351867,0.986003,0.903236,5.063303
38,14.5,2.311613,0.984742,0.923993,5.043806
38,15.0,2.273442,0.983261,0.94382,5.025462
38,15.5,2.237238,0.981598,0.962753,5.008191
38,16.0,2.20289,0.979789,0.980831,4.991921
38,16.5,2.170295,0.977865,0.998091,4.976586
38,17.0,2.139356,0.97585,1.014568,4.962124
38,17.5,2.109983,0.973767,1.030296,4.948479
38,18.0,2.082088,0.971636,1.045309,4.935597
38,18.5,2.055592,0.969473,1.059638,4.92343
38,19.0,2.03042,0.967292,1.073315,4.911935
38,19.5,2.006499,0.965106,1.086369,4.901068
38,20.0,1.983763,0.962924,1.098828,4.890791
38,20.5,1.962149,0.960755,1.110719,4.881068
38,21.0,1.941598,0.958607,1.122069,4.871867
38,21.5,1.922053,0.956485,1.132902,4.863155
38,22.0,1.903462,0.954396,1.143242,4.854904
38,22.5,1.885775,0.952344,1.153112,4.847086
38,23.0,1.868945,0.950331,1.162533,4.839678
38,23.5,1.852929,0.948361,1.171526,4.832654
38,24.0,1.837683,0.946437,1.180111,4.825994
38,24.5,1.82317,0.944559,1.188306,4.819676
38,25.0,1.809352,0.94273,1.19613,4.813682
38,25.5,1.796193,0.94095,1.2036,4.807992
38,26.0,1.78366,0.939219,1.210732,4.802591
38,26.5,1.771723,0.937539,1.217541,4.797463
38,27.0,1.76035,0.935908,1.224042,4.792592
38,27.5,1.749515,0.934328,1.23025,4.787965
38,28.0,1.739191,0.932797,1.236177,4.783568
38,28.5,1.729351,0.931315,1.241838,4.779389
38,29.0,1.719974,0.929882,1.247243,4.775417
38,29.5,1.711035,0.928496,1.252406,4.77164
38,30.0,1.702513,0.927158,1.257336,4.768049
38,30.5,1.694389,0.925865,1.262044,4.764633
38,31.0,1.686643,0.924618,1.266541,4.761384
38,31.5,1.679256,0.923414,1.270836,4.758292
38,32.0,1.672212,0.922254,1.274938,4.75535
38,32.5,1.665494,0.921135,1.278857,4.75255
38,33.0,1.659086,0.920057,1.2826,4.749885
38,33.5,1.652973,0.919019,1.286175,4.747348
38,34.0,1.647142,0.91802,1.28959,4.744932
38,34.5,1.641579,0.917057,1.292853,4.742632
38,35.0,1.636272,0.916132,1.29597,4.740441
38,35.5,1.631207,0.915241,1.298947,4.738354
38,36.0,1.626375,0.914384,1.301792,4.736366
38,36.5,1.621763,0.913561,1.304509,4.734472
38,37.0,1.617362,0.912769,1.307106,4.732668
38,37.5,1.613162,0.912008,1.309586,4.730948
38,38.0,1.609153,0.911277,1.311956,4.729309
38,38.5,1.605327,0.910575,1.314221,4.727747
38,39.0,1.601674,0.9099,1.316384,4.726258
38,39.5,1.598187,0.909252,1.318451,4.724839
38,40.0,1.594859,0.90863,1.320427,4.723485
38,40.5,1.591681,0.908033,1.322314,4.722195
38,41.0,1.588647,0.90746,1.324118,4.720965
38,41.5,1.585751,0.90691,1.325841,4.719791
38,42.0,1.582985,0.906382,1.327487,4.718672
38,42.5,1.580344,0.905876,1.329061,4.717605
38,43.0,1.577823,0.90539,1.330565,4.716587
38,43.5,1.575415,0.904924,1.332001,4.715616
38,44.0,1.573116,0.904478,1.333374,4.71469
38,44.5,1.57092,0.904049,1.334687,4.713806
38,45.0,1.568823,0.903639,1.33594,4.712963
38,45.5,1.56682,0.903245,1.337139,4.712159
38,46.0,1.564908,0.902867,1.338284,4.711391
38,46.5,1.563081,0.902505,1.339378,4.710659
38,47.0,1.561336,0.902159,1.340424,4.70996
38,47.5,1.55967,0.901826,1.341423,4.709292
38,48.0,1.558078,0.901508,1.342378,4.708656
38,48.5,1.556557,0.901203,1.343291,4.708048
38,49.0,1.555105,0.900911,1.344163,4.707468
38,49.5,1.553718,0.900631,1.344997,4.706914
38,50.0,1.552392,0.900362,1.345794,4.706386
39,0.0,9.15578,0.065942,0.072699,7.802151
39,0.5,8.793378,0.370573,0.101585,7.468635
39,1.0,8.43625,0.604494,0.163189,7.173111
39,1.5,8.089953,0.783992,0.246588,6.910213
39,2.0,7.757919,0.921555,0.343823,6.675414
39,2.5,7.442083,1.02675,0.449144,6.464899
39,3.0,7.143338,1.106907,0.558438,6.275448
39,3.5,6.861875,1.167654,0.668796,6.104343
39,4.0,6.597424,1.213324,0.778186,5.949282
39,4.5,6.349419,1.247265,0.885219,5.808309
39,5.0,6.117118,1.27207,0.988967,5.679757
39,5.5,5.899685,1.289755,1.088841,5.562198
39,6.0,5.696242,1.301894,1.184493,5.454406
39,6.5,5.505906,1.309719,1.275748,5.355326
39,7.0,5.327814,1.314197,1.362555,5.264041
39,7.5,5.161136,1.316089,1.444948,5.179756
39,8.0,5.005085,1.315994,1.523021,5.101778
39,8.5,4.858919,1.314388,1.596907,5.029498
39,9.0,4.721946,1.311645,1.666765,4.962383
39,9.5,4.59352,1.308063,1.732769,4.899961
39,10.0,4.473043,1.303875,1.795102,4.841816
39,10.5,4.35996,1.299268,1.853946,4.787578
39,11.0,4.253759,1.294389,1.909486,4.736918
39,11.5,4.153967,1.289352,1.961901,4.68954
39,12.0,4.060145,1.284248,2.011364,4.645181
39,12.5,3.97189,1.279148,2.058042,4.603604
39,13.0,3.888829,1.274105,2.102094,4.564595
39,13.5,3.810618,1.26916,2.143671,4.527962
39,14.0,3.736938,1.264345,2.182919,4.493529
39,14.5,3.667495,1.259683,2.219971,4.461138
39,15.0,3.602016,1.25519,2.254957,4.430646
39,15.5,3.540249,1.250876,2.287998,4.401919
39,16.0,3.48196,1.246748,2.319207,4.374838
39,16.5,3.426932,1.242809,2.34869,4.349294
39,17.0,3.374963,1.23906,2.376549,4.325184
39,17.5,3.325866,1.2355,2.402878,4.302415
39,18.0,3.279467,1.232125,2.427764,4.280904
39,18.5,3.235605,1.228931,2.451293,4.260569
39,19.0,3.194127,1.225912,2.473541,4.24134
39,19.5,3.154893,1.223064,2.494582,4.223147
39,20.0,3.117772,1.220379,2.514485,4.205929
39,20.5,3.082641,1.217851,2.533314,4.189627
39,21.0,3.049386,1.215473,2.551131,4.174188
39,21.5,3.017898,1.213239,2.567992,4.159562
39,22.0,2.988078,1.21114,2.583951,4.145701
39,22.5,2.959831,1.209171,2.599059,4.132562
39,23.0,2.93307,1.207325,2.613363,4.120105
39,23.5,2.907711,1.205594,2.626908,4.108291
39,24.0,2.883677,1.203974,2.639735,4.097084
39,24.5,2.860894,1.202457,2.651885,4.086451
39,25.0,2.839295,1.201038,2.663394,4.076361
39,25.5,2.818815,1.199711,2.674297,4.066785
39,26.0,2.799394,1.19847,2.684628,4.057694
39,26.5,2.780973,1.197312,2.694418,4.049063
39,27.0,2.7635,1.196229,2.703696,4.040868
39,27.5,2.746923,1.195219,2.71249,4.033085
39,28.0,2.731195,1.194275,2.720825,4.025692
39,28.5,2.716272,1.193395,2.728727,4.018671
39,29.0,2.702109,1.192575,2.736218,4.012
39,29.5,2.688669,1.191809,2.743321,4.005662
39,30.0,2.675911,1.191096,2.750057,3.99964
39,30.5,2.663802,1.190431,2.756444,3.993918
39,31.0,2.652306,1.189812,2.762502,3.98848
39,31.5,2.641392,1.189235,2.768247,3.983311
39,32.0,2.63103,1.188697,2.773697,3.978399
39,32.5,2.621192,1.188197,2.778866,3.97373
39,33.0,2.611849,1.187731,2.78377,3.969292
39,33.5,2.602978,1.187297,2.788423,3.965073
39,34.0,2.594553,1.186894,2.792837,3.961062
39,34.5,2.586551,1.186518,2.797025,3.957249
39,35.0,2.578952,1.186169,2.801,3.953624
39,35.5,2.571734,1.185844,2.804771,3.950177
39,36.0,2.564878,1.185542,2.80835,3.9469
39,36.5,2.558366,1.185261,2.811747,3.943785
39,37.0,2.552179,1.185,2.814971,3.940822
39,37.5,2.546303,1.184757,2.818031,3.938005
39,38.0,2.54072,1.184531,2.820935,3.935327
39,38.5,2.535416,1.184321,2.823692,3.93278
39,39.0,2.530377,1.184125,2.826309,3.930358
39,39.5,2.525589,1.183944,2.828794,3.928055
39,40.0,2.521041,1.183775,2.831152,3.925865
39,40.5,2.516719,1.183618,2.833392,3.923783
39,41.0,2.512613,1.183473,2.835518,3.921802
39,41.5,2.508711,1.183337,2.837536,3.919919
39,42.0,2.505003,1.183212,2.839453,3.918128
39,42.5,2.501481,1.183095,2.841273,3.916425
39,43.0,2.498133,1.182986,2.843001,3.914806
39,43.5,2.494952,1.182885,2.844642,3.913266
39,44.0,2.491929,1.182791,2.8462,3.911801
39,44.5,2.489056,1.182704,2.84768,3.910409
39,45.0,2.486326,1.182623,2.849086,3.909084
39,45.5,2.483732,1.182547,2.850421,3.907825
39,46.0,2.481267,1.182477,2.851688,3.906627
39,46.5,2.478924,1.182412,2.852892,3.905488
39,47.0,2.476697,1.182352,2.854036,3.904405
39,47.5,2.474581,1.182296,2.855122,3.903375
39,48.0,2.47257,1.182243,2.856154,3.902396
39,48.5,2.470659,1.182195,2.857134,3.901464
39,49.0,2.468842,1.18215,2.858065,3.900579
39,49.5,2.467116,1.182108,2.858949,3.899736
39,50.0,2.465475,1.182069,2.859789,3.898936
40,0.0,4.124487,0.091601,0.023021,0.855419
40,0.5,4.105336,0.099707,0.028545,0.841791
40,1.0,4.086487,0.106802,0.034421,0.828818
40,1.5,4.067953,0.113009,0.040585,0.816448
40,2.0,4.049743,0.118434,0.046977,0.804631
40,2.5,4.031864,0.12317,0.053549,0.793323
40,3.0,4.014321,0.1273,0.060255,0.782486
40,3.5,3.997114,0.130897,0.06706,0.772085
40,4.0,3.980247,0.134025,0.07393,0.762087
40,4.5,3.963718,0.13674,0.080837,0.752465
40,5.0,3.947525,0.139092,0.087757,0.743193
40,5.5,3.931667,0.141125,0.09467,0.734247
40,6.0,3.91614,0.142877,0.101557,0.725608
40,6.5,3.900941,0.144382,0.108404,0.717256
40,7.0,3.886065,0.145671,0.115198,0.709173
40,7.5,3.871507,0.146769,0.121928,0.701345
40,8.0,3.857263,0.1477,0.128584,0.693758
40,8.5,3.843327,0.148485,0.135159,0.686397
40,9.0,3.829694,0.149142,0.141648,0.679252
40,9.5,3.816358,0.149687,0.148043,0.672312
40,10.0,3.803313,0.150133,0.154343,0.665566
40,10.5,3.790553,0.150494,0.160542,0.659006
40,11.0,3.778073,0.15078,0.166639,0.652623
40,11.5,3.765867,0.151,0.172632,0.646409
40,12.0,3.753928,0.151165,0.178519,0.640358
40,12.5,3.742251,0.15128,0.1843,0.634462
40,13.0,3.73083,0.151353,0.189974,0.628715
40,13.5,3.71966,0.151389,0.195541,0.623112
40,14.0,3.708735,0.151394,0.201002,0.617647
40,14.5,3.698049,0.151371,0.206356,0.612315
40,15.0,3.687596,0.151326,0.211605,0.607111
40,15.5,3.677372,0.151261,0.216749,0.602032
40,16.0,3.667372,0.15118,0.22179,0.597072
40,16.5,3.657589,0.151085,0.226729,0.592228
40,17.0,3.648019,0.150979,0.231567,0.587496
40,17.5,3.638657,0.150863,0.236305,0.582873
40,18.0,3.629499,0.15074,0.240946,0.578355
40,18.5,3.620539,0.150611,0.245491,0.57394
40,19.0,3.611772,0.150477,0.249941,0.569624
40,19.5,3.603195,0.15034,0.254298,0.565404
40,20.0,3.594803,0.150201,0.258564,0.561277
40,20.5,3.586592,0.15006,0.26274,0.557242
40,21.0,3.578557,0.149918,0.266828,0.553295
40,21.5,3.570694,0.149777,0.27083,0.549435
40,22.0,3.563,0.149636,0.274748,0.545658
40,22.5,3.55547,0.149496,0.278583,0.541963
40,23.0,3.5481,0.149357,0.282337,0.538348
40,23.5,3.540888,0.14922,0.286011,0.53481
40,24.0,3.533829,0.149086,0.289608,0.531348
40,24.5,3.52692,0.148954,0.293129,0.527959
40,25.0,3.520157,0.148824,0.296575,0.524643
40,25.5,3.513537,0.148697,0.299949,0.521396
40,26.0,3.507057,0.148572,0.303251,0.518218
40,26.5,3.500714,0.148451,0.306483,0.515107
40,27.0,3.494504,0.148333,0.309648,0.512062
40,27.5,3.488424,0.148217,0.312745,0.50908
40,28.0,3.482472,0.148105,0.315777,0.50616
40,28.5,3.476645,0.147996,0.318745,0.503301
40,29.0,3.470939,0.14789,0.321651,0.500501
40,29.5,3.465353,0.147787,0.324496,0.497759
40,30.0,3.459883,0.147687,0.327281,0.495074
40,30.5,3.454527,0.14759,0.330007,0.492445
40,31.0,3.449283,0.147496,0.332676,0.489869
40,31.5,3.444147,0.147405,0.33529,0.487347
40,32.0,3.439117,0.147317,0.337849,0.484877
40,32.5,3.434192,0.147231,0.340354,0.482457
40,33.0,3.429369,0.147149,0.342807,0.480086
40,33.5,3.424645,0.147069,0.345209,0.477764
40,34.0,3.420018,0.146991,0.347561,0.47549
40,34.5,3.415487,0.146917,0.349864,0.473261
40,35.0,3.411049,0.146844,0.352119,0.471078
40,35.5,3.406702,0.146775,0.354327,0.46894
40,36.0,3.402444,0.146707,0.35649,0.466845
40,36.5,3.398274,0.146642,0.358608,0.464792
40,37.0,3.394188,0.146579,0.360682,0.462781
40,37.5,3.390187,0.146518,0.362713,0.46081
40,38.0,3.386267,0.14646,0.364703,0.45888
40,38.5,3.382426,0.146403,0.366651,0.456988
40,39.0,3.378665,0.146348,0.368559,0.455134
40,39.5,3.374979,0.146295,0.370428,0.453318
40,40.0,3.371369,0.146244,0.372259,0.451538
40,40.5,3.367832,0.146195,0.374052,0.449794
40,41.0,3.364366,0.146148,0.375809,0.448085
40,41.5,3.360971,0.146102,0.377529,0.446411
40,42.0,3.357645,0.146058,0.379214,0.44477
40,42.5,3.354386,0.146015,0.380865,0.443161
40,43.0,3.351192,0.145974,0.382482,0.441585
40,43.5,3.348064,0.145935,0.384067,0.440041
40,44.0,3.344998,0.145896,0.385619,0.438527
40,44.5,3.341994,0.145859,0.387139,0.437043
40,45.0,3.339051,0.145824,0.388628,0.43559
40,45.5,3.336166,0.14579,0.390088,0.434165
40,46.0,3.33334,0.145756,0.391517,0.432768
40,46.5,3.330571,0.145724,0.392918,0.431399
40,47.0,3.327857,0.145694,0.39429,0.430058
40,47.5,3.325197,0.145664,0.395635,0.428743
40,48.0,3.322591,0.145635,0.396952,0.427454
40,48.5,3.320037,0.145608,0.398243,0.426191
40,49.0,3.317534,0.145581,0.399508,0.424953
40,49.5,3.315082,0.145555,0.400747,0.423739
40,50.0,3.312678,0.14553,0.401962,0.42255
41,0.0,17.090722,0.037092,0.082979,8.178389
41,0.5,16.365031,0.59781,0.165465,7.535185
41,1.0,15.630333,0.960426,0.351506,6.986527
41,1.5,14.917358,1.190987,0.592714,6.51476
41,2.0,14.242118,1.333629,0.859013,6.105819
41,2.5,13.611728,1.417757,1.132143,5.74856
41,3.0,13.028134,1.462991,1.401323,5.434146
41,3.5,12.490411,1.482473,1.660444,5.155543
41,4.0,11.996134,1.485049,1.906294,4.907117
41,4.5,11.542198,1.476699,2.137437,4.684324
41,5.0,11.125273,1.461482,2.353508,4.48347
41,5.5,10.742068,1.442152,2.554776,4.301532
41,6.0,10.389461,1.420583,2.741864,4.136013
41,6.5,10.064568,1.39804,2.915582,3.984838
41,7.0,9.764762,1.375372,3.076819,3.846269
41,7.5,9.487669,1.353137,3.226483,3.71884
41,8.0,9.231162,1.331696,3.365457,3.601307
41,8.5,8.993333,1.31127,3.494584,3.492606
41,9.0,8.772483,1.291982,3.614653,3.391825
41,9.5,8.567089,1.273892,3.726395,3.298173
41,10.0,8.375794,1.257012,3.830483,3.210965
41,10.5,8.197384,1.241325,3.927531,3.129603
41,11.0,8.030769,1.226794,4.018104,3.053562
41,11.5,7.874975,1.213368,4.102714,2.982378
41,12.0,7.729124,1.20099,4.181829,2.915641
41,12.5,7.592428,1.189599,4.255873,2.852989
41,13.0,7.464174,1.17913,4.325234,2.794096
41,13.5,7.343718,1.169524,4.390265,2.738672
41,14.0,7.230479,1.160717,4.451288,2.686455
41,14.5,7.123926,1.152653,4.508596,2.637211
41,15.0,7.023581,1.145275,4.562458,2.590727
41,15.5,6.929003,1.138532,4.613119,2.54681
41,16.0,6.839794,1.132372,4.660803,2.505285
41,16.5,6.755588,1.126752,4.705716,2.465993
41,17.0,6.676051,1.121626,4.748048,2.428786
41,17.5,6.600874,1.116956,4.787971,2.393533
41,18.0,6.529775,1.112704,4.825646,2.36011
41,18.5,6.462495,1.108837,4.86122,2.328403
41,19.0,6.398793,1.105321,4.894829,2.29831
41,19.5,6.338449,1.102129,4.926597,2.269734
41,20.0,6.281256,1.099233,4.956641,2.242586
41,20.5,6.227026,1.096607,4.985069,2.216784
41,21.0,6.175583,1.09423,5.011979,2.192251
41,21.5,6.126762,1.092081,5.037465,2.168915
41,22.0,6.080413,1.090138,5.06161,2.146711
41,22.5,6.036392,1.088386,5.084497,2.125577
41,23.0,5.99457,1.086808,5.106197,2.105455
41,23.5,5.954822,1.085387,5.126781,2.086292
41,24.0,5.917034,1.084112,5.146313,2.068035
41,24.5,5.881098,1.082968,5.164853,2.050639
41,25.0,5.846913,1.081945,5.182457,2.034058
41,25.5,5.814386,1.081031,5.199177,2.018251
41,26.0,5.783427,1.080218,5.215063,2.003179
41,26.5,5.753955,1.079495,5.230161,1.988804
41,27.0,5.725891,1.078854,5.244513,1.975093
41,27.5,5.699161,1.078289,5.258161,1.962011
41,28.0,5.673698,1.077792,5.271141,1.949527
41,28.5,5.649436,1.077356,5.28349,1.937614
41,29.0,5.626314,1.076977,5.295241,1.926243
41,29.5,5.604274,1.076648,5.306425,1.915387
41,30.0,5.583262,1.076365,5.317072,1.905023
41,30.5,5.563227,1.076123,5.327211,1.895126
41,31.0,5.544121,1.075919,5.336866,1.885675
41,31.5,5.525897,1.075748,5.346063,1.876649
41,32.0,5.508513,1.075607,5.354826,1.868027
41,32.5,5.491927,1.075494,5.363176,1.859791
41,33.0,5.476101,1.075404,5.371133,1.851922
41,33.5,5.460997,1.075337,5.378719,1.844405
41,34.0,5.446583,1.075289,5.38595,1.837221
41,34.5,5.432823,1.075258,5.392845,1.830357
41,35.0,5.419688,1.075242,5.399421,1.823797
41,35.5,5.407147,1.07524,5.405692,1.817528
41,36.0,5.395173,1.07525,5.411674,1.811536
41,36.5,5.383738,1.075271,5.417381,1.805808
41,37.0,5.372818,1.0753,5.422826,1.800333
41,37.5,5.362389,1.075338,5.428022,1.7951
41,38.0,5.352427,1.075382,5.432981,1.790097
41,38.5,5.342911,1.075433,5.437714,1.785313
41,39.0,5.33382,1.075488,5.442231,1.78074
41,39.5,5.325135,1.075548,5.446544,1.776368
41,40.0,5.316837,1.075611,5.450661,1.772187
41,40.5,5.308909,1.075678,5.454593,1.76819
41,41.0,5.301332,1.075746,5.458347,1.764367
41,41.5,5.294092,1.075817,5.461932,1.760712
41,42.0,5.287173,1.075888,5.465356,1.757216
41,42.5,5.28056,1.075961,5.468626,1.753874
41,43.0,5.274239,1.076034,5.471749,1.750677
41,43.5,5.268198,1.076108,5.474733,1.747619
41,44.0,5.262423,1.076181,5.477584,1.744695
41,44.5,5.256903,1.076254,5.480307,1.741899
41,45.0,5.251626,1.076327,5.482909,1.739224
41,45.5,5.246581,1.076399,5.485396,1.736666
41,46.0,5.241758,1.07647,5.487772,1.734219
41,46.5,5.237147,1.07654,5.490042,1.731878
41,47.0,5.232739,1.076609,5.492212,1.729639
41,47.5,5.228524,1.076677,5.494286,1.727498
41,48.0,5.224493,1.076743,5.496268,1.725449
41,48.5,5.220639,1.076808,5.498162,1.72349
41,49.0,5.216954,1.076872,5.499973,1.721616
41,49.5,5.21343,1.076934,5.501704,1.719823
41,50.0,5.21006,1.076994,5.503359,1.718107
42,0.0,10.197028,0.09529,0.029092,5.393043
42,0.5,9.909594,0.31997,0.060469,5.136986
42,1.0,9.622245,0.490235,0.11901,4.908179
42,1.5,9.33992,0.618767,0.195907,4.70275
42,2.0,9.065865,0.715289,0.284673,4.517462
42,2.5,8.802104,0.78725,0.380573,4.349601
42,3.0,8.54979,0.840355,0.480178,4.196891
42,3.5,8.309468,0.878978,0.581028,4.057419
42,4.0,8.081262,0.90648,0.68138,3.929565
42,4.5,7.865016,0.925448,0.780019,3.811958
42,5.0,7.660391,0.937878,0.876116,3.70343
42,5.5,7.466932,0.945313,0.969128,3.602983
42,6.0,7.284119,0.94895,1.058716,3.509758
42,6.5,7.111399,0.949717,1.144692,3.423015
42,7.0,6.948211,0.948335,1.226978,3.342112
42,7.5,6.793999,0.945364,1.305569,3.266491
42,8.0,6.648222,0.941242,1.380519,3.195664
42,8.5,6.510363,0.936307,1.451916,3.129202
42,9.0,6.379931,0.930823,1.519874,3.066728
42,9.5,6.256462,0.924994,1.584522,3.007908
42,10.0,6.139521,0.918978,1.646001,2.952446
42,10.5,6.028701,0.912894,1.704453,2.900077
42,11.0,5.92362,0.906836,1.760022,2.850566
42,11.5,5.823925,0.900872,1.812852,2.8037
42,12.0,5.729286,0.895054,1.863081,2.75929
42,12.5,5.639395,0.889418,1.910844,2.717162
42,13.0,5.553968,0.883991,1.956271,2.677162
42,13.5,5.472739,0.87879,1.999486,2.639148
42,14.0,5.395461,0.873827,2.040607,2.602991
42,14.5,5.321905,0.869106,2.079745,2.568573
42,15.0,5.251857,0.864629,2.117008,2.535788
42,15.5,5.185118,0.860393,2.152495,2.504536
42,16.0,5.121503,0.856396,2.186301,2.474727
42,16.5,5.060839,0.852631,2.218516,2.446278
42,17.0,5.002964,0.84909,2.249224,2.419111
42,17.5,4.947728,0.845766,2.278504,2.393155
42,18.0,4.89499,0.842649,2.306431,2.368344
42,18.5,4.844618,0.839731,2.333076,2.344617
42,19.0,4.796488,0.837002,2.358506,2.321917
42,19.5,4.750485,0.834453,2.382782,2.30019
42,20.0,4.706501,0.832075,2.405963,2.279387
42,20.5,4.664433,0.829858,2.428105,2.259461
42,21.0,4.624186,0.827793,2.449261,2.24037
42,21.5,4.58567,0.825872,2.46948,2.222073
42,22.0,4.548801,0.824086,2.488807,2.204531
42,22.5,4.513498,0.822428,2.507288,2.187708
42,23.0,4.479686,0.82089,2.524963,2.171572
42,23.5,4.447295,0.819463,2.541871,2.15609
42,24.0,4.416258,0.818142,2.55805,2.141232
42,24.5,4.386512,0.81692,2.573535,2.12697
42,25.0,4.357996,0.81579,2.588358,2.113277
42,25.5,4.330654,0.814746,2.602551,2.100128
42,26.0,4.304434,0.813782,2.616142,2.087499
42,26.5,4.279284,0.812895,2.629162,2.075368
42,27.0,4.255156,0.812077,2.641634,2.063713
42,27.5,4.232004,0.811325,2.653586,2.052514
42,28.0,4.209787,0.810634,2.66504,2.04175
42,28.5,4.188462,0.809999,2.67602,2.031405
42,29.0,4.167991,0.809418,2.686546,2.02146
42,29.5,4.148336,0.808886,2.69664,2.011899
42,30.0,4.129463,0.8084,2.706319,2.002705
42,30.5,4.111338,0.807956,2.715604,1.993865
42,31.0,4.093929,0.807551,2.72451,1.985363
42,31.5,4.077207,0.807184,2.733056,1.977185
42,32.0,4.061141,0.80685,2.741255,1.969319
42,32.5,4.045704,0.806547,2.749125,1.961752
42,33.0,4.030871,0.806274,2.756678,1.954472
42,33.5,4.016617,0.806028,2.763928,1.947468
42,34.0,4.002916,0.805806,2.770889,1.940729
42,34.5,3.989747,0.805608,2.777573,1.934244
42,35.0,3.977088,0.805431,2.783991,1.928003
42,35.5,3.964918,0.805273,2.790155,1.921997
42,36.0,3.953218,0.805133,2.796075,1.916216
42,36.5,3.941967,0.80501,2.801762,1.910652
42,37.0,3.931148,0.804902,2.807225,1.905297
42,37.5,3.920744,0.804809,2.812474,1.900142
42,38.0,3.910739,0.804728,2.817517,1.895179
42,38.5,3.901115,0.804659,2.822364,1.890402
42,39.0,3.891859,0.8046,2.827021,1.885803
42,39.5,3.882955,0.804552,2.831497,1.881375
42,40.0,3.874389,0.804513,2.8358,1.877112
42,40.5,3.866149,0.804482,2.839936,1.873007
42,41.0,3.858221,0.804458,2.843911,1.869055
42,41.5,3.850593,0.804441,2.847734,1.86525
42,42.0,3.843254,0.80443,2.851409,1.861586
42,42.5,3.836192,0.804425,2.854942,1.858057
42,43.0,3.829396,0.804425,2.85834,1.854659
42,43.5,3.822857,0.80443,2.861608,1.851387
42,44.0,3.816563,0.804438,2.86475,1.848236
42,44.5,3.810506,0.80445,2.867772,1.845202
42,45.0,3.804677,0.804466,2.870679,1.842279
42,45.5,3.799066,0.804484,2.873475,1.839465
42,46.0,3.793666,0.804505,2.876165,1.836754
42,46.5,3.788468,0.804528,2.878753,1.834144
42,47.0,3.783464,0.804553,2.881242,1.831629
42,47.5,3.778648,0.80458,2.883637,1.829208
42,48.0,3.774012,0.804609,2.885941,1.826875
42,48.5,3.769548,0.804638,2.888158,1.824629
42,49.0,3.765251,0.804669,2.890291,1.822465
42,49.5,3.761115,0.8047,2.892343,1.820381
42,50.0,3.757132,0.804732,2.894319,1.818373
43,0.0,8.422988,0.093604,0.016461,0.926651
43,0.5,8.376139,0.114778,0.029298,0.89264
43,1.0,8.329545,0.131529,0.04422,0.860967
43,1.5,8.283488,0.144676,0.060675,0.831365
43,2.0,8.238182,0.15489,0.078221,0.803606
43,2.5,8.193789,0.162718,0.096503,0.777494
43,3.0,8.150423,0.16861,0.11524,0.752866
43,3.5,8.108168,0.172931,0.134207,0.729577
43,4.0,8.067078,0.175983,0.153227,0.707507
43,4.5,8.027186,0.178009,0.172159,0.686548
43,5.0,7.988509,0.17921,0.190897,0.666608
43,5.5,7.951048,0.179751,0.209357,0.647608
43,6.0,7.914798,0.179766,0.227475,0.629475
43,6.5,7.879741,0.179364,0.245204,0.612148
43,7.0,7.845859,0.178635,0.26251,0.595571
43,7.5,7.813124,0.177652,0.279369,0.579695
43,8.0,7.781509,0.176474,0.295765,0.564477
43,8.5,7.750983,0.175149,0.311691,0.549876
43,9.0,7.721513,0.173718,0.327141,0.535857
43,9.5,7.693066,0.172211,0.342118,0.522387
43,10.0,7.66561,0.170655,0.356625,0.509437
43,10.5,7.63911,0.16907,0.370667,0.496979
43,11.0,7.613533,0.167473,0.384254,0.48499
43,11.5,7.588848,0.165877,0.397395,0.473445
43,12.0,7.565021,0.164292,0.4101,0.462324
43,12.5,7.542023,0.162727,0.422382,0.451607
43,13.0,7.519822,0.161189,0.434251,0.441276
43,13.5,7.498389,0.159681,0.445722,0.431313
43,14.0,7.477697,0.158208,0.456804,0.421704
43,14.5,7.457716,0.156772,0.467513,0.412431
43,15.0,7.438422,0.155375,0.477858,0.403483
43,15.5,7.419789,0.154018,0.487853,0.394844
43,16.0,7.401791,0.152703,0.49751,0.386504
43,16.5,7.384406,0.151428,0.50684,0.378449
43,17.0,7.367611,0.150194,0.515855,0.370668
43,17.5,7.351384,0.149,0.524565,0.363151
43,18.0,7.335704,0.147846,0.532982,0.355888
43,18.5,7.320551,0.146732,0.541116,0.348869
43,19.0,7.305906,0.145655,0.548976,0.342084
43,19.5,7.29175,0.144616,0.556574,0.335526
43,20.0,7.278066,0.143613,0.563917,0.329185
43,20.5,7.264836,0.142646,0.571016,0.323054
43,21.0,7.252044,0.141712,0.577879,0.317125
43,21.5,7.239675,0.140812,0.584514,0.311391
43,22.0,7.227713,0.139943,0.590929,0.305844
43,22.5,7.216144,0.139105,0.597132,0.300478
43,23.0,7.204954,0.138297,0.603131,0.295287
43,23.5,7.194129,0.137518,0.608933,0.290265
43,24.0,7.183657,0.136766,0.614545,0.285405
43,24.5,7.173526,0.136041,0.619974,0.280702
43,25.0,7.163723,0.135341,0.625225,0.27615
43,25.5,7.154237,0.134666,0.630305,0.271745
43,26.0,7.145057,0.134015,0.635221,0.267481
43,26.5,7.136173,0.133386,0.639977,0.263353
43,27.0,7.127575,0.13278,0.644579,0.259357
43,27.5,7.119252,0.132195,0.649033,0.255488
43,28.0,7.111196,0.13163,0.653344,0.251742
43,28.5,7.103397,0.131085,0.657516,0.248115
43,29.0,7.095846,0.130559,0.661554,0.244603
43,29.5,7.088536,0.130051,0.665464,0.241202
43,30.0,7.081458,0.12956,0.669248,0.237908
43,30.5,7.074604,0.129086,0.672912,0.234718
43,31.0,7.067967,0.128629,0.676459,0.231628
43,31.5,7.06154,0.128187,0.679893,0.228636
43,32.0,7.055316,0.12776,0.683219,0.225737
43,32.5,7.049287,0.127347,0.68644,0.222929
43,33.0,7.043448,0.126949,0.689558,0.220209
43,33.5,7.037793,0.126564,0.692579,0.217574
43,34.0,7.032314,0.126191,0.695504,0.215021
43,34.5,7.027008,0.125832,0.698337,0.212547
43,35.0,7.021867,0.125484,0.701081,0.210151
43,35.5,7.016887,0.125148,0.70374,0.207829
43,36.0,7.012062,0.124823,0.706315,0.205579
43,36.5,7.007387,0.124509,0.708809,0.203398
43,37.0,7.002858,0.124205,0.711225,0.201286
43,37.5,6.998469,0.123911,0.713567,0.199238
43,38.0,6.994217,0.123627,0.715835,0.197254
43,38.5,6.990096,0.123352,0.718033,0.195331
43,39.0,6.986104,0.123086,0.720162,0.193468
43,39.5,6.982234,0.122829,0.722225,0.191662
43,40.0,6.978484,0.12258,0.724224,0.189911
43,40.5,6.97485,0.122339,0.726162,0.188215
43,41.0,6.971329,0.122106,0.728039,0.18657
43,41.5,6.967915,0.121881,0.729859,0.184976
43,42.0,6.964607,0.121663,0.731622,0.183431
43,42.5,6.961401,0.121452,0.733331,0.181934
43,43.0,6.958293,0.121248,0.734987,0.180482
43,43.5,6.95528,0.12105,0.736592,0.179074
43,44.0,6.95236,0.120858,0.738148,0.17771
43,44.5,6.94953,0.120673,0.739655,0.176388
43,45.0,6.946786,0.120494,0.741117,0.175106
43,45.5,6.944126,0.12032,0.742534,0.173863
43,46.0,6.941548,0.120152,0.743907,0.172657
43,46.5,6.939049,0.119989,0.745238,0.171489
43,47.0,6.936626,0.119831,0.746528,0.170356
43,47.5,6.934276,0.119678,0.747779,0.169258
43,48.0,6.931999,0.119531,0.748992,0.168194
43,48.5,6.929791,0.119387,0.750168,0.167161
43,49.0,6.927651,0.119249,0.751307,0.16616
43,49.5,6.925575,0.119114,0.752412,0.16519
43,50.0,6.923563,0.118984,0.753483,0.164249
44,0.0,13.617815,0.099238,0.089168,7.611776
44,0.5,13.076761,0.516105,0.151261,7.132815
44,1.0,12.535014,0.807023,0.276675,6.716483
44,1.5,12.008109,1.008436,0.439421,6.352324
44,2.0,11.50489,1.146251,0.622123,6.031807
44,2.5,11.029847,1.23884,0.81335,5.747991
44,3.0,10.584718,1.299246,1.005712,5.495223
44,3.5,10.169555,1.336753,1.19454,5.268888
44,4.0,9.783419,1.357995,1.376987,5.065199
44,4.5,9.424826,1.367732,1.551415,4.881034
44,5.0,9.092024,1.369392,1.716986,4.713804
44,5.5,8.783173,1.365451,1.873382,4.561348
44,6.0,8.49644,1.357704,2.020622,4.421856
44,6.5,8.230068,1.347451,2.158935,4.293796
44,7.0,7.982401,1.335635,2.288676,4.17587
44,7.5,7.751905,1.322939,2.410272,4.06697
44,8.0,7.537167,1.309854,2.524183,3.966144
44,8.5,7.336895,1.296731,2.630881,3.87257
44,9.0,7.149912,1.283818,2.730829,3.785535
44,9.5,6.975148,1.271284,2.824478,3.704419
44,10.0,6.81163,1.259247,2.912255,3.62868
44,10.5,6.658478,1.247778,2.994566,3.557838
44,11.0,6.514889,1.23692,3.071789,3.491472
44,11.5,6.380136,1.226695,3.144278,3.429208
44,12.0,6.25356,1.217106,3.212361,3.370715
44,12.5,6.134558,1.208146,3.276342,3.315694
44,13.0,6.022581,1.199798,3.336504,3.263879
44,13.5,5.917131,1.192042,3.393107,3.215032
44,14.0,5.817751,1.184853,3.446392,3.168937
44,14.5,5.724022,1.178202,3.496582,3.125398
44,15.0,5.635562,1.172061,3.543882,3.084238
44,15.5,5.55202,1.166401,3.588483,3.045297
44,16.0,5.473074,1.161193,3.630561,3.008428
44,16.5,5.398425,1.156408,3.670277,2.973496
44,17.0,5.327802,1.152018,3.707784,2.940379
44,17.5,5.26095,1.147997,3.74322,2.908964
44,18.0,5.197637,1.144319,3.776716,2.879147
44,18.5,5.137648,1.14096,3.80839,2.850831
44,19.0,5.080781,1.137897,3.838355,2.823929
44,19.5,5.026851,1.135107,3.866715,2.798359
44,20.0,4.975685,1.132572,3.893565,2.774044
44,20.5,4.927124,1.130271,3.918996,2.750915
44,21.0,4.881018,1.128186,3.943092,2.728904
44,21.5,4.837228,1.1263,3.96593,2.707951
44,22.0,4.795623,1.124599,3.987583,2.688
44,22.5,4.756083,1.123067,4.008119,2.668996
44,23.0,4.718494,1.121691,4.027601,2.650889
44,23.5,4.68275,1.120457,4.046091,2.633634
44,24.0,4.64875,1.119355,4.063641,2.617185
44,24.5,4.616403,1.118373,4.080306,2.601503
44,25.0,4.585619,1.117501,4.096134,2.586547
44,25.5,4.556318,1.11673,4.11117,2.572282
44,26.0,4.528421,1.116051,4.125458,2.558673
44,26.5,4.501856,1.115456,4.139038,2.545688
44,27.0,4.476555,1.114938,4.151948,2.533296
44,27.5,4.452452,1.114489,4.164223,2.521469
44,28.0,4.429487,1.114104,4.175898,2.510179
44,28.5,4.407603,1.113777,4.187004,2.499401
44,29.0,4.386746,1.113502,4.19757,2.48911
44,29.5,4.366864,1.113274,4.207625,2.479283
44,30.0,4.347909,1.113088,4.217195,2.469898
44,30.5,4.329835,1.112942,4.226306,2.460934
44,31.0,4.312599,1.11283,4.234979,2.452372
44,31.5,4.296161,1.112749,4.243239,2.444193
44,32.0,4.280481,1.112696,4.251106,2.43638
44,32.5,4.265523,1.112668,4.258599,2.428915
44,33.0,4.251252,1.112662,4.265737,2.421782
44,33.5,4.237635,1.112676,4.272538,2.414967
44,34.0,4.224641,1.112708,4.27902,2.408454
44,34.5,4.21224,1.112754,4.285197,2.40223
44,35.0,4.200405,1.112815,4.291084,2.396283
44,35.5,4.189107,1.112887,4.296697,2.390598
44,36.0,4.178323,1.112969,4.302048,2.385165
44,36.5,4.168028,1.11306,4.30715,2.379972
44,37.0,4.158199,1.113158,4.312015,2.375008
44,37.5,4.148815,1.113263,4.316655,2.370264
44,38.0,4.139854,1.113373,4.321081,2.365728
44,38.5,4.131297,1.113487,4.325302,2.361393
44,39.0,4.123125,1.113604,4.329329,2.357248
44,39.5,4.115321,1.113724,4.333171,2.353286
44,40.0,4.107868,1.113846,4.336837,2.349498
44,40.5,4.100748,1.11397,4.340335,2.345877
44,41.0,4.093948,1.114094,4.343673,2.342415
44,41.5,4.087453,1.114218,4.346858,2.339105
44,42.0,4.081248,1.114342,4.349899,2.33594
44,42.5,4.07532,1.114466,4.352801,2.332915
44,43.0,4.069657,1.114589,4.355571,2.330022
44,43.5,4.064247,1.11471,4.358215,2.327256
44,44.0,4.059078,1.11483,4.36074,2.324611
44,44.5,4.054139,1.114948,4.363151,2.322083
44,45.0,4.049419,1.115064,4.365452,2.319665
44,45.5,4.04491,1.115179,4.36765,2.317353
44,46.0,4.040601,1.115291,4.369748,2.315143
44,46.5,4.036484,1.1154,4.371752,2.313029
44,47.0,4.032549,1.115507,4.373666,2.311009
44,47.5,4.028789,1.115612,4.375493,2.309076
44,48.0,4.025196,1.115714,4.377239,2.307228
44,48.5,4.021761,1.115813,4.378906,2.305462
44,49.0,4.018479,1.11591,4.380499,2.303772
44,49.5,4.015343,1.116004,4.38202,2.302157
44,50.0,4.012345,1.116096,4.383474,2.300612
45,0.0,26.832982,0.089345,0.051886,3.501326
45,0.5,26.302872,0.410204,0.156511,3.075841
45,1.0,25.754228,0.574434,0.348718,2.719404
45,1.5,25.223247,0.647793,0.577529,2.417234
45,2.0,24.727011,0.66923,0.814929,2.158398
45,2.5,24.272124,0.661726,1.046124,1.934706
45,3.0,23.859655,0.638808,1.263818,1.739931
45,3.5,23.487898,0.6084,1.4649,1.569256
45,4.0,23.153885,0.575103,1.648555,1.418898
45,4.5,22.854193,0.541539,1.815183,1.285834
45,5.0,22.585374,0.509149,1.965787,1.16762
45,5.5,22.344159,0.478676,2.101632,1.062249
45,6.0,22.127548,0.450447,2.224052,0.968058
45,6.5,21.93284,0.424552,2.334353,0.883651
45,7.0,21.757629,0.400944,2.433763,0.80785
45,7.5,21.599785,0.379504,2.523405,0.739648
45,8.0,21.457425,0.360078,2.604298,0.678181
45,8.5,21.328891,0.3425,2.677354,0.622703
45,9.0,21.212718,0.326605,2.743388,0.572564
45,9.5,21.107615,0.312233,2.803125,0.527198
45,10.0,21.012439,0.299237,2.857211,0.486108
45,10.5,20.926179,0.28748,2.90622,0.448857
45,11.0,20.847938,0.276839,2.950661,0.415057
45,11.5,20.776919,0.267203,2.990988,0.384366
45,12.0,20.712412,0.258471,3.027608,0.356478
45,12.5,20.653784,0.250553,3.06088,0.331123
45,13.0,20.600469,0.24337,3.09113,0.308057
45,13.5,20.551961,0.23685,3.118644,0.287063
45,14.0,20.507804,0.230927,3.143684,0.267946
45,14.5,20.467593,0.225544,3.166481,0.250532
45,15.0,20.430958,0.220649,3.187246,0.234662
45,15.5,20.397572,0.216196,3.206165,0.220195
45,16.0,20.367134,0.212143,3.223411,0.207003
45,16.5,20.339377,0.208453,3.239134,0.194969
45,17.0,20.314058,0.205092,3.253475,0.18399
45,17.5,20.290956,0.202029,3.266557,0.173971
45,18.0,20.269873,0.199237,3.278495,0.164825
45,18.5,20.250627,0.196691,3.28939,0.156475
45,19.0,20.233057,0.19437,3.299336,0.148851
45,19.5,20.217012,0.192252,3.308417,0.141887
45,20.0,20.202358,0.190319,3.316711,0.135527
45,20.5,20.188973,0.188555,3.324285,0.129716
45,21.0,20.176746,0.186945,3.331204,0.124408
45,21.5,20.165573,0.185475,3.337525,0.119557
45,22.0,20.155365,0.184132,3.343301,0.115124
45,22.5,20.146035,0.182906,3.348579,0.111072
45,23.0,20.137509,0.181785,3.353402,0.107369
45,23.5,20.129715,0.180762,3.357811,0.103984
45,24.0,20.122592,0.179827,3.36184,0.100889
45,24.5,20.116079,0.178973,3.365523,0.09806
45,25.0,20.110125,0.178192,3.368891,0.095474
45,25.5,20.104682,0.177478,3.371969,0.093109
45,26.0,20.099705,0.176826,3.374784,0.090947
45,26.5,20.095154,0.17623,3.377357,0.08897
45,27.0,20.090993,0.175684,3.37971,0.087162
45,27.5,20.087188,0.175186,3.381862,0.085508
45,28.0,20.083708,0.17473,3.38383,0.083996
45,28.5,20.080526,0.174314,3.385629,0.082613
45,29.0,20.077615,0.173933,3.387275,0.081348
45,29.5,20.074954,0.173585,3.38878,0.080192
45,30.0,20.072519,0.173266,3.390157,0.079134
45,30.5,20.070293,0.172975,3.391416,0.078166
45,31.0,20.068256,0.172708,3.392567,0.077281
45,31.5,20.066394,0.172465,3.39362,0.076472
45,32.0,20.06469,0.172242,3.394583,0.075731
45,32.5,20.063131,0.172038,3.395464,0.075054
45,33.0,20.061706,0.171852,3.39627,0.074434
45,33.5,20.060402,0.171681,3.397008,0.073868
45,34.0,20.059209,0.171525,3.397682,0.073349
45,34.5,20.058118,0.171383,3.398299,0.072875
45,35.0,20.05712,0.171252,3.398863,0.072441
45,35.5,20.056208,0.171133,3.399379,0.072045
45,36.0,20.055372,0.171024,3.399851,0.071682
45,36.5,20.054609,0.170924,3.400283,0.07135
45,37.0,20.05391,0.170833,3.400678,0.071046
45,37.5,20.05327,0.170749,3.40104,0.070768
45,38.0,20.052686,0.170673,3.40137,0.070514
45,38.5,20.052151,0.170603,3.401673,0.070281
45,39.0,20.051661,0.170539,3.401949,0.070068
45,39.5,20.051214,0.17048,3.402202,0.069874
45,40.0,20.050804,0.170427,3.402434,0.069696
45,40.5,20.050429,0.170378,3.402646,0.069533
45,41.0,20.050087,0.170333,3.40284,0.069384
45,41.5,20.049773,0.170292,3.403017,0.069248
45,42.0,20.049486,0.170255,3.403179,0.069123
45,42.5,20.049224,0.17022,3.403327,0.069009
45,43.0,20.048984,0.170189,3.403463,0.068905
45,43.5,20.048764,0.17016,3.403587,0.068809
45,44.0,20.048563,0.170134,3.403701,0.068722
45,44.5,20.048379,0.17011,3.403805,0.068642
45,45.0,20.048211,0.170088,3.4039,0.068569
45,45.5,20.048057,0.170068,3.403987,0.068502
45,46.0,20.047917,0.170049,3.404066,0.068441
45,46.5,20.047788,0.170033,3.404139,0.068385
45,47.0,20.04767,0.170017,3.404206,0.068334
45,47.5,20.047562,0.170003,3.404267,0.068287
45,48.0,20.047464,0.16999,3.404322,0.068244
45,48.5,20.047373,0.169979,3.404373,0.068205
45,49.0,20.047291,0.169968,3.40442,0.068169
45,49.5,20.047216,0.169958,3.404463,0.068136
45,50.0,20.047146,0.169949,3.404502,0.068106
46,0.0,23.388361,0.066166,0.037366,1.397433
46,0.5,23.196902,0.17252,0.079918,1.248527
46,1.0,22.999134,0.231565,0.14928,1.120121
46,1.5,22.804931,0.260961,0.231683,1.008321
46,2.0,22.619759,0.272017,0.318741,0.910207
46,2.5,22.446367,0.271951,0.40547,0.823544
46,3.0,22.285869,0.265352,0.489019,0.746594
46,3.5,22.138408,0.255127,0.567861,0.677977
46,4.0,22.003581,0.2431,0.641288,0.616577
46,4.5,21.88069,0.230404,0.709082,0.561479
46,5.0,21.768898,0.217727,0.771317,0.511921
46,5.5,21.667322,0.205474,0.828231,0.46726
46,6.0,21.575091,0.193869,0.880149,0.426947
46,6.5,21.49137,0.183024,0.927432,0.390509
46,7.0,21.415377,0.172978,0.970452,0.357536
46,7.5,21.346392,0.163729,1.009568,0.327668
46,8.0,21.283757,0.155249,1.045126,0.30059
46,8.5,21.226871,0.147496,1.077446,0.276024
46,9.0,21.17519,0.140421,1.106824,0.253721
46,9.5,21.128224,0.133973,1.133531,0.233462
46,10.0,21.085529,0.1281,1.157814,0.21505
46,10.5,21.046704,0.122756,1.1799,0.19831
46,11.0,21.011386,0.117892,1.19999,0.183083
46,11.5,20.979251,0.113466,1.21827,0.169228
46,12.0,20.950002,0.10944,1.234908,0.156617
46,12.5,20.923375,0.105775,1.250054,0.145136
46,13.0,20.899127,0.102441,1.263845,0.134679
46,13.5,20.877042,0.099405,1.276406,0.125154
46,14.0,20.856922,0.096642,1.287847,0.116476
46,14.5,20.838589,0.094125,1.298272,0.108568
46,15.0,20.821882,0.091834,1.307771,0.10136
46,15.5,20.806653,0.089746,1.31643,0.09479
46,16.0,20.79277,0.087844,1.324322,0.088799
46,16.5,20.780112,0.086111,1.331517,0.083337
46,17.0,20.76857,0.084531,1.338078,0.078356
46,17.5,20.758044,0.083092,1.344061,0.073812
46,18.0,20.748444,0.081779,1.349517,0.069669
46,18.5,20.739687,0.080583,1.354494,0.065888
46,19.0,20.731699,0.079492,1.359034,0.06244
46,19.5,20.724411,0.078496,1.363175,0.059294
46,20.0,20.717762,0.077589,1.366954,0.056423
46,20.5,20.711696,0.076761,1.370401,0.053803
46,21.0,20.70616,0.076006,1.373546,0.051413
46,21.5,20.701108,0.075317,1.376417,0.049232
46,22.0,20.696498,0.074688,1.379036,0.047241
46,22.5,20.692291,0.074115,1.381426,0.045424
46,23.0,20.688451,0.073592,1.383608,0.043766
46,23.5,20.684947,0.073114,1.385599,0.042253
46,24.0,20.681748,0.072678,1.387416,0.040871
46,24.5,20.678829,0.072281,1.389074,0.03961
46,25.0,20.676164,0.071918,1.390588,0.038459
46,25.5,20.673732,0.071586,1.39197,0.037409
46,26.0,20.671511,0.071284,1.393232,0.03645
46,26.5,20.669484,0.071008,1.394383,0.035574
46,27.0,20.667634,0.070756,1.395434,0.034775
46,27.5,20.665945,0.070526,1.396394,0.034045
46,28.0,20.664403,0.070316,1.39727,0.033379
46,28.5,20.662995,0.070125,1.398069,0.032771
46,29.0,20.66171,0.06995,1.398799,0.032216
46,29.5,20.660537,0.06979,1.399466,0.031709
46,30.0,20.659466,0.069644,1.400074,0.031247
46,30.5,20.658488,0.069511,1.40063,0.030824
46,31.0,20.657595,0.06939,1.401137,0.030439
46,31.5,20.65678,0.069279,1.4016,0.030087
46,32.0,20.656036,0.069178,1.402022,0.029765
46,32.5,20.655356,0.069085,1.402408,0.029472
46,33.0,20.654736,0.069001,1.402761,0.029204
46,33.5,20.65417,0.068924,1.403082,0.028959
46,34.0,20.653653,0.068854,1.403376,0.028736
46,34.5,20.653181,0.068789,1.403644,0.028532
46,35.0,20.65275,0.068731,1.403889,0.028346
46,35.5,20.652356,0.068677,1.404112,0.028176
46,36.0,20.651997,0.068628,1.404316,0.02802
46,36.5,20.651669,0.068584,1.404503,0.027879
46,37.0,20.651369,0.068543,1.404673,0.027749
46,37.5,20.651096,0.068506,1.404828,0.027631
46,38.0,20.650846,0.068472,1.40497,0.027523
46,38.5,20.650618,0.068441,1.4051,0.027425
46,39.0,20.65041,0.068413,1.405218,0.027335
46,39.5,20.65022,0.068387,1.405326,0.027253
46,40.0,20.650047,0.068363,1.405424,0.027178
46,40.5,20.649888,0.068342,1.405514,0.027109
46,41.0,20.649743,0.068322,1.405596,0.027047
46,41.5,20.649611,0.068304,1.405671,0.02699
46,42.0,20.649491,0.068287,1.40574,0.026938
46,42.5,20.649381,0.068273,1.405802,0.02689
46,43.0,20.64928,0.068259,1.40586,0.026847
46,43.5,20.649188,0.068246,1.405912,0.026807
46,44.0,20.649105,0.068235,1.405959,0.026771
46,44.5,20.649028,0.068225,1.406003,0.026738
46,45.0,20.648958,0.068215,1.406042,0.026708
46,45.5,20.648894,0.068206,1.406079,0.02668
46,46.0,20.648836,0.068198,1.406112,0.026655
46,46.5,20.648783,0.068191,1.406142,0.026632
46,47.0,20.648734,0.068185,1.40617,0.026611
46,47.5,20.64869,0.068179,1.406195,0.026592
46,48.0,20.64865,0.068173,1.406218,0.026574
46,48.5,20.648613,0.068168,1.406239,0.026558
46,49.0,20.648579,0.068163,1.406258,0.026544
46,49.5,20.648548,0.068159,1.406275,0.026531
46,50.0,20.64852,0.068155,1.406291,0.026518
47,0.0,22.656899,0.026246,0.093681,2.78922
47,0.5,22.315254,0.265868,0.144693,2.498587
47,1.0,21.95601,0.404227,0.255135,2.249786
47,1.5,21.600142,0.478733,0.395816,2.034599
47,2.0,21.259178,0.513346,0.548992,1.84681
47,2.5,20.938901,0.52336,0.704123,1.681664
47,3.0,20.641678,0.518517,0.855157,1.535475
47,3.5,20.367902,0.505009,0.998798,1.40534
47,4.0,20.116868,0.486762,1.133439,1.288947
47,4.5,19.887302,0.466244,1.258481,1.184423
47,5.0,19.677669,0.444991,1.373924,1.090233
47,5.5,19.486357,0.42394,1.480105,1.005103
47,6.0,19.31178,0.403641,1.577543,0.927964
47,6.5,19.152432,0.384401,1.666837,0.85791
47,7.0,19.006913,0.366369,1.748613,0.794166
47,7.5,18.873939,0.349596,1.823486,0.736066
47,8.0,18.752343,0.334073,1.892046,0.683029
47,8.5,18.641069,0.319757,1.954841,0.63455
47,9.0,18.539162,0.306583,2.012381,0.590184
47,9.5,18.445767,0.294477,2.065132,0.549539
47,10.0,18.360108,0.283363,2.113518,0.512266
47,10.5,18.281491,0.273164,2.157926,0.478058
47,11.0,18.209289,0.263805,2.198707,0.446636
47,11.5,18.142938,0.255216,2.236177,0.417755
47,12.0,18.081926,0.247334,2.270624,0.39119
47,12.5,18.025794,0.240096,2.302309,0.366743
47,13.0,17.974125,0.233448,2.331467,0.344232
47,13.5,17.926541,0.22734,2.358313,0.323495
47,14.0,17.882699,0.221725,2.383042,0.304381
47,14.5,17.842289,0.21656,2.405829,0.286758
47,15.0,17.805027,0.211809,2.426836,0.270503
47,15.5,17.770655,0.207435,2.446208,0.255504
47,16.0,17.73894,0.203407,2.46408,0.241661
47,16.5,17.709667,0.199697,2.480572,0.228879
47,17.0,17.68264,0.196277,2.495795,0.217076
47,17.5,17.657681,0.193125,2.509851,0.206172
47,18.0,17.634624,0.190217,2.522833,0.196098
47,18.5,17.613322,0.187535,2.534825,0.186788
47,19.0,17.593635,0.185059,2.545906,0.178182
47,19.5,17.575439,0.182775,2.556147,0.170226
47,20.0,17.558616,0.180665,2.565613,0.16287
47,20.5,17.543062,0.178716,2.574365,0.156067
47,21.0,17.528678,0.176916,2.582457,0.149775
47,21.5,17.515373,0.175253,2.58994,0.143954
47,22.0,17.503067,0.173716,2.596862,0.138569
47,22.5,17.491681,0.172296,2.603265,0.133587
47,23.0,17.481147,0.170982,2.609189,0.128977
47,23.5,17.471399,0.169768,2.61467,0.12471
47,24.0,17.462379,0.168645,2.619742,0.120761
47,24.5,17.45403,0.167606,2.624436,0.117106
47,25.0,17.446302,0.166645,2.62878,0.113723
47,25.5,17.439149,0.165756,2.632801,0.110591
47,26.0,17.432528,0.164934,2.636523,0.107691
47,26.5,17.426397,0.164172,2.639969,0.105007
47,27.0,17.420722,0.163468,2.643159,0.102521
47,27.5,17.415467,0.162816,2.646112,0.100219
47,28.0,17.410601,0.162213,2.648847,0.098088
47,28.5,17.406095,0.161654,2.651379,0.096115
47,29.0,17.401923,0.161137,2.653723,0.094287
47,29.5,17.398059,0.160659,2.655895,0.092594
47,30.0,17.394481,0.160216,2.657905,0.091027
47,30.5,17.391167,0.159805,2.659767,0.089575
47,31.0,17.388098,0.159426,2.661492,0.08823
47,31.5,17.385255,0.159074,2.663089,0.086985
47,32.0,17.382623,0.158748,2.664568,0.085831
47,32.5,17.380184,0.158446,2.665939,0.084763
47,33.0,17.377925,0.158167,2.667208,0.083773
47,33.5,17.375833,0.157908,2.668383,0.082856
47,34.0,17.373895,0.157669,2.669472,0.082007
47,34.5,17.372099,0.157447,2.670481,0.08122
47,35.0,17.370436,0.157241,2.671415,0.080492
47,35.5,17.368896,0.157051,2.67228,0.079817
47,36.0,17.367469,0.156874,2.673082,0.079191
47,36.5,17.366147,0.156711,2.673825,0.078612
47,37.0,17.364922,0.15656,2.674513,0.078075
47,37.5,17.363787,0.15642,2.67515,0.077578
47,38.0,17.362736,0.15629,2.675741,0.077117
47,38.5,17.361762,0.15617,2.676288,0.076691
47,39.0,17.36086,0.156058,2.676794,0.076295
47,39.5,17.360025,0.155955,2.677264,0.075929
47,40.0,17.35925,0.155859,2.677699,0.07559
47,40.5,17.358533,0.155771,2.678102,0.075275
47,41.0,17.357869,0.155689,2.678475,0.074984
47,41.5,17.357253,0.155613,2.678821,0.074714
47,42.0,17.356682,0.155542,2.679141,0.074464
47,42.5,17.356154,0.155477,2.679438,0.074233
47,43.0,17.355664,0.155417,2.679713,0.074018
47,43.5,17.355211,0.155361,2.679968,0.073819
47,44.0,17.35479,0.155309,2.680204,0.073635
47,44.5,17.354401,0.155261,2.680423,0.073464
47,45.0,17.35404,0.155216,2.680626,0.073306
47,45.5,17.353706,0.155175,2.680813,0.07316
47,46.0,17.353396,0.155137,2.680987,0.073024
47,46.5,17.353109,0.155101,2.681148,0.072898
47,47.0,17.352844,0.155068,2.681298,0.072782
47,47.5,17.352597,0.155038,2.681436,0.072674
47,48.0,17.352369,0.15501,2.681564,0.072574
47,48.5,17.352158,0.154984,2.681683,0.072481
47,49.0,17.351962,0.15496,2.681793,0.072395
47,49.5,17.35178,0.154937,2.681895,0.072316
47,50.0,17.351612,0.154916,2.681989,0.072242
48,0.0,4.55998,0.083111,0.015328,2.203049
48,0.5,4.507955,0.121704,0.022045,2.15774
48,1.0,4.456693,0.155096,0.03098,2.115413
48,1.5,4.406312,0.183981,0.041727,2.07578
48,2.0,4.356904,0.20896,0.053942,2.038587
48,2.5,4.308535,0.23055,0.067332,2.003607
48,3.0,4.261255,0.249201,0.081646,1.970642
48,3.5,4.215098,0.2653,0.096675,1.939513
48,4.0,4.170084,0.279185,0.112239,1.910064
48,4.5,4.126224,0.291147,0.128188,1.882153
48,5.0,4.083519,0.301439,0.144395,1.855654
48,5.5,4.041964,0.31028,0.160752,1.830457
48,6.0,4.001549,0.317861,0.177169,1.806459
48,6.5,3.962258,0.324346,0.193572,1.783571
48,7.0,3.924073,0.32988,0.209897,1.761711
48,7.5,3.886973,0.334588,0.226094,1.740807
48,8.0,3.850934,0.338578,0.242118,1.720792
48,8.5,3.815932,0.341946,0.257935,1.701608
48,9.0,3.781942,0.344773,0.273517,1.683199
48,9.5,3.748936,0.347132,0.28884,1.665516
48,10.0,3.716888,0.349085,0.303887,1.648516
48,10.5,3.685772,0.350687,0.318645,1.632157
48,11.0,3.655559,0.351985,0.333102,1.616402
48,11.5,3.626225,0.353022,0.347251,1.601216
48,12.0,3.597742,0.353832,0.361087,1.58657
48,12.5,3.570085,0.354448,0.374607,1.572433
48,13.0,3.543228,0.354898,0.387811,1.55878
48,13.5,3.517147,0.355205,0.400698,1.545586
48,14.0,3.491818,0.35539,0.41327,1.532828
48,14.5,3.467217,0.355472,0.42553,1.520487
48,15.0,3.443321,0.355467,0.43748,1.508541
48,15.5,3.420108,0.355388,0.449126,1.496974
48,16.0,3.397556,0.355248,0.460472,1.485769
48,16.5,3.375646,0.355056,0.471523,1.474909
48,17.0,3.354356,0.354823,0.482285,1.464381
48,17.5,3.333667,0.354556,0.492763,1.45417
48,18.0,3.313561,0.354262,0.502963,1.444264
48,18.5,3.294018,0.353946,0.512892,1.434651
48,19.0,3.275023,0.353615,0.522555,1.425318
48,19.5,3.256556,0.353272,0.53196,1.416257
48,20.0,3.238603,0.352921,0.541112,1.407456
48,20.5,3.221147,0.352565,0.550018,1.398906
48,21.0,3.204173,0.352208,0.558684,1.390597
48,21.5,3.187666,0.351851,0.567116,1.382522
48,22.0,3.171612,0.351496,0.57532,1.374672
48,22.5,3.155997,0.351146,0.583302,1.36704
48,23.0,3.140808,0.350802,0.591069,1.359618
48,23.5,3.126032,0.350463,0.598626,1.352399
48,24.0,3.111657,0.350133,0.605979,1.345376
48,24.5,3.09767,0.349811,0.613133,1.338544
48,25.0,3.08406,0.349498,0.620095,1.331896
48,25.5,3.070817,0.349195,0.626869,1.325426
48,26.0,3.057928,0.348901,0.63346,1.319128
48,26.5,3.045384,0.348617,0.639874,1.312998
48,27.0,3.033174,0.348343,0.646115,1.30703
48,27.5,3.021289,0.34808,0.65219,1.301219
48,28.0,3.00972,0.347827,0.658101,1.295561
48,28.5,2.998457,0.347584,0.663854,1.290051
48,29.0,2.987491,0.347351,0.669453,1.284685
48,29.5,2.976815,0.347128,0.674903,1.279458
48,30.0,2.966419,0.346915,0.680207,1.274367
48,30.5,2.956296,0.346711,0.685371,1.269407
48,31.0,2.946437,0.346517,0.690397,1.264575
48,31.5,2.936837,0.346332,0.69529,1.259867
48,32.0,2.927486,0.346155,0.700053,1.25528
48,32.5,2.918379,0.345988,0.70469,1.25081
48,33.0,2.909509,0.345829,0.709205,1.246455
48,33.5,2.900868,0.345678,0.713601,1.24221
48,34.0,2.892451,0.345534,0.717881,1.238073
48,34.5,2.884251,0.345399,0.722049,1.234041
48,35.0,2.876263,0.34527,0.726107,1.230111
48,35.5,2.868481,0.345149,0.730059,1.22628
48,36.0,2.860898,0.345034,0.733908,1.222546
48,36.5,2.85351,0.344926,0.737656,1.218907
48,37.0,2.846311,0.344824,0.741307,1.215358
48,37.5,2.839296,0.344728,0.744862,1.211899
48,38.0,2.83246,0.344637,0.748325,1.208526
48,38.5,2.825799,0.344552,0.751698,1.205238
48,39.0,2.819307,0.344472,0.754984,1.202032
48,39.5,2.812981,0.344398,0.758185,1.198906
48,40.0,2.806815,0.344328,0.761303,1.195858
48,40.5,2.800805,0.344262,0.764341,1.192886
48,41.0,2.794948,0.344201,0.7673,1.189988
48,41.5,2.789239,0.344144,0.770183,1.187162
48,42.0,2.783674,0.344091,0.772992,1.184406
48,42.5,2.778249,0.344041,0.775729,1.181719
48,43.0,2.772962,0.343995,0.778396,1.179098
48,43.5,2.767807,0.343953,0.780994,1.176542
48,44.0,2.762782,0.343913,0.783526,1.174049
48,44.5,2.757884,0.343877,0.785994,1.171618
48,45.0,2.753108,0.343844,0.788398,1.169247
48,45.5,2.748452,0.343813,0.790741,1.166934
48,46.0,2.743913,0.343785,0.793025,1.164679
48,46.5,2.739488,0.343759,0.795251,1.162479
48,47.0,2.735173,0.343736,0.79742,1.160333
48,47.5,2.730966,0.343715,0.799534,1.15824
48,48.0,2.726864,0.343696,0.801594,1.156199
48,48.5,2.722864,0.343678,0.803603,1.154207
48,49.0,2.718964,0.343663,0.805561,1.152265
48,49.5,2.715161,0.34365,0.807469,1.15037
48,50.0,2.711453,0.343638,0.809329,1.148522
49,0.0,18.382101,0.087456,0.019643,3.448075
49,0.5,18.032761,0.321801,0.077141,3.156232
49,1.0,17.673005,0.470266,0.182786,2.902122
49,1.5,17.317295,0.560845,0.315352,2.678978
49,2.0,16.974101,0.612593,0.461075,2.481507
49,2.5,16.648027,0.63845,0.611183,2.305541
49,3.0,16.341239,0.647196,0.760204,2.147774
49,3.5,16.054394,0.644792,0.904829,2.005553
49,4.0,15.787247,0.635283,1.043157,1.876734
49,4.5,15.539032,0.621412,1.1742,1.759563
49,5.0,15.308706,0.605033,1.297552,1.652589
49,5.5,15.095103,0.587394,1.413174,1.554607
49,6.0,14.897021,0.569325,1.521249,1.4646
49,6.5,14.713282,0.551374,1.622094,1.381707
49,7.0,14.54276,0.533888,1.716098,1.305188
49,7.5,14.3844,0.517084,1.80368,1.234411
49,8.0,14.237223,0.501085,1.885268,1.168821
49,8.5,14.100328,0.485954,1.961281,1.10794
49,9.0,13.972888,0.471709,2.032123,1.051342
49,9.5,13.854151,0.458343,2.098175,0.998656
49,10.0,13.743428,0.445833,2.159792,0.94955
49,10.5,13.640094,0.43414,2.217305,0.903729
49,11.0,13.543577,0.423224,2.271022,0.860929
49,11.5,13.453357,0.413039,2.321224,0.820912
49,12.0,13.368963,0.40354,2.368171,0.783464
49,12.5,13.28996,0.39468,2.412102,0.748393
49,13.0,13.215955,0.386417,2.453236,0.715522
49,13.5,13.146587,0.378707,2.491775,0.684692
49,14.0,13.081525,0.371513,2.527903,0.655758
49,14.5,13.020466,0.364796,2.561791,0.628588
49,15.0,12.963134,0.358522,2.593594,0.603058
49,15.5,12.909272,0.35266,2.623456,0.579059
49,16.0,12.858645,0.347179,2.65151,0.556486
49,16.5,12.811038,0.342051,2.677877,0.535246
49,17.0,12.76625,0.337252,2.702671,0.515252
49,17.5,12.724098,0.332759,2.725994,0.496422
49,18.0,12.684409,0.328548,2.747943,0.478683
49,18.5,12.647028,0.324602,2.768607,0.461966
49,19.0,12.611807,0.3209,2.788069,0.446206
49,19.5,12.57861,0.317427,2.806404,0.431344
49,20.0,12.547312,0.314166,2.823683,0.417325
49,20.5,12.517795,0.311104,2.839973,0.404098
49,21.0,12.48995,0.308227,2.855334,0.391614
49,21.5,12.463676,0.305522,2.869823,0.379829
49,22.0,12.438877,0.302979,2.883494,0.368702
49,22.5,12.415466,0.300586,2.896396,0.358193
49,23.0,12.393361,0.298335,2.908575,0.348266
49,23.5,12.372483,0.296215,2.920073,0.338887
49,24.0,12.352761,0.294218,2.930933,0.330024
49,24.5,12.334127,0.292337,2.94119,0.321647
49,25.0,12.316519,0.290565,2.95088,0.313729
49,25.5,12.299877,0.288894,2.960037,0.306244
49,26.0,12.284145,0.287319,2.96869,0.299165
49,26.5,12.269272,0.285834,2.976869,0.292472
49,27.0,12.255209,0.284432,2.984602,0.286141
49,27.5,12.241909,0.283109,2.991913,0.280153
49,28.0,12.229331,0.281861,2.998826,0.274487
49,28.5,12.217433,0.280683,3.005364,0.269128
49,29.0,12.206177,0.27957,3.011549,0.264056
49,29.5,12.195528,0.278519,3.017399,0.259257
49,30.0,12.185451,0.277526,3.022933,0.254715
49,30.5,12.175916,0.276588,3.02817,0.250416
49,31.0,12.166892,0.275702,3.033125,0.246347
49,31.5,12.158351,0.274865,3.037814,0.242496
49,32.0,12.150266,0.274073,3.042252,0.238849
49,32.5,12.142613,0.273325,3.046453,0.235397
49,33.0,12.135369,0.272617,3.050429,0.232128
49,33.5,12.12851,0.271948,3.054193,0.229033
49,34.0,12.122016,0.271315,3.057757,0.226103
49,34.5,12.115866,0.270716,3.061131,0.223328
49,35.0,12.110044,0.27015,3.064325,0.220699
49,35.5,12.10453,0.269614,3.06735,0.21821
49,36.0,12.099308,0.269108,3.070214,0.215853
49,36.5,12.094363,0.268628,3.072927,0.21362
49,37.0,12.089679,0.268174,3.075496,0.211505
49,37.5,12.085242,0.267745,3.077929,0.209501
49,38.0,12.08104,0.267338,3.080233,0.207604
49,38.5,12.07706,0.266953,3.082415,0.205806
49,39.0,12.07329,0.266589,3.084483,0.204103
49,39.5,12.069718,0.266244,3.086441,0.20249
49,40.0,12.066334,0.265917,3.088296,0.200961
49,40.5,12.063129,0.265608,3.090053,0.199513
49,41.0,12.060092,0.265316,3.091718,0.198141
49,41.5,12.057215,0.265038,3.093295,0.196841
49,42.0,12.054489,0.264776,3.09479,0.195609
49,42.5,12.051906,0.264527,3.096205,0.194442
49,43.0,12.049459,0.264292,3.097547,0.193336
49,43.5,12.047141,0.264069,3.098817,0.192288
49,44.0,12.044944,0.263858,3.100021,0.191295
49,44.5,12.042862,0.263658,3.101162,0.190355
49,45.0,12.040889,0.263468,3.102243,0.189463
49,45.5,12.03902,0.263289,3.103268,0.188618
49,46.0,12.037249,0.263119,3.104238,0.187818
49,46.5,12.03557,0.262957,3.105158,0.187059
49,47.0,12.03398,0.262805,3.10603,0.18634
49,47.5,12.032472,0.26266,3.106856,0.185658
49,48.0,12.031044,0.262523,3.107639,0.185013
49,48.5,12.02969,0.262394,3.10838,0.184401
49,49.0,12.028407,0.262271,3.109083,0.183821
49,49.5,12.027191,0.262154,3.109749,0.183271
49,50.0,12.026039,0.262044,3.110381,0.18275
50,0.0,23.54474,0.097183,0.050074,1.867026
50,0.5,23.285252,0.237046,0.109886,1.66735
50,1.0,23.018838,0.313972,0.204631,1.495681
50,1.5,22.758552,0.35177,0.315875,1.346639
50,2.0,22.511417,0.365557,0.432549,1.216177
50,2.5,22.280808,0.364899,0.548182,1.101202
50,3.0,22.067943,0.35583,0.659149,0.999304
50,3.5,21.8728,0.342142,0.763565,0.908576
50,4.0,21.694672,0.326198,0.860601,0.827484
50,4.5,21.532505,0.309453,0.950056,0.754773
50,5.0,21.385097,0.292787,1.032094,0.689403
50,5.5,21.251214,0.27671,1.107074,0.6305
50,6.0,21.129654,0.261503,1.175457,0.577323
50,6.5,21.019283,0.247303,1.237743,0.529237
50,7.0,20.919049,0.234154,1.294434,0.485695
50,7.5,20.827991,0.222049,1.346016,0.446219
50,8.0,20.745233,0.210947,1.392946,0.41039
50,8.5,20.669984,0.200792,1.435648,0.377843
50,9.0,20.601528,0.19152,1.474512,0.348252
50,9.5,20.539224,0.183061,1.509893,0.321329
50,10.0,20.482491,0.17535,1.542115,0.296818
50,10.5,20.430807,0.168323,1.571471,0.274489
50,11.0,20.383702,0.16192,1.598224,0.254139
50,11.5,20.340754,0.156085,1.622616,0.235582
50,12.0,20.301581,0.150768,1.644861,0.218654
50,12.5,20.265838,0.14592,1.665157,0.203206
50,13.0,20.233213,0.141501,1.683679,0.189104
50,13.5,20.203427,0.13747,1.700587,0.176226
50,14.0,20.176223,0.133792,1.716028,0.164463
50,14.5,20.151373,0.130437,1.730131,0.153715
50,15.0,20.128666,0.127374,1.743016,0.143894
50,15.5,20.107913,0.124577,1.75479,0.134916
50,16.0,20.088943,0.122023,1.765553,0.126707
50,16.5,20.071599,0.11969,1.775391,0.119202
50,17.0,20.055738,0.117558,1.784388,0.112337
50,17.5,20.041232,0.11561,1.792615,0.106059
50,18.0,20.027964,0.113829,1.800139,0.100315
50,18.5,20.015825,0.112201,1.807023,0.095059
50,19.0,20.004718,0.110712,1.81332,0.09025
50,19.5,19.994556,0.109351,1.819082,0.08585
50,20.0,19.985255,0.108106,1.824355,0.081822
50,20.5,19.976743,0.106967,1.829181,0.078136
50,21.0,19.968952,0.105925,1.833597,0.074761
50,21.5,19.96182,0.104971,1.83764,0.071672
50,22.0,19.955292,0.104098,1.841341,0.068844
50,22.5,19.949315,0.1033,1.844728,0.066255
50,23.0,19.943842,0.102569,1.84783,0.063884
50,23.5,19.938832,0.1019,1.85067,0.061714
50,24.0,19.934244,0.101287,1.85327,0.059726
50,24.5,19.930043,0.100727,1.855651,0.057906
50,25.0,19.926196,0.100213,1.857831,0.056239
50,25.5,19.922673,0.099743,1.859827,0.054712
50,26.0,19.919447,0.099313,1.861656,0.053314
50,26.5,19.916492,0.098919,1.86333,0.052034
50,27.0,19.913786,0.098558,1.864863,0.050861
50,27.5,19.911308,0.098228,1.866268,0.049787
50,28.0,19.909038,0.097925,1.867554,0.048804
50,28.5,19.906958,0.097648,1.868732,0.047903
50,29.0,19.905054,0.097394,1.869811,0.047077
50,29.5,19.90331,0.097162,1.8708,0.046321
50,30.0,19.901712,0.096949,1.871705,0.045629
50,30.5,19.900248,0.096754,1.872534,0.044995
50,31.0,19.898908,0.096575,1.873294,0.044414
50,31.5,19.89768,0.096412,1.87399,0.043881
50,32.0,19.896555,0.096262,1.874627,0.043394
50,32.5,19.895524,0.096125,1.875211,0.042947
50,33.0,19.89458,0.095999,1.875746,0.042538
50,33.5,19.893716,0.095884,1.876236,0.042163
50,34.0,19.892924,0.095778,1.876685,0.04182
50,34.5,19.892198,0.095682,1.877096,0.041506
50,35.0,19.891533,0.095593,1.877472,0.041217
50,35.5,19.890924,0.095512,1.877817,0.040954
50,36.0,19.890367,0.095438,1.878133,0.040712
50,36.5,19.889855,0.09537,1.878423,0.04049
50,37.0,19.889387,0.095308,1.878688,0.040287
50,37.5,19.888958,0.09525,1.878931,0.040101
50,38.0,19.888566,0.095198,1.879154,0.039931
50,38.5,19.888206,0.09515,1.879358,0.039775
50,39.0,19.887876,0.095106,1.879545,0.039632
50,39.5,19.887574,0.095066,1.879716,0.039501
50,40.0,19.887297,0.095029,1.879872,0.039381
50,40.5,19.887043,0.094995,1.880016,0.039271
50,41.0,19.886811,0.094965,1.880148,0.039171
50,41.5,19.886598,0.094936,1.880268,0.039079
50,42.0,19.886404,0.09491,1.880379,0.038994
50,42.5,19.886225,0.094886,1.88048,0.038917
50,43.0,19.886061,0.094865,1.880573,0.038846
50,43.5,19.885911,0.094845,1.880658,0.038781
50,44.0,19.885774,0.094826,1.880735,0.038721
50,44.5,19.885648,0.09481,1.880807,0.038667
50,45.0,19.885533,0.094794,1.880872,0.038617
50,45.5,19.885427,0.09478,1.880932,0.038571
50,46.0,19.885331,0.094767,1.880986,0.038529
50,46.5,19.885242,0.094756,1.881037,0.038491
50,47.0,19.885161,0.094745,1.881083,0.038455
50,47.5,19.885087,0.094735,1.881125,0.038423
50,48.0,19.885018,0.094726,1.881163,0.038394
50,48.5,19.884956,0.094718,1.881199,0.038367
50,49.0,19.884899,0.09471,1.881231,0.038342
50,49.5,19.884846,0.094703,1.881261,0.038319
50,50.0,19.884798,0.094697,1.881288,0.038298
51,0.0,1.404152,0.022966,0.013182,6.937757
51,0.5,1.357512,0.068114,0.013928,6.891863
51,1.0,1.313635,0.108875,0.015486,6.849544
51,1.5,1.272367,0.145695,0.01771,6.8105
51,2.0,1.233557,0.178968,0.020479,6.774458
51,2.5,1.197062,0.209046,0.023687,6.741172
51,3.0,1.162743,0.236243,0.027248,6.710414
51,3.5,1.13047,0.260837,0.031088,6.681981
51,4.0,1.100118,0.283079,0.035143,6.655684
51,4.5,1.07157,0.303193,0.03936,6.631352
51,5.0,1.044712,0.32138,0.043695,6.60883
51,5.5,1.019441,0.337821,0.04811,6.587974
51,6.0,0.995657,0.352678,0.052574,6.568653
51,6.5,0.973267,0.366097,0.057059,6.550749
51,7.0,0.952183,0.378211,0.061544,6.53415
51,7.5,0.932323,0.389138,0.066011,6.518756
51,8.0,0.913609,0.398986,0.070443,6.504476
51,8.5,0.89597,0.407853,0.074829,6.491223
51,9.0,0.879338,0.415827,0.079158,6.478919
51,9.5,0.86365,0.422989,0.083422,6.467494
51,10.0,0.848845,0.429411,0.087613,6.456881
51,10.5,0.834869,0.43516,0.091727,6.447019
51,11.0,0.82167,0.440294,0.095759,6.437852
51,11.5,0.809199,0.444871,0.099706,6.429328
51,12.0,0.79741,0.448938,0.103567,6.4214
51,12.5,0.786263,0.452542,0.107339,6.414024
51,13.0,0.775716,0.455725,0.111021,6.407159
51,13.5,0.765733,0.458523,0.114613,6.400769
51,14.0,0.756279,0.460972,0.118116,6.394817
51,14.5,0.747322,0.463103,0.121529,6.389274
51,15.0,0.738832,0.464945,0.124853,6.384108
51,15.5,0.730781,0.466524,0.128089,6.379293
51,16.0,0.723142,0.467864,0.131238,6.374803
51,16.5,0.71589,0.468988,0.134302,6.370615
51,17.0,0.709003,0.469915,0.137282,6.366708
51,17.5,0.70246,0.470664,0.14018,6.363062
51,18.0,0.696239,0.471252,0.142996,6.359658
51,18.5,0.690322,0.471694,0.145733,6.356478
51,19.0,0.684692,0.472004,0.148393,6.353508
51,19.5,0.679332,0.472196,0.150977,6.350732
51,20.0,0.674226,0.472281,0.153488,6.348137
51,20.5,0.669361,0.47227,0.155926,6.34571
51,21.0,0.664722,0.472172,0.158294,6.343439
51,21.5,0.660297,0.471998,0.160594,6.341314
51,22.0,0.656074,0.471755,0.162827,6.339324
51,22.5,0.652043,0.47145,0.164995,6.33746
51,23.0,0.648192,0.471091,0.1671,6.335714
51,23.5,0.644512,0.470685,0.169143,6.334077
51,24.0,0.640993,0.470236,0.171127,6.332543
51,24.5,0.637628,0.46975,0.173052,6.331103
51,25.0,0.634407,0.469232,0.174921,6.329752
51,25.5,0.631325,0.468686,0.176736,6.328483
51,26.0,0.628372,0.468117,0.178497,6.327292
51,26.5,0.625543,0.467527,0.180206,6.326172
51,27.0,0.622832,0.466921,0.181865,6.325119
51,27.5,0.620232,0.466301,0.183475,6.324129
51,28.0,0.617738,0.46567,0.185037,6.323198
51,28.5,0.615344,0.46503,0.186554,6.322321
51,29.0,0.613046,0.464384,0.188026,6.321495
51,29.5,0.61084,0.463734,0.189454,6.320717
51,30.0,0.60872,0.463081,0.190841,6.319983
51,30.5,0.606683,0.462428,0.192186,6.319291
51,31.0,0.604724,0.461775,0.193492,6.318639
51,31.5,0.60284,0.461124,0.194759,6.318022
51,32.0,0.601028,0.460476,0.195989,6.31744
51,32.5,0.599285,0.459833,0.197183,6.31689
51,33.0,0.597606,0.459194,0.198341,6.31637
51,33.5,0.59599,0.458562,0.199465,6.315878
51,34.0,0.594433,0.457936,0.200556,6.315412
51,34.5,0.592933,0.457318,0.201615,6.314971
51,35.0,0.591488,0.456708,0.202643,6.314554
51,35.5,0.590095,0.456107,0.20364,6.314158
51,36.0,0.588751,0.455514,0.204608,6.313782
51,36.5,0.587455,0.454931,0.205548,6.313426
51,37.0,0.586205,0.454357,0.20646,6.313088
51,37.5,0.584999,0.453794,0.207345,6.312767
51,38.0,0.583835,0.45324,0.208204,6.312462
51,38.5,0.582711,0.452696,0.209038,6.312171
51,39.0,0.581626,0.452163,0.209847,6.311895
51,39.5,0.580578,0.451641,0.210632,6.311632
51,40.0,0.579565,0.451129,0.211394,6.311382
51,40.5,0.578587,0.450627,0.212134,6.311144
51,41.0,0.577642,0.450136,0.212852,6.310917
51,41.5,0.576728,0.449656,0.213549,6.3107
51,42.0,0.575845,0.449186,0.214226,6.310493
51,42.5,0.574991,0.448726,0.214883,6.310296
51,43.0,0.574165,0.448277,0.21552,6.310108
51,43.5,0.573366,0.447839,0.216139,6.309928
51,44.0,0.572594,0.44741,0.216739,6.309756
51,44.5,0.571846,0.446992,0.217322,6.309591
51,45.0,0.571123,0.446583,0.217888,6.309434
51,45.5,0.570423,0.446185,0.218437,6.309283
51,46.0,0.569745,0.445796,0.218971,6.309139
51,46.5,0.56909,0.445416,0.219488,6.309001
51,47.0,0.568455,0.445046,0.219991,6.308868
51,47.5,0.56784,0.444686,0.220478,6.308741
51,48.0,0.567245,0.444334,0.220952,6.308619
51,48.5,0.566668,0.443991,0.221411,6.308503
51,49.0,0.56611,0.443658,0.221857,6.30839
51,49.5,0.565569,0.443332,0.22229,6.308283
51,50.0,0.565046,0.443015,0.222711,6.308179
52,0.0,4.533143,0.050633,0.069426,6.020608
52,0.5,4.398216,0.172591,0.075911,5.892165
52,1.0,4.267465,0.276476,0.089344,5.774847
52,1.5,4.141283,0.365035,0.108155,5.667477
52,2.0,4.019914,0.440578,0.131068,5.569021
52,2.5,3.903484,0.505052,0.157046,5.478569
52,3.0,3.79203,0.560098,0.18525,5.395319
52,3.5,3.68552,0.6071,0.215004,5.318563
52,4.0,3.583873,0.647231,0.245762,5.247674
52,4.5,3.486969,0.681481,0.277089,5.182097
52,5.0,3.394665,0.710692,0.308635,5.12134
52,5.5,3.306798,0.735579,0.340125,5.064963
52,6.0,3.223196,0.756752,0.37134,5.012575
52,6.5,3.143679,0.774729,0.40211,4.963828
52,7.0,3.068065,0.789955,0.432304,4.918408
52,7.5,2.996175,0.80281,0.461821,4.876036
52,8.0,2.927831,0.81362,0.490589,4.836459
52,8.5,2.862858,0.822664,0.518553,4.79945
52,9.0,2.801089,0.830184,0.545678,4.764805
52,9.5,2.742361,0.836387,0.57194,4.73234
52,10.0,2.686519,0.841454,0.597327,4.701885
52,10.5,2.633414,0.845539,0.621838,4.673291
52,11.0,2.582904,0.848775,0.645474,4.646418
52,11.5,2.534855,0.85128,0.668247,4.62114
52,12.0,2.489137,0.853154,0.690168,4.597344
52,12.5,2.44563,0.854486,0.711256,4.574925
52,13.0,2.404218,0.85535,0.73153,4.553787
52,13.5,2.364792,0.855814,0.751011,4.533842
52,14.0,2.327249,0.855934,0.769722,4.51501
52,14.5,2.291492,0.855763,0.787687,4.497218
52,15.0,2.257429,0.855342,0.804929,4.480396
52,15.5,2.224971,0.854711,0.821473,4.464483
52,16.0,2.194038,0.853902,0.837344,4.449421
52,16.5,2.164552,0.852945,0.852566,4.435156
52,17.0,2.136439,0.851865,0.867162,4.42164
52,17.5,2.109629,0.850684,0.881157,4.408825
52,18.0,2.084058,0.849422,0.894574,4.396671
52,18.5,2.059664,0.848095,0.907435,4.385137
52,19.0,2.036387,0.846717,0.919762,4.374188
52,19.5,2.014173,0.845302,0.931576,4.363788
52,20.0,1.99297,0.843861,0.942899,4.353908
52,20.5,1.972727,0.842402,0.95375,4.344516
52,21.0,1.953399,0.840934,0.964148,4.335585
52,21.5,1.93494,0.839465,0.974112,4.327091
52,22.0,1.91731,0.837999,0.98366,4.319008
52,22.5,1.900467,0.836544,0.992809,4.311315
52,23.0,1.884375,0.835102,1.001575,4.30399
52,23.5,1.868998,0.833678,1.009976,4.297013
52,24.0,1.854303,0.832275,1.018025,4.290367
52,24.5,1.840256,0.830895,1.025739,4.284033
52,25.0,1.826828,0.829541,1.03313,4.277996
52,25.5,1.813989,0.828215,1.040212,4.27224
52,26.0,1.801713,0.826918,1.046999,4.266751
52,26.5,1.789973,0.82565,1.053502,4.261514
52,27.0,1.778745,0.824414,1.059734,4.256519
52,27.5,1.768006,0.823209,1.065707,4.251751
52,28.0,1.757732,0.822037,1.07143,4.2472
52,28.5,1.747903,0.820896,1.076915,4.242856
52,29.0,1.738498,0.819788,1.082171,4.238708
52,29.5,1.729499,0.818712,1.087209,4.234746
52,30.0,1.720886,0.817668,1.092037,4.230962
52,30.5,1.712644,0.816656,1.096664,4.227347
52,31.0,1.704755,0.815676,1.101099,4.223893
52,31.5,1.697203,0.814726,1.105349,4.220591
52,32.0,1.689974,0.813807,1.109423,4.217436
52,32.5,1.683053,0.812918,1.113328,4.21442
52,33.0,1.676426,0.812059,1.117071,4.211537
52,33.5,1.670081,0.811228,1.120659,4.20878
52,34.0,1.664006,0.810426,1.124098,4.206143
52,34.5,1.658188,0.809651,1.127395,4.203621
52,35.0,1.652616,0.808903,1.130555,4.201209
52,35.5,1.647279,0.808181,1.133584,4.198902
52,36.0,1.642168,0.807484,1.136488,4.196695
52,36.5,1.637272,0.806812,1.139272,4.194583
52,37.0,1.632582,0.806165,1.141941,4.192562
52,37.5,1.628089,0.80554,1.144499,4.190627
52,38.0,1.623785,0.804939,1.146952,4.188776
52,38.5,1.619662,0.804359,1.149304,4.187005
52,39.0,1.615712,0.8038,1.151558,4.185309
52,39.5,1.611927,0.803263,1.153719,4.183685
52,40.0,1.6083,0.802745,1.155792,4.182131
52,40.5,1.604825,0.802246,1.157779,4.180642
52,41.0,1.601495,0.801766,1.159683,4.179217
52,41.5,1.598304,0.801304,1.16151,4.177853
52,42.0,1.595246,0.80086,1.163261,4.176546
52,42.5,1.592316,0.800432,1.16494,4.175295
52,43.0,1.589507,0.800021,1.16655,4.174096
52,43.5,1.586815,0.799625,1.168094,4.172948
52,44.0,1.584236,0.799245,1.169574,4.171848
52,44.5,1.581763,0.798879,1.170993,4.170795
52,45.0,1.579393,0.798527,1.172354,4.169786
52,45.5,1.577121,0.798189,1.173659,4.168819
52,46.0,1.574944,0.797864,1.17491,4.167893
52,46.5,1.572857,0.797551,1.17611,4.167006
52,47.0,1.570856,0.797251,1.177261,4.166156
52,47.5,1.568938,0.796962,1.178364,4.165341
52,48.0,1.5671,0.796685,1.179422,4.16456
52,48.5,1.565337,0.796418,1.180436,4.163812
52,49.0,1.563648,0.796162,1.181409,4.163096
52,49.5,1.562028,0.795916,1.182342,4.162409
52,50.0,1.560475,0.79568,1.183237,4.161751
53,0.0,6.793494,0.080412,0.071541,7.520348
53,0.5,6.536502,0.300996,0.089745,7.281561
53,1.0,6.286149,0.47904,0.1259,7.067362
53,1.5,6.044559,0.622838,0.174795,6.874668
53,2.0,5.813067,0.739026,0.232447,6.700828
53,2.5,5.59242,0.832909,0.295829,6.543563
53,3.0,5.382943,0.908736,0.362655,6.400911
53,3.5,5.184659,0.969911,0.431209,6.271181
53,4.0,4.997384,1.019174,0.500215,6.152912
53,4.5,4.820792,1.058731,0.568732,6.044838
53,5.0,4.654468,1.090362,0.636079,5.94586
53,5.5,4.497941,1.115513,0.701767,5.855021
53,6.0,4.350713,1.135356,0.76546,5.771486
53,6.5,4.212275,1.150848,0.826933,5.694521
53,7.0,4.082122,1.162769,0.886048,5.623484
53,7.5,3.959761,1.171761,0.942733,5.557808
53,8.0,3.844717,1.178348,0.996961,5.496992
53,8.5,3.736534,1.182964,1.048745,5.440592
53,9.0,3.634781,1.185965,1.098121,5.388215
53,9.5,3.539052,1.187648,1.145144,5.339509
53,10.0,3.448961,1.188255,1.189886,5.29416
53,10.5,3.364152,1.187991,1.232422,5.251888
53,11.0,3.284286,1.187024,1.272839,5.212439
53,11.5,3.20905,1.185493,1.311222,5.175586
53,12.0,3.138152,1.183514,1.347661,5.141126
53,12.5,3.071316,1.181186,1.382243,5.108872
53,13.0,3.008288,1.178587,1.415056,5.078658
53,13.5,2.948831,1.175785,1.446186,5.05033
53,14.0,2.892724,1.172836,1.475714,5.023751
53,14.5,2.839759,1.169786,1.503721,4.998794
53,15.0,2.789746,1.166673,1.530285,4.975344
53,15.5,2.742503,1.163528,1.555478,4.953295
53,16.0,2.697865,1.160378,1.579373,4.932551
53,16.5,2.655674,1.157243,1.602035,4.913023
53,17.0,2.615787,1.154141,1.62353,4.89463
53,17.5,2.578065,1.151085,1.643919,4.877297
53,18.0,2.542383,1.148087,1.663259,4.860955
53,18.5,2.508621,1.145156,1.681605,4.84554
53,19.0,2.476669,1.142298,1.69901,4.830992
53,19.5,2.446421,1.139519,1.715524,4.817258
53,20.0,2.417782,1.136822,1.731192,4.804287
53,20.5,2.390659,1.134209,1.74606,4.792032
53,21.0,2.364966,1.131683,1.760169,4.780449
53,21.5,2.340625,1.129244,1.77356,4.769498
53,22.0,2.317558,1.126892,1.786269,4.75914
53,22.5,2.295696,1.124627,1.798332,4.749342
53,23.0,2.274972,1.122448,1.809784,4.740069
53,23.5,2.255324,1.120354,1.820655,4.731293
53,24.0,2.236692,1.118342,1.830977,4.722983
53,24.5,2.219023,1.116412,1.840777,4.715113
53,25.0,2.202262,1.114561,1.850082,4.707658
53,25.5,2.186362,1.112787,1.858919,4.700595
53,26.0,2.171277,1.111088,1.867311,4.693902
53,26.5,2.156963,1.109462,1.875282,4.687558
53,27.0,2.143378,1.107906,1.882852,4.681544
53,27.5,2.130485,1.106417,1.890043,4.675841
53,28.0,2.118247,1.104995,1.896873,4.670433
53,28.5,2.106629,1.103635,1.903362,4.665304
53,29.0,2.095599,1.102336,1.909526,4.660439
53,29.5,2.085126,1.101096,1.915383,4.655822
53,30.0,2.075181,1.099911,1.920948,4.651442
53,30.5,2.065737,1.098781,1.926235,4.647285
53,31.0,2.056768,1.097702,1.931259,4.64334
53,31.5,2.048249,1.096673,1.936033,4.639595
53,32.0,2.040157,1.095691,1.94057,4.63604
53,32.5,2.03247,1.094755,1.944881,4.632665
53,33.0,2.025168,1.093862,1.948979,4.62946
53,33.5,2.01823,1.093011,1.952873,4.626417
53,34.0,2.011639,1.0922,1.956574,4.623526
53,34.5,2.005376,1.091427,1.960092,4.620781
53,35.0,1.999424,1.090691,1.963436,4.618174
53,35.5,1.993769,1.089989,1.966615,4.615698
53,36.0,1.988395,1.08932,1.969636,4.613345
53,36.5,1.983288,1.088683,1.972508,4.61111
53,37.0,1.978434,1.088077,1.975238,4.608986
53,37.5,1.973821,1.087499,1.977834,4.606968
53,38.0,1.969436,1.086949,1.980301,4.605051
53,38.5,1.965268,1.086425,1.982647,4.603229
53,39.0,1.961307,1.085926,1.984878,4.601497
53,39.5,1.957541,1.085451,1.986998,4.599852
53,40.0,1.953961,1.084999,1.989014,4.598288
53,40.5,1.950558,1.084569,1.990931,4.596802
53,41.0,1.947323,1.084159,1.992753,4.595389
53,41.5,1.944247,1.083769,1.994486,4.594046
53,42.0,1.941323,1.083398,1.996133,4.59277
53,42.5,1.938543,1.083045,1.9977,4.591557
53,43.0,1.9359,1.082709,1.999189,4.590403
53,43.5,1.933387,1.082389,2.000606,4.589307
53,44.0,1.930998,1.082084,2.001953,4.588264
53,44.5,1.928726,1.081795,2.003233,4.587273
53,45.0,1.926566,1.081519,2.004451,4.586331
53,45.5,1.924512,1.081257,2.005609,4.585435
53,46.0,1.922559,1.081007,2.006711,4.584584
53,46.5,1.920702,1.080769,2.007758,4.583774
53,47.0,1.918936,1.080543,2.008754,4.583004
53,47.5,1.917257,1.080328,2.009701,4.582272
53,48.0,1.91566,1.080124,2.010602,4.581576
53,48.5,1.914142,1.079929,2.011458,4.580914
53,49.0,1.912698,1.079744,2.012273,4.580284
53,49.5,1.911325,1.079568,2.013047,4.579686
53,50.0,1.910019,1.079401,2.013784,4.579116
54,0.0,4.800675,0.012375,0.092756,4.276993
54,0.5,4.699777,0.107397,0.095695,4.179033
54,1.0,4.600741,0.188647,0.104588,4.08889
54,1.5,4.503961,0.258144,0.118229,4.005751
54,2.0,4.409721,0.317605,0.135618,3.928901
54,2.5,4.318221,0.368488,0.155927,3.85771
54,3.0,4.22959,0.412032,0.17847,3.791622
54,3.5,4.143903,0.449292,0.202684,3.730149
54,4.0,4.06119,0.481164,0.228104,3.672856
54,4.5,3.981449,0.508416,0.254349,3.61936
54,5.0,3.904651,0.531698,0.281107,3.569319
54,5.5,3.830747,0.551571,0.308122,3.522431
54,6.0,3.759673,0.568511,0.335189,3.478424
54,6.5,3.691357,0.582927,0.362139,3.437058
54,7.0,3.625716,0.595169,0.388839,3.398116
54,7.5,3.562663,0.60554,0.41518,3.361405
54,8.0,3.502109,0.614297,0.441079,3.326749
54,8.5,3.443962,0.621664,0.466469,3.293992
54,9.0,3.388132,0.627832,0.4913,3.262993
54,9.5,3.334528,0.632966,0.515534,3.233624
54,10.0,3.283061,0.637211,0.539145,3.205768
54,10.5,3.233643,0.640689,0.562115,3.17932
54,11.0,3.186191,0.643508,0.584432,3.154185
54,11.5,3.140621,0.645759,0.606091,3.130274
54,12.0,3.096856,0.647522,0.627093,3.10751
54,12.5,3.054817,0.648868,0.647439,3.085818
54,13.0,3.014433,0.649855,0.667137,3.065132
54,13.5,2.975632,0.650537,0.686197,3.04539
54,14.0,2.938347,0.650959,0.704628,3.026537
54,14.5,2.902514,0.65116,0.722444,3.00852
54,15.0,2.868071,0.651173,0.73966,2.991292
54,15.5,2.834958,0.651029,0.756288,2.974808
54,16.0,2.80312,0.650753,0.772345,2.959027
54,16.5,2.772502,0.650367,0.787847,2.943911
54,17.0,2.743053,0.64989,0.80281,2.929425
54,17.5,2.714725,0.64934,0.817249,2.915536
54,18.0,2.687471,0.64873,0.831181,2.902213
54,18.5,2.661245,0.648074,0.844622,2.889429
54,19.0,2.636006,0.647381,0.857588,2.877156
54,19.5,2.611713,0.646661,0.870094,2.865369
54,20.0,2.588327,0.645922,0.882157,2.854046
54,20.5,2.565812,0.64517,0.89379,2.843164
54,21.0,2.544131,0.644412,0.90501,2.832703
54,21.5,2.523252,0.643653,0.915829,2.822643
54,22.0,2.503142,0.642896,0.926262,2.812967
54,22.5,2.483771,0.642145,0.936323,2.803656
54,23.0,2.46511,0.641403,0.946025,2.794697
54,23.5,2.447129,0.640672,0.955381,2.786071
54,24.0,2.429803,0.639956,0.964402,2.777767
54,24.5,2.413106,0.639254,0.973101,2.769769
54,25.0,2.397013,0.638569,0.98149,2.762066
54,25.5,2.381502,0.637901,0.98958,2.754644
54,26.0,2.366549,0.637251,0.997381,2.747492
54,26.5,2.352133,0.63662,1.004905,2.740599
54,27.0,2.338234,0.636009,1.01216,2.733956
54,27.5,2.324832,0.635417,1.019157,2.727551
54,28.0,2.311908,0.634844,1.025905,2.721375
54,28.5,2.299444,0.634291,1.032414,2.71542
54,29.0,2.287423,0.633757,1.038691,2.709676
54,29.5,2.275828,0.633243,1.044746,2.704136
54,30.0,2.264643,0.632747,1.050586,2.698791
54,30.5,2.253854,0.63227,1.056219,2.693635
54,31.0,2.243445,0.631811,1.061653,2.68866
54,31.5,2.233402,0.63137,1.066895,2.683859
54,32.0,2.223712,0.630947,1.071952,2.679226
54,32.5,2.214363,0.63054,1.07683,2.674755
54,33.0,2.20534,0.63015,1.081536,2.670439
54,33.5,2.196634,0.629775,1.086077,2.666272
54,34.0,2.188231,0.629416,1.090458,2.662251
54,34.5,2.180122,0.629072,1.094684,2.658368
54,35.0,2.172295,0.628743,1.098763,2.654619
54,35.5,2.16474,0.628427,1.102698,2.650999
54,36.0,2.157448,0.628125,1.106495,2.647504
54,36.5,2.150409,0.627836,1.110159,2.644129
54,37.0,2.143614,0.627559,1.113695,2.64087
54,37.5,2.137054,0.627295,1.117107,2.637723
54,38.0,2.130721,0.627042,1.1204,2.634683
54,38.5,2.124608,0.6268,1.123578,2.631747
54,39.0,2.118705,0.626568,1.126645,2.628912
54,39.5,2.113006,0.626347,1.129605,2.626173
54,40.0,2.107503,0.626135,1.132462,2.623527
54,40.5,2.10219,0.625933,1.13522,2.620971
54,41.0,2.097059,0.62574,1.137882,2.618503
54,41.5,2.092105,0.625555,1.140451,2.616118
54,42.0,2.087321,0.625379,1.142931,2.613814
54,42.5,2.082702,0.625211,1.145325,2.611589
54,43.0,2.078241,0.62505,1.147636,2.609439
54,43.5,2.073933,0.624896,1.149867,2.607361
54,44.0,2.069772,0.624749,1.152021,2.605355
54,44.5,2.065754,0.624609,1.1541,2.603416
54,45.0,2.061873,0.624475,1.156107,2.601542
54,45.5,2.058125,0.624347,1.158045,2.599732
54,46.0,2.054506,0.624225,1.159916,2.597984
54,46.5,2.051009,0.624108,1.161723,2.596294
54,47.0,2.047633,0.623996,1.163467,2.594661
54,47.5,2.044371,0.62389,1.165151,2.593084
54,48.0,2.041221,0.623788,1.166777,2.59156
54,48.5,2.038178,0.623691,1.168347,2.590087
54,49.0,2.035239,0.623598,1.169863,2.588664
54,49.5,2.0324,0.623509,1.171327,2.587289
54,50.0,2.029658,0.623424,1.17274,2.58596
55,0.0,9.727512,0.048858,0.066286,9.578421
55,0.5,9.258386,0.447482,0.101538,9.144546
55,1.0,8.798869,0.747732,0.181171,8.764663
55,1.5,8.357124,0.973877,0.288971,8.430717
55,2.0,7.937817,1.144104,0.413511,8.135951
55,2.5,7.543252,1.272021,0.546835,7.87471
55,3.0,7.17417,1.367827,0.683473,7.642266
55,3.5,6.830315,1.43918,0.819724,7.434662
55,4.0,6.510822,1.491858,0.953132,7.248576
55,4.5,6.214474,1.530234,1.082117,7.081214
55,5.0,5.939873,1.557638,1.205716,6.930212
55,5.5,5.685554,1.576614,1.323388,6.793564
55,6.0,5.450052,1.589113,1.434889,6.669564
55,6.5,5.23195,1.596643,1.540175,6.556748
55,7.0,5.029901,1.600367,1.639338,6.453861
55,7.5,4.84264,1.60119,1.732557,6.359819
55,8.0,4.668993,1.599818,1.820066,6.273682
55,8.5,4.507876,1.5968,1.902134,6.194632
55,9.0,4.358291,1.592565,1.979043,6.121957
55,9.5,4.219323,1.587451,2.051085,6.05503
55,10.0,4.090133,1.581721,2.118545,5.9933
55,10.5,3.969955,1.575581,2.181704,5.936281
55,11.0,3.85809,1.569191,2.240831,5.883543
55,11.5,3.753897,1.562677,2.296185,5.834704
55,12.0,3.656791,1.556136,2.348009,5.789422
55,12.5,3.566236,1.549641,2.396533,5.747392
55,13.0,3.481745,1.543251,2.441974,5.708341
55,13.5,3.402867,1.537006,2.484535,5.672024
55,14.0,3.329192,1.53094,2.524406,5.63822
55,14.5,3.260343,1.525073,2.561764,5.606729
55,15.0,3.195974,1.519422,2.596774,5.57737
55,15.5,3.135766,1.513995,2.629591,5.549979
55,16.0,3.079427,1.508799,2.660359,5.524408
55,16.5,3.026687,1.503835,2.689211,5.50052
55,17.0,2.977298,1.499102,2.716272,5.478192
55,17.5,2.93103,1.494598,2.741658,5.45731
55,18.0,2.887671,1.490317,2.765478,5.437771
55,18.5,2.847025,1.486253,2.787832,5.41948
55,19.0,2.808912,1.482401,2.808815,5.40235
55,19.5,2.773163,1.478752,2.828514,5.386299
55,20.0,2.739622,1.4753,2.847011,5.371255
55,20.5,2.708146,1.472035,2.864381,5.357149
55,21.0,2.678599,1.46895,2.880697,5.343919
55,21.5,2.650859,1.466038,2.896024,5.331505
55,22.0,2.624807,1.463288,2.910424,5.319854
55,22.5,2.600338,1.460695,2.923955,5.308916
55,23.0,2.577351,1.45825,2.936672,5.298645
55,23.5,2.555751,1.455945,2.948624,5.288997
55,24.0,2.535452,1.453773,2.959859,5.279934
55,24.5,2.516373,1.451727,2.970421,5.271417
55,25.0,2.498438,1.449801,2.980352,5.263412
55,25.5,2.481575,1.447988,2.98969,5.255888
55,26.0,2.465718,1.446281,2.998472,5.248813
55,26.5,2.450807,1.444675,3.006731,5.24216
55,27.0,2.436782,1.443164,3.014499,5.235903
55,27.5,2.42359,1.441742,3.021806,5.230018
55,28.0,2.411179,1.440405,3.028679,5.224481
55,28.5,2.399503,1.439148,3.035146,5.219272
55,29.0,2.388517,1.437966,3.04123,5.21437
55,29.5,2.37818,1.436854,3.046955,5.209757
55,30.0,2.368451,1.435809,3.052341,5.205415
55,30.5,2.359296,1.434827,3.05741,5.201329
55,31.0,2.350679,1.433903,3.062181,5.197482
55,31.5,2.342568,1.433035,3.06667,5.19386
55,32.0,2.334933,1.43222,3.070895,5.190451
55,32.5,2.327745,1.431453,3.074872,5.18724
55,33.0,2.320979,1.430733,3.078616,5.184217
55,33.5,2.314609,1.430056,3.082139,5.181371
55,34.0,2.308611,1.42942,3.085456,5.17869
55,34.5,2.302964,1.428822,3.088579,5.176165
55,35.0,2.297646,1.42826,3.091518,5.173787
55,35.5,2.292639,1.427732,3.094286,5.171548
55,36.0,2.287925,1.427236,3.096891,5.169438
55,36.5,2.283484,1.42677,3.099345,5.167451
55,37.0,2.279303,1.426332,3.101654,5.16558
55,37.5,2.275365,1.42592,3.103829,5.163817
55,38.0,2.271657,1.425534,3.105877,5.162156
55,38.5,2.268164,1.42517,3.107805,5.160591
55,39.0,2.264874,1.424829,3.10962,5.159117
55,39.5,2.261776,1.424508,3.11133,5.157728
55,40.0,2.258857,1.424206,3.11294,5.15642
55,40.5,2.256108,1.423923,3.114456,5.155187
55,41.0,2.253519,1.423657,3.115884,5.154025
55,41.5,2.25108,1.423406,3.117228,5.152931
55,42.0,2.248783,1.423171,3.118495,5.1519
55,42.5,2.246619,1.42295,3.119687,5.150929
55,43.0,2.244581,1.422742,3.12081,5.150013
55,43.5,2.24266,1.422547,3.121868,5.149151
55,44.0,2.240851,1.422364,3.122864,5.148338
55,44.5,2.239147,1.422191,3.123802,5.147572
55,45.0,2.237542,1.422029,3.124686,5.146851
55,45.5,2.23603,1.421877,3.125518,5.146171
55,46.0,2.234606,1.421734,3.126302,5.14553
55,46.5,2.233263,1.421599,3.12704,5.144926
55,47.0,2.231999,1.421472,3.127736,5.144358
55,47.5,2.230808,1.421353,3.128391,5.143822
55,48.0,2.229686,1.421241,3.129008,5.143316
55,48.5,2.228629,1.421136,3.129589,5.14284
55,49.0,2.227633,1.421037,3.130137,5.142392
55,49.5,2.226695,1.420944,3.130652,5.141969
55,50.0,2.225811,1.420857,3.131138,5.141571
56,0.0,9.306941,0.092481,0.002486,5.774381
56,0.5,9.028049,0.314651,0.030847,5.523851
56,1.0,8.750771,0.485972,0.083825,5.299551
56,1.5,8.47922,0.617772,0.1537,5.097876
56,2.0,8.216108,0.718843,0.234721,4.915784
56,2.5,7.963124,0.796001,0.322634,4.750713
56,3.0,7.721222,0.854532,0.414319,4.600496
56,3.5,7.490837,0.898542,0.507507,4.463299
56,4.0,7.272045,0.931223,0.600563,4.337563
56,4.5,7.064678,0.955063,0.692326,4.221959
56,5.0,6.868406,0.97201,0.781989,4.11535
56,5.5,6.682799,0.983584,0.869005,4.016759
56,6.0,6.507369,0.990984,0.95302,3.925344
56,6.5,6.341596,0.995149,1.033824,3.840375
56,7.0,6.184954,0.996821,1.111309,3.761218
56,7.5,6.03692,0.996586,1.185444,3.687319
56,8.0,5.896988,0.994905,1.25625,3.618193
56,8.5,5.764669,0.992145,1.32379,3.553413
56,9.0,5.639498,0.988594,1.388151,3.492604
56,9.5,5.521038,0.984479,1.449438,3.435431
56,10.0,5.408874,0.979982,1.507768,3.381598
56,10.5,5.30262,0.975244,1.563265,3.33084
56,11.0,5.201913,0.970375,1.616053,3.282921
56,11.5,5.106414,0.965461,1.666259,3.237628
56,12.0,5.015808,0.96057,1.714007,3.19477
56,12.5,4.929801,0.955753,1.75942,3.154175
56,13.0,4.848118,0.951048,1.802614,3.115687
56,13.5,4.770505,0.946484,1.843702,3.079162
56,14.0,4.696724,0.942082,1.882794,3.044473
56,14.5,4.626553,0.937855,1.919993,3.011501
56,15.0,4.559786,0.933813,1.955397,2.980138
56,15.5,4.49623,0.929961,1.989101,2.950286
56,16.0,4.435707,0.926301,2.021193,2.921854
56,16.5,4.378047,0.922833,2.051757,2.894759
56,17.0,4.323095,0.919554,2.080872,2.868922
56,17.5,4.270705,0.91646,2.108614,2.844274
56,18.0,4.220738,0.913546,2.135054,2.820747
56,18.5,4.173067,0.910807,2.16026,2.798282
56,19.0,4.127572,0.908236,2.184293,2.776819
56,19.5,4.084139,0.905826,2.207214,2.756308
56,20.0,4.042663,0.90357,2.22908,2.736698
56,20.5,4.003044,0.901461,2.249944,2.717943
56,21.0,3.96519,0.899492,2.269856,2.700001
56,21.5,3.929011,0.897655,2.288863,2.682829
56,22.0,3.894426,0.895945,2.307012,2.666392
56,22.5,3.861355,0.894353,2.324343,2.650653
56,23.0,3.829727,0.892873,2.340897,2.635578
56,23.5,3.799471,0.891499,2.356712,2.621137
56,24.0,3.770521,0.890225,2.371824,2.607299
56,24.5,3.742816,0.889044,2.386266,2.594037
56,25.0,3.716298,0.887952,2.400072,2.581324
56,25.5,3.69091,0.886942,2.413271,2.569136
56,26.0,3.666601,0.886009,2.425892,2.557448
56,26.5,3.643321,0.885148,2.437962,2.546238
56,27.0,3.621022,0.884355,2.449508,2.535485
56,27.5,3.599661,0.883626,2.460553,2.525169
56,28.0,3.579195,0.882956,2.471121,2.515271
56,28.5,3.559584,0.88234,2.481235,2.505773
56,29.0,3.540789,0.881776,2.490914,2.496658
56,29.5,3.522775,0.88126,2.500179,2.487909
56,30.0,3.505506,0.880789,2.509049,2.47951
56,30.5,3.488951,0.880359,2.517542,2.471448
56,31.0,3.473077,0.879967,2.525674,2.463707
56,31.5,3.457856,0.879611,2.533463,2.456274
56,32.0,3.44326,0.879289,2.540923,2.449137
56,32.5,3.42926,0.878997,2.548068,2.442283
56,33.0,3.415832,0.878733,2.554914,2.435701
56,33.5,3.40295,0.878496,2.561473,2.429379
56,34.0,3.390593,0.878283,2.567759,2.423306
56,34.5,3.378737,0.878093,2.573782,2.417474
56,35.0,3.367361,0.877923,2.579554,2.411871
56,35.5,3.356446,0.877773,2.585087,2.406488
56,36.0,3.345971,0.87764,2.590391,2.401317
56,36.5,3.335919,0.877524,2.595475,2.396349
56,37.0,3.326271,0.877422,2.60035,2.391576
56,37.5,3.317011,0.877334,2.605024,2.38699
56,38.0,3.308123,0.877259,2.609506,2.382584
56,38.5,3.299591,0.877195,2.613804,2.37835
56,39.0,3.2914,0.877141,2.617926,2.374281
56,39.5,3.283537,0.877097,2.621879,2.370372
56,40.0,3.275989,0.877062,2.625671,2.366615
56,40.5,3.268741,0.877035,2.629309,2.363005
56,41.0,3.261782,0.877015,2.632798,2.359535
56,41.5,3.2551,0.877001,2.636146,2.356201
56,42.0,3.248684,0.876994,2.639358,2.352997
56,42.5,3.242523,0.876992,2.642439,2.349917
56,43.0,3.236607,0.876994,2.645396,2.346958
56,43.5,3.230925,0.877001,2.648234,2.344114
56,44.0,3.225469,0.877012,2.650957,2.34138
56,44.5,3.220228,0.877026,2.65357,2.338753
56,45.0,3.215195,0.877043,2.656078,2.336228
56,45.5,3.210361,0.877063,2.658485,2.333801
56,46.0,3.205718,0.877085,2.660795,2.331468
56,46.5,3.201258,0.87711,2.663013,2.329226
56,47.0,3.196975,0.877136,2.665142,2.327071
56,47.5,3.19286,0.877163,2.667185,2.325
56,48.0,3.188907,0.877192,2.669147,2.323009
56,48.5,3.18511,0.877222,2.67103,2.321095
56,49.0,3.181463,0.877253,2.672839,2.319256
56,49.5,3.177959,0.877285,2.674575,2.317489
56,50.0,3.174593,0.877317,2.676242,2.315789
57,0.0,19.385278,0.01059,0.014034,4.481586
57,0.5,18.927638,0.356521,0.069888,4.0798
57,1.0,18.45128,0.571872,0.200392,3.733946
57,1.5,17.979697,0.701159,0.37154,3.433511
57,2.0,17.526123,0.774,0.561906,3.170303
57,2.5,17.09738,0.81003,0.758263,2.937917
57,3.0,16.696393,0.822257,0.952643,2.73131
57,3.5,16.323785,0.81931,1.14042,2.546479
57,4.0,15.978863,0.806915,1.319079,2.380216
57,4.5,15.660231,0.788871,1.487416,2.229922
57,5.0,15.366159,0.767694,1.645041,2.093474
57,5.5,15.094795,0.745039,1.792051,1.96912
57,6.0,14.844299,0.721986,1.928826,1.855398
57,6.5,14.612906,0.699225,2.055902,1.751083
57,7.0,14.39897,0.677187,2.17389,1.655133
57,7.5,14.200967,0.656127,2.283421,1.566662
57,8.0,14.017511,0.636182,2.385122,1.484906
57,8.5,13.847338,0.617412,2.479593,1.409205
57,9.0,13.689307,0.599825,2.567402,1.338983
57,9.5,13.542386,0.583398,2.649076,1.273736
57,10.0,13.405644,0.568085,2.725103,1.213021
57,10.5,13.27824,0.553831,2.795932,1.156446
57,11.0,13.159416,0.540574,2.861973,1.103663
57,11.5,13.048484,0.528249,2.923602,1.054359
57,12.0,12.944823,0.516793,2.98116,1.008257
57,12.5,12.847872,0.506143,3.03496,0.965106
57,13.0,12.75712,0.496241,3.085288,0.924681
57,13.5,12.672102,0.487029,3.132402,0.886778
57,14.0,12.592396,0.478457,3.176542,0.851211
57,14.5,12.517617,0.470474,3.217923,0.817813
57,15.0,12.447412,0.463036,3.256744,0.78643
57,15.5,12.381461,0.456102,3.293186,0.756921
57,16.0,12.319468,0.449633,3.327417,0.729159
57,16.5,12.261162,0.443594,3.35959,0.703026
57,17.0,12.206295,0.437953,3.389844,0.678413
57,17.5,12.154638,0.432679,3.418309,0.655221
57,18.0,12.10598,0.427747,3.445105,0.633358
57,18.5,12.060125,0.42313,3.47034,0.612739
57,19.0,12.016895,0.418806,3.494117,0.593286
57,19.5,11.976123,0.414754,3.516529,0.574926
57,20.0,11.937654,0.410955,3.537664,0.557591
57,20.5,11.901345,0.40739,3.5576,0.541219
57,21.0,11.867063,0.404044,3.576414,0.525751
57,21.5,11.834685,0.400901,3.594175,0.511134
57,22.0,11.804096,0.397948,3.610946,0.497316
57,22.5,11.775189,0.395171,3.626788,0.484251
57,23.0,11.747864,0.392559,3.641757,0.471894
57,23.5,11.722027,0.390101,3.655904,0.460205
57,24.0,11.697592,0.387787,3.669278,0.449144
57,24.5,11.674478,0.385607,3.681925,0.438677
57,25.0,11.652608,0.383554,3.693887,0.428769
57,25.5,11.631911,0.381618,3.705204,0.419388
57,26.0,11.612321,0.379792,3.715911,0.410506
57,26.5,11.593774,0.378071,3.726046,0.402094
57,27.0,11.576213,0.376446,3.735638,0.394125
57,27.5,11.559582,0.374912,3.744721,0.386577
57,28.0,11.543829,0.373465,3.753321,0.379424
57,28.5,11.528907,0.372097,3.761466,0.372647
57,29.0,11.514768,0.370805,3.769181,0.366223
57,29.5,11.501371,0.369584,3.77649,0.360135
57,30.0,11.488674,0.36843,3.783416,0.354364
57,30.5,11.47664,0.367339,3.789978,0.348892
57,31.0,11.465233,0.366308,3.796197,0.343705
57,31.5,11.454419,0.365332,3.802092,0.338785
57,32.0,11.444166,0.364409,3.80768,0.334121
57,32.5,11.434445,0.363535,3.812978,0.329696
57,33.0,11.425226,0.362709,3.818001,0.3255
57,33.5,11.416483,0.361926,3.822764,0.32152
57,34.0,11.408191,0.361185,3.82728,0.317744
57,34.5,11.400325,0.360484,3.831563,0.314163
57,35.0,11.392864,0.359819,3.835626,0.310764
57,35.5,11.385787,0.35919,3.83948,0.30754
57,36.0,11.379072,0.358594,3.843135,0.304481
57,36.5,11.372701,0.358029,3.846603,0.301578
57,37.0,11.366656,0.357494,3.849893,0.298823
57,37.5,11.36092,0.356987,3.853014,0.296209
57,38.0,11.355477,0.356506,3.855976,0.293727
57,38.5,11.350312,0.35605,3.858787,0.291373
57,39.0,11.34541,0.355618,3.861454,0.289138
57,39.5,11.340758,0.355209,3.863985,0.287016
57,40.0,11.336342,0.354821,3.866387,0.285003
57,40.5,11.332151,0.354452,3.868666,0.283091
57,41.0,11.328173,0.354103,3.87083,0.281277
57,41.5,11.324397,0.353772,3.872884,0.279554
57,42.0,11.320812,0.353458,3.874833,0.277919
57,42.5,11.31741,0.35316,3.876683,0.276367
57,43.0,11.31418,0.352877,3.87844,0.274893
57,43.5,11.311113,0.352609,3.880107,0.273494
57,44.0,11.308202,0.352355,3.88169,0.272165
57,44.5,11.305438,0.352113,3.883193,0.270904
57,45.0,11.302813,0.351884,3.884619,0.269706
57,45.5,11.300322,0.351667,3.885974,0.268569
57,46.0,11.297956,0.351461,3.88726,0.26749
57,46.5,11.29571,0.351265,3.888481,0.266464
57,47.0,11.293577,0.351079,3.88964,0.265491
57,47.5,11.291552,0.350903,3.890741,0.264566
57,48.0,11.289629,0.350735,3.891786,0.263689
57,48.5,11.287803,0.350577,3.892778,0.262855
57,49.0,11.286069,0.350426,3.89372,0.262063
57,49.5,11.284423,0.350283,3.894615,0.261312
57,50.0,11.282859,0.350147,3.895465,0.260598
58,0.0,29.020725,0.059604,0.093302,8.141429
58,0.5,27.743217,0.896982,0.313368,7.083985
58,1.0,26.439301,1.303073,0.76228,6.228982
58,1.5,25.2098,1.47665,1.290242,5.527443
58,2.0,24.091676,1.526321,1.824468,4.943546
58,2.5,23.091921,1.511316,2.331849,4.451171
58,3.0,22.204547,1.464044,2.799172,4.03112
58,3.5,21.418728,1.402271,3.222968,3.669097
58,4.0,20.72255,1.335689,3.604348,3.354299
58,4.5,20.104626,1.269492,3.946408,3.078435
58,5.0,19.554716,1.20635,4.252934,2.835051
58,5.5,19.063874,1.147517,4.527771,2.619047
58,6.0,18.624405,1.093453,4.774538,2.426344
58,6.5,18.229725,1.044182,4.996514,2.25364
58,7.0,17.874223,0.999499,5.196606,2.09823
58,7.5,17.55311,0.959088,5.377368,1.957879
58,8.0,17.262293,0.922589,5.541026,1.83072
58,8.5,16.998262,0.889635,5.689519,1.715181
58,9.0,16.757998,0.859874,5.824531,1.60993
58,9.5,16.538896,0.832976,5.947531,1.513828
58,10.0,16.338696,0.808642,6.059798,1.425895
58,10.5,16.155433,0.786601,6.16245,1.345284
58,11.0,15.98739,0.766611,6.256467,1.271257
58,11.5,15.833062,0.748456,6.342708,1.203171
58,12.0,15.691124,0.731944,6.421933,1.140458
58,12.5,15.560407,0.716905,6.494811,1.082619
58,13.0,15.439876,0.703189,6.561935,1.029212
58,13.5,15.328608,0.690661,6.623833,0.979842
58,14.0,15.225783,0.679204,6.680974,0.934158
58,14.5,15.130667,0.668711,6.733778,0.891846
58,15.0,15.042602,0.659091,6.782621,0.852623
58,15.5,14.960996,0.65026,6.827839,0.816236
58,16.0,14.885316,0.642143,6.869737,0.782454
58,16.5,14.815081,0.634675,6.908589,0.751071
58,17.0,14.749855,0.627797,6.944641,0.721897
58,17.5,14.689242,0.621455,6.978118,0.694761
58,18.0,14.632884,0.615603,7.009224,0.669509
58,18.5,14.580453,0.610197,7.038142,0.645996
58,19.0,14.531651,0.6052,7.065042,0.624094
58,19.5,14.486206,0.600576,7.090076,0.603683
58,20.0,14.443867,0.596295,7.113386,0.584654
58,20.5,14.404407,0.592328,7.1351,0.566908
58,21.0,14.367616,0.588649,7.155335,0.550351
58,21.5,14.333301,0.585236,7.174199,0.5349
58,22.0,14.301284,0.582068,7.191791,0.520476
58,22.5,14.271403,0.579124,7.208203,0.507008
58,23.0,14.243508,0.576388,7.223519,0.494428
58,23.5,14.217458,0.573844,7.237816,0.482675
58,24.0,14.193126,0.571477,7.251166,0.471693
58,24.5,14.170394,0.569273,7.263634,0.461429
58,25.0,14.149151,0.567221,7.275281,0.451833
58,25.5,14.129296,0.56531,7.286164,0.442861
58,26.0,14.110735,0.563528,7.296336,0.434471
58,26.5,14.093379,0.561868,7.305844,0.426624
58,27.0,14.077149,0.560319,7.314733,0.419283
58,27.5,14.061969,0.558874,7.323046,0.412415
58,28.0,14.047768,0.557526,7.33082,0.405989
58,28.5,14.034482,0.556267,7.338093,0.399976
58,29.0,14.022051,0.555092,7.344896,0.394347
58,29.5,14.010417,0.553994,7.351261,0.389079
58,30.0,13.999529,0.552969,7.357218,0.384148
58,30.5,13.989337,0.552011,7.362793,0.379531
58,31.0,13.979797,0.551116,7.368011,0.375208
58,31.5,13.970865,0.55028,7.372895,0.371161
58,32.0,13.962502,0.549497,7.377467,0.367371
58,32.5,13.954672,0.548766,7.381748,0.363821
58,33.0,13.947339,0.548082,7.385756,0.360497
58,33.5,13.940473,0.547442,7.38951,0.357383
58,34.0,13.934041,0.546844,7.393025,0.354467
58,34.5,13.928018,0.546284,7.396316,0.351735
58,35.0,13.922376,0.54576,7.399399,0.349176
58,35.5,13.917091,0.54527,7.402287,0.346779
58,36.0,13.91214,0.544811,7.404992,0.344533
58,36.5,13.907502,0.544381,7.407525,0.342429
58,37.0,13.903157,0.543979,7.409899,0.340457
58,37.5,13.899086,0.543603,7.412123,0.33861
58,38.0,13.895272,0.54325,7.414206,0.336879
58,38.5,13.891699,0.54292,7.416158,0.335257
58,39.0,13.88835,0.542611,7.417986,0.333738
58,39.5,13.885213,0.542322,7.4197,0.332313
58,40.0,13.882273,0.542051,7.421305,0.330979
58,40.5,13.879518,0.541797,7.42281,0.329728
58,41.0,13.876936,0.541559,7.42422,0.328556
58,41.5,13.874516,0.541337,7.425541,0.327458
58,42.0,13.872249,0.541128,7.426779,0.326429
58,42.5,13.870124,0.540933,7.427939,0.325464
58,43.0,13.868132,0.540749,7.429026,0.32456
58,43.5,13.866266,0.540578,7.430045,0.323712
58,44.0,13.864517,0.540417,7.431,0.322918
58,44.5,13.862877,0.540267,7.431895,0.322173
58,45.0,13.861341,0.540126,7.432734,0.321476
58,45.5,13.859901,0.539993,7.43352,0.320822
58,46.0,13.858551,0.539869,7.434257,0.320209
58,46.5,13.857285,0.539753,7.434948,0.319634
58,47.0,13.8561,0.539645,7.435595,0.319096
58,47.5,13.854988,0.539543,7.436202,0.318591
58,48.0,13.853946,0.539447,7.436771,0.318118
58,48.5,13.85297,0.539358,7.437304,0.317674
58,49.0,13.852054,0.539274,7.437803,0.317258
58,49.5,13.851196,0.539195,7.438272,0.316869
58,50.0,13.850392,0.539121,7.438711,0.316503
59,0.0,14.554066,0.078476,0.001784,1.536868
59,0.5,14.425558,0.155544,0.027504,1.43408
59,1.0,14.2944,0.20888,0.066415,1.341833
59,1.5,14.163732,0.244876,0.113751,1.258501
59,2.0,14.035666,0.268242,0.166101,1.182785
59,2.5,13.911573,0.282448,0.221045,1.113635
59,3.0,13.792302,0.290047,0.27688,1.050201
59,3.5,13.678334,0.292917,0.332429,0.991781
59,4.0,13.569891,0.292439,0.38689,0.937799
59,4.5,13.467019,0.289624,0.439733,0.887771
59,5.0,13.369646,0.285216,0.490624,0.841288
59,5.5,13.277621,0.279759,0.539365,0.798004
59,6.0,13.190743,0.273648,0.585859,0.757621
59,6.5,13.108785,0.267171,0.630077,0.71988
59,7.0,13.031501,0.260534,0.672038,0.684557
59,7.5,12.958643,0.253884,0.711792,0.651453
59,8.0,12.889964,0.247325,0.74941,0.620393
59,8.5,12.825224,0.240928,0.784979,0.591221
59,9.0,12.764188,0.234739,0.818591,0.563797
59,9.5,12.706637,0.22879,0.850342,0.537996
59,10.0,12.652358,0.223097,0.880328,0.513703
59,10.5,12.601153,0.217668,0.908644,0.490815
59,11.0,12.552836,0.212505,0.935385,0.469238
59,11.5,12.50723,0.207604,0.960638,0.448886
59,12.0,12.46417,0.20296,0.98449,0.429678
59,12.5,12.423504,0.198563,1.007022,0.411543
59,13.0,12.385086,0.194405,1.02831,0.394414
59,13.5,12.348782,0.190473,1.048427,0.378227
59,14.0,12.314466,0.186759,1.067443,0.362927
59,14.5,12.282021,0.18325,1.08542,0.348458
59,15.0,12.251335,0.179935,1.10242,0.334773
59,15.5,12.222307,0.176805,1.118499,0.321824
59,16.0,12.19484,0.173848,1.133711,0.309569
59,16.5,12.168845,0.171055,1.148105,0.297968
59,17.0,12.144235,0.168417,1.161729,0.286982
59,17.5,12.120934,0.165924,1.174626,0.276578
59,18.0,12.098866,0.163568,1.186838,0.266722
59,18.5,12.077962,0.161342,1.198403,0.257383
59,19.0,12.058157,0.159237,1.209358,0.248533
59,19.5,12.03939,0.157247,1.219737,0.240145
59,20.0,12.021604,0.155364,1.229571,0.232193
59,20.5,12.004744,0.153584,1.238891,0.224653
59,21.0,11.98876,0.151899,1.247725,0.217503
59,21.5,11.973604,0.150305,1.256101,0.210722
59,22.0,11.959231,0.148796,1.264041,0.20429
59,22.5,11.945599,0.147368,1.271572,0.198188
59,23.0,11.932668,0.146016,1.278713,0.192399
59,23.5,11.9204,0.144735,1.285488,0.186906
59,24.0,11.908761,0.143521,1.291914,0.181693
59,24.5,11.897717,0.142372,1.298011,0.176745
59,25.0,11.887235,0.141282,1.303796,0.172049
59,25.5,11.877288,0.14025,1.309286,0.167592
59,26.0,11.867846,0.139272,1.314496,0.16336
59,26.5,11.858883,0.138344,1.319442,0.159342
59,27.0,11.850374,0.137464,1.324136,0.155528
59,27.5,11.842296,0.136631,1.328592,0.151905
59,28.0,11.834625,0.13584,1.332823,0.148466
59,28.5,11.827342,0.135089,1.336839,0.145199
59,29.0,11.820426,0.134378,1.340653,0.142097
59,29.5,11.813857,0.133702,1.344275,0.13915
59,30.0,11.807619,0.133062,1.347715,0.136351
59,30.5,11.801694,0.132454,1.350981,0.133693
59,31.0,11.796066,0.131877,1.354084,0.131167
59,31.5,11.79072,0.131329,1.35703,0.128768
59,32.0,11.785642,0.13081,1.359829,0.126489
59,32.5,11.780818,0.130316,1.362488,0.124324
59,33.0,11.776234,0.129848,1.365014,0.122266
59,33.5,11.77188,0.129403,1.367414,0.120311
59,34.0,11.767743,0.128981,1.369693,0.118454
59,34.5,11.763812,0.12858,1.371859,0.116689
59,35.0,11.760077,0.128199,1.373917,0.115012
59,35.5,11.756528,0.127838,1.375872,0.113418
59,36.0,11.753155,0.127494,1.37773,0.111903
59,36.5,11.74995,0.127168,1.379496,0.110464
59,37.0,11.746905,0.126858,1.381174,0.109096
59,37.5,11.74401,0.126564,1.382768,0.107796
59,38.0,11.74126,0.126284,1.384283,0.10656
59,38.5,11.738645,0.126019,1.385723,0.105386
59,39.0,11.736161,0.125767,1.387091,0.10427
59,39.5,11.7338,0.125527,1.388392,0.103209
59,40.0,11.731555,0.125299,1.389628,0.102201
59,40.5,11.729422,0.125083,1.390803,0.101243
59,41.0,11.727395,0.124877,1.391919,0.100332
59,41.5,11.725467,0.124682,1.392981,0.099466
59,42.0,11.723636,0.124496,1.393989,0.098643
59,42.5,11.721894,0.12432,1.394948,0.09786
59,43.0,11.720239,0.124152,1.395859,0.097116
59,43.5,11.718666,0.123993,1.396726,0.096409
59,44.0,11.71717,0.123841,1.397549,0.095737
59,44.5,11.715749,0.123697,1.398332,0.095098
59,45.0,11.714397,0.123561,1.399076,0.094491
59,45.5,11.713112,0.123431,1.399784,0.093914
59,46.0,11.711891,0.123307,1.400456,0.093365
59,46.5,11.71073,0.12319,1.401095,0.092843
59,47.0,11.709626,0.123078,1.401703,0.092347
59,47.5,11.708577,0.122972,1.402281,0.091875
59,48.0,11.707579,0.122871,1.40283,0.091427
59,48.5,11.706631,0.122775,1.403352,0.091001
59,49.0,11.70573,0.122684,1.403848,0.090596
59,49.5,11.704872,0.122598,1.40432,0.09021
59,50.0,11.704058,0.122515,1.404769,0.089844
60,0.0,25.05343,0.079682,0.023264,5.542311
60,0.5,24.293955,0.579892,0.152896,4.912469
60,1.0,23.511231,0.848712,0.409849,4.386697
60,1.5,22.755279,0.981039,0.721661,3.942557
60,2.0,22.049146,1.033619,1.048437,3.5632
60,2.5,21.401264,1.040279,1.369048,3.23593
60,3.0,20.812502,1.021193,1.672972,2.951092
60,3.5,20.280044,0.988399,1.955599,2.701259
60,4.0,19.799479,0.949064,2.215548,2.480644
60,4.5,19.3659,0.907422,2.453159,2.284676
60,5.0,18.974452,0.865926,2.669631,2.1097
60,5.5,18.620598,0.825955,2.866544,1.952759
60,6.0,18.300217,0.78823,3.045596,1.811431
60,6.5,18.009632,0.753078,3.208465,1.683714
60,7.0,17.74559,0.720591,3.356729,1.567937
60,7.5,17.505229,0.690722,3.491844,1.462691
60,8.0,17.286035,0.663349,3.615128,1.36678
60,8.5,17.0858,0.638312,3.727764,1.279181
60,9.0,16.902587,0.615433,3.83081,1.199014
60,9.5,16.734689,0.594534,3.925208,1.125514
60,10.0,16.580604,0.575441,4.011797,1.058018
60,10.5,16.439002,0.557991,4.091324,0.995942
60,11.0,16.308706,0.542032,4.164451,0.938774
60,11.5,16.188672,0.527425,4.231771,0.886061
60,12.0,16.07797,0.514043,4.293813,0.8374
60,12.5,15.975769,0.501773,4.351049,0.792435
60,13.0,15.881325,0.490511,4.403902,0.750844
60,13.5,15.793973,0.480165,4.452751,0.712341
60,14.0,15.713113,0.47065,4.497938,0.676669
60,14.5,15.638205,0.461892,4.539771,0.643594
60,15.0,15.568762,0.453822,4.578528,0.612907
60,15.5,15.504341,0.446381,4.614459,0.584417
60,16.0,15.444544,0.439513,4.647791,0.557952
60,16.5,15.389005,0.433169,4.678733,0.533355
60,17.0,15.337395,0.427304,4.70747,0.510482
60,17.5,15.289411,0.421879,4.734175,0.489203
60,18.0,15.244778,0.416856,4.759003,0.469398
60,18.5,15.203244,0.412202,4.782097,0.450958
60,19.0,15.164579,0.407889,4.803586,0.433782
60,19.5,15.12857,0.403888,4.823591,0.417778
60,20.0,15.095024,0.400174,4.842221,0.402862
60,20.5,15.063763,0.396726,4.859576,0.388955
60,21.0,15.03462,0.393523,4.875748,0.375986
60,21.5,15.007446,0.390545,4.890824,0.363888
60,22.0,14.982101,0.387776,4.904881,0.3526
60,22.5,14.958456,0.3852,4.917992,0.342065
60,23.0,14.936391,0.382803,4.930223,0.332231
60,23.5,14.915797,0.380571,4.941636,0.32305
60,24.0,14.896572,0.378492,4.952288,0.314477
60,24.5,14.878622,0.376556,4.962231,0.30647
60,25.0,14.861858,0.374751,4.971515,0.298991
60,25.5,14.846201,0.373069,4.980185,0.292003
60,26.0,14.831574,0.3715,4.988283,0.285474
60,26.5,14.817909,0.370037,4.995847,0.279373
60,27.0,14.805139,0.368672,5.002914,0.273671
60,27.5,14.793206,0.367399,5.009518,0.268341
60,28.0,14.782052,0.36621,5.015689,0.263358
60,28.5,14.771627,0.3651,5.021456,0.2587
60,29.0,14.761881,0.364064,5.026847,0.254345
60,29.5,14.752769,0.363097,5.031887,0.250273
60,30.0,14.744249,0.362193,5.036599,0.246465
60,30.5,14.736282,0.361349,5.041004,0.242903
60,31.0,14.728832,0.360561,5.045124,0.239573
60,31.5,14.721864,0.359824,5.048976,0.236457
60,32.0,14.715347,0.359136,5.052578,0.233543
60,32.5,14.709252,0.358492,5.055948,0.230817
60,33.0,14.70355,0.357891,5.059099,0.228267
60,33.5,14.698217,0.357328,5.062047,0.225881
60,34.0,14.693227,0.356803,5.064805,0.223649
60,34.5,14.688559,0.356311,5.067385,0.221561
60,35.0,14.684192,0.355852,5.069798,0.219607
60,35.5,14.680106,0.355422,5.072056,0.217779
60,36.0,14.676282,0.35502,5.074169,0.216068
60,36.5,14.672705,0.354644,5.076145,0.214467
60,37.0,14.669357,0.354293,5.077995,0.212969
60,37.5,14.666224,0.353964,5.079726,0.211567
60,38.0,14.663293,0.353656,5.081345,0.210255
60,38.5,14.66055,0.353369,5.082861,0.209028
60,39.0,14.657982,0.3531,5.084279,0.207879
60,39.5,14.65558,0.352848,5.085606,0.206803
60,40.0,14.653331,0.352612,5.086848,0.205797
60,40.5,14.651227,0.352392,5.088011,0.204855
60,41.0,14.649257,0.352185,5.089099,0.203973
60,41.5,14.647414,0.351992,5.090117,0.203148
60,42.0,14.645688,0.351812,5.09107,0.202375
60,42.5,14.644073,0.351643,5.091962,0.201652
60,43.0,14.642562,0.351485,5.092797,0.200976
60,43.5,14.641147,0.351337,5.093578,0.200342
60,44.0,14.639822,0.351198,5.09431,0.199749
60,44.5,14.638583,0.351068,5.094994,0.199194
60,45.0,14.637422,0.350947,5.095635,0.198675
60,45.5,14.636336,0.350834,5.096235,0.198188
60,46.0,14.63532,0.350727,5.096796,0.197733
60,46.5,14.634368,0.350628,5.097322,0.197307
60,47.0,14.633477,0.350535,5.097814,0.196908
60,47.5,14.632643,0.350448,5.098275,0.196535
60,48.0,14.631862,0.350366,5.098706,0.196185
60,48.5,14.631132,0.35029,5.099109,0.195858
60,49.0,14.630447,0.350218,5.099487,0.195552
60,49.5,14.629807,0.350151,5.099841,0.195265
60,50.0,14.629208,0.350089,5.100172,0.194996
61,0.0,18.574459,0.086774,0.060311,4.41943
61,0.5,18.128518,0.396323,0.128507,4.041685
61,1.0,17.670065,0.591377,0.260206,3.714931
61,1.5,17.218535,0.710073,0.426623,3.429818
61,2.0,16.784925,0.778063,0.609433,3.179018
61,2.5,16.374916,0.812556,0.797191,2.956768
61,3.0,15.990922,0.825091,0.98292,2.758503
61,3.5,15.633406,0.823419,1.162515,2.580581
61,4.0,15.301704,0.812747,1.333702,2.420066
61,4.5,14.994542,0.796574,1.495369,2.274572
61,5.0,14.71035,0.777248,1.647128,2.142138
61,5.5,14.447448,0.756337,1.789035,2.021143
61,6.0,14.20416,0.734878,1.921408,1.910228
61,6.5,13.978877,0.71355,2.044714,1.808251
61,7.0,13.770088,0.692782,2.159492,1.71424
61,7.5,13.576395,0.67284,2.266309,1.627365
61,8.0,13.396517,0.653875,2.365731,1.546909
61,8.5,13.229285,0.63596,2.458305,1.47225
61,9.0,13.07364,0.619118,2.544548,1.402848
61,9.5,12.928619,0.603339,2.624948,1.338228
61,10.0,12.793355,0.58859,2.699954,1.27797
61,10.5,12.667059,0.574827,2.769984,1.221703
61,11.0,12.54902,0.561998,2.835418,1.169098
61,11.5,12.438591,0.550046,2.896609,1.11986
61,12.0,12.335187,0.538915,2.953876,1.073724
61,12.5,12.238277,0.528548,3.007514,1.030452
61,13.0,12.147378,0.518893,3.057792,0.98983
61,13.5,12.062049,0.509897,3.104954,0.951663
61,14.0,11.981888,0.501512,3.149227,0.915776
61,14.5,11.906531,0.493693,3.190815,0.882006
61,15.0,11.83564,0.486399,3.229908,0.850208
61,15.5,11.768909,0.479589,3.266678,0.820248
61,16.0,11.706056,0.473227,3.301285,0.792002
61,16.5,11.646822,0.467282,3.333875,0.765358
61,17.0,11.590968,0.461721,3.364582,0.740211
61,17.5,11.538275,0.456516,3.393531,0.716467
61,18.0,11.48854,0.451643,3.420836,0.694036
61,18.5,11.441576,0.447076,3.446601,0.672838
61,19.0,11.397208,0.442793,3.470926,0.652795
61,19.5,11.355277,0.438776,3.493901,0.633838
61,20.0,11.315633,0.435004,3.515609,0.615902
61,20.5,11.278137,0.431461,3.536128,0.598926
61,21.0,11.242662,0.428131,3.55553,0.582853
61,21.5,11.209087,0.425,3.573884,0.567631
61,22.0,11.177301,0.422054,3.59125,0.553211
61,22.5,11.147199,0.419281,3.607687,0.539547
61,23.0,11.118684,0.416669,3.623251,0.526595
61,23.5,11.091666,0.414207,3.63799,0.514317
61,24.0,11.066059,0.411887,3.651954,0.502673
61,24.5,11.041785,0.409699,3.665185,0.49163
61,25.0,11.018768,0.407635,3.677726,0.481154
61,25.5,10.996938,0.405686,3.689615,0.471214
61,26.0,10.976232,0.403846,3.700888,0.46178
61,26.5,10.956586,0.402108,3.71158,0.452826
61,27.0,10.937943,0.400465,3.721723,0.444326
61,27.5,10.920249,0.398913,3.731346,0.436256
61,28.0,10.903453,0.397444,3.740479,0.428592
61,28.5,10.887506,0.396056,3.749146,0.421313
61,29.0,10.872365,0.394741,3.757374,0.414399
61,29.5,10.857985,0.393498,3.765186,0.407831
61,30.0,10.844327,0.39232,3.772603,0.401591
61,30.5,10.831353,0.391205,3.779648,0.395661
61,31.0,10.819027,0.390149,3.786339,0.390027
61,31.5,10.807316,0.389149,3.792695,0.384671
61,32.0,10.796188,0.3882,3.798733,0.379581
61,32.5,10.785612,0.387301,3.804471,0.374743
61,33.0,10.77556,0.386449,3.809923,0.370143
61,33.5,10.766005,0.385641,3.815104,0.36577
61,34.0,10.756923,0.384875,3.820028,0.361612
61,34.5,10.748288,0.384147,3.824709,0.357658
61,35.0,10.740079,0.383458,3.829159,0.353898
61,35.5,10.732273,0.382803,3.833389,0.350322
61,36.0,10.72485,0.382182,3.837411,0.346922
61,36.5,10.717791,0.381592,3.841236,0.343687
61,37.0,10.711078,0.381032,3.844872,0.340611
61,37.5,10.704693,0.3805,3.84833,0.337684
61,38.0,10.698621,0.379995,3.851619,0.3349
61,38.5,10.692844,0.379516,3.854747,0.332252
61,39.0,10.687349,0.37906,3.857722,0.329732
61,39.5,10.682122,0.378627,3.860552,0.327335
61,40.0,10.677149,0.378216,3.863244,0.325054
61,40.5,10.672418,0.377825,3.865805,0.322884
61,41.0,10.667917,0.377454,3.868242,0.320819
61,41.5,10.663634,0.377101,3.87056,0.318854
61,42.0,10.659559,0.376766,3.872765,0.316984
61,42.5,10.655681,0.376447,3.874863,0.315204
61,43.0,10.651991,0.376144,3.87686,0.313511
61,43.5,10.64848,0.375856,3.878759,0.311899
61,44.0,10.645138,0.375582,3.880567,0.310366
61,44.5,10.641958,0.375321,3.882287,0.308906
61,45.0,10.638932,0.375073,3.883925,0.307517
61,45.5,10.636051,0.374838,3.885482,0.306194
61,46.0,10.63331,0.374614,3.886965,0.304936
61,46.5,10.630701,0.374401,3.888376,0.303738
61,47.0,10.628218,0.374198,3.889719,0.302597
61,47.5,10.625854,0.374005,3.890998,0.301512
61,48.0,10.623604,0.373822,3.892214,0.300479
61,48.5,10.621463,0.373647,3.893372,0.299495
61,49.0,10.619424,0.373481,3.894474,0.298559
61,49.5,10.617484,0.373323,3.895523,0.297668
61,50.0,10.615637,0.373173,3.896522,0.296819
62,0.0,11.851337,0.042588,0.065193,8.741161
62,0.5,11.324138,0.478224,0.110975,8.259743
62,1.0,10.800552,0.793211,0.215274,7.840457
62,1.5,10.293461,1.02026,0.355295,7.473387
62,2.0,9.810255,1.183164,0.515446,7.150332
62,2.5,9.354687,1.299188,0.685218,6.864536
62,3.0,8.928166,1.380875,0.857636,6.610432
62,3.5,8.530642,1.43736,1.028155,6.383428
62,4.0,8.161194,1.475323,1.193897,6.179722
62,4.5,7.818409,1.499672,1.353115,5.996155
62,5.0,7.500631,1.514026,1.504827,5.830089
62,5.5,7.206112,1.521069,1.648565,5.679308
62,6.0,6.933114,1.522796,1.784201,5.541945
62,6.5,6.679956,1.520696,1.91183,5.416416
62,7.0,6.445053,1.515883,2.031688,5.301371
62,7.5,6.226929,1.509193,2.144095,5.195654
62,8.0,6.024217,1.501251,2.249422,5.098269
62,8.5,5.835665,1.492525,2.348061,5.008357
62,9.0,5.660129,1.483365,2.440409,4.925168
62,9.5,5.496563,1.474032,2.526859,4.848052
62,10.0,5.344015,1.464716,2.60779,4.776436
62,10.5,5.201621,1.455557,2.683567,4.709819
62,11.0,5.068592,1.446655,2.754532,4.647755
62,11.5,4.944211,1.43808,2.821011,4.589852
62,12.0,4.827824,1.429878,2.883305,4.535759
62,12.5,4.718836,1.422079,2.941699,4.485165
62,13.0,4.616704,1.414697,2.996455,4.43779
62,13.5,4.520931,1.407739,3.047821,4.393382
62,14.0,4.431062,1.401204,3.096023,4.351716
62,14.5,4.346683,1.395083,3.141273,4.312586
62,15.0,4.267411,1.389366,3.183767,4.275809
62,15.5,4.192897,1.384038,3.223688,4.241216
62,16.0,4.122819,1.379084,3.261205,4.208654
62,16.5,4.056879,1.374486,3.296474,4.177983
62,17.0,3.994805,1.370225,3.329641,4.149076
62,17.5,3.936344,1.366285,3.360841,4.121816
62,18.0,3.881264,1.362646,3.390201,4.096096
62,18.5,3.829349,1.35929,3.417836,4.071816
62,19.0,3.780399,1.3562,3.443857,4.048886
62,19.5,3.734228,1.353359,3.468363,4.027221
62,20.0,3.690665,1.35075,3.491449,4.006744
62,20.5,3.649549,1.348358,3.513202,3.987382
62,21.0,3.610733,1.346167,3.533706,3.96907
62,21.5,3.574077,1.344164,3.553035,3.951743
62,22.0,3.539453,1.342335,3.571262,3.935346
62,22.5,3.50674,1.340667,3.588453,3.919823
62,23.0,3.475825,1.339148,3.60467,3.905125
62,23.5,3.446603,1.337767,3.619971,3.891204
62,24.0,3.418977,1.336514,3.634411,3.878018
62,24.5,3.392853,1.335378,3.64804,3.865524
62,25.0,3.368146,1.334351,3.660907,3.853684
62,25.5,3.344776,1.333424,3.673056,3.842463
62,26.0,3.322666,1.332588,3.684529,3.831825
62,26.5,3.301745,1.331837,3.695365,3.821741
62,27.0,3.281946,1.331162,3.705601,3.812178
62,27.5,3.263208,1.330559,3.715272,3.803111
62,28.0,3.24547,1.330021,3.72441,3.794511
62,28.5,3.228678,1.329541,3.733046,3.786355
62,29.0,3.212779,1.329116,3.741208,3.778618
62,29.5,3.197724,1.328741,3.748923,3.771278
62,30.0,3.183467,1.32841,3.756217,3.764315
62,30.5,3.169965,1.32812,3.763113,3.757709
62,31.0,3.157176,1.327868,3.769634,3.751441
62,31.5,3.145062,1.327649,3.7758,3.745493
62,32.0,3.133586,1.327461,3.781632,3.739849
62,32.5,3.122714,1.3273,3.787149,3.734493
62,33.0,3.112413,1.327165,3.792367,3.729411
62,33.5,3.102653,1.327051,3.797304,3.724587
62,34.0,3.093405,1.326959,3.801974,3.72001
62,34.5,3.084641,1.326884,3.806394,3.715665
62,35.0,3.076335,1.326825,3.810576,3.711541
62,35.5,3.068464,1.326781,3.814533,3.707628
62,36.0,3.061003,1.32675,3.818279,3.703913
62,36.5,3.053933,1.32673,3.821824,3.700388
62,37.0,3.04723,1.326721,3.82518,3.697041
62,37.5,3.040877,1.32672,3.828357,3.693865
62,38.0,3.034855,1.326728,3.831365,3.69085
62,38.5,3.029146,1.326742,3.834212,3.687989
62,39.0,3.023734,1.326762,3.836908,3.685272
62,39.5,3.018603,1.326787,3.839461,3.682694
62,40.0,3.013739,1.326817,3.841878,3.680247
62,40.5,3.009127,1.326851,3.844167,3.677924
62,41.0,3.004754,1.326888,3.846335,3.67572
62,41.5,3.000608,1.326927,3.848388,3.673627
62,42.0,2.996677,1.326968,3.850333,3.671641
62,42.5,2.99295,1.327012,3.852175,3.669756
62,43.0,2.989416,1.327056,3.85392,3.667966
62,43.5,2.986064,1.327102,3.855573,3.666268
62,44.0,2.982886,1.327148,3.857139,3.664656
62,44.5,2.979873,1.327195,3.858622,3.663126
62,45.0,2.977015,1.327241,3.860028,3.661673
62,45.5,2.974305,1.327288,3.861359,3.660295
62,46.0,2.971735,1.327335,3.862621,3.658987
62,46.5,2.969298,1.327381,3.863816,3.657745
62,47.0,2.966987,1.327426,3.864949,3.656567
62,47.5,2.964795,1.327471,3.866023,3.655449
62,48.0,2.962717,1.327515,3.86704,3.654387
62,48.5,2.960745,1.327559,3.868004,3.65338
62,49.0,2.958875,1.327601,3.868918,3.652424
62,49.5,2.957102,1.327643,3.869783,3.651516
62,50.0,2.95542,1.327683,3.870604,3.650655
63,0.0,14.16301,0.024784,0.023666,7.587136
63,0.5,13.610789,0.47016,0.077088,7.088337
63,1.0,13.053794,0.778172,0.20158,6.655834
63,1.5,12.510007,0.989299,0.36791,6.278377
63,2.0,11.989712,1.13213,0.556642,5.946813
63,2.5,11.498191,1.226794,0.755071,5.653721
63,3.0,11.037581,1.287472,0.955037,5.393078
63,3.5,10.6081,1.32418,1.151423,5.159983
63,4.0,10.208839,1.344024,1.341132,4.95043
63,4.5,9.838271,1.352058,1.522398,4.761129
63,5.0,9.494568,1.351897,1.69433,4.589358
63,5.5,9.175793,1.346131,1.856601,4.432854
63,6.0,8.880019,1.336621,2.009243,4.289722
63,6.5,8.605395,1.324705,2.152513,4.158368
63,7.0,8.350179,1.311345,2.286801,4.03744
63,7.5,8.112758,1.297229,2.41257,3.925788
63,8.0,7.891649,1.282847,2.530315,3.822424
63,8.5,7.685499,1.268545,2.640541,3.7265
63,9.0,7.493076,1.254563,2.743743,3.637279
63,9.5,7.313262,1.241064,2.8404,3.554122
63,10.0,7.145043,1.228153,2.930965,3.476468
63,10.5,6.9875,1.215895,3.015865,3.403825
63,11.0,6.839802,1.204325,3.0955,3.335761
63,11.5,6.701192,1.193455,3.17024,3.271892
63,12.0,6.570985,1.183281,3.24043,3.211875
63,12.5,6.448558,1.173791,3.306389,3.155406
63,13.0,6.333344,1.164962,3.36841,3.102214
63,13.5,6.224826,1.156768,3.426766,3.052052
63,14.0,6.122533,1.149178,3.481708,3.0047
63,14.5,6.026034,1.142161,3.533465,2.959959
63,15.0,5.934935,1.135685,3.582253,2.917648
63,15.5,5.848874,1.129717,3.628267,2.877601
63,16.0,5.76752,1.124225,3.671691,2.83967
63,16.5,5.690567,1.119178,3.71269,2.803717
63,17.0,5.617735,1.114547,3.751422,2.769617
63,17.5,5.548764,1.110301,3.788031,2.737254
63,18.0,5.483415,1.106414,3.822648,2.706523
63,18.5,5.421468,1.102861,3.855399,2.677326
63,19.0,5.362716,1.099616,3.886397,2.649573
63,19.5,5.306971,1.096657,3.915749,2.62318
63,20.0,5.254055,1.093963,3.943554,2.598069
63,20.5,5.203806,1.091512,3.969904,2.57417
63,21.0,5.156069,1.089287,3.994885,2.551414
63,21.5,5.110704,1.08727,4.018576,2.52974
63,22.0,5.067576,1.085444,4.041053,2.509089
63,22.5,5.026564,1.083794,4.062384,2.489408
63,23.0,4.98755,1.082306,4.082635,2.470645
63,23.5,4.950426,1.080967,4.101866,2.452752
63,24.0,4.915091,1.079765,4.120135,2.435686
63,24.5,4.88145,1.078688,4.137494,2.419404
63,25.0,4.849413,1.077726,4.153993,2.403866
63,25.5,4.818897,1.07687,4.169679,2.389036
63,26.0,4.789823,1.07611,4.184597,2.374879
63,26.5,4.762116,1.075438,4.198786,2.361362
63,27.0,4.735707,1.074846,4.212286,2.348454
63,27.5,4.710531,1.074328,4.225134,2.336124
63,28.0,4.686524,1.073876,4.237363,2.324347
63,28.5,4.663629,1.073485,4.249006,2.313095
63,29.0,4.641791,1.07315,4.260093,2.302344
63,29.5,4.620957,1.072864,4.270652,2.292069
63,30.0,4.601078,1.072624,4.280712,2.28225
63,30.5,4.582108,1.072426,4.290296,2.272864
63,31.0,4.564003,1.072264,4.29943,2.263892
63,31.5,4.54672,1.072136,4.308135,2.255315
63,32.0,4.530221,1.072038,4.316434,2.247114
63,32.5,4.514468,1.071967,4.324346,2.239273
63,33.0,4.499425,1.07192,4.33189,2.231775
63,33.5,4.485059,1.071896,4.339086,2.224605
63,34.0,4.471339,1.07189,4.345949,2.217747
63,34.5,4.458233,1.071902,4.352496,2.211188
63,35.0,4.445713,1.071928,4.358742,2.204915
63,35.5,4.433752,1.071969,4.364703,2.198914
63,36.0,4.422323,1.072021,4.370391,2.193174
63,36.5,4.411403,1.072083,4.37582,2.187683
63,37.0,4.400968,1.072154,4.381002,2.18243
63,37.5,4.390995,1.072233,4.385949,2.177404
63,38.0,4.381463,1.072318,4.390672,2.172595
63,38.5,4.372353,1.072409,4.395182,2.167995
63,39.0,4.363644,1.072504,4.399489,2.163593
63,39.5,4.355319,1.072604,4.403601,2.159381
63,40.0,4.347361,1.072706,4.40753,2.15535
63,40.5,4.339752,1.072811,4.411282,2.151494
63,41.0,4.332478,1.072917,4.414866,2.147803
63,41.5,4.325522,1.073024,4.41829,2.144272
63,42.0,4.318871,1.073133,4.421561,2.140892
63,42.5,4.312511,1.073241,4.424687,2.137658
63,43.0,4.306429,1.07335,4.427674,2.134563
63,43.5,4.300613,1.073458,4.430528,2.1316
63,44.0,4.29505,1.073565,4.433256,2.128765
63,44.5,4.28973,1.073671,4.435863,2.126052
63,45.0,4.284641,1.073776,4.438354,2.123455
63,45.5,4.279774,1.07388,4.440736,2.12097
63,46.0,4.275119,1.073982,4.443013,2.118592
63,46.5,4.270666,1.074082,4.445189,2.116315
63,47.0,4.266406,1.07418,4.44727,2.114136
63,47.5,4.262331,1.074276,4.449259,2.11205
63,48.0,4.258433,1.074371,4.451161,2.110054
63,48.5,4.254704,1.074463,4.45298,2.108143
63,49.0,4.251136,1.074553,4.454718,2.106315
63,49.5,4.247723,1.07464,4.456381,2.104564
63,50.0,4.244458,1.074726,4.457971,2.102889
64,0.0,24.680494,0.010528,0.006656,6.14712
64,0.5,23.873103,0.583856,0.123687,5.456761
64,1.0,23.03576,0.89677,0.385901,4.881632
64,1.5,22.224707,1.055373,0.712127,4.396804
64,2.0,21.465983,1.123295,1.057528,3.983481
64,2.5,20.769253,1.138557,1.398262,3.627485
64,3.0,20.135709,1.123903,1.722361,3.31804
64,3.5,19.562426,1.092957,2.024476,3.046871
64,4.0,19.044692,1.053876,2.302883,2.807545
64,4.5,18.577236,1.011519,2.55779,2.594995
64,5.0,18.154837,0.968738,2.790379,2.405186
64,5.5,17.772615,0.927165,3.002276,2.234862
64,6.0,17.426146,0.887686,3.195251,2.081366
64,6.5,17.111481,0.85073,3.371061,1.942512
64,7.0,16.825137,0.816454,3.531371,1.816478
64,7.5,16.56405,0.78485,3.677717,1.701737
64,8.0,16.325534,0.755821,3.811489,1.596993
64,8.5,16.107233,0.729217,3.933942,1.501145
64,9.0,15.907082,0.704866,4.046193,1.413245
64,9.5,15.723265,0.682589,4.14924,1.332474
64,10.0,15.554182,0.662211,4.24397,1.258122
64,10.5,15.398424,0.643563,4.331173,1.189567
64,11.0,15.254741,0.626489,4.411552,1.126262
64,11.5,15.122025,0.610845,4.485732,1.067727
64,12.0,14.999292,0.596497,4.554272,1.013534
64,12.5,14.885663,0.583327,4.617672,0.963304
64,13.0,14.78035,0.571225,4.676379,0.916699
64,13.5,14.682651,0.560094,4.730795,0.873415
64,14.0,14.591931,0.549844,4.781279,0.83318
64,14.5,14.507621,0.540398,4.828158,0.795748
64,15.0,14.429204,0.531682,4.871724,0.760898
64,15.5,14.356215,0.523633,4.912243,0.728428
64,16.0,14.288231,0.516193,4.949955,0.698156
64,16.5,14.224868,0.509309,4.985078,0.669916
64,17.0,14.165777,0.502935,5.017811,0.643558
64,17.5,14.110637,0.497027,5.048335,0.618942
64,18.0,14.059159,0.491546,5.076814,0.595943
64,18.5,14.011074,0.486459,5.1034,0.574444
64,19.0,13.966139,0.481733,5.128231,0.55434
64,19.5,13.92413,0.477339,5.151432,0.535532
64,20.0,13.884839,0.473252,5.173121,0.51793
64,20.5,13.848078,0.469448,5.193404,0.501452
64,21.0,13.813671,0.465905,5.212379,0.48602
64,21.5,13.781457,0.462602,5.230137,0.471564
64,22.0,13.751287,0.459523,5.246762,0.458019
64,22.5,13.723023,0.45665,5.26233,0.445323
64,23.0,13.696538,0.453969,5.276913,0.433421
64,23.5,13.671712,0.451465,5.290578,0.42226
64,24.0,13.648438,0.449126,5.303385,0.411792
64,24.5,13.626612,0.44694,5.315391,0.401973
64,25.0,13.606141,0.444896,5.326648,0.392759
64,25.5,13.586936,0.442984,5.337207,0.384112
64,26.0,13.568916,0.441196,5.347111,0.375997
64,26.5,13.552005,0.439522,5.356403,0.368379
64,27.0,13.536133,0.437954,5.365123,0.361226
64,27.5,13.521232,0.436486,5.373308,0.354509
64,28.0,13.507242,0.435111,5.38099,0.348202
64,28.5,13.494105,0.433823,5.388203,0.342278
64,29.0,13.481768,0.432616,5.394975,0.336713
64,29.5,13.47018,0.431484,5.401335,0.331485
64,30.0,13.459295,0.430422,5.407308,0.326573
64,30.5,13.449069,0.429427,5.412919,0.321958
64,31.0,13.439461,0.428493,5.41819,0.317621
64,31.5,13.430434,0.427617,5.423142,0.313545
64,32.0,13.421951,0.426795,5.427794,0.309715
64,32.5,13.413978,0.426023,5.432166,0.306114
64,33.0,13.406485,0.425299,5.436275,0.30273
64,33.5,13.399443,0.424619,5.440136,0.299548
64,34.0,13.392823,0.423981,5.443765,0.296558
64,34.5,13.386599,0.423381,5.447177,0.293746
64,35.0,13.380749,0.422818,5.450383,0.291102
64,35.5,13.375249,0.422289,5.453398,0.288616
64,36.0,13.370077,0.421793,5.456232,0.286279
64,36.5,13.365215,0.421326,5.458896,0.284081
64,37.0,13.360643,0.420888,5.461402,0.282014
64,37.5,13.356344,0.420476,5.463757,0.280071
64,38.0,13.352301,0.420088,5.465972,0.278243
64,38.5,13.348499,0.419725,5.468055,0.276524
64,39.0,13.344923,0.419383,5.470014,0.274907
64,39.5,13.34156,0.419061,5.471856,0.273386
64,40.0,13.338398,0.418759,5.473589,0.271956
64,40.5,13.335423,0.418475,5.475218,0.270611
64,41.0,13.332625,0.418208,5.47675,0.269345
64,41.5,13.329994,0.417957,5.478192,0.268155
64,42.0,13.327518,0.417721,5.479547,0.267035
64,42.5,13.32519,0.417499,5.480822,0.265982
64,43.0,13.323,0.41729,5.482022,0.264991
64,43.5,13.32094,0.417094,5.48315,0.264059
64,44.0,13.319002,0.41691,5.484211,0.263183
64,44.5,13.317178,0.416736,5.48521,0.262358
64,45.0,13.315463,0.416573,5.486149,0.261582
64,45.5,13.31385,0.41642,5.487032,0.260852
64,46.0,13.312332,0.416275,5.487863,0.260165
64,46.5,13.310904,0.416139,5.488645,0.259519
64,47.0,13.309561,0.416012,5.489381,0.258911
64,47.5,13.308297,0.415892,5.490073,0.258339
64,48.0,13.307108,0.415779,5.490724,0.257801
64,48.5,13.305989,0.415672,5.491336,0.257295
64,49.0,13.304937,0.415573,5.491912,0.256819
64,49.5,13.303947,0.415479,5.492454,0.256371
64,50.0,13.303015,0.41539,5.492964,0.255949
65,0.0,5.239024,0.082466,0.031033,1.866783
65,0.5,5.187595,0.119098,0.038432,1.822753
65,1.0,5.136675,0.150387,0.048248,1.781649
65,1.5,5.086431,0.177091,0.060018,1.743174
65,2.0,5.036993,0.199863,0.073351,1.70707
65,2.5,4.988463,0.219258,0.087918,1.673107
65,3.0,4.940918,0.235756,0.103442,1.641085
65,3.5,4.894412,0.249767,0.119689,1.610828
65,4.0,4.848986,0.261641,0.136465,1.582177
65,4.5,4.804664,0.271681,0.153606,1.554996
65,5.0,4.761459,0.280147,0.170976,1.529161
65,5.5,4.719377,0.287261,0.18846,1.504563
65,6.0,4.678415,0.293214,0.205964,1.481105
65,6.5,4.638564,0.298172,0.223411,1.458701
65,7.0,4.599811,0.302276,0.240735,1.437272
65,7.5,4.562138,0.305649,0.257885,1.416749
65,8.0,4.525526,0.308395,0.274818,1.39707
65,8.5,4.489952,0.310605,0.2915,1.378178
65,9.0,4.455393,0.312357,0.307903,1.360023
65,9.5,4.421825,0.313719,0.324007,1.342558
65,10.0,4.389221,0.314747,0.339795,1.325741
65,10.5,4.357555,0.315493,0.355255,1.309536
65,11.0,4.326802,0.315999,0.370378,1.293906
65,11.5,4.296935,0.316303,0.38516,1.278821
65,12.0,4.267928,0.316436,0.399597,1.264251
65,12.5,4.239756,0.316426,0.413688,1.25017
65,13.0,4.212393,0.316297,0.427434,1.236553
65,13.5,4.185815,0.316069,0.440837,1.223378
65,14.0,4.159998,0.31576,0.4539,1.210623
65,14.5,4.134917,0.315385,0.466628,1.19827
65,15.0,4.110549,0.314957,0.479026,1.186301
65,15.5,4.086874,0.314487,0.491099,1.174698
65,16.0,4.063868,0.313984,0.502853,1.163446
65,16.5,4.041511,0.313457,0.514295,1.152531
65,17.0,4.019782,0.312913,0.525431,1.141939
65,17.5,3.998661,0.312357,0.536269,1.131657
65,18.0,3.978131,0.311795,0.546816,1.121672
65,18.5,3.958171,0.31123,0.557078,1.111975
65,19.0,3.938765,0.310667,0.567063,1.102554
65,19.5,3.919894,0.310107,0.576778,1.093398
65,20.0,3.901543,0.309555,0.58623,1.084499
65,20.5,3.883696,0.30901,0.595426,1.075847
65,21.0,3.866336,0.308477,0.604372,1.067434
65,21.5,3.849449,0.307954,0.613077,1.059252
65,22.0,3.833021,0.307445,0.621546,1.051293
65,22.5,3.817037,0.306948,0.629786,1.043549
65,23.0,3.801484,0.306466,0.637803,1.036014
65,23.5,3.78635,0.305998,0.645605,1.02868
65,24.0,3.77162,0.305545,0.653196,1.021542
65,24.5,3.757285,0.305107,0.660583,1.014593
65,25.0,3.74333,0.304684,0.667771,1.007828
65,25.5,3.729746,0.304276,0.674768,1.00124
65,26.0,3.716522,0.303883,0.681576,0.994824
65,26.5,3.703646,0.303504,0.688204,0.988576
65,27.0,3.69111,0.30314,0.694654,0.98249
65,27.5,3.678902,0.302789,0.700933,0.976561
65,28.0,3.667013,0.302453,0.707046,0.970784
65,28.5,3.655434,0.30213,0.712996,0.965157
65,29.0,3.644157,0.301821,0.71879,0.959673
65,29.5,3.633172,0.301524,0.724431,0.954329
65,30.0,3.622472,0.301239,0.729923,0.949121
65,30.5,3.612048,0.300967,0.735271,0.944045
65,31.0,3.601893,0.300706,0.740479,0.939098
65,31.5,3.591998,0.300457,0.745552,0.934275
65,32.0,3.582357,0.300218,0.750491,0.929574
65,32.5,3.572962,0.29999,0.755303,0.924991
65,33.0,3.563808,0.299772,0.759989,0.920523
65,33.5,3.554886,0.299563,0.764554,0.916166
65,34.0,3.546191,0.299364,0.769001,0.911918
65,34.5,3.537717,0.299174,0.773333,0.907776
65,35.0,3.529457,0.298993,0.777554,0.903736
65,35.5,3.521405,0.29882,0.781666,0.899797
65,36.0,3.513557,0.298655,0.785673,0.895956
65,36.5,3.505906,0.298497,0.789577,0.892209
65,37.0,3.498447,0.298347,0.793381,0.888555
65,37.5,3.491175,0.298204,0.797089,0.88499
65,38.0,3.484086,0.298067,0.800702,0.881514
65,38.5,3.477173,0.297937,0.804224,0.878122
65,39.0,3.470433,0.297814,0.807656,0.874814
65,39.5,3.46386,0.297696,0.811001,0.871587
65,40.0,3.457451,0.297583,0.814262,0.868438
65,40.5,3.451201,0.297476,0.81744,0.865367
65,41.0,3.445106,0.297374,0.820539,0.86237
65,41.5,3.439162,0.297277,0.823559,0.859447
65,42.0,3.433364,0.297185,0.826504,0.856594
65,42.5,3.42771,0.297097,0.829375,0.853811
65,43.0,3.422195,0.297014,0.832174,0.851095
65,43.5,3.416816,0.296934,0.834904,0.848445
65,44.0,3.411569,0.296859,0.837565,0.84586
65,44.5,3.406451,0.296787,0.84016,0.843336
65,45.0,3.401458,0.296719,0.84269,0.840874
65,45.5,3.396587,0.296654,0.845158,0.838471
65,46.0,3.391836,0.296592,0.847565,0.836127
65,46.5,3.387201,0.296534,0.849911,0.833838
65,47.0,3.382679,0.296478,0.8522,0.831605
65,47.5,3.378267,0.296425,0.854433,0.829425
65,48.0,3.373963,0.296375,0.85661,0.827298
65,48.5,3.369763,0.296327,0.858734,0.825222
65,49.0,3.365665,0.296282,0.860805,0.823196
65,49.5,3.361667,0.296239,0.862825,0.821218
65,50.0,3.357766,0.296199,0.864796,0.819288
66,0.0,27.708144,0.016553,0.028472,1.959327
66,0.5,27.409712,0.213068,0.079431,1.711854
66,1.0,27.09375,0.313021,0.187435,1.503897
66,1.5,26.783983,0.356901,0.320379,1.327073
66,2.0,26.492274,0.368809,0.460279,1.175264
66,2.5,26.223779,0.363022,0.59742,1.043911
66,3.0,25.97997,0.347951,0.72686,0.929542
66,3.5,25.760364,0.328515,0.846381,0.829457
66,4.0,25.563514,0.307549,0.955289,0.741514
66,4.5,25.387554,0.28665,1.053718,0.663984
66,5.0,25.230508,0.266677,1.142228,0.595448
66,5.5,25.090441,0.248055,1.221572,0.534725
66,6.0,24.965541,0.230957,1.292571,0.480824
66,6.5,24.85415,0.215409,1.356041,0.432902
66,7.0,24.754775,0.201359,1.412753,0.39024
66,7.5,24.666081,0.188713,1.463423,0.352216
66,8.0,24.586881,0.17736,1.5087,0.318292
66,8.5,24.516121,0.167183,1.549168,0.288001
66,9.0,24.452871,0.158069,1.58535,0.260933
66,9.5,24.396306,0.149912,1.617712,0.236729
66,10.0,24.345695,0.142611,1.646668,0.215074
66,10.5,24.300392,0.136077,1.672586,0.19569
66,11.0,24.259824,0.130228,1.695794,0.17833
66,11.5,24.223483,0.124992,1.716583,0.162777
66,12.0,24.190916,0.120304,1.73521,0.148838
66,12.5,24.161724,0.116104,1.751906,0.136342
66,13.0,24.135549,0.112341,1.766875,0.125136
66,13.5,24.112073,0.108968,1.7803,0.115085
66,14.0,24.091014,0.105945,1.792341,0.106066
66,14.5,24.072118,0.103234,1.803145,0.097974
66,15.0,24.05516,0.100803,1.812839,0.09071
66,15.5,24.039938,0.098622,1.82154,0.08419
66,16.0,24.026274,0.096665,1.829351,0.078337
66,16.5,24.014005,0.094908,1.836364,0.07308
66,17.0,24.002989,0.093332,1.84266,0.06836
66,17.5,23.993095,0.091917,1.848314,0.064121
66,18.0,23.984209,0.090646,1.853393,0.060313
66,18.5,23.976228,0.089506,1.857954,0.056893
66,19.0,23.969058,0.088481,1.862051,0.053821
66,19.5,23.962617,0.087561,1.865731,0.05106
66,20.0,23.956831,0.086734,1.869038,0.04858
66,20.5,23.951631,0.085992,1.872009,0.046352
66,21.0,23.94696,0.085325,1.874678,0.044349
66,21.5,23.942762,0.084726,1.877076,0.04255
66,22.0,23.93899,0.084188,1.879232,0.040933
66,22.5,23.9356,0.083704,1.881168,0.03948
66,23.0,23.932554,0.083269,1.882909,0.038174
66,23.5,23.929817,0.082879,1.884473,0.037001
66,24.0,23.927356,0.082528,1.885878,0.035946
66,24.5,23.925145,0.082212,1.887142,0.034998
66,25.0,23.923158,0.081929,1.888277,0.034146
66,25.5,23.921372,0.081674,1.889297,0.033381
66,26.0,23.919766,0.081445,1.890215,0.032692
66,26.5,23.918323,0.08124,1.891039,0.032074
66,27.0,23.917027,0.081055,1.89178,0.031518
66,27.5,23.915861,0.080888,1.892446,0.031018
66,28.0,23.914813,0.080739,1.893044,0.030569
66,28.5,23.913871,0.080605,1.893582,0.030165
66,29.0,23.913025,0.080484,1.894066,0.029802
66,29.5,23.912264,0.080376,1.894501,0.029476
66,30.0,23.91158,0.080278,1.894892,0.029183
66,30.5,23.910965,0.080191,1.895243,0.028919
66,31.0,23.910412,0.080112,1.895559,0.028682
66,31.5,23.909915,0.080041,1.895842,0.028469
66,32.0,23.909469,0.079977,1.896097,0.028278
66,32.5,23.909067,0.07992,1.896327,0.028106
66,33.0,23.908706,0.079869,1.896533,0.027951
66,33.5,23.908382,0.079822,1.896718,0.027812
66,34.0,23.908091,0.079781,1.896885,0.027687
66,34.5,23.907828,0.079743,1.897034,0.027574
66,35.0,23.907593,0.07971,1.897169,0.027473
66,35.5,23.907381,0.07968,1.89729,0.027383
66,36.0,23.907191,0.079653,1.897399,0.027301
66,36.5,23.90702,0.079628,1.897497,0.027228
66,37.0,23.906866,0.079606,1.897584,0.027162
66,37.5,23.906727,0.079587,1.897663,0.027102
66,38.0,23.906603,0.079569,1.897734,0.027049
66,38.5,23.906491,0.079553,1.897798,0.027001
66,39.0,23.906391,0.079539,1.897856,0.026958
66,39.5,23.906301,0.079526,1.897907,0.026919
66,40.0,23.906219,0.079514,1.897954,0.026885
66,40.5,23.906146,0.079504,1.897995,0.026853
66,41.0,23.906081,0.079494,1.898033,0.026825
66,41.5,23.906022,0.079486,1.898066,0.0268
66,42.0,23.905969,0.079478,1.898097,0.026777
66,42.5,23.905921,0.079472,1.898124,0.026757
66,43.0,23.905878,0.079466,1.898148,0.026738
66,43.5,23.90584,0.07946,1.89817,0.026722
66,44.0,23.905805,0.079455,1.89819,0.026707
66,44.5,23.905774,0.079451,1.898208,0.026694
66,45.0,23.905746,0.079447,1.898224,0.026682
66,45.5,23.905721,0.079443,1.898238,0.026671
66,46.0,23.905698,0.07944,1.898251,0.026661
66,46.5,23.905678,0.079437,1.898263,0.026653
66,47.0,23.90566,0.079434,1.898273,0.026645
66,47.5,23.905643,0.079432,1.898283,0.026638
66,48.0,23.905629,0.07943,1.898291,0.026631
66,48.5,23.905615,0.079428,1.898299,0.026626
66,49.0,23.905604,0.079426,1.898305,0.026621
66,49.5,23.905593,0.079425,1.898312,0.026616
66,50.0,23.905583,0.079423,1.898317,0.026612
67,0.0,4.349212,0.002115,0.00554,2.159094
67,0.5,4.302491,0.045845,0.007035,2.113868
67,1.0,4.256271,0.083948,0.011093,2.071707
67,1.5,4.21068,0.117145,0.01729,2.032313
67,2.0,4.165819,0.146067,0.02526,1.995422
67,2.5,4.121766,0.171259,0.03469,1.960799
67,3.0,4.078582,0.193197,0.045313,1.928238
67,3.5,4.03631,0.212296,0.0569,1.897552
67,4.0,3.994983,0.228917,0.069253,1.868579
67,4.5,3.954621,0.243372,0.082206,1.84117
67,5.0,3.915237,0.255936,0.095616,1.815196
67,5.5,3.876834,0.266848,0.109362,1.790539
67,6.0,3.839412,0.276314,0.123339,1.767094
67,6.5,3.802964,0.284519,0.137461,1.744768
67,7.0,3.76748,0.291619,0.151653,1.723476
67,7.5,3.732947,0.297753,0.165853,1.703142
67,8.0,3.699348,0.303044,0.180007,1.683697
67,8.5,3.666667,0.307597,0.194071,1.66508
67,9.0,3.634883,0.311505,0.208009,1.647235
67,9.5,3.603977,0.314849,0.22179,1.630109
67,10.0,3.573927,0.3177,0.235389,1.613659
67,10.5,3.544713,0.320122,0.248785,1.597841
67,11.0,3.516312,0.322168,0.261963,1.582618
67,11.5,3.488703,0.323887,0.274908,1.567954
67,12.0,3.461864,0.32532,0.287611,1.553817
67,12.5,3.435772,0.326506,0.300064,1.540179
67,13.0,3.410408,0.327475,0.312261,1.527012
67,13.5,3.385749,0.328257,0.3242,1.514292
67,14.0,3.361776,0.328876,0.335877,1.501995
67,14.5,3.338467,0.329355,0.347292,1.490101
67,15.0,3.315804,0.329713,0.358445,1.478591
67,15.5,3.293766,0.329966,0.369337,1.467445
67,16.0,3.272336,0.33013,0.37997,1.456648
67,16.5,3.251494,0.330217,0.390347,1.446184
67,17.0,3.231224,0.330238,0.400472,1.436039
67,17.5,3.211508,0.330204,0.410347,1.426197
67,18.0,3.192329,0.330124,0.419976,1.416648
67,18.5,3.173672,0.330004,0.429365,1.407379
67,19.0,3.15552,0.329852,0.438517,1.398379
67,19.5,3.137859,0.329674,0.447437,1.389638
67,20.0,3.120673,0.329474,0.456129,1.381145
67,20.5,3.10395,0.329257,0.4646,1.372892
67,21.0,3.087674,0.329026,0.472853,1.364869
67,21.5,3.071832,0.328786,0.480894,1.357069
67,22.0,3.056413,0.328539,0.488727,1.349483
67,22.5,3.041403,0.328287,0.496358,1.342104
67,23.0,3.02679,0.328032,0.503791,1.334924
67,23.5,3.012564,0.327777,0.511032,1.327939
67,24.0,2.998711,0.327523,0.518086,1.32114
67,24.5,2.985223,0.327271,0.524956,1.314521
67,25.0,2.972088,0.327023,0.531648,1.308078
67,25.5,2.959295,0.326778,0.538166,1.301804
67,26.0,2.946836,0.326539,0.544515,1.295694
67,26.5,2.934701,0.326305,0.5507,1.289744
67,27.0,2.92288,0.326077,0.556724,1.283947
67,27.5,2.911365,0.325856,0.562592,1.2783
67,28.0,2.900147,0.325642,0.568308,1.272798
67,28.5,2.889218,0.325435,0.573876,1.267437
67,29.0,2.878569,0.325235,0.579301,1.262212
67,29.5,2.868193,0.325043,0.584585,1.257121
67,30.0,2.858082,0.324857,0.589733,1.252158
67,30.5,2.84823,0.32468,0.594748,1.24732
67,31.0,2.838627,0.324509,0.599635,1.242605
67,31.5,2.829269,0.324346,0.604395,1.238007
67,32.0,2.820148,0.32419,0.609034,1.233525
67,32.5,2.811258,0.324041,0.613553,1.229154
67,33.0,2.802593,0.323899,0.617957,1.224892
67,33.5,2.794145,0.323764,0.622248,1.220736
67,34.0,2.785911,0.323635,0.62643,1.216683
67,34.5,2.777883,0.323513,0.630505,1.21273
67,35.0,2.770057,0.323397,0.634476,1.208875
67,35.5,2.762426,0.323287,0.638346,1.205115
67,36.0,2.754986,0.323183,0.642118,1.201447
67,36.5,2.747732,0.323085,0.645795,1.197869
67,37.0,2.740658,0.322992,0.649378,1.194379
67,37.5,2.733761,0.322904,0.65287,1.190974
67,38.0,2.727035,0.322822,0.656275,1.187652
67,38.5,2.720475,0.322744,0.659593,1.184411
67,39.0,2.714078,0.322671,0.662828,1.181249
67,39.5,2.70784,0.322602,0.665982,1.178164
67,40.0,2.701755,0.322538,0.669056,1.175154
67,40.5,2.695821,0.322478,0.672053,1.172217
67,41.0,2.690033,0.322422,0.674976,1.169351
67,41.5,2.684387,0.32237,0.677825,1.166554
67,42.0,2.67888,0.322321,0.680602,1.163825
67,42.5,2.673508,0.322276,0.683311,1.161162
67,43.0,2.668268,0.322234,0.685952,1.158563
67,43.5,2.663157,0.322195,0.688527,1.156026
67,44.0,2.65817,0.322159,0.691038,1.153551
67,44.5,2.653305,0.322126,0.693487,1.151135
67,45.0,2.64856,0.322096,0.695875,1.148777
67,45.5,2.64393,0.322068,0.698204,1.146476
67,46.0,2.639412,0.322043,0.700475,1.14423
67,46.5,2.635005,0.32202,0.70269,1.142038
67,47.0,2.630705,0.321999,0.704851,1.139899
67,47.5,2.62651,0.32198,0.706958,1.13781
67,48.0,2.622416,0.321963,0.709013,1.135772
67,48.5,2.618422,0.321948,0.711018,1.133782
67,49.0,2.614525,0.321935,0.712973,1.13184
67,49.5,2.610722,0.321924,0.71488,1.129945
67,50.0,2.607011,0.321914,0.71674,1.128094
68,0.0,2.548076,0.059114,0.068071,4.239489
68,0.5,2.496153,0.106803,0.070189,4.189683
68,1.0,2.446137,0.149454,0.073871,4.14335
68,1.5,2.397992,0.18762,0.07886,4.100195
68,2.0,2.351677,0.221788,0.084934,4.059953
68,2.5,2.307143,0.25239,0.0919,4.022385
68,3.0,2.264336,0.279807,0.099595,3.987273
68,3.5,2.223204,0.304377,0.107876,3.954422
68,4.0,2.183688,0.326401,0.116622,3.923652
68,4.5,2.145732,0.346145,0.125728,3.894802
68,5.0,2.109278,0.363846,0.135105,3.867725
68,5.5,2.074269,0.379714,0.144675,3.842286
68,6.0,2.040649,0.393938,0.154373,3.818364
68,6.5,2.008361,0.406686,0.164143,3.795846
68,7.0,1.977353,0.418106,0.173937,3.774632
68,7.5,1.947571,0.428333,0.183715,3.754627
68,8.0,1.918964,0.437486,0.193442,3.735747
68,8.5,1.891483,0.445673,0.203088,3.717914
68,9.0,1.865082,0.45299,0.212631,3.701054
68,9.5,1.839713,0.459522,0.222049,3.685104
68,10.0,1.815334,0.465348,0.231326,3.670001
68,10.5,1.791901,0.470536,0.240448,3.655691
68,11.0,1.769376,0.47515,0.249404,3.642122
68,11.5,1.747718,0.479245,0.258185,3.629245
68,12.0,1.726892,0.482873,0.266784,3.617018
68,12.5,1.706862,0.486079,0.275196,3.6054
68,13.0,1.687594,0.488905,0.283417,3.594353
68,13.5,1.669056,0.491387,0.291445,3.583843
68,14.0,1.651218,0.49356,0.299278,3.573837
68,14.5,1.634049,0.495453,0.306916,3.564306
68,15.0,1.617522,0.497094,0.314359,3.555222
68,15.5,1.60161,0.498509,0.321607,3.546559
68,16.0,1.586288,0.499718,0.328664,3.538293
68,16.5,1.571531,0.500744,0.335529,3.530402
68,17.0,1.557316,0.501604,0.342207,3.522865
68,17.5,1.543622,0.502315,0.348699,3.515662
68,18.0,1.530426,0.502891,0.355008,3.508776
68,18.5,1.517708,0.503348,0.361139,3.502189
68,19.0,1.50545,0.503697,0.367093,3.495885
68,19.5,1.493633,0.503949,0.372876,3.489851
68,20.0,1.48224,0.504114,0.37849,3.484071
68,20.5,1.471253,0.504203,0.383939,3.478533
68,21.0,1.460657,0.504223,0.389227,3.473225
68,21.5,1.450436,0.504181,0.394358,3.468136
68,22.0,1.440575,0.504086,0.399336,3.463253
68,22.5,1.431062,0.503942,0.404165,3.458568
68,23.0,1.421882,0.503756,0.408848,3.454071
68,23.5,1.413022,0.503533,0.413389,3.449753
68,24.0,1.404471,0.503277,0.417792,3.445606
68,24.5,1.396217,0.502993,0.422062,3.44162
68,25.0,1.388248,0.502685,0.4262,3.43779
68,25.5,1.380554,0.502355,0.430212,3.434108
68,26.0,1.373124,0.502008,0.434101,3.430567
68,26.5,1.365949,0.501645,0.43787,3.42716
68,27.0,1.359019,0.50127,0.441523,3.423883
68,27.5,1.352325,0.500884,0.445062,3.420729
68,28.0,1.345858,0.50049,0.448493,3.417693
68,28.5,1.339611,0.50009,0.451816,3.414769
68,29.0,1.333575,0.499685,0.455037,3.411954
68,29.5,1.327742,0.499276,0.458157,3.409241
68,30.0,1.322106,0.498866,0.46118,3.406628
68,30.5,1.316659,0.498456,0.464109,3.40411
68,31.0,1.311394,0.498045,0.466947,3.401683
68,31.5,1.306305,0.497636,0.469696,3.399343
68,32.0,1.301386,0.497229,0.472359,3.397087
68,32.5,1.296631,0.496825,0.474939,3.394911
68,33.0,1.292033,0.496425,0.477438,3.392812
68,33.5,1.287588,0.496029,0.479858,3.390788
68,34.0,1.28329,0.495638,0.482203,3.388834
68,34.5,1.279133,0.495251,0.484474,3.386949
68,35.0,1.275114,0.494871,0.486674,3.38513
68,35.5,1.271227,0.494496,0.488805,3.383374
68,36.0,1.267467,0.494127,0.490869,3.381679
68,36.5,1.263831,0.493765,0.492869,3.380042
68,37.0,1.260314,0.493409,0.494805,3.378461
68,37.5,1.256912,0.49306,0.496681,3.376935
68,38.0,1.253621,0.492718,0.498497,3.37546
68,38.5,1.250437,0.492383,0.500257,3.374036
68,39.0,1.247357,0.492054,0.501961,3.37266
68,39.5,1.244377,0.491733,0.503612,3.371331
68,40.0,1.241494,0.491419,0.50521,3.370046
68,40.5,1.238704,0.491112,0.506759,3.368805
68,41.0,1.236005,0.490812,0.508258,3.367605
68,41.5,1.233393,0.490519,0.509711,3.366445
68,42.0,1.230865,0.490233,0.511117,3.365324
68,42.5,1.228419,0.489954,0.51248,3.364241
68,43.0,1.226052,0.489682,0.5138,3.363193
68,43.5,1.223761,0.489417,0.515078,3.362181
68,44.0,1.221544,0.489158,0.516316,3.361201
68,44.5,1.219398,0.488906,0.517515,3.360254
68,45.0,1.217321,0.488661,0.518676,3.359339
68,45.5,1.215311,0.488422,0.5198,3.358453
68,46.0,1.213365,0.488189,0.52089,3.357596
68,46.5,1.211481,0.487963,0.521945,3.356768
68,47.0,1.209658,0.487742,0.522966,3.355966
68,47.5,1.207893,0.487528,0.523956,3.355191
68,48.0,1.206185,0.487319,0.524914,3.354441
68,48.5,1.204531,0.487117,0.525843,3.353716
68,49.0,1.20293,0.48692,0.526742,3.353014
68,49.5,1.20138,0.486728,0.527613,3.352335
68,50.0,1.199879,0.486542,0.528456,3.351677
69,0.0,10.221742,0.050453,0.0875,8.58575
69,0.5,9.777467,0.424261,0.122734,8.176709
69,1.0,9.338961,0.704153,0.202041,7.81751
69,1.5,8.914662,0.91348,0.309526,7.500697
69,2.0,8.509577,1.069729,0.433945,7.22003
69,2.5,8.126355,1.185969,0.567435,6.970299
69,3.0,7.766078,1.271981,0.704569,6.747155
69,3.5,7.428805,1.335094,0.841648,6.546962
69,4.0,7.113959,1.380826,0.976205,6.366672
69,4.5,6.820577,1.413344,1.106638,6.203722
69,5.0,6.547489,1.435806,1.23195,6.055947
69,5.5,6.29343,1.450619,1.351573,5.921511
69,6.0,6.057111,1.459623,1.465231,5.79885
69,6.5,5.837267,1.464227,1.572851,5.686626
69,7.0,5.632684,1.465517,1.674497,5.583689
69,7.5,5.442217,1.464332,1.770323,5.489048
69,8.0,5.264794,1.461319,1.860541,5.401843
69,8.5,5.099418,1.456979,1.945399,5.321325
69,9.0,4.945171,1.4517,2.025162,5.246841
69,9.5,4.801206,1.445783,2.100103,5.177817
69,10.0,4.666746,1.439461,2.170494,5.113748
69,10.5,4.541077,1.432911,2.236604,5.054189
69,11.0,4.423545,1.426272,2.29869,4.998742
69,11.5,4.313551,1.419646,2.356999,4.947058
69,12.0,4.210546,1.413115,2.411767,4.898821
69,12.5,4.114026,1.406735,2.463218,4.853752
69,13.0,4.023529,1.400549,2.511559,4.811596
69,13.5,3.938631,1.394587,2.556989,4.772128
69,14.0,3.858942,1.38887,2.599692,4.735142
69,14.5,3.784103,1.383411,2.639841,4.700452
69,15.0,3.713785,1.378215,2.677598,4.667891
69,15.5,3.647684,1.373285,2.713113,4.637305
69,16.0,3.585518,1.368619,2.746529,4.608555
69,16.5,3.527029,1.364214,2.777976,4.581514
69,17.0,3.471978,1.360062,2.807578,4.556064
69,17.5,3.420142,1.356156,2.835449,4.532099
69,18.0,3.371316,1.352487,2.861696,4.509521
69,18.5,3.32531,1.349045,2.88642,4.488239
69,19.0,3.281948,1.34582,2.909714,4.46817
69,19.5,3.241064,1.342803,2.931664,4.449237
69,20.0,3.202507,1.339982,2.952353,4.431368
69,20.5,3.166134,1.337347,2.971857,4.414499
69,21.0,3.131812,1.334889,2.990247,4.398568
69,21.5,3.099419,1.332597,3.00759,4.383517
69,22.0,3.068839,1.330461,3.023948,4.369295
69,22.5,3.039964,1.328473,3.039379,4.355852
69,23.0,3.012694,1.326623,3.053939,4.343142
69,23.5,2.986935,1.324903,3.067679,4.331122
69,24.0,2.962599,1.323304,3.080646,4.319753
69,24.5,2.939603,1.321819,3.092887,4.308997
69,25.0,2.91787,1.320441,3.104442,4.29882
69,25.5,2.897328,1.319163,3.115353,4.289188
69,26.0,2.877908,1.317977,3.125655,4.280071
69,26.5,2.859548,1.316878,3.135385,4.271441
69,27.0,2.842186,1.31586,3.144574,4.263269
69,27.5,2.825768,1.314917,3.153255,4.255531
69,28.0,2.810239,1.314045,3.161456,4.248203
69,28.5,2.795551,1.313237,3.169204,4.241263
69,29.0,2.781656,1.31249,3.176525,4.234689
69,29.5,2.76851,1.3118,3.183443,4.228461
69,30.0,2.756073,1.311162,3.189981,4.222561
69,30.5,2.744304,1.310572,3.19616,4.216971
69,31.0,2.733166,1.310028,3.202001,4.211675
69,31.5,2.722627,1.309525,3.207522,4.206657
69,32.0,2.712652,1.309062,3.212741,4.201901
69,32.5,2.70321,1.308634,3.217676,4.197394
69,33.0,2.694273,1.308239,3.222341,4.193123
69,33.5,2.685814,1.307876,3.226753,4.189075
69,34.0,2.677806,1.307541,3.230925,4.185238
69,34.5,2.670224,1.307232,3.23487,4.181602
69,35.0,2.663047,1.306948,3.238601,4.178155
69,35.5,2.656251,1.306686,3.242129,4.174888
69,36.0,2.649817,1.306445,3.245467,4.171792
69,36.5,2.643724,1.306223,3.248624,4.168856
69,37.0,2.637955,1.30602,3.25161,4.166074
69,37.5,2.632493,1.305832,3.254435,4.163436
69,38.0,2.62732,1.30566,3.257108,4.160936
69,38.5,2.622421,1.305502,3.259636,4.158565
69,39.0,2.617782,1.305356,3.262029,4.156319
69,39.5,2.613388,1.305223,3.264292,4.154189
69,40.0,2.609227,1.305101,3.266434,4.152169
69,40.5,2.605287,1.304988,3.26846,4.150255
69,41.0,2.601554,1.304885,3.270378,4.148441
69,41.5,2.598019,1.30479,3.272193,4.14672
69,42.0,2.594671,1.304704,3.27391,4.14509
69,42.5,2.5915,1.304624,3.275536,4.143544
69,43.0,2.588496,1.304552,3.277074,4.142078
69,43.5,2.585651,1.304485,3.27853,4.140689
69,44.0,2.582956,1.304424,3.279908,4.139372
69,44.5,2.580403,1.304368,3.281212,4.138123
69,45.0,2.577985,1.304317,3.282446,4.13694
69,45.5,2.575695,1.304271,3.283615,4.135818
69,46.0,2.573525,1.304228,3.284721,4.134755
69,46.5,2.57147,1.304189,3.285768,4.133746
69,47.0,2.569523,1.304153,3.28676,4.132791
69,47.5,2.567678,1.304121,3.287698,4.131885
69,48.0,2.565931,1.304091,3.288587,4.131026
69,48.5,2.564276,1.304064,3.289428,4.130212
69,49.0,2.562708,1.304039,3.290224,4.12944
69,49.5,2.561223,1.304017,3.290978,4.128709
69,50.0,2.559816,1.303996,3.291692,4.128016
70,0.0,2.260777,0.01815,0.023674,2.869182
70,0.5,2.229316,0.048085,0.024437,2.838484
70,1.0,2.198854,0.075196,0.026113,2.809697
70,1.5,2.169365,0.09976,0.028575,2.782671
70,2.0,2.140825,0.122025,0.031713,2.757268
70,2.5,2.113205,0.142211,0.03543,2.733365
70,3.0,2.086478,0.160519,0.039639,2.710848
70,3.5,2.060617,0.177129,0.044265,2.689613
70,4.0,2.035595,0.192201,0.04924,2.669565
70,4.5,2.011382,0.20588,0.054506,2.65062
70,5.0,1.987954,0.218298,0.060012,2.632696
70,5.5,1.965282,0.229572,0.065711,2.615724
70,6.0,1.943341,0.239808,0.071563,2.599635
70,6.5,1.922105,0.249103,0.077534,2.584369
70,7.0,1.901549,0.257544,0.083592,2.569871
70,7.5,1.881649,0.265208,0.08971,2.556089
70,8.0,1.862381,0.272167,0.095864,2.542976
70,8.5,1.843724,0.278484,0.102034,2.530488
70,9.0,1.825655,0.284219,0.108201,2.518587
70,9.5,1.808154,0.289424,0.114349,2.507233
70,10.0,1.791199,0.294146,0.120466,2.496395
70,10.5,1.774771,0.298429,0.126538,2.48604
70,11.0,1.758852,0.302312,0.132556,2.476138
70,11.5,1.743424,0.305832,0.13851,2.466664
70,12.0,1.728468,0.30902,0.144394,2.457593
70,12.5,1.713969,0.311906,0.1502,2.4489
70,13.0,1.69991,0.314518,0.155924,2.440565
70,13.5,1.686276,0.316878,0.161561,2.432567
70,14.0,1.673052,0.319011,0.167106,2.424889
70,14.5,1.660224,0.320935,0.172558,2.417513
70,15.0,1.647778,0.32267,0.177914,2.410423
70,15.5,1.635702,0.324232,0.183171,2.403603
70,16.0,1.623982,0.325637,0.188329,2.397041
70,16.5,1.612606,0.326898,0.193386,2.390723
70,17.0,1.601564,0.328029,0.198342,2.384636
70,17.5,1.590843,0.32904,0.203196,2.37877
70,18.0,1.580433,0.329944,0.207949,2.373113
70,18.5,1.570325,0.330748,0.212601,2.367657
70,19.0,1.560507,0.331463,0.217153,2.36239
70,19.5,1.55097,0.332096,0.221605,2.357306
70,20.0,1.541706,0.332655,0.225957,2.352394
70,20.5,1.532706,0.333146,0.230212,2.347648
70,21.0,1.523961,0.333576,0.23437,2.343061
70,21.5,1.515462,0.333949,0.238432,2.338625
70,22.0,1.507203,0.334273,0.2424,2.334334
70,22.5,1.499176,0.33455,0.246275,2.330182
70,23.0,1.491373,0.334785,0.250059,2.326162
70,23.5,1.483788,0.334983,0.253752,2.322271
70,24.0,1.476413,0.335147,0.257358,2.318502
70,24.5,1.469243,0.335279,0.260877,2.31485
70,25.0,1.462271,0.335384,0.26431,2.311312
70,25.5,1.455491,0.335464,0.267661,2.307882
70,26.0,1.448897,0.335521,0.270929,2.304557
70,26.5,1.442484,0.335557,0.274117,2.301332
70,27.0,1.436246,0.335576,0.277227,2.298204
70,27.5,1.430178,0.335577,0.28026,2.295169
70,28.0,1.424275,0.335565,0.283218,2.292224
70,28.5,1.418532,0.335539,0.286102,2.289365
70,29.0,1.412945,0.335501,0.288915,2.28659
70,29.5,1.407509,0.335453,0.291657,2.283896
70,30.0,1.402219,0.335397,0.29433,2.28128
70,30.5,1.397072,0.335332,0.296936,2.278739
70,31.0,1.392062,0.33526,0.299477,2.27627
70,31.5,1.387187,0.335181,0.301953,2.273871
70,32.0,1.382443,0.335098,0.304368,2.271541
70,32.5,1.377825,0.33501,0.306721,2.269276
70,33.0,1.37333,0.334918,0.309014,2.267074
70,33.5,1.368954,0.334823,0.311249,2.264934
70,34.0,1.364695,0.334725,0.313428,2.262854
70,34.5,1.360549,0.334625,0.315551,2.26083
70,35.0,1.356513,0.334523,0.31762,2.258863
70,35.5,1.352583,0.33442,0.319636,2.25695
70,36.0,1.348757,0.334316,0.321601,2.255089
70,36.5,1.345033,0.334211,0.323516,2.253279
70,37.0,1.341406,0.334106,0.325382,2.251518
70,37.5,1.337874,0.334001,0.3272,2.249805
70,38.0,1.334436,0.333896,0.328972,2.248138
70,38.5,1.331088,0.333792,0.330698,2.246516
70,39.0,1.327827,0.333688,0.33238,2.244938
70,39.5,1.324652,0.333585,0.334019,2.243402
70,40.0,1.32156,0.333482,0.335617,2.241907
70,40.5,1.318549,0.333381,0.337173,2.240452
70,41.0,1.315616,0.333281,0.338689,2.239036
70,41.5,1.31276,0.333183,0.340167,2.237657
70,42.0,1.309978,0.333085,0.341606,2.236315
70,42.5,1.307269,0.332989,0.343009,2.235008
70,43.0,1.30463,0.332895,0.344375,2.233736
70,43.5,1.30206,0.332802,0.345707,2.232498
70,44.0,1.299557,0.33271,0.347004,2.231292
70,44.5,1.297118,0.332621,0.348268,2.230117
70,45.0,1.294743,0.332533,0.3495,2.228974
70,45.5,1.29243,0.332446,0.3507,2.22786
70,46.0,1.290176,0.332361,0.351869,2.226776
70,46.5,1.287981,0.332279,0.353008,2.225719
70,47.0,1.285842,0.332197,0.354118,2.224691
70,47.5,1.283759,0.332118,0.3552,2.223689
70,48.0,1.281729,0.33204,0.356253,2.222713
70,48.5,1.279752,0.331964,0.35728,2.221763
70,49.0,1.277826,0.331889,0.35828,2.220837
70,49.5,1.27595,0.331817,0.359255,2.219935
70,50.0,1.274122,0.331745,0.360204,2.219057
71,0.0,17.565747,0.041626,0.004925,4.049334
71,0.5,17.186724,0.321765,0.054367,3.719753
71,1.0,16.794672,0.503372,0.15959,3.432924
71,1.5,16.405709,0.617794,0.296861,3.181231
71,2.0,16.02938,0.686583,0.450631,2.958673
71,2.5,15.670952,0.72451,0.610881,2.760495
71,3.0,15.332972,0.741694,0.771279,2.582913
71,3.5,15.016297,0.745074,0.927927,2.422886
71,4.0,14.720764,0.739407,1.078526,2.277952
71,4.5,14.445614,0.727962,1.221824,2.1461
71,5.0,14.189769,0.712978,1.357238,2.02567
71,5.5,13.951999,0.695986,1.484619,1.915281
71,6.0,13.731029,0.678028,1.604083,1.813775
71,6.5,13.525601,0.659804,1.715909,1.720172
71,7.0,13.334509,0.641781,1.820467,1.633638
71,7.5,13.156621,0.624257,1.918173,1.553456
71,8.0,12.990882,0.607421,2.00946,1.479005
71,8.5,12.836325,0.591381,2.094759,1.409746
71,9.0,12.692058,0.576189,2.174488,1.345208
71,9.5,12.55727,0.561865,2.249044,1.284977
71,10.0,12.43122,0.548399,2.318802,1.228685
71,10.5,12.313233,0.535769,2.384111,1.176006
71,11.0,12.202694,0.523941,2.445294,1.12665
71,11.5,12.099043,0.512876,2.502653,1.080357
71,12.0,12.001769,0.50253,2.556462,1.036893
71,12.5,11.910408,0.492861,2.606978,0.996047
71,13.0,11.824533,0.483824,2.654433,0.957628
71,13.5,11.743758,0.475379,2.699044,0.921463
71,14.0,11.667725,0.467485,2.741007,0.887394
71,14.5,11.59611,0.460103,2.780506,0.855278
71,15.0,11.528612,0.453197,2.817707,0.824982
71,15.5,11.464958,0.446734,2.852766,0.796386
71,16.0,11.404894,0.440683,2.885824,0.76938
71,16.5,11.348188,0.435014,2.917011,0.743861
71,17.0,11.294623,0.4297,2.94645,0.719736
71,17.5,11.244003,0.424716,2.974253,0.696918
71,18.0,11.196143,0.420039,3.000521,0.675326
71,18.5,11.150872,0.415647,3.025352,0.654886
71,19.0,11.108034,0.411522,3.048834,0.63553
71,19.5,11.067481,0.407644,3.071049,0.617193
71,20.0,11.029078,0.403996,3.092075,0.599815
71,20.5,10.992697,0.400564,3.111981,0.583341
71,21.0,10.958221,0.397333,3.130835,0.567718
71,21.5,10.92554,0.394288,3.148698,0.5529
71,22.0,10.89455,0.391419,3.165627,0.53884
71,22.5,10.865157,0.388714,3.181676,0.525495
71,23.0,10.83727,0.386162,3.196896,0.512828
71,23.5,10.810805,0.383753,3.211333,0.5008
71,24.0,10.785684,0.381479,3.225031,0.489376
71,24.5,10.761833,0.37933,3.238031,0.478525
71,25.0,10.739182,0.3773,3.250371,0.468215
71,25.5,10.717667,0.375381,3.262088,0.458417
71,26.0,10.697228,0.373566,3.273215,0.449105
71,26.5,10.677805,0.371848,3.283785,0.440253
71,27.0,10.659347,0.370223,3.293827,0.431836
71,27.5,10.641801,0.368684,3.30337,0.423832
71,28.0,10.62512,0.367227,3.312439,0.41622
71,28.5,10.609259,0.365847,3.321059,0.40898
71,29.0,10.594175,0.364539,3.329255,0.402092
71,29.5,10.579828,0.363299,3.337048,0.395539
71,30.0,10.566181,0.362123,3.34446,0.389303
71,30.5,10.553198,0.361008,3.351509,0.383369
71,31.0,10.540845,0.359951,3.358214,0.377721
71,31.5,10.52909,0.358947,3.364594,0.372345
71,32.0,10.517903,0.357995,3.370663,0.367228
71,32.5,10.507255,0.357091,3.376439,0.362356
71,33.0,10.497119,0.356232,3.381936,0.357718
71,33.5,10.487471,0.355417,3.387168,0.353301
71,34.0,10.478285,0.354643,3.392148,0.349095
71,34.5,10.469539,0.353907,3.396889,0.34509
71,35.0,10.46121,0.353208,3.401403,0.341275
71,35.5,10.45328,0.352544,3.4057,0.337642
71,36.0,10.445727,0.351912,3.409792,0.334181
71,36.5,10.438533,0.351312,3.413689,0.330884
71,37.0,10.431682,0.350742,3.4174,0.327744
71,37.5,10.425155,0.350199,3.420935,0.324752
71,38.0,10.418938,0.349683,3.424301,0.321902
71,38.5,10.413016,0.349192,3.427508,0.319186
71,39.0,10.407373,0.348725,3.430563,0.316598
71,39.5,10.401997,0.348281,3.433473,0.314132
71,40.0,10.396875,0.347858,3.436245,0.311783
71,40.5,10.391995,0.347456,3.438887,0.309543
71,41.0,10.387344,0.347073,3.441404,0.30741
71,41.5,10.382912,0.346708,3.443802,0.305376
71,42.0,10.378689,0.346361,3.446087,0.303438
71,42.5,10.374664,0.346031,3.448264,0.301591
71,43.0,10.370829,0.345717,3.450339,0.29983
71,43.5,10.367173,0.345418,3.452317,0.298152
71,44.0,10.363689,0.345133,3.454201,0.296552
71,44.5,10.360368,0.344861,3.455997,0.295027
71,45.0,10.357203,0.344603,3.457709,0.293574
71,45.5,10.354185,0.344356,3.459341,0.292188
71,46.0,10.351309,0.344122,3.460896,0.290868
71,46.5,10.348568,0.343899,3.462379,0.289609
71,47.0,10.345954,0.343686,3.463792,0.288408
71,47.5,10.343463,0.343483,3.465139,0.287264
71,48.0,10.341088,0.34329,3.466423,0.286173
71,48.5,10.338824,0.343106,3.467647,0.285133
71,49.0,10.336666,0.342931,3.468814,0.284141
71,49.5,10.334608,0.342764,3.469926,0.283196
71,50.0,10.332646,0.342605,3.470987,0.282295
72,0.0,16.188836,0.010167,0.083346,0.993638
72,0.5,16.103907,0.075875,0.092956,0.918319
72,1.0,16.014445,0.120441,0.115404,0.851305
72,1.5,15.923688,0.149856,0.146075,0.79122
72,2.0,15.833822,0.168459,0.181707,0.736985
72,2.5,15.746281,0.179385,0.220014,0.687751
72,3.0,15.66197,0.1849,0.259412,0.642838
72,3.5,15.581426,0.186638,0.298815,0.601698
72,4.0,15.504929,0.185774,0.337495,0.563881
72,4.5,15.432583,0.183155,0.374978,0.529018
72,5.0,15.364374,0.179385,0.410968,0.496798
72,5.5,15.300208,0.174899,0.445294,0.466958
72,6.0,15.239946,0.170003,0.477873,0.439275
72,6.5,15.183414,0.164915,0.508683,0.413553
72,7.0,15.130424,0.159784,0.537743,0.389624
72,7.5,15.080783,0.154716,0.565098,0.367337
72,8.0,15.034296,0.149779,0.59081,0.346562
72,8.5,14.99077,0.145018,0.614953,0.327179
72,9.0,14.950021,0.140461,0.637606,0.309083
72,9.5,14.911872,0.136124,0.658849,0.292178
72,10.0,14.876157,0.132011,0.678763,0.276376
72,10.5,14.842716,0.128125,0.697427,0.261599
72,11.0,14.811402,0.124459,0.714917,0.247775
72,11.5,14.782074,0.121009,0.731306,0.234836
72,12.0,14.754603,0.117765,0.746663,0.222722
72,12.5,14.728867,0.114719,0.761054,0.211377
72,13.0,14.704752,0.111859,0.774542,0.20075
72,13.5,14.682152,0.109177,0.787183,0.190791
72,14.0,14.660969,0.106661,0.799032,0.181457
72,14.5,14.64111,0.104302,0.810141,0.172707
72,15.0,14.62249,0.102091,0.820557,0.164503
72,15.5,14.605029,0.100018,0.830323,0.156809
72,16.0,14.588652,0.098075,0.839483,0.149592
72,16.5,14.57329,0.096254,0.848075,0.142822
72,17.0,14.558878,0.094547,0.856135,0.136469
72,17.5,14.545355,0.092946,0.863697,0.130508
72,18.0,14.532666,0.091445,0.870792,0.124914
72,18.5,14.520756,0.090037,0.877451,0.119663
72,19.0,14.509578,0.088717,0.8837,0.114734
72,19.5,14.499085,0.087479,0.889565,0.110107
72,20.0,14.489234,0.086318,0.895071,0.105762
72,20.5,14.479985,0.085228,0.900241,0.101682
72,21.0,14.471301,0.084206,0.905094,0.097851
72,21.5,14.463146,0.083246,0.909651,0.094253
72,22.0,14.455487,0.082346,0.91393,0.090874
72,22.5,14.448295,0.081501,0.917949,0.0877
72,23.0,14.441539,0.080708,0.921724,0.084719
72,23.5,14.435193,0.079963,0.925269,0.081918
72,24.0,14.429232,0.079264,0.928599,0.079287
72,24.5,14.423632,0.078608,0.931727,0.076816
72,25.0,14.418371,0.077992,0.934666,0.074493
72,25.5,14.413429,0.077413,0.937426,0.072311
72,26.0,14.408785,0.07687,0.94002,0.070261
72,26.5,14.404421,0.076359,0.942457,0.068335
72,27.0,14.400321,0.07588,0.944747,0.066524
72,27.5,14.396468,0.07543,0.946898,0.064823
72,28.0,14.392848,0.075007,0.94892,0.063224
72,28.5,14.389445,0.074609,0.95082,0.061722
72,29.0,14.386248,0.074236,0.952605,0.06031
72,29.5,14.383243,0.073885,0.954283,0.058983
72,30.0,14.380419,0.073555,0.95586,0.057735
72,30.5,14.377764,0.073246,0.957342,0.056563
72,31.0,14.37527,0.072955,0.958735,0.055461
72,31.5,14.372925,0.072681,0.960044,0.054425
72,32.0,14.370721,0.072424,0.961275,0.053452
72,32.5,14.368649,0.072183,0.962431,0.052537
72,33.0,14.366702,0.071956,0.963518,0.051676
72,33.5,14.364871,0.071743,0.96454,0.050868
72,34.0,14.363151,0.071542,0.965501,0.050108
72,34.5,14.361533,0.071354,0.966404,0.049393
72,35.0,14.360013,0.071177,0.967252,0.048722
72,35.5,14.358584,0.071011,0.96805,0.04809
72,36.0,14.35724,0.070854,0.9688,0.047497
72,36.5,14.355977,0.070707,0.969505,0.046939
72,37.0,14.35479,0.070569,0.970168,0.046414
72,37.5,14.353673,0.070439,0.970791,0.045921
72,38.0,14.352624,0.070317,0.971377,0.045457
72,38.5,14.351637,0.070202,0.971927,0.045021
72,39.0,14.35071,0.070094,0.972445,0.044611
72,39.5,14.349838,0.069993,0.972932,0.044226
72,40.0,14.349018,0.069897,0.973389,0.043864
72,40.5,14.348248,0.069808,0.973819,0.043524
72,41.0,14.347523,0.069724,0.974224,0.043203
72,41.5,14.346842,0.069644,0.974604,0.042902
72,42.0,14.346202,0.06957,0.974961,0.042619
72,42.5,14.345599,0.0695,0.975298,0.042353
72,43.0,14.345033,0.069434,0.975613,0.042103
72,43.5,14.344501,0.069372,0.975911,0.041868
72,44.0,14.344001,0.069314,0.97619,0.041647
72,44.5,14.34353,0.069259,0.976452,0.041439
72,45.0,14.343088,0.069208,0.976699,0.041244
72,45.5,14.342672,0.06916,0.976931,0.04106
72,46.0,14.342281,0.069114,0.97715,0.040887
72,46.5,14.341913,0.069071,0.977355,0.040725
72,47.0,14.341568,0.069031,0.977548,0.040572
72,47.5,14.341243,0.068993,0.977729,0.040428
72,48.0,14.340937,0.068958,0.9779,0.040293
72,48.5,14.34065,0.068925,0.97806,0.040166
72,49.0,14.34038,0.068893,0.978211,0.040047
72,49.5,14.340126,0.068864,0.978352,0.039935
72,50.0,14.339887,0.068836,0.978486,0.039829
73,0.0,27.820414,0.009911,0.084357,9.075205
73,0.5,26.479115,0.933464,0.293231,7.942779
73,1.0,25.11006,1.396411,0.746285,7.026778
73,1.5,23.817626,1.607033,1.287191,6.27525
73,2.0,22.640451,1.680607,1.838991,5.649875
73,2.5,21.586066,1.680813,2.366081,5.12258
73,3.0,20.648443,1.642993,2.853802,4.672678
73,3.5,19.816454,1.586848,3.297869,4.284757
73,4.0,19.077783,1.523353,3.698952,3.947169
73,4.5,18.420634,1.458563,4.059922,3.650989
73,5.0,17.834381,1.395729,4.384465,3.389279
73,5.5,17.309736,1.336498,4.676403,3.156572
73,6.0,16.838703,1.281599,4.93937,2.948505
73,6.5,16.41444,1.231237,5.176682,2.761555
73,7.0,16.031114,1.185333,5.391297,2.592844
73,7.5,15.683747,1.143651,5.585821,2.440001
73,8.0,15.368085,1.105888,5.762534,2.301052
73,8.5,15.08048,1.071711,5.923425,2.174338
73,9.0,14.817797,1.040789,6.070227,2.058458
73,9.5,14.577328,1.012805,6.204454,1.952215
73,10.0,14.356727,0.987465,6.327424,1.854585
73,10.5,14.153953,0.964499,6.440294,1.76468
73,11.0,13.967224,0.943664,6.544076,1.681734
73,11.5,13.794979,0.92474,6.639661,1.605073
73,12.0,13.635841,0.90753,6.727835,1.534109
73,12.5,13.488599,0.891858,6.809291,1.468324
73,13.0,13.352178,0.877569,6.884647,1.407258
73,13.5,13.225621,0.864524,6.954448,1.350502
73,14.0,13.108077,0.852598,7.019183,1.297693
73,14.5,12.998784,0.841682,7.079287,1.248504
73,15.0,12.897059,0.831677,7.135153,1.202644
73,15.5,12.802287,0.822495,7.187129,1.159849
73,16.0,12.713915,0.814059,7.235533,1.119881
73,16.5,12.631442,0.806299,7.28065,1.082525
73,17.0,12.554415,0.799152,7.322737,1.047585
73,17.5,12.482421,0.792563,7.362028,1.014882
73,18.0,12.415086,0.786481,7.398737,0.984256
73,18.5,12.35207,0.780862,7.433055,0.955557
73,19.0,12.293059,0.775664,7.465159,0.928651
73,19.5,12.237768,0.770853,7.49521,0.903411
73,20.0,12.185937,0.766394,7.523355,0.879725
73,20.5,12.137324,0.762258,7.549729,0.857486
73,21.0,12.09171,0.758419,7.574456,0.836599
73,21.5,12.04889,0.754852,7.597649,0.816972
73,22.0,12.008677,0.751536,7.619414,0.798524
73,22.5,11.970899,0.748449,7.639846,0.781178
73,23.0,11.935395,0.745575,7.659035,0.764863
73,23.5,11.902017,0.742897,7.677063,0.749514
73,24.0,11.870628,0.740399,7.694007,0.735068
73,24.5,11.841101,0.738068,7.709936,0.72147
73,25.0,11.813318,0.735891,7.724916,0.708667
73,25.5,11.787168,0.733858,7.739007,0.696609
73,26.0,11.76255,0.731957,7.752267,0.68525
73,26.5,11.739369,0.730179,7.764746,0.674549
73,27.0,11.717536,0.728515,7.776495,0.664464
73,27.5,11.696968,0.726957,7.787558,0.654959
73,28.0,11.677588,0.725497,7.797978,0.645999
73,28.5,11.659325,0.724129,7.807793,0.637551
73,29.0,11.642111,0.722847,7.817041,0.629585
73,29.5,11.625883,0.721644,7.825757,0.622073
73,30.0,11.610582,0.720515,7.833972,0.614987
73,30.5,11.596154,0.719456,7.841716,0.608302
73,31.0,11.582546,0.718461,7.849017,0.601996
73,31.5,11.569711,0.717526,7.855902,0.596046
73,32.0,11.557603,0.716648,7.862395,0.590431
73,32.5,11.546179,0.715823,7.868519,0.585132
73,33.0,11.5354,0.715047,7.874297,0.58013
73,33.5,11.525229,0.714317,7.879748,0.575409
73,34.0,11.515629,0.71363,7.88489,0.570953
73,34.5,11.506569,0.712984,7.889744,0.566746
73,35.0,11.498017,0.712376,7.894324,0.562774
73,35.5,11.489945,0.711803,7.898646,0.559024
73,36.0,11.482323,0.711264,7.902726,0.555483
73,36.5,11.475128,0.710757,7.906578,0.552139
73,37.0,11.468334,0.710279,7.910214,0.548981
73,37.5,11.461919,0.709828,7.913647,0.545999
73,38.0,11.455861,0.709403,7.916888,0.543182
73,38.5,11.45014,0.709003,7.919949,0.540522
73,39.0,11.444737,0.708626,7.922839,0.538009
73,39.5,11.439635,0.70827,7.925568,0.535636
73,40.0,11.434815,0.707935,7.928145,0.533393
73,40.5,11.430263,0.707619,7.930579,0.531275
73,41.0,11.425963,0.707321,7.932878,0.529275
73,41.5,11.421901,0.707039,7.93505,0.527384
73,42.0,11.418064,0.706774,7.937101,0.525598
73,42.5,11.414439,0.706524,7.939039,0.523911
73,43.0,11.411015,0.706287,7.940869,0.522317
73,43.5,11.407779,0.706064,7.942598,0.520811
73,44.0,11.404722,0.705854,7.944232,0.519388
73,44.5,11.401834,0.705655,7.945775,0.518043
73,45.0,11.399106,0.705468,7.947233,0.516772
73,45.5,11.396527,0.705291,7.948611,0.515572
73,46.0,11.394091,0.705124,7.949913,0.514437
73,46.5,11.391789,0.704966,7.951142,0.513365
73,47.0,11.389614,0.704817,7.952304,0.512352
73,47.5,11.387559,0.704677,7.953402,0.511394
73,48.0,11.385616,0.704544,7.95444,0.51049
73,48.5,11.383781,0.704419,7.95542,0.509635
73,49.0,11.382046,0.7043,7.956347,0.508827
73,49.5,11.380407,0.704188,7.957222,0.508063
73,50.0,11.378858,0.704083,7.95805,0.507341
74,0.0,29.40755,0.080203,0.077948,6.603591
74,0.5,28.342087,0.75606,0.272751,5.732931
74,1.0,27.249183,1.080303,0.657081,5.024358
74,1.5,26.213116,1.214216,1.108158,4.439367
74,2.0,25.266488,1.246608,1.565276,3.949857
74,2.5,24.41695,1.226246,2.000226,3.535269
74,3.0,23.660909,1.179934,2.401402,3.180405
74,3.5,22.990276,1.122385,2.765493,2.873863
74,4.0,22.395684,1.061599,3.093183,2.60696
74,4.5,21.86794,1.001828,3.38694,2.372974
74,5.0,21.398633,0.945217,3.649899,2.166626
74,5.5,20.98032,0.892732,3.885298,1.983711
74,6.0,20.606525,0.844682,4.09622,1.820839
74,6.5,20.271668,0.801023,4.285479,1.67524
74,7.0,19.970951,0.761527,4.455585,1.54463
74,7.5,19.700258,0.725882,4.608754,1.427106
74,8.0,19.456047,0.693746,4.746928,1.321068
74,8.5,19.235268,0.66478,4.8718,1.225162
74,9.0,19.035287,0.63866,4.98485,1.138231
74,9.5,18.85382,0.615091,5.087369,1.059282
74,10.0,18.688879,0.5938,5.180485,0.987457
74,10.5,18.53873,0.574546,5.265186,0.92201
74,11.0,18.401855,0.557112,5.34234,0.862289
74,11.5,18.276918,0.541307,5.412711,0.807723
74,12.0,18.162743,0.52696,5.476973,0.757809
74,12.5,18.058288,0.51392,5.53572,0.712101
74,13.0,17.962629,0.502054,5.589482,0.670205
74,13.5,17.874945,0.491243,5.63873,0.631769
74,14.0,17.794503,0.481383,5.683881,0.596477
74,14.5,17.720646,0.472381,5.72531,0.56405
74,15.0,17.652787,0.464153,5.763354,0.534235
74,15.5,17.590397,0.456626,5.798313,0.506803
74,16.0,17.533001,0.449733,5.830457,0.481551
74,16.5,17.480168,0.443417,5.860031,0.458293
74,17.0,17.431511,0.437624,5.887256,0.436861
74,17.5,17.386679,0.432308,5.91233,0.417103
74,18.0,17.345352,0.427425,5.935435,0.398881
74,18.5,17.307242,0.422937,5.956734,0.38207
74,19.0,17.272084,0.41881,5.976377,0.366554
74,19.5,17.239638,0.415013,5.994498,0.35223
74,20.0,17.209686,0.411518,6.011222,0.339002
74,20.5,17.182029,0.408299,6.02666,0.326782
74,21.0,17.156482,0.405332,6.040917,0.315492
74,21.5,17.13288,0.402598,6.054085,0.305058
74,22.0,17.111068,0.400076,6.066251,0.295414
74,22.5,17.090908,0.39775,6.077495,0.286496
74,23.0,17.07227,0.395604,6.087887,0.278251
74,23.5,17.055036,0.393622,6.097495,0.270624
74,24.0,17.039098,0.391792,6.106379,0.26357
74,24.5,17.024355,0.390103,6.114595,0.257044
74,25.0,17.010717,0.388541,6.122195,0.251005
74,25.5,16.998099,0.387099,6.129225,0.245418
74,26.0,16.986422,0.385765,6.13573,0.240246
74,26.5,16.975616,0.384533,6.141749,0.235459
74,27.0,16.965615,0.383393,6.14732,0.231029
74,27.5,16.956358,0.382339,6.152476,0.226927
74,28.0,16.947788,0.381364,6.157248,0.223129
74,28.5,16.939854,0.380462,6.161666,0.219613
74,29.0,16.932508,0.379628,6.165756,0.216357
74,29.5,16.925706,0.378856,6.169543,0.213342
74,30.0,16.919408,0.378142,6.173049,0.21055
74,30.5,16.913575,0.377481,6.176296,0.207965
74,31.0,16.908173,0.376869,6.179303,0.20557
74,31.5,16.90317,0.376302,6.182088,0.203352
74,32.0,16.898537,0.375778,6.184667,0.201297
74,32.5,16.894245,0.375292,6.187055,0.199394
74,33.0,16.890269,0.374843,6.189268,0.197631
74,33.5,16.886586,0.374427,6.191317,0.195997
74,34.0,16.883175,0.374041,6.193216,0.194484
74,34.5,16.880014,0.373684,6.194975,0.193083
74,35.0,16.877087,0.373354,6.196604,0.191784
74,35.5,16.874374,0.373047,6.198113,0.190581
74,36.0,16.871861,0.372764,6.199511,0.189466
74,36.5,16.869533,0.372501,6.200807,0.188433
74,37.0,16.867376,0.372258,6.202007,0.187477
74,37.5,16.865377,0.372032,6.203119,0.18659
74,38.0,16.863525,0.371823,6.20415,0.185768
74,38.5,16.861809,0.37163,6.205104,0.185007
74,39.0,16.860219,0.371451,6.205989,0.184302
74,39.5,16.858746,0.371285,6.206809,0.183648
74,40.0,16.857381,0.371131,6.207568,0.183043
74,40.5,16.856116,0.370988,6.208272,0.182481
74,41.0,16.854944,0.370856,6.208924,0.181961
74,41.5,16.853858,0.370734,6.209528,0.181479
74,42.0,16.852851,0.370621,6.210088,0.181033
74,42.5,16.851918,0.370516,6.210607,0.180619
74,43.0,16.851054,0.370418,6.211088,0.180236
74,43.5,16.850253,0.370328,6.211533,0.17988
74,44.0,16.849511,0.370244,6.211946,0.179551
74,44.5,16.848823,0.370167,6.212329,0.179246
74,45.0,16.848186,0.370095,6.212683,0.178963
74,45.5,16.847595,0.370029,6.213012,0.178701
74,46.0,16.847048,0.369967,6.213316,0.178458
74,46.5,16.846541,0.36991,6.213599,0.178233
74,47.0,16.84607,0.369857,6.21386,0.178024
74,47.5,16.845635,0.369808,6.214102,0.177831
74,48.0,16.845231,0.369763,6.214327,0.177652
74,48.5,16.844857,0.369721,6.214535,0.177486
74,49.0,16.84451,0.369682,6.214728,0.177332
74,49.5,16.844189,0.369645,6.214907,0.177189
74,50.0,16.843891,0.369612,6.215072,0.177057
75,0.0,23.590894,0.013455,0.053607,5.385117
75,0.5,22.915001,0.498566,0.148998,4.804615
75,1.0,22.211575,0.771041,0.364474,4.316665
75,1.5,21.525314,0.914288,0.63598,3.901911
75,2.0,20.878162,0.979619,0.926891,3.54567
75,2.5,20.279227,0.998476,1.21693,3.236774
75,3.0,19.730661,0.990135,1.495384,2.966661
75,3.5,19.231022,0.966422,1.75706,2.728698
75,4.0,18.77716,0.934588,1.999907,2.517683
75,4.5,18.365247,0.899063,2.223627,2.32949
75,5.0,17.991326,0.862519,2.428859,2.160801
75,5.5,17.651595,0.826541,2.616714,2.008925
75,6.0,17.34253,0.792028,2.788502,1.871649
75,6.5,17.06094,0.759458,2.945582,1.747139
75,7.0,16.803966,0.729044,3.089277,1.633859
75,7.5,16.569067,0.700839,3.220828,1.530512
75,8.0,16.353994,0.6748,3.341384,1.435995
75,8.5,16.156757,0.65083,3.451988,1.349361
75,9.0,15.975597,0.628802,3.553582,1.269795
75,9.5,15.808959,0.608579,3.647013,1.196588
75,10.0,15.655464,0.590018,3.733041,1.129121
75,10.5,15.513889,0.572983,3.812346,1.066851
75,11.0,15.383145,0.557342,3.885538,1.009299
75,11.5,15.262265,0.542974,3.953162,0.956043
75,12.0,15.150381,0.529766,4.015708,0.906705
75,12.5,15.046719,0.517616,4.073614,0.860949
75,13.0,14.950582,0.506428,4.127277,0.818475
75,13.5,14.861345,0.496118,4.17705,0.779011
75,14.0,14.778444,0.486608,4.223256,0.742316
75,14.5,14.701368,0.477828,4.266183,0.708168
75,15.0,14.629657,0.469715,4.306095,0.676368
75,15.5,14.562892,0.462213,4.343229,0.646737
75,16.0,14.500692,0.455268,4.377802,0.61911
75,16.5,14.442711,0.448835,4.410009,0.593336
75,17.0,14.388633,0.44287,4.44003,0.569279
75,17.5,14.338169,0.437336,4.468029,0.546814
75,18.0,14.291055,0.432198,4.494155,0.525826
75,18.5,14.247049,0.427424,4.518545,0.50621
75,19.0,14.205928,0.422985,4.541325,0.487869
75,19.5,14.167489,0.418856,4.562609,0.470714
75,20.0,14.131542,0.415012,4.582504,0.454663
75,20.5,14.097916,0.411431,4.601108,0.43964
75,21.0,14.066449,0.408095,4.61851,0.425575
75,21.5,14.036995,0.404983,4.634792,0.412403
75,22.0,14.009416,0.402081,4.650033,0.400065
75,22.5,13.983587,0.399372,4.664302,0.388505
75,23.0,13.959391,0.396843,4.677665,0.377672
75,23.5,13.936719,0.394481,4.690182,0.367517
75,24.0,13.91547,0.392273,4.70191,0.357996
75,24.5,13.895551,0.39021,4.712901,0.349069
75,25.0,13.876875,0.38828,4.723204,0.340696
75,25.5,13.859362,0.386475,4.732863,0.332842
75,26.0,13.842937,0.384786,4.74192,0.325473
75,26.5,13.827528,0.383205,4.750415,0.318559
75,27.0,13.813072,0.381725,4.758383,0.312071
75,27.5,13.799508,0.380339,4.765858,0.305982
75,28.0,13.786778,0.379041,4.772872,0.300266
75,28.5,13.774831,0.377825,4.779454,0.294901
75,29.0,13.763616,0.376685,4.785631,0.289863
75,29.5,13.753087,0.375616,4.79143,0.285133
75,30.0,13.743203,0.374615,4.796873,0.280692
75,30.5,13.733922,0.373676,4.801983,0.276521
75,31.0,13.725206,0.372795,4.806781,0.272603
75,31.5,13.717021,0.371969,4.811286,0.268924
75,32.0,13.709334,0.371194,4.815517,0.265468
75,32.5,13.702114,0.370467,4.819491,0.262221
75,33.0,13.695332,0.369785,4.823223,0.259171
75,33.5,13.68896,0.369145,4.826729,0.256306
75,34.0,13.682975,0.368544,4.830022,0.253613
75,34.5,13.677352,0.36798,4.833116,0.251084
75,35.0,13.672069,0.36745,4.836022,0.248707
75,35.5,13.667104,0.366953,4.838753,0.246473
75,36.0,13.66244,0.366486,4.841319,0.244375
75,36.5,13.658057,0.366048,4.843729,0.242402
75,37.0,13.653937,0.365636,4.845995,0.240548
75,37.5,13.650067,0.365249,4.848124,0.238806
75,38.0,13.646429,0.364886,4.850124,0.237169
75,38.5,13.64301,0.364545,4.852004,0.23563
75,39.0,13.639796,0.364225,4.853771,0.234184
75,39.5,13.636776,0.363923,4.855432,0.232824
75,40.0,13.633937,0.363641,4.856993,0.231546
75,40.5,13.631269,0.363375,4.85846,0.230345
75,41.0,13.628761,0.363125,4.859838,0.229216
75,41.5,13.626404,0.362891,4.861134,0.228154
75,42.0,13.624187,0.36267,4.862353,0.227156
75,42.5,13.622104,0.362463,4.863498,0.226218
75,43.0,13.620146,0.362268,4.864574,0.225337
75,43.5,13.618305,0.362085,4.865586,0.224508
75,44.0,13.616574,0.361913,4.866538,0.223728
75,44.5,13.614947,0.361752,4.867432,0.222996
75,45.0,13.613418,0.3616,4.868273,0.222307
75,45.5,13.61198,0.361457,4.869063,0.221659
75,46.0,13.610628,0.361323,4.869806,0.22105
75,46.5,13.609357,0.361197,4.870505,0.220478
75,47.0,13.608162,0.361078,4.871162,0.21994
75,47.5,13.607039,0.360967,4.871779,0.219434
75,48.0,13.605982,0.360862,4.87236,0.218958
75,48.5,13.604989,0.360763,4.872905,0.218511
75,49.0,13.604055,0.360671,4.873418,0.21809
75,49.5,13.603178,0.360584,4.873901,0.217695
75,50.0,13.602352,0.360502,4.874355,0.217323
76,0.0,25.869592,0.04628,0.038509,6.575851
76,0.5,24.953221,0.669724,0.184973,5.805944
76,1.0,24.008868,0.99865,0.492686,5.169304
76,1.5,23.10156,1.157493,0.866918,4.636228
76,2.0,22.259644,1.219022,1.257112,4.184506
76,2.5,21.492322,1.225661,1.637454,3.797526
76,3.0,20.799328,1.20218,1.995691,3.462769
76,3.5,20.176066,1.163068,2.326878,3.170694
76,4.0,19.616265,1.116782,2.629921,2.913936
76,4.5,19.113299,1.068224,2.905684,2.686733
76,5.0,18.660816,1.020175,3.15595,2.484516
76,5.5,18.253008,0.974156,3.382863,2.303621
76,6.0,17.884694,0.930936,3.58863,2.141074
76,6.5,17.551312,0.890834,3.775372,1.994434
76,7.0,17.248875,0.85391,3.945053,1.861677
76,7.5,16.97391,0.820075,4.099453,1.741112
76,8.0,16.723394,0.789161,4.240167,1.631311
76,8.5,16.494695,0.760962,4.368616,1.531062
76,9.0,16.285516,0.735258,4.486058,1.439324
76,9.5,16.093849,0.711831,4.593605,1.355204
76,10.0,15.917934,0.690474,4.692241,1.277925
76,10.5,15.756224,0.67099,4.782838,1.206812
76,11.0,15.607356,0.653202,4.866166,1.141272
76,11.5,15.470122,0.636947,4.94291,1.080783
76,12.0,15.343455,0.622076,5.013679,1.024884
76,12.5,15.226403,0.608458,5.079014,0.973168
76,13.0,15.118118,0.595972,5.1394,0.925268
76,13.5,15.017842,0.584512,5.195268,0.88086
76,14.0,14.924893,0.573982,5.247008,0.839651
76,14.5,14.838662,0.564295,5.294967,0.801378
76,15.0,14.758596,0.555375,5.339459,0.765805
76,15.5,14.684199,0.547153,5.380769,0.732718
76,16.0,14.61502,0.539565,5.419152,0.701922
76,16.5,14.55065,0.532558,5.454841,0.673241
76,17.0,14.490719,0.526079,5.488046,0.646515
76,17.5,14.434888,0.520085,5.518959,0.621596
76,18.0,14.382849,0.514534,5.547754,0.598352
76,18.5,14.334319,0.509389,5.574591,0.57666
76,19.0,14.289042,0.504618,5.599615,0.556407
76,19.5,14.246781,0.500189,5.62296,0.537491
76,20.0,14.207319,0.496075,5.644748,0.519817
76,20.5,14.170457,0.492252,5.66509,0.503297
76,21.0,14.136011,0.488697,5.684091,0.487852
76,21.5,14.103812,0.485389,5.701845,0.473407
76,22.0,14.073704,0.482309,5.718439,0.459893
76,22.5,14.045544,0.47944,5.733953,0.447247
76,23.0,14.019197,0.476766,5.748464,0.435411
76,23.5,13.994542,0.474273,5.762038,0.42433
76,24.0,13.971464,0.471947,5.77474,0.413953
76,24.5,13.949857,0.469777,5.786628,0.404235
76,25.0,13.929624,0.467751,5.797758,0.395131
76,25.5,13.910673,0.465859,5.808179,0.386602
76,26.0,13.892919,0.464091,5.81794,0.378609
76,26.5,13.876286,0.462439,5.827083,0.371118
76,27.0,13.860698,0.460895,5.835648,0.364096
76,27.5,13.846089,0.459451,5.843675,0.357514
76,28.0,13.832394,0.458101,5.851198,0.351342
76,28.5,13.819556,0.456837,5.858249,0.345554
76,29.0,13.807518,0.455655,5.864859,0.340127
76,29.5,13.79623,0.454548,5.871056,0.335036
76,30.0,13.785645,0.453512,5.876867,0.330261
76,30.5,13.775716,0.452542,5.882316,0.325782
76,31.0,13.766403,0.451633,5.887427,0.32158
76,31.5,13.757666,0.450782,5.892221,0.317637
76,32.0,13.74947,0.449984,5.896718,0.313938
76,32.5,13.741779,0.449237,5.900937,0.310466
76,33.0,13.734563,0.448536,5.904895,0.307208
76,33.5,13.727792,0.44788,5.908609,0.304151
76,34.0,13.721438,0.447265,5.912094,0.301282
76,34.5,13.715474,0.446688,5.915364,0.298588
76,35.0,13.709877,0.446147,5.918433,0.29606
76,35.5,13.704624,0.445639,5.921314,0.293687
76,36.0,13.699693,0.445163,5.924017,0.29146
76,36.5,13.695064,0.444717,5.926555,0.289368
76,37.0,13.690718,0.444298,5.928937,0.287405
76,37.5,13.686639,0.443906,5.931173,0.285562
76,38.0,13.68281,0.443537,5.933272,0.283831
76,38.5,13.679214,0.443191,5.935242,0.282206
76,39.0,13.675839,0.442867,5.937092,0.280681
76,39.5,13.672669,0.442562,5.938829,0.279248
76,40.0,13.669693,0.442277,5.94046,0.277903
76,40.5,13.666899,0.442009,5.941991,0.27664
76,41.0,13.664276,0.441757,5.943429,0.275454
76,41.5,13.661812,0.441521,5.944779,0.27434
76,42.0,13.659498,0.441299,5.946046,0.273295
76,42.5,13.657326,0.441091,5.947237,0.272312
76,43.0,13.655286,0.440896,5.948354,0.27139
76,43.5,13.65337,0.440712,5.949404,0.270524
76,44.0,13.65157,0.44054,5.95039,0.26971
76,44.5,13.649881,0.440378,5.951316,0.268946
76,45.0,13.648294,0.440226,5.952185,0.268229
76,45.5,13.646804,0.440084,5.953001,0.267555
76,46.0,13.645404,0.43995,5.953768,0.266922
76,46.5,13.644089,0.439824,5.954488,0.266327
76,47.0,13.642855,0.439706,5.955164,0.265769
76,47.5,13.641695,0.439596,5.9558,0.265245
76,48.0,13.640606,0.439492,5.956396,0.264752
76,48.5,13.639583,0.439394,5.956956,0.26429
76,49.0,13.638623,0.439302,5.957483,0.263855
76,49.5,13.63772,0.439216,5.957977,0.263447
76,50.0,13.636873,0.439135,5.958441,0.263064
77,0.0,8.727436,0.013977,0.047788,4.460449
77,0.5,8.530605,0.185729,0.060327,4.276157
77,1.0,8.332893,0.320977,0.091559,4.109677
77,1.5,8.137124,0.427238,0.136314,3.958662
77,2.0,7.945294,0.51048,0.190607,3.821126
77,2.5,7.758771,0.57544,0.251389,3.695385
77,3.0,7.578445,0.625872,0.316336,3.580006
77,3.5,7.404859,0.664756,0.383687,3.473771
77,4.0,7.238295,0.694458,0.452118,3.375638
77,4.5,7.078846,0.716858,0.520642,3.284713
77,5.0,6.926476,0.733456,0.588528,3.200229
77,5.5,6.781051,0.745447,0.655245,3.121521
77,6.0,6.642376,0.753786,0.720413,3.048014
77,6.5,6.510214,0.759237,0.783769,2.979208
77,7.0,6.384301,0.762411,0.845138,2.914664
77,7.5,6.264363,0.763801,0.904412,2.854
77,8.0,6.150117,0.7638,0.961536,2.796878
77,8.5,6.041285,0.762725,1.016489,2.743
77,9.0,5.937592,0.76083,1.069283,2.692101
77,9.5,5.838772,0.758319,1.119949,2.643946
77,10.0,5.744569,0.755356,1.168532,2.598326
77,10.5,5.654738,0.752072,1.215089,2.555053
77,11.0,5.569047,0.748572,1.259685,2.513957
77,11.5,5.487275,0.74494,1.302387,2.474887
77,12.0,5.409212,0.741241,1.343268,2.437705
77,12.5,5.334662,0.737529,1.382399,2.402286
77,13.0,5.263438,0.733843,1.419854,2.368517
77,13.5,5.195367,0.730215,1.455703,2.336295
77,14.0,5.130282,0.726671,1.490018,2.305525
77,14.5,5.06803,0.723227,1.522866,2.276121
77,15.0,5.008465,0.719897,1.554314,2.248003
77,15.5,4.951449,0.71669,1.584425,2.221099
77,16.0,4.896855,0.713613,1.61326,2.19534
77,16.5,4.844561,0.710668,1.64088,2.170665
77,17.0,4.794452,0.707859,1.667339,2.147016
77,17.5,4.746423,0.705183,1.692691,2.124339
77,18.0,4.700372,0.702641,1.716988,2.102585
77,18.5,4.656204,0.70023,1.740277,2.081706
77,19.0,4.613829,0.697946,1.762607,2.061661
77,19.5,4.573163,0.695786,1.78402,2.042407
77,20.0,4.534126,0.693747,1.804558,2.023909
77,20.5,4.496642,0.691823,1.824262,2.006129
77,21.0,4.460641,0.690009,1.843169,1.989035
77,21.5,4.426056,0.688302,1.861315,1.972596
77,22.0,4.392822,0.686697,1.878734,1.956782
77,22.5,4.36088,0.685189,1.89546,1.941565
77,23.0,4.330173,0.683773,1.911522,1.926919
77,23.5,4.300646,0.682445,1.926949,1.91282
77,24.0,4.272248,0.681199,1.941771,1.899244
77,24.5,4.244931,0.680033,1.956012,1.886168
77,25.0,4.218649,0.678941,1.969699,1.873573
77,25.5,4.193357,0.67792,1.982856,1.861438
77,26.0,4.169015,0.676966,1.995504,1.849744
77,26.5,4.145582,0.676075,2.007666,1.838473
77,27.0,4.123021,0.675243,2.019362,1.827609
77,27.5,4.101297,0.674467,2.030613,1.817134
77,28.0,4.080374,0.673743,2.041436,1.807035
77,28.5,4.060221,0.673069,2.051849,1.797295
77,29.0,4.040807,0.672442,2.06187,1.787902
77,29.5,4.022101,0.671858,2.071514,1.778841
77,30.0,4.004076,0.671316,2.080798,1.770099
77,30.5,3.986705,0.670812,2.089735,1.761666
77,31.0,3.969963,0.670345,2.09834,1.753528
77,31.5,3.953824,0.669911,2.106627,1.745675
77,32.0,3.938264,0.66951,2.114607,1.738097
77,32.5,3.923263,0.669138,2.122294,1.730782
77,33.0,3.908798,0.668794,2.129698,1.723721
77,33.5,3.894849,0.668476,2.136832,1.716906
77,34.0,3.881395,0.668183,2.143705,1.710326
77,34.5,3.868419,0.667912,2.150328,1.703973
77,35.0,3.855903,0.667663,2.156711,1.697839
77,35.5,3.843828,0.667434,2.162863,1.691916
77,36.0,3.832178,0.667223,2.168793,1.686197
77,36.5,3.820939,0.66703,2.17451,1.680674
77,37.0,3.810093,0.666853,2.180021,1.67534
77,37.5,3.799628,0.666691,2.185335,1.670188
77,38.0,3.789528,0.666543,2.190459,1.665212
77,38.5,3.77978,0.666408,2.1954,1.660405
77,39.0,3.770372,0.666285,2.200165,1.655763
77,39.5,3.761291,0.666174,2.204762,1.651278
77,40.0,3.752526,0.666073,2.209195,1.646946
77,40.5,3.744064,0.665982,2.213471,1.64276
77,41.0,3.735894,0.6659,2.217597,1.638716
77,41.5,3.728007,0.665827,2.221577,1.63481
77,42.0,3.720392,0.665761,2.225418,1.631035
77,42.5,3.71304,0.665702,2.229123,1.627388
77,43.0,3.70594,0.66565,2.232699,1.623864
77,43.5,3.699085,0.665605,2.23615,1.620459
77,44.0,3.692464,0.665565,2.23948,1.617169
77,44.5,3.686071,0.66553,2.242694,1.61399
77,45.0,3.679896,0.6655,2.245796,1.610918
77,45.5,3.673933,0.665475,2.24879,1.607949
77,46.0,3.668173,0.665453,2.251681,1.605079
77,46.5,3.66261,0.665436,2.254471,1.602307
77,47.0,3.657237,0.665422,2.257165,1.599627
77,47.5,3.652047,0.665411,2.259766,1.597037
77,48.0,3.647033,0.665403,2.262276,1.594534
77,48.5,3.64219,0.665398,2.264701,1.592115
77,49.0,3.637511,0.665395,2.267041,1.589777
77,49.5,3.632991,0.665394,2.269302,1.587518
77,50.0,3.628624,0.665396,2.271484,1.585334
78,0.0,7.744528,0.036751,0.036639,3.611208
78,0.5,7.601707,0.157936,0.047457,3.479205
78,1.0,7.458678,0.255628,0.070126,3.358845
78,1.5,7.316972,0.334237,0.101674,3.248686
78,2.0,7.177709,0.397349,0.13975,3.1475
78,2.5,7.041694,0.447869,0.182497,3.054232
78,3.0,6.909481,0.488157,0.22846,2.967981
78,3.5,6.781436,0.520128,0.276497,2.887973
78,4.0,6.657777,0.545337,0.325722,2.813539
78,4.5,6.538615,0.565049,0.375447,2.744102
78,5.0,6.423977,0.580293,0.425144,2.679161
78,5.5,6.313831,0.591907,0.47441,2.618281
78,6.0,6.2081,0.600576,0.522941,2.561082
78,6.5,6.106678,0.606858,0.570511,2.507229
78,7.0,6.009434,0.611211,0.616956,2.45643
78,7.5,5.916225,0.614009,0.662162,2.408427
78,8.0,5.826901,0.615557,0.70605,2.362991
78,8.5,5.741306,0.616107,0.748572,2.319919
78,9.0,5.659284,0.615864,0.789705,2.279029
78,9.5,5.580678,0.614996,0.829442,2.24016
78,10.0,5.505337,0.613642,0.867789,2.203167
78,10.5,5.433113,0.611915,0.904765,2.167919
78,11.0,5.363863,0.609907,0.940394,2.134297
78,11.5,5.297448,0.607694,0.974708,2.102197
78,12.0,5.233737,0.605337,1.007742,2.071519
78,12.5,5.172603,0.602887,1.039534,2.042178
78,13.0,5.113926,0.600383,1.070124,2.014091
78,13.5,5.057592,0.597859,1.099553,1.987186
78,14.0,5.003491,0.595341,1.127863,1.961394
78,14.5,4.95152,0.592849,1.155095,1.936655
78,15.0,4.901581,0.590399,1.181289,1.91291
78,15.5,4.853581,0.588005,1.206486,1.890107
78,16.0,4.807431,0.585676,1.230725,1.868197
78,16.5,4.763049,0.583419,1.254045,1.847134
78,17.0,4.720355,0.58124,1.276482,1.826877
78,17.5,4.679274,0.579141,1.298072,1.807386
78,18.0,4.639734,0.577125,1.31885,1.788624
78,18.5,4.601669,0.575193,1.338848,1.770557
78,19.0,4.565014,0.573345,1.3581,1.753154
78,19.5,4.529708,0.57158,1.376635,1.736383
78,20.0,4.495695,0.569897,1.394483,1.720218
78,20.5,4.462918,0.568295,1.411672,1.704631
78,21.0,4.431328,0.566772,1.428229,1.689597
78,21.5,4.400873,0.565325,1.44418,1.675093
78,22.0,4.371507,0.563951,1.45955,1.661097
78,22.5,4.343186,0.56265,1.474361,1.647588
78,23.0,4.315868,0.561416,1.488637,1.634545
78,23.5,4.289511,0.560249,1.502399,1.62195
78,24.0,4.264078,0.559145,1.515668,1.609785
78,24.5,4.239531,0.558102,1.528462,1.598034
78,25.0,4.215836,0.557117,1.540802,1.586679
78,25.5,4.19296,0.556186,1.552706,1.575706
78,26.0,4.170871,0.555309,1.564189,1.565101
78,26.5,4.149539,0.554481,1.575269,1.554848
78,27.0,4.128934,0.553701,1.585961,1.544936
78,27.5,4.10903,0.552967,1.596281,1.535351
78,28.0,4.089799,0.552275,1.606242,1.526081
78,28.5,4.071216,0.551624,1.615859,1.517115
78,29.0,4.053258,0.551012,1.625144,1.508442
78,29.5,4.035901,0.550436,1.63411,1.500052
78,30.0,4.019123,0.549895,1.64277,1.491933
78,30.5,4.002903,0.549387,1.651134,1.484078
78,31.0,3.987221,0.548909,1.659214,1.476475
78,31.5,3.972057,0.548461,1.66702,1.469117
78,32.0,3.957393,0.548041,1.674562,1.461995
78,32.5,3.94321,0.547647,1.68185,1.455101
78,33.0,3.929492,0.547277,1.688894,1.448427
78,33.5,3.916222,0.546931,1.695702,1.441965
78,34.0,3.903385,0.546607,1.702283,1.435708
78,34.5,3.890965,0.546303,1.708645,1.42965
78,35.0,3.878947,0.546019,1.714796,1.423783
78,35.5,3.867318,0.545754,1.720743,1.418102
78,36.0,3.856065,0.545505,1.726494,1.412599
78,36.5,3.845173,0.545273,1.732055,1.407269
78,37.0,3.834632,0.545057,1.737435,1.402107
78,37.5,3.824429,0.544855,1.742637,1.397106
78,38.0,3.814552,0.544666,1.74767,1.392262
78,38.5,3.80499,0.54449,1.752539,1.387569
78,39.0,3.795733,0.544326,1.757249,1.383023
78,39.5,3.786771,0.544174,1.761807,1.378618
78,40.0,3.778093,0.544032,1.766217,1.37435
78,40.5,3.769691,0.543899,1.770484,1.370215
78,41.0,3.761554,0.543777,1.774614,1.366208
78,41.5,3.753674,0.543663,1.77861,1.362325
78,42.0,3.746043,0.543557,1.782479,1.358562
78,42.5,3.738653,0.543459,1.786223,1.354916
78,43.0,3.731494,0.543368,1.789848,1.351382
78,43.5,3.724561,0.543284,1.793356,1.347958
78,44.0,3.717845,0.543207,1.796753,1.344638
78,44.5,3.711339,0.543135,1.800042,1.341421
78,45.0,3.705037,0.543069,1.803226,1.338303
78,45.5,3.698932,0.543008,1.806309,1.335281
78,46.0,3.693018,0.542952,1.809294,1.332352
78,46.5,3.687287,0.542901,1.812185,1.329513
78,47.0,3.681735,0.542854,1.814985,1.32676
78,47.5,3.676356,0.54281,1.817696,1.324092
78,48.0,3.671144,0.542771,1.820322,1.321506
78,48.5,3.666094,0.542735,1.822865,1.318999
78,49.0,3.6612,0.542702,1.825328,1.316568
78,49.5,3.656458,0.542673,1.827714,1.314212
78,50.0,3.651862,0.542646,1.830025,1.311928
79,0.0,12.004458,0.068574,0.029688,9.51415
79,0.5,11.420875,0.542433,0.08455,8.98543
79,1.0,10.844398,0.882519,0.202746,8.527148
79,1.5,10.289225,1.125943,0.35862,8.127849
79,2.0,9.763181,1.299435,0.534896,7.778081
79,2.5,9.269951,1.422212,0.720122,7.470078
79,3.0,8.810619,1.508104,0.906843,7.197466
79,3.5,8.384695,1.567102,1.090305,6.955004
79,4.0,7.990783,1.606457,1.267584,6.738372
79,4.5,7.627011,1.631453,1.436972,6.543987
79,5.0,7.291294,1.645967,1.597574,6.368872
79,5.5,6.981499,1.652851,1.749029,6.210532
79,6.0,6.695544,1.654218,1.891323,6.066871
79,6.5,6.43145,1.651634,2.024662,5.936116
79,7.0,6.187371,1.646267,2.149385,5.81676
79,7.5,5.961602,1.638986,2.26591,5.707516
79,8.0,5.752582,1.630441,2.374693,5.607279
79,8.5,5.558886,1.621116,2.476203,5.515093
79,9.0,5.379221,1.61137,2.570908,5.430134
79,9.5,5.212414,1.60147,2.659262,5.35168
79,10.0,5.057402,1.591612,2.741697,5.279103
79,10.5,4.91322,1.581935,2.818626,5.211851
79,11.0,4.778997,1.572541,2.890435,5.149436
79,11.5,4.653939,1.5635,2.957485,5.091428
79,12.0,4.537328,1.554857,3.020112,5.037444
79,12.5,4.428511,1.54664,3.078628,4.987144
79,13.0,4.326894,1.538864,3.133325,4.940223
79,13.5,4.231935,1.531534,3.18447,4.896409
79,14.0,4.14314,1.524646,3.232311,4.855455
79,14.5,4.060059,1.518192,3.277079,4.817142
79,15.0,3.982279,1.512159,3.318985,4.781269
79,15.5,3.909422,1.506531,3.358227,4.747654
79,16.0,3.841142,1.501293,3.394987,4.716133
79,16.5,3.77712,1.496424,3.429432,4.686556
79,17.0,3.717063,1.491907,3.461719,4.658786
79,17.5,3.660702,1.487721,3.491992,4.632699
79,18.0,3.607789,1.483849,3.520385,4.608178
79,18.5,3.558092,1.48027,3.547023,4.58512
79,19.0,3.511402,1.476967,3.57202,4.563426
79,19.5,3.467521,1.473921,3.595483,4.543008
79,20.0,3.426266,1.471116,3.617513,4.523784
79,20.5,3.387471,1.468536,3.638201,4.505676
79,21.0,3.350978,1.466164,3.657633,4.488615
79,21.5,3.316642,1.463987,3.67589,4.472536
79,22.0,3.284327,1.46199,3.693046,4.457377
79,22.5,3.253907,1.46016,3.70917,4.443082
79,23.0,3.225266,1.458485,3.724328,4.429599
79,23.5,3.198294,1.456953,3.73858,4.416879
79,24.0,3.172889,1.455554,3.751982,4.404876
79,24.5,3.148956,1.454278,3.764587,4.393548
79,25.0,3.126406,1.453114,3.776444,4.382854
79,25.5,3.105155,1.452054,3.787599,4.372759
79,26.0,3.085127,1.45109,3.798096,4.363226
79,26.5,3.066247,1.450215,3.807973,4.354225
79,27.0,3.048448,1.44942,3.81727,4.345722
79,27.5,3.031666,1.4487,3.826021,4.337692
79,28.0,3.015842,1.448048,3.834259,4.330105
79,28.5,3.000918,1.447458,3.842016,4.322938
79,29.0,2.986843,1.446926,3.849319,4.316167
79,29.5,2.973567,1.446447,3.856197,4.309768
79,30.0,2.961043,1.446016,3.862675,4.303722
79,30.5,2.949228,1.445628,3.868776,4.298008
79,31.0,2.93808,1.445281,3.874523,4.292608
79,31.5,2.927563,1.44497,3.879938,4.287504
79,32.0,2.917638,1.444693,3.885039,4.282681
79,32.5,2.908272,1.444445,3.889845,4.278122
79,33.0,2.899434,1.444226,3.894374,4.273812
79,33.5,2.891092,1.444031,3.898642,4.269739
79,34.0,2.88322,1.443859,3.902665,4.265889
79,34.5,2.875789,1.443708,3.906456,4.262249
79,35.0,2.868774,1.443575,3.910029,4.258808
79,35.5,2.862153,1.443459,3.913398,4.255556
79,36.0,2.855903,1.443358,3.916573,4.252481
79,36.5,2.850003,1.443271,3.919567,4.249574
79,37.0,2.844433,1.443196,3.922389,4.246827
79,37.5,2.839174,1.443132,3.925051,4.244229
79,38.0,2.834209,1.443079,3.92756,4.241774
79,38.5,2.829521,1.443034,3.929926,4.239452
79,39.0,2.825095,1.442997,3.932158,4.237258
79,39.5,2.820916,1.442967,3.934262,4.235183
79,40.0,2.816971,1.442943,3.936247,4.233222
79,40.5,2.813245,1.442925,3.938119,4.231368
79,41.0,2.809726,1.442912,3.939885,4.229615
79,41.5,2.806404,1.442904,3.94155,4.227959
79,42.0,2.803267,1.442899,3.943121,4.226392
79,42.5,2.800304,1.442897,3.944603,4.224912
79,43.0,2.797507,1.442899,3.946001,4.223512
79,43.5,2.794865,1.442903,3.94732,4.222189
79,44.0,2.79237,1.442909,3.948565,4.220939
79,44.5,2.790013,1.442917,3.949739,4.219756
79,45.0,2.787788,1.442927,3.950846,4.218639
79,45.5,2.785687,1.442938,3.951892,4.217583
79,46.0,2.783702,1.44295,3.952878,4.216584
79,46.5,2.781827,1.442963,3.953809,4.215641
79,47.0,2.780057,1.442977,3.954687,4.214749
79,47.5,2.778385,1.442991,3.955516,4.213905
79,48.0,2.776806,1.443006,3.956298,4.213108
79,48.5,2.775315,1.443021,3.957036,4.212355
79,49.0,2.773906,1.443036,3.957733,4.211643
79,49.5,2.772576,1.443052,3.95839,4.21097
79,50.0,2.771319,1.443067,3.959011,4.210334
