id,t,Gp,A,Gi
0,0.0,1.660934,1.158318,1.787897
0,0.5,5.383801,1.231717,2.691758
0,1.0,3.879351,2.125111,4.1309
0,1.5,1.022384,1.771959,2.33954
0,2.0,1.68883,1.047515,1.451355
0,2.5,6.9562,1.255331,3.090362
0,3.0,2.932099,2.376318,4.342602
0,3.5,0.630265,1.695473,2.032518
0,4.0,1.472937,0.89466,1.186181
0,4.5,8.393196,1.218787,3.32801
0,5.0,2.387655,2.612146,4.637163
0,5.5,0.371172,1.707329,1.908896
0,6.0,0.983411,0.801097,0.945486
0,6.5,8.466938,0.994461,2.884939
0,7.0,2.876952,2.80937,5.337907
0,7.5,0.23254,1.906956,2.097475
0,8.0,0.459651,0.825785,0.833878
0,8.5,5.361801,0.649372,1.675148
0,9.0,6.394948,2.673544,6.375435
0,9.5,0.22377,2.373381,2.792545
0,10.0,0.176002,1.038534,0.971335
0,10.5,1.758963,0.485615,0.75672
0,11.0,13.41241,1.644346,5.413491
0,11.5,0.597366,3.020678,4.35402
0,12.0,0.087671,1.523699,1.473782
0,12.5,0.396675,0.599197,0.583544
0,13.0,6.831876,0.602083,1.876495
0,13.5,4.778112,3.027616,6.750053
0,14.0,0.114982,2.350262,2.613497
0,14.5,0.104945,0.976653,0.876132
0,15.0,1.226638,0.416751,0.57852
0,15.5,14.271434,1.36347,4.861268
0,16.0,0.743848,3.223334,4.920921
0,16.5,0.061769,1.692989,1.651621
0,17.0,0.209863,0.652866,0.588804
0,17.5,3.85554,0.430135,1.089767
0,18.0,9.612799,2.592424,7.151589
0,18.5,0.167891,2.740506,3.312003
0,19.0,0.065128,1.201085,1.090988
0,19.5,0.533078,0.463955,0.483994
0,20.0,9.970946,0.752145,2.70473
0,20.5,2.444804,3.291614,6.320893
0,21.0,0.071404,2.133914,2.234885
0,21.5,0.104629,0.8506,0.74894
0,22.0,1.512242,0.379225,0.595631
0,22.5,14.889295,1.597213,5.594754
0,23.0,0.500777,3.189493,4.58972
0,23.5,0.053654,1.592759,1.521871
0,24.0,0.22071,0.60693,0.547994
0,24.5,4.319821,0.434821,1.180094
0,25.0,8.639763,2.723158,7.247189
1,0.0,1.546052,0.641266,1.963434
1,0.5,7.118238,1.400678,3.483271
1,1.0,2.329832,2.327002,3.979009
1,1.5,0.701579,1.559509,1.862919
1,2.0,2.03565,0.880237,1.306289
1,2.5,8.776133,1.468985,3.964708
1,3.0,1.654625,2.528453,4.082009
1,3.5,0.422801,1.514266,1.667339
1,4.0,1.558126,0.755595,1.030044
1,4.5,10.103411,1.328641,3.932103
1,5.0,1.576058,2.767808,4.554503
1,5.5,0.241801,1.626881,1.717201
1,6.0,0.809016,0.715838,0.80461
1,6.5,8.770706,0.907495,2.775353
1,7.0,2.877684,2.942537,5.667722
1,7.5,0.168437,1.986655,2.152864
1,8.0,0.299353,0.833026,0.794757
1,8.5,3.85979,0.531117,1.220477
1,9.0,9.218614,2.450421,6.623456
1,9.5,0.248467,2.631096,3.244623
1,10.0,0.112117,1.180279,1.096373
1,10.5,0.918145,0.487448,0.587595
1,11.0,12.376402,1.08028,3.823056
1,11.5,1.334056,3.220672,5.41696
1,12.0,0.078621,1.84914,1.868016
1,12.5,0.196539,0.728423,0.658263
1,13.0,3.234895,0.42995,0.97541
1,13.5,11.014427,2.38246,6.919389
1,14.0,0.218516,2.815565,3.518625
1,14.5,0.068598,1.265621,1.163347
1,15.0,0.500035,0.489692,0.501332
1,15.5,9.276763,0.713921,2.509282
1,16.0,2.828056,3.249652,6.428881
1,16.5,0.078346,2.177244,2.306151
1,17.0,0.104715,0.874606,0.772771
1,17.5,1.453888,0.386169,0.591567
1,18.0,14.818896,1.551067,5.456677
1,18.5,0.539794,3.196932,4.650089
1,19.0,0.055156,1.610926,1.545096
1,19.5,0.219189,0.615219,0.555432
1,20.0,4.240168,0.434279,1.164973
1,20.5,8.799523,2.701372,7.231915
1,21.0,0.146518,2.697243,3.204883
1,21.5,0.063713,1.167364,1.054081
1,22.0,0.55368,0.450913,0.476013
1,22.5,10.362603,0.77585,2.820137
1,23.0,2.251888,3.311247,6.255421
1,23.5,0.068068,2.109455,2.196009
1,24.0,0.104965,0.837453,0.736109
1,24.5,1.550279,0.375792,0.599355
1,25.0,14.910419,1.625912,5.676788
2,0.0,1.64171,1.679096,0.69217
2,0.5,6.015071,0.960239,2.229153
2,1.0,4.781783,2.454392,5.232222
2,1.5,0.458562,2.036292,2.461192
2,2.0,0.606848,0.966908,1.037699
2,2.5,5.150917,0.748028,1.786491
2,3.0,6.33333,2.503532,5.891481
2,3.5,0.336795,2.282773,2.761601
2,4.0,0.292581,1.038046,1.015933
2,4.5,2.703076,0.56243,1.03548
2,5.0,11.251678,2.01047,5.917271
2,5.5,0.455313,2.75593,3.698536
2,6.0,0.133461,1.325078,1.272472
2,6.5,0.833756,0.550487,0.63384
2,7.0,11.064599,0.983185,3.364972
2,7.5,1.799928,3.160221,5.5973
2,8.0,0.097473,1.91532,1.977757
2,8.5,0.211182,0.767289,0.700992
2,9.0,3.228825,0.44964,0.998101
2,9.5,10.927885,2.352926,6.809724
2,10.0,0.236539,2.795449,3.510126
2,10.5,0.076156,1.262872,1.165584
2,11.0,0.55447,0.49354,0.51673
2,11.5,9.795957,0.764685,2.696468
2,12.0,2.519927,3.252434,6.26364
2,12.5,0.078732,2.121631,2.230143
2,13.0,0.117133,0.84931,0.752216
2,13.5,1.680459,0.389295,0.638028
2,14.0,14.629375,1.695209,5.807756
2,14.5,0.452745,3.138476,4.429963
2,15.0,0.05664,1.54468,1.468803
2,15.5,0.25349,0.589416,0.539608
2,16.0,4.96392,0.465683,1.337321
2,16.5,7.405741,2.844823,7.20672
2,17.0,0.126976,2.60223,3.018796
2,17.5,0.068706,1.107988,0.994529
2,18.0,0.659182,0.433507,0.481344
2,18.5,11.584004,0.882754,3.252993
2,19.0,1.722476,3.330603,5.959408
2,19.5,0.06348,2.011574,2.057817
2,20.0,0.118655,0.790717,0.695126
2,20.5,1.873666,0.374912,0.659471
2,21.0,14.516347,1.82715,6.151127
2,21.5,0.373022,3.109215,4.271929
2,22.0,0.053319,1.497032,1.410074
2,22.5,0.260862,0.568423,0.521643
2,23.0,5.24353,0.471672,1.395912
2,23.5,6.943143,2.902226,7.215661
2,24.0,0.117672,2.576005,2.961194
2,24.5,0.067921,1.089561,0.974841
2,25.0,0.673116,0.426576,0.477612
3,0.0,1.175579,1.056197,1.890147
3,0.5,4.676036,1.100335,2.307158
3,1.0,5.001108,2.06978,4.37279
3,1.5,1.021126,1.942295,2.626908
3,2.0,1.208535,1.103196,1.393027
3,2.5,5.870739,1.044084,2.441059
3,3.0,4.4081,2.347174,4.836412
3,3.5,0.605721,1.934227,2.39155
3,4.0,0.902525,0.973491,1.133193
3,4.5,6.343172,0.913943,2.305639
3,5.0,4.520281,2.553816,5.389807
3,5.5,0.375186,2.042192,2.410737
3,6.0,0.516703,0.940136,0.978832
3,6.5,4.845547,0.691838,1.639201
3,7.0,6.948329,2.502576,6.087395
3,7.5,0.30968,2.365622,2.871124
3,8.0,0.231363,1.068632,1.026885
3,8.5,2.114424,0.530309,0.878722
3,9.0,12.511476,1.786081,5.59724
3,9.5,0.554404,2.897717,4.067545
3,10.0,0.110685,1.437952,1.389989
3,10.5,0.574393,0.578965,0.604932
3,11.0,8.889089,0.762007,2.525568
3,11.5,3.008863,3.132336,6.218371
3,12.0,0.104451,2.131056,2.281476
3,12.5,0.148446,0.867755,0.781832
3,13.0,2.017266,0.419744,0.734732
3,13.5,13.801581,1.856258,6.076838
3,14.0,0.398818,3.032354,4.156842
3,14.5,0.066249,1.461986,1.382306
3,15.0,0.341222,0.562567,0.53511
3,15.5,6.482528,0.551229,1.734432
3,16.0,5.202535,3.038808,6.955337
3,16.5,0.105937,2.420421,2.703183
3,17.0,0.0849,1.005797,0.897025
3,17.5,0.958717,0.410946,0.519891
3,18.0,13.685368,1.158901,4.250495
3,18.5,0.998812,3.298513,5.323283
3,19.0,0.058946,1.814066,1.797456
3,19.5,0.160539,0.702049,0.62233
3,20.0,2.835313,0.392137,0.857163
3,20.5,12.18763,2.27865,6.915437
3,21.0,0.227502,2.913201,3.70296
3,21.5,0.057402,1.323211,1.218115
3,22.0,0.381531,0.503881,0.488851
3,22.5,7.642899,0.594717,2.011361
3,23.0,4.035186,3.175797,6.834361
3,23.5,0.085652,2.332941,2.53909
3,24.0,0.083681,0.951943,0.841662
3,24.5,1.036503,0.39278,0.517456
3,25.0,14.22322,1.235185,4.534699
4,0.0,1.465798,1.734142,1.165121
4,0.5,4.217068,0.957152,1.85688
4,1.0,6.497113,2.081185,4.848675
4,1.5,0.822881,2.166643,2.911753
4,2.0,0.681555,1.137544,1.272394
4,2.5,4.192991,0.796893,1.666735
4,3.0,7.31823,2.223099,5.451631
4,3.5,0.545325,2.313236,2.983642
4,4.0,0.388649,1.123186,1.150674
4,4.5,2.921699,0.637965,1.176474
4,5.0,10.267568,2.009771,5.673785
4,5.5,0.533563,2.6414,3.56122
4,6.0,0.190256,1.288167,1.260889
4,6.5,1.219954,0.570102,0.738199
4,7.0,12.100798,1.248323,4.153898
4,7.5,1.215022,3.056725,4.955291
4,8.0,0.113117,1.716088,1.734736
4,8.5,0.351758,0.690462,0.662885
4,9.0,5.463841,0.561395,1.56339
4,9.5,6.467742,2.81774,6.805196
4,10.0,0.155744,2.462421,2.845385
4,10.5,0.108689,1.052315,0.956678
4,11.0,1.113435,0.443134,0.582717
4,11.5,13.679139,1.259241,4.488621
4,12.0,0.91558,3.224077,5.083471
4,12.5,0.067955,1.743321,1.721046
4,13.0,0.209118,0.677456,0.612224
4,13.5,3.697459,0.433015,1.064432
4,14.0,9.948167,2.537743,7.085805
4,14.5,0.181243,2.754909,3.357702
4,15.0,0.067236,1.215362,1.107759
4,15.5,0.53587,0.470512,0.490788
4,16.0,9.912705,0.753105,2.696004
4,16.5,2.471891,3.282766,6.313962
4,17.0,0.072985,2.133088,2.23642
4,17.5,0.106917,0.851168,0.750344
4,18.0,1.541127,0.381299,0.603249
4,18.5,14.847075,1.614312,5.632314
4,19.0,0.49224,3.180222,4.560876
4,19.5,0.054238,1.584095,1.512342
4,20.0,0.226522,0.603786,0.546489
4,20.5,4.434362,0.440237,1.207827
4,21.0,8.404751,2.746708,7.243413
4,21.5,0.13931,2.673023,3.153174
4,22.0,0.064228,1.15096,1.037037
4,22.5,0.574059,0.445439,0.475096
4,23.0,10.643428,0.797315,2.912095
4,23.5,2.12037,3.319322,6.194166
4,24.0,0.066616,2.088414,2.16519
4,24.5,0.107142,0.827045,0.726669
4,25.0,1.607358,0.374735,0.609091
5,0.0,0.840858,1.331877,0.595726
5,0.5,5.77591,0.739959,1.829978
5,1.0,5.745841,2.652563,6.091466
5,1.5,0.25708,2.272095,2.668371
5,2.0,0.241965,1.002598,0.95776
5,2.5,2.455346,0.521211,0.935928
5,3.0,12.049914,1.953521,5.949885
5,3.5,0.44553,2.841957,3.84885
5,4.0,0.108889,1.36974,1.308691
5,4.5,0.639574,0.552495,0.593124
5,5.0,9.77087,0.824287,2.804558
5,5.5,2.479643,3.174568,6.04176
5,6.0,0.095883,2.061713,2.173363
5,6.5,0.157217,0.831586,0.74839
5,7.0,2.253534,0.417919,0.777664
5,7.5,13.36121,1.980394,6.329242
5,8.0,0.34286,2.986798,3.999645
5,8.5,0.066097,1.414012,1.32718
5,9.0,0.371068,0.543894,0.524248
5,9.5,7.074065,0.581146,1.887423
5,10.0,4.559248,3.100759,6.860588
5,10.5,0.097917,2.364774,2.606976
5,11.0,0.08851,0.974304,0.866486
5,11.5,1.051628,0.403581,0.531007
5,12.0,14.10459,1.239594,4.522768
5,12.5,0.866815,3.28301,5.168815
5,13.0,0.057645,1.767123,1.737308
5,13.5,0.171524,0.681381,0.605654
5,14.0,3.104534,0.398428,0.913934
5,14.5,11.484548,2.377881,7.029631
5,15.0,0.204869,2.866981,3.58653
5,15.5,0.05844,1.28714,1.179354
5,16.0,0.413594,0.491049,0.483873
5,16.5,8.218297,0.628534,2.170247
5,17.0,3.561744,3.21648,6.719971
5,17.5,0.080845,2.28296,2.458886
5,18.0,0.087659,0.925392,0.816681
5,18.5,1.13218,0.387605,0.53101
5,19.0,14.536009,1.315261,4.79186
5,19.5,0.748379,3.279086,5.045464
5,20.0,0.054318,1.729535,1.686695
5,20.5,0.173851,0.663588,0.589345
5,21.0,3.23144,0.397397,0.935955
5,21.5,11.178295,2.427416,7.09622
5,22.0,0.192445,2.850729,3.538446
5,22.5,0.057589,1.272266,1.162485
5,23.0,0.418682,0.484964,0.479284
5,23.5,8.356138,0.634514,2.205022
5,24.0,3.459014,3.228629,6.701977
5,24.5,0.079077,2.273922,2.442893
5,25.0,0.087463,0.920077,0.811273
6,0.0,1.741447,1.447497,1.637132
6,0.5,4.675989,1.156726,2.35517
6,1.0,4.78988,2.032546,4.2183
6,1.5,1.128442,1.900697,2.606394
6,2.0,1.377898,1.119072,1.465099
6,2.5,5.979473,1.112981,2.592933
6,3.0,4.040679,2.311814,4.619963
6,3.5,0.677815,1.861229,2.315255
6,4.0,1.121386,0.968943,1.189236
6,4.5,6.997749,1.026844,2.648366
6,5.0,3.666413,2.555775,5.063615
6,5.5,0.403971,1.906301,2.222356
6,6.0,0.714806,0.892251,0.981171
6,6.5,6.369991,0.815648,2.139753
6,7.0,4.801424,2.666071,5.784503
6,7.5,0.279456,2.141606,2.486493
6,8.0,0.336534,0.949583,0.932285
6,8.5,3.49849,0.574917,1.208742
6,9.0,9.682793,2.280574,6.269533
6,9.5,0.33691,2.627138,3.341956
6,10.0,0.14249,1.213116,1.14918
6,10.5,1.077934,0.517449,0.651812
6,11.0,12.509462,1.183726,4.083675
6,11.5,1.200915,3.149869,5.153669
6,12.0,0.090212,1.771096,1.781682
6,12.5,0.258187,0.701492,0.64901
6,13.0,4.231094,0.48075,1.223639
6,13.5,8.69015,2.629694,6.98741
6,14.0,0.177216,2.647287,3.172971
6,14.5,0.082704,1.156848,1.054435
6,15.0,0.721189,0.460109,0.519636
6,15.5,11.669086,0.928319,3.362775
6,16.0,1.66077,3.289749,5.816847
6,16.5,0.069857,1.970366,2.013567
6,17.0,0.140185,0.776269,0.688051
6,17.5,2.22945,0.390172,0.74252
6,18.0,13.658136,2.002282,6.459966
6,18.5,0.313662,3.020088,4.02267
6,19.0,0.057668,1.421207,1.327833
6,19.5,0.321952,0.541465,0.510674
6,20.0,6.410682,0.532601,1.693416
6,20.5,5.301317,3.053375,7.036415
6,21.0,0.100744,2.44428,2.729774
6,21.5,0.077446,1.01452,0.902369
6,22.0,0.866547,0.408229,0.498957
6,22.5,13.321432,1.082412,4.005249
6,23.0,1.127046,3.323675,5.490949
6,23.5,0.057996,1.864669,1.85974
6,24.0,0.143876,0.723136,0.637692
6,24.5,2.488222,0.381189,0.78075
6,25.0,13.123771,2.139929,6.735608
7,0.0,1.031789,1.956047,1.839682
7,0.5,1.857011,0.947072,1.306587
7,1.0,8.237095,1.36081,3.598315
7,1.5,2.085547,2.504731,4.250674
7,2.0,0.467772,1.59283,1.799623
7,2.5,1.452039,0.799488,1.059437
7,3.0,9.478137,1.251561,3.627772
7,3.5,1.910476,2.736088,4.674566
7,4.0,0.271675,1.680088,1.808637
7,4.5,0.806704,0.749423,0.841465
7,5.0,8.357273,0.897331,2.676015
7,5.5,3.129447,2.894523,5.66915
7,6.0,0.187114,2.001856,2.192872
7,6.5,0.31813,0.848084,0.81635
7,7.0,3.950847,0.547328,1.259412
7,7.5,8.976281,2.455619,6.568827
7,8.0,0.254894,2.603792,3.206597
7,8.5,0.121134,1.168642,1.088362
7,9.0,1.005698,0.48933,0.607695
7,9.5,12.689929,1.147239,4.034311
7,10.0,1.199669,3.198838,5.263804
7,10.5,0.080165,1.802059,1.80964
7,11.0,0.218558,0.709145,0.645626
7,11.5,3.647687,0.446442,1.071975
7,12.0,10.0064,2.502054,6.996797
7,12.5,0.195166,2.746168,3.364763
7,13.0,0.072683,1.217438,1.113616
7,13.5,0.574688,0.474861,0.50315
7,14.0,10.24379,0.788884,2.823498
7,14.5,2.29449,3.279596,6.200647
7,15.0,0.073741,2.09632,2.187636
7,15.5,0.115846,0.834887,0.737477
7,16.0,1.704013,0.384275,0.637271
7,16.5,14.661407,1.715118,5.869324
7,17.0,0.436763,3.138104,4.409668
7,17.5,0.055406,1.538563,1.460342
7,18.0,0.251019,0.586217,0.535987
7,18.5,4.949694,0.462988,1.331106
7,19.0,7.434072,2.845474,7.218185
7,19.5,0.126233,2.606271,3.023856
7,20.0,0.0678,1.109636,0.995729
7,20.5,0.649103,0.433439,0.479217
7,21.0,11.50089,0.8733,3.218556
7,21.5,1.756065,3.331679,5.985263
7,22.0,0.063489,2.019709,2.068548
7,22.5,0.116851,0.794339,0.69805
7,23.0,1.836738,0.37428,0.651874
7,23.5,14.584936,1.806228,6.106975
7,24.0,0.382015,3.118042,4.300828
7,24.5,0.053113,1.505771,1.419915
7,25.0,0.255849,0.571754,0.523564
8,0.0,1.667575,0.791958,1.200082
8,0.5,9.310027,1.360979,3.840973
8,1.0,1.734398,2.649044,4.384884
8,1.5,0.325608,1.59507,1.725621
8,2.0,1.095637,0.741019,0.902808
8,2.5,9.542642,1.08223,3.277426
8,3.0,2.211845,2.875001,5.159273
8,3.5,0.199327,1.821164,1.949696
8,4.0,0.475843,0.775031,0.783602
8,4.5,5.936779,0.661053,1.802726
8,5.0,5.652833,2.777286,6.399417
8,5.5,0.192364,2.326441,2.682223
8,6.0,0.170958,1.002066,0.930021
8,6.5,1.82428,0.472077,0.754726
8,7.0,13.508648,1.694411,5.568018
8,7.5,0.545106,3.020065,4.298944
8,8.0,0.083143,1.506332,1.44919
8,8.5,0.389686,0.589808,0.572728
8,9.0,6.842369,0.596165,1.869088
8,9.5,4.773956,3.038074,6.777369
8,10.0,0.112018,2.356378,2.617887
8,10.5,0.101328,0.978025,0.875971
8,11.0,1.184808,0.414455,0.567988
8,11.5,14.240776,1.334345,4.782249
8,12.0,0.771467,3.236654,4.976611
8,12.5,0.060947,1.709683,1.67099
8,13.0,0.200966,0.659309,0.592596
8,13.5,3.680582,0.422609,1.048468
8,14.0,10.023374,2.547485,7.136054
8,14.5,0.17507,2.768084,3.369803
8,15.0,0.06359,1.2193,1.109525
8,15.5,0.504813,0.469509,0.483252
8,16.0,9.59013,0.723157,2.58255
8,16.5,2.652985,3.279716,6.410149
8,17.0,0.073142,2.165399,2.280973
8,17.5,0.100646,0.866063,0.762744
8,18.0,1.421932,0.380347,0.579546
8,18.5,14.899239,1.534678,5.429286
8,19.0,0.544392,3.211036,4.684266
8,19.5,0.053654,1.621149,1.555443
8,20.0,0.209598,0.61846,0.556048
8,20.5,4.065534,0.425232,1.121804
8,21.0,9.180678,2.66399,7.236591
8,21.5,0.151254,2.724077,3.256854
8,22.0,0.061864,1.18387,1.070418
8,22.5,0.523166,0.455553,0.473993
8,23.0,9.977095,0.744684,2.691926
8,23.5,2.44677,3.302197,6.349348
8,24.0,0.069505,2.141552,2.242047
8,24.5,0.100588,0.852939,0.749751
8,25.0,1.452668,0.376509,0.581526
9,0.0,0.565706,0.731434,1.524573
9,0.5,4.742442,0.831431,1.891441
9,1.0,6.332622,2.314046,5.393211
9,1.5,0.515114,2.207813,2.781628
9,2.0,0.465184,1.063291,1.1066
9,2.5,3.686841,0.672106,1.378919
9,3.0,8.782774,2.221731,5.861546
9,3.5,0.439042,2.500935,3.222898
9,4.0,0.225504,1.183032,1.154767
9,4.5,1.698753,0.557911,0.825677
9,5.0,12.572918,1.544715,4.97611
9,5.5,0.791595,2.958094,4.407152
9,6.0,0.118095,1.544902,1.524572
9,6.5,0.501807,0.624101,0.633356
9,7.0,7.692221,0.692387,2.182283
9,7.5,3.90477,3.045364,6.41999
9,8.0,0.121082,2.225687,2.439719
9,8.5,0.140589,0.920381,0.832633
9,9.0,1.759939,0.427479,0.693634
9,9.5,14.093857,1.703232,5.716717
9,10.0,0.488358,3.080757,4.357318
9,10.5,0.067718,1.522995,1.45469
9,11.0,0.31204,0.58743,0.551916
9,11.5,5.84672,0.522858,1.577309
9,12.0,6.008486,2.956201,7.033517
9,12.5,0.117325,2.482647,2.816626
9,13.0,0.081882,1.042687,0.933598
9,13.5,0.870106,0.420804,0.511832
9,14.0,13.147584,1.078144,3.963127
9,14.5,1.165562,3.308488,5.487941
9,15.0,0.060871,1.864653,1.863932
9,15.5,0.150537,0.724868,0.641345
9,16.0,2.582572,0.387691,0.805464
9,16.5,12.844973,2.174755,6.770962
9,17.0,0.254649,2.958722,3.825457
9,17.5,0.056653,1.360944,1.259282
9,18.0,0.352432,0.517689,0.495297
9,18.5,7.08803,0.564221,1.86338
9,19.0,4.558496,3.128425,6.937435
9,19.5,0.091198,2.383075,2.621992
9,20.0,0.080135,0.979249,0.867686
9,20.5,0.950218,0.398763,0.506356
9,21.0,13.837656,1.159771,4.281249
9,21.5,0.97204,3.314157,5.334754
9,22.0,0.056154,1.81688,1.79701
9,22.5,0.152597,0.701552,0.619564
9,23.0,2.714182,0.384617,0.826291
9,23.5,12.537636,2.237305,6.880267
9,24.0,0.234877,2.940197,3.762254
9,24.5,0.055487,1.341598,1.23682
9,25.0,0.357581,0.509592,0.488874
10,0.0,1.617143,1.951265,0.988738
10,0.5,4.021646,0.932111,1.741194
10,1.0,6.949111,2.057024,4.917015
10,1.5,0.810365,2.225122,3.008097
10,2.0,0.598265,1.160323,1.272679
10,2.5,3.719364,0.756965,1.507551
10,3.0,8.199579,2.137769,5.476144
10,3.5,0.571308,2.40718,3.16822
10,4.0,0.328915,1.177733,1.192639
10,4.5,2.33834,0.616082,1.028007
10,5.0,11.338622,1.802177,5.374411
10,5.5,0.653497,2.763964,3.899038
10,6.0,0.164742,1.392572,1.371277
10,6.5,0.892123,0.59182,0.689822
10,7.0,10.777506,1.009619,3.366031
10,7.5,1.865319,3.098954,5.491768
10,8.0,0.113856,1.889661,1.962445
10,8.5,0.255182,0.764497,0.711094
10,9.0,3.792395,0.486296,1.149329
10,9.5,9.540867,2.491632,6.834525
10,10.0,0.215022,2.686736,3.293755
10,10.5,0.088994,1.195093,1.099487
10,11.0,0.72252,0.477605,0.536951
10,11.5,11.424596,0.922109,3.304812
10,12.0,1.742282,3.267704,5.819244
10,12.5,0.074376,1.97366,2.024537
10,13.0,0.147599,0.780336,0.694397
10,13.5,2.318516,0.397615,0.767377
10,14.0,13.395321,2.037471,6.501068
10,14.5,0.306107,2.995456,3.966459
10,15.0,0.059834,1.403974,1.31031
10,15.5,0.343833,0.536166,0.510707
10,16.0,6.777869,0.554656,1.792873
10,16.5,4.878873,3.088002,6.96086
10,17.0,0.09731,2.404733,2.664817
10,17.5,0.081294,0.993275,0.882504
10,18.0,0.940391,0.40418,0.509675
10,18.5,13.716007,1.147981,4.230645
10,19.0,1.002137,3.310578,5.353475
10,19.5,0.05733,1.822812,1.806111
10,20.0,0.153885,0.704797,0.623043
10,20.5,2.720012,0.386501,0.829498
10,21.0,12.510994,2.237273,6.873597
10,21.5,0.235898,2.937284,3.758636
10,22.0,0.056022,1.34045,1.236004
10,22.5,0.361599,0.509502,0.489686
10,23.0,7.304179,0.574056,1.917587
10,23.5,4.347304,3.150605,6.906293
10,24.0,0.088288,2.365293,2.590748
10,24.5,0.08065,0.96898,0.857513
10,25.0,0.972774,0.395855,0.507969
11,0.0,1.05569,1.204334,0.784207
11,0.5,6.786024,0.887858,2.305941
11,1.0,4.298255,2.661864,5.579146
11,1.5,0.298142,2.061974,2.380576
11,2.0,0.415382,0.920324,0.925025
11,2.5,4.296542,0.624377,1.432567
11,3.0,8.044151,2.450866,6.281964
11,3.5,0.296904,2.486037,3.057304
11,4.0,0.174453,1.124437,1.06515
11,4.5,1.506066,0.509395,0.73182
11,5.0,13.20422,1.474049,4.927197
11,5.5,0.781616,3.05487,4.599579
11,6.0,0.093858,1.60016,1.571743
11,6.5,0.367459,0.633029,0.609677
11,7.0,6.154792,0.574524,1.710125
11,7.5,5.554457,2.941484,6.819485
11,8.0,0.129547,2.40958,2.725069
11,8.5,0.103365,1.013118,0.913148
11,9.0,1.136808,0.426914,0.571028
11,9.5,13.96865,1.288721,4.616463
11,10.0,0.846647,3.235716,5.046131
11,10.5,0.06383,1.731167,1.70094
11,11.0,0.20171,0.669968,0.60301
11,11.5,3.63019,0.424945,1.042128
11,12.0,10.127961,2.527448,7.106107
11,12.5,0.180491,2.77138,3.384155
11,13.0,0.064726,1.223749,1.115104
11,13.5,0.509375,0.47188,0.486458
11,14.0,9.609813,0.727055,2.593219
11,14.5,2.640223,3.277134,6.396194
11,15.0,0.073661,2.161234,2.276134
11,15.5,0.102117,0.864461,0.761713
11,16.0,1.444951,0.381101,0.584708
11,16.5,14.886988,1.549825,5.46715
11,17.0,0.534616,3.204419,4.6595
11,17.5,0.053905,1.613721,1.546934
11,18.0,0.213393,0.61559,0.554308
11,18.5,4.145044,0.428613,1.1405
11,19.0,9.006894,2.682402,7.238892
11,19.5,0.148602,2.712549,3.233419
11,20.0,0.062445,1.176444,1.062902
11,20.5,0.534707,0.453288,0.474283
11,21.0,10.131897,0.756634,2.742164
11,21.5,2.36697,3.306587,6.313221
11,22.0,0.068827,2.129025,2.223829
11,22.5,0.102123,0.846812,0.744281
11,23.0,1.488226,0.376043,0.587822
11,23.5,14.940844,1.584225,5.570269
11,24.0,0.505595,3.19875,4.614182
11,24.5,0.05283,1.6001,1.529559
11,25.0,0.214611,0.609396,0.548778
12,0.0,0.694882,1.213557,0.840364
12,0.5,4.973704,0.726935,1.680275
12,1.0,6.720496,2.494222,5.991056
12,1.5,0.326224,2.331245,2.830795
12,2.0,0.258481,1.057809,1.025366
12,2.5,2.362636,0.545054,0.946058
12,3.0,11.990481,1.886123,5.750568
12,3.5,0.508195,2.834071,3.898808
12,4.0,0.12077,1.386525,1.336287
12,4.5,0.682289,0.565448,0.615682
12,5.0,9.921906,0.856181,2.894086
12,5.5,2.377327,3.156266,5.937417
12,6.0,0.100482,2.029974,2.136065
12,6.5,0.174344,0.819705,0.742089
12,7.0,2.515953,0.429305,0.840155
12,7.5,12.694446,2.09063,6.489977
12,8.0,0.309038,2.926849,3.844157
12,8.5,0.070035,1.366321,1.276391
12,9.0,0.426685,0.528114,0.52181
12,9.5,7.957536,0.636606,2.136833
12,10.0,3.752059,3.164797,6.671641
12,10.5,0.09069,2.279534,2.471039
12,11.0,0.097844,0.92952,0.825093
12,11.5,1.245234,0.396914,0.562196
12,12.0,14.577745,1.39349,4.997465
12,12.5,0.683133,3.239468,4.894089
12,13.0,0.05694,1.684351,1.635197
12,13.5,0.1975,0.646404,0.57937
12,14.0,3.701917,0.417338,1.045868
12,14.5,9.994065,2.562242,7.171612
12,15.0,0.169873,2.771358,3.366692
12,15.5,0.061629,1.21842,1.10722
12,16.0,0.490778,0.467878,0.478735
12,16.5,9.45224,0.709714,2.533315
12,17.0,2.734599,3.279275,6.454893
12,17.5,0.072971,2.180315,2.301228
12,18.0,0.097573,0.872824,0.76827
12,18.5,1.366228,0.379779,0.56832
12,19.0,14.900619,1.496155,5.327626
12,19.5,0.572101,3.225891,4.746256
12,20.0,0.053345,1.639737,1.577175
12,20.5,0.201506,0.625861,0.560954
12,21.0,3.888798,0.41826,1.080998
12,21.5,9.577786,2.620529,7.224945
12,22.0,0.157861,2.749868,3.310665
12,22.5,0.060722,1.200878,1.087791
12,23.0,0.498969,0.460907,0.473925
12,23.5,9.636661,0.719438,2.584136
12,24.0,2.631245,3.290935,6.427054
12,24.5,0.071137,2.169017,2.282475
12,25.0,0.097441,0.866515,0.761972
13,0.0,1.504721,1.155728,1.749017
13,0.5,5.255312,1.176124,2.557481
13,1.0,4.228021,2.134939,4.272412
13,1.5,0.97097,1.833637,2.418164
13,2.0,1.459368,1.051178,1.393366
13,2.5,6.722692,1.161165,2.849444
13,3.0,3.385419,2.402065,4.584649
13,3.5,0.583366,1.787372,2.148229
13,4.0,1.172942,0.909852,1.127708
13,4.5,7.742927,1.067267,2.881468
13,5.0,3.096771,2.636084,5.018499
13,5.5,0.34724,1.849927,2.100052
13,6.0,0.71028,0.847706,0.928084
13,6.5,6.789495,0.817308,2.225214
13,7.0,4.422712,2.738174,5.826314
13,7.5,0.245179,2.122674,2.426131
13,8.0,0.314391,0.927285,0.900452
13,8.5,3.4415,0.55613,1.172923
13,9.0,9.898405,2.28572,6.342112
13,9.5,0.322148,2.654329,3.372937
13,10.0,0.130084,1.222007,1.152582
13,10.5,0.977451,0.512824,0.62588
13,11.0,12.246962,1.112194,3.869989
13,11.5,1.333198,3.178091,5.317823
13,12.0,0.087156,1.821416,1.842689
13,12.5,0.227652,0.721211,0.66003
13,13.0,3.701202,0.456358,1.094288
13,13.5,9.85135,2.505208,6.962372
13,14.0,0.19851,2.729301,3.341408
13,14.5,0.076344,1.210054,1.107973
13,15.0,0.609731,0.474623,0.510332
13,15.5,10.572256,0.821692,2.94657
13,16.0,2.131492,3.280321,6.102722
13,16.5,0.073516,2.064138,2.143808
13,17.0,0.12288,0.820213,0.725456
13,17.5,1.842059,0.386296,0.665521
13,18.0,14.446114,1.795821,6.047905
13,18.5,0.397567,3.104549,4.294727
13,19.0,0.056223,1.503839,1.420927
13,19.5,0.270987,0.572914,0.52829
13,20.0,5.365326,0.482081,1.432268
13,20.5,6.741464,2.914114,7.179189
13,21.0,0.1176,2.556451,2.930686
13,21.5,0.070643,1.079676,0.96608
13,22.0,0.710602,0.425134,0.483854
13,22.5,12.108926,0.934148,3.455751
13,23.0,1.528167,3.334401,5.830117
13,23.5,0.061527,1.970146,2.000472
13,24.0,0.124681,0.771204,0.67814
13,24.5,2.023583,0.375233,0.68789
13,25.0,14.232573,1.911626,6.328949
14,0.0,1.550398,0.96855,1.74839
14,0.5,6.19237,1.253998,2.936101
14,1.0,3.302057,2.2542,4.213628
14,1.5,0.809855,1.713284,2.147073
14,2.0,1.664374,0.962275,1.325904
14,2.5,7.815773,1.276225,3.324693
14,3.0,2.475464,2.492626,4.407309
14,3.5,0.488046,1.663641,1.911886
14,4.0,1.311174,0.831217,1.064446
14,4.5,8.906787,1.165293,3.32275
14,5.0,2.302379,2.721873,4.847764
14,5.5,0.287141,1.750363,1.91633
14,6.0,0.738939,0.783506,0.862533
14,6.5,7.622244,0.845219,2.437042
14,7.0,3.707868,2.842369,5.799043
14,7.5,0.203965,2.068419,2.305806
14,8.0,0.300439,0.885363,0.850599
14,8.5,3.556186,0.539529,1.173444
14,9.0,9.766934,2.344524,6.473559
14,9.5,0.289289,2.657537,3.340165
14,10.0,0.119184,1.210918,1.134184
14,10.5,0.920346,0.502314,0.603112
14,11.0,12.168919,1.074001,3.769807
14,11.5,1.390349,3.202723,5.416984
14,12.0,0.083092,1.850931,1.875888
14,12.5,0.20612,0.731659,0.6642
14,13.0,3.350303,0.439017,1.007785
14,13.5,10.703985,2.411339,6.921478
14,14.0,0.215139,2.790669,3.470678
14,14.5,0.071456,1.250611,1.148914
14,15.0,0.533577,0.486057,0.505081
14,15.5,9.683113,0.746902,2.642958
14,16.0,2.589073,3.260633,6.324314
14,16.5,0.076958,2.140328,2.252918
14,17.0,0.110658,0.856825,0.75732
14,17.5,1.575567,0.386005,0.614644
14,18.0,14.765174,1.632076,5.663605
14,18.5,0.486368,3.166957,4.527183
14,19.0,0.055502,1.573969,1.501867
14,19.5,0.235812,0.600476,0.545685
14,20.0,4.605163,0.449106,1.250331
14,20.5,8.065666,2.779086,7.230999
14,21.0,0.13543,2.648634,3.107255
14,21.5,0.065961,1.1363,1.022638
14,22.0,0.603896,0.441469,0.477524
14,22.5,10.984906,0.827368,3.032691
14,23.0,1.967828,3.324261,6.108725
14,23.5,0.065505,2.060167,2.12552
14,24.0,0.111351,0.81365,0.715027
14,24.5,1.702506,0.374668,0.627005
14,25.0,14.775102,1.724519,5.919273
15,0.0,1.707147,1.081218,0.932492
15,0.5,8.698769,1.223216,3.374677
15,1.0,2.277833,2.651083,4.672035
15,1.5,0.33839,1.706689,1.887999
15,2.0,0.915919,0.787599,0.912575
15,2.5,8.382477,0.957423,2.795915
15,3.0,2.998999,2.834303,5.457156
15,3.5,0.217952,1.943192,2.137017
15,4.0,0.405818,0.83538,0.828815
15,4.5,4.83859,0.610873,1.517837
15,5.0,7.248468,2.605459,6.468173
15,5.5,0.233106,2.452962,2.930973
15,6.0,0.154503,1.082152,1.009589
15,6.5,1.45484,0.483748,0.69368
15,7.0,13.529114,1.46369,4.967114
15,7.5,0.749765,3.094585,4.653618
15,8.0,0.083798,1.615033,1.580423
15,8.5,0.321973,0.633499,0.598848
15,9.0,5.581876,0.533264,1.544231
15,9.5,6.352965,2.884596,6.954999
15,10.0,0.133959,2.48618,2.849313
15,10.5,0.091121,1.05327,0.949219
15,11.0,0.944228,0.430961,0.536626
15,11.5,13.325923,1.134234,4.125128
15,12.0,1.084275,3.279627,5.35411
15,12.5,0.063652,1.824678,1.817283
15,13.0,0.169119,0.70938,0.63185
15,13.5,2.931929,0.401547,0.885825
15,14.0,11.893103,2.30537,6.920026
15,14.5,0.225112,2.888622,3.655963
15,15.0,0.060032,1.308551,1.204082
15,15.5,0.408572,0.500075,0.491242
15,16.0,8.048254,0.62232,2.129363
15,16.5,3.692491,3.199441,6.737335
15,17.0,0.083444,2.29315,2.478028
15,17.5,0.088405,0.931747,0.823377
15,18.0,1.128982,0.390164,0.53291
15,18.5,14.491808,1.31076,4.772101
15,19.0,0.757481,3.277204,5.050495
15,19.5,0.054884,1.731113,1.689377
15,20.0,0.175049,0.664594,0.590627
15,20.5,3.245383,0.398726,0.940076
15,21.0,11.138232,2.430679,7.095254
15,21.5,0.192246,2.847452,3.532495
15,22.0,0.057945,1.270394,1.160721
15,22.5,0.422531,0.484504,0.479688
15,23.0,8.411638,0.638464,2.221655
15,23.5,3.41768,3.231235,6.688319
15,24.0,0.078829,2.268671,2.435016
15,24.5,0.088117,0.91746,0.808929
15,25.0,1.15301,0.385522,0.532994
16,0.0,1.523743,0.709629,0.799862
16,0.5,11.447932,1.342092,4.234791
16,1.0,1.236508,2.922054,4.673643
16,1.5,0.156338,1.639155,1.672855
16,2.0,0.542554,0.680687,0.701269
16,2.5,7.435533,0.718703,2.179302
16,3.0,4.075794,2.968941,6.291317
16,3.5,0.144231,2.204553,2.439556
16,4.0,0.170768,0.921776,0.845256
16,4.5,2.086307,0.45083,0.782345
16,5.0,13.368237,1.85748,5.984149
16,5.5,0.42709,2.985996,4.101769
16,6.0,0.076905,1.445516,1.372588
16,6.5,0.404348,0.562523,0.549733
16,7.0,7.304755,0.611732,1.977888
16,7.5,4.317457,3.095238,6.739831
16,8.0,0.102128,2.323724,2.553903
16,8.5,0.099667,0.956949,0.853687
16,9.0,1.209305,0.406698,0.565005
16,9.5,14.391047,1.358802,4.872922
16,10.0,0.732653,3.238522,4.94236
16,10.5,0.059149,1.699117,1.655867
16,11.0,0.199227,0.653848,0.586917
16,11.5,3.685501,0.420122,1.046302
16,12.0,10.021193,2.552759,7.151113
16,12.5,0.172972,2.770212,3.369916
16,13.0,0.062691,1.219378,1.108987
16,13.5,0.497969,0.468936,0.481259
16,14.0,9.520617,0.716568,2.558036
16,14.5,2.693717,3.279241,6.431888
16,15.0,0.073109,2.172689,2.290953
16,15.5,0.099196,0.869395,0.765494
16,16.0,1.395202,0.380116,0.574203
16,16.5,14.901471,1.516271,5.380907
16,17.0,0.557453,3.218097,4.713647
16,17.5,0.053516,1.629961,1.565745
16,18.0,0.205755,0.621969,0.558376
16,18.5,3.981438,0.421907,1.102367
16,19.0,9.367545,2.643624,7.231749
16,19.5,0.154323,2.736224,3.282089
16,20.0,0.061325,1.191852,1.078563
16,20.5,0.511667,0.458058,0.473928
16,21.0,9.817147,0.732701,2.640929
16,21.5,2.531823,3.297118,6.385962
16,22.0,0.070259,2.154414,2.260922
16,22.5,0.099097,0.859281,0.755451
16,23.0,1.417686,0.377094,0.575448
16,23.5,14.942668,1.534826,5.438431
16,24.0,0.540371,3.215478,4.68879
16,24.5,0.052877,1.622488,1.556096
16,25.0,0.206218,0.618528,0.555247
17,0.0,0.511043,1.680387,1.497276
17,0.5,1.690916,0.751091,1.022638
17,1.0,10.367944,1.397438,4.146078
17,1.5,1.389717,2.763414,4.430939
17,2.0,0.235224,1.582465,1.654163
17,2.5,0.858518,0.696065,0.794747
17,3.0,9.252668,0.947075,2.945557
17,3.5,2.568222,2.96657,5.569825
17,4.0,0.160202,1.944928,2.086088
17,4.5,0.310695,0.810819,0.774894
17,5.0,4.117895,0.537059,1.27738
17,5.5,8.709561,2.517834,6.669147
17,6.0,0.230088,2.597426,3.164541
17,6.5,0.113266,1.154879,1.069132
17,7.0,0.968705,0.479661,0.590212
17,7.5,12.697355,1.124457,3.983604
17,8.0,1.219852,3.21846,5.324402
17,8.5,0.076883,1.819736,1.828179
17,9.0,0.203434,0.714855,0.646959
17,9.5,3.403913,0.433771,1.011317
17,10.0,10.605571,2.437634,6.972364
17,10.5,0.205892,2.789408,3.454572
17,11.0,0.069211,1.245629,1.141929
17,11.5,0.522288,0.482785,0.499547
17,12.0,9.607343,0.736922,2.610859
17,12.5,2.63477,3.263683,6.35813
17,13.0,0.076243,2.151014,2.266425
17,13.5,0.107479,0.861302,0.760589
17,14.0,1.522601,0.384636,0.603136
17,14.5,14.815118,1.598729,5.583669
17,15.0,0.505882,3.181358,4.579227
17,15.5,0.055002,1.589621,1.519726
17,16.0,0.227248,0.606487,0.54922
17,16.5,4.427336,0.441245,1.207867
17,17.0,8.416029,2.743245,7.236715
17,17.5,0.140261,2.67253,3.154039
17,18.0,0.064661,1.151216,1.037578
17,18.5,0.577476,0.44583,0.476173
17,19.0,10.671547,0.800496,2.923343
17,19.5,2.106927,3.318839,6.184454
17,20.0,0.066681,2.085333,2.161163
17,20.5,0.107873,0.825694,0.725603
17,21.0,1.621044,0.374985,0.611938
17,21.5,14.861916,1.672763,5.794692
17,22.0,0.450818,3.167274,4.484897
17,22.5,0.052904,1.561251,1.484044
17,23.0,0.230591,0.593762,0.538066
17,23.5,4.569622,0.443258,1.236218
17,24.0,8.142957,2.778621,7.254498
17,24.5,0.133999,2.658067,3.119829
17,25.0,0.064114,1.140377,1.025799
18,0.0,1.557748,1.671094,1.188374
18,0.5,4.568945,0.997527,2.009804
18,1.0,5.884894,2.127531,4.781692
18,1.5,0.813712,2.088806,2.770155
18,2.0,0.794762,1.101206,1.262912
18,2.5,4.862466,0.851933,1.893866
18,3.0,6.219632,2.324742,5.384081
18,3.5,0.511358,2.195493,2.758227
18,4.0,0.474713,1.056322,1.101549
18,4.5,3.783594,0.676732,1.405043
18,5.0,8.60142,2.244721,5.874077
18,5.5,0.429942,2.484649,3.186126
18,6.0,0.230006,1.171554,1.143472
18,6.5,1.762317,0.55729,0.838149
18,7.0,12.553713,1.579896,5.062333
18,7.5,0.756196,2.94444,4.348324
18,8.0,0.118975,1.526669,1.502945
18,8.5,0.522316,0.617462,0.631534
18,9.0,7.960558,0.710682,2.263177
18,9.5,3.678218,3.062752,6.362496
18,10.0,0.118378,2.199953,2.398768
18,10.5,0.144986,0.906921,0.820469
18,11.0,1.850378,0.427242,0.710848
18,11.5,13.983724,1.755735,5.837088
18,12.0,0.45776,3.060627,4.282342
18,12.5,0.068039,1.500226,1.428342
18,13.0,0.326602,0.578623,0.546979
18,13.5,6.129368,0.536845,1.649022
18,14.0,5.632244,2.992352,6.993494
18,14.5,0.112681,2.452547,2.762996
18,15.0,0.084008,1.025278,0.916647
18,15.5,0.918218,0.416628,0.517384
18,16.0,13.433914,1.121484,4.115954
18,16.5,1.074341,3.302017,5.396694
18,17.0,0.060093,1.836635,1.827402
18,17.5,0.156731,0.712373,0.631142
18,18.0,2.730485,0.390726,0.836227
18,18.5,12.457868,2.236057,6.856886
18,19.0,0.238525,2.931172,3.751765
18,19.5,0.057248,1.338259,1.23461
18,20.0,0.370558,0.509461,0.491643
18,20.5,7.430458,0.583133,1.954652
18,21.0,4.226964,3.158178,6.873316
18,21.5,0.087771,2.351521,2.569792
18,22.0,0.082446,0.962072,0.85134
18,22.5,1.004774,0.395035,0.513447
18,23.0,14.090441,1.20766,4.442986
18,23.5,0.894022,3.304413,5.241653
18,24.0,0.055515,1.788679,1.761037
18,24.5,0.15908,0.689189,0.609609
18,25.0,2.871648,0.38818,0.859307
19,0.0,1.353112,0.709695,0.671795
19,0.5,11.732866,1.248072,4.06679
19,1.0,1.30201,3.014253,4.923185
19,1.5,0.1281,1.71079,1.741689
19,2.0,0.397479,0.695829,0.680179
19,2.5,5.919018,0.600065,1.705358
19,3.0,5.798837,2.85788,6.676902
19,3.5,0.15462,2.393585,2.737191
19,4.0,0.124211,1.017685,0.92719
19,4.5,1.334802,0.443399,0.627139
19,5.0,14.011663,1.4183,4.948649
19,5.5,0.730328,3.167297,4.788339
19,6.0,0.069792,1.653963,1.613359
19,6.5,0.252811,0.641455,0.589051
19,7.0,4.570358,0.46947,1.270978
19,7.5,8.085929,2.739052,7.119704
19,8.0,0.149037,2.629089,3.098973
19,8.5,0.074423,1.133419,1.024637
19,9.0,0.680246,0.446329,0.497895
19,9.5,11.565841,0.897105,3.279142
19,10.0,1.717545,3.312165,5.910817
19,10.5,0.06644,1.998031,2.044711
19,11.0,0.126991,0.78649,0.693764
19,11.5,2.006322,0.381128,0.69095
19,12.0,14.208911,1.8951,6.276567
19,12.5,0.348786,3.074339,4.172772
19,13.0,0.05507,1.466943,1.37737
19,13.5,0.283937,0.557665,0.517033
19,14.0,5.692676,0.49447,1.508646
19,14.5,6.250616,2.967074,7.154933
19,15.0,0.110304,2.522866,2.865889
19,15.5,0.071555,1.058774,0.9449
19,16.0,0.745583,0.418676,0.484769
19,16.5,12.453286,0.969237,3.593754
19,17.0,1.410145,3.336468,5.746934
19,17.5,0.060091,1.943747,1.963991
19,18.0,0.128204,0.758738,0.667193
19,18.5,2.117935,0.375284,0.705553
19,19.0,14.035379,1.962643,6.43129
19,19.5,0.317653,3.057413,4.098083
19,20.0,0.053573,1.444348,1.350167
19,20.5,0.288025,0.547891,0.508832
19,21.0,5.840707,0.498358,1.540804
19,21.5,6.04384,2.992343,7.150691
19,22.0,0.106471,2.51032,2.839799
19,22.5,0.071172,1.050353,0.935999
19,23.0,0.752615,0.415547,0.483199
19,23.5,12.547919,0.977177,3.62829
19,24.0,1.380363,3.338948,5.730055
19,24.5,0.059402,1.938251,1.955821
19,25.0,0.128155,0.755913,0.664446
20,0.0,1.502604,1.206644,1.347854
20,0.5,6.149649,1.120574,2.630456
20,1.0,3.916698,2.336132,4.631954
20,1.5,0.649694,1.850084,2.282234
20,2.0,1.115306,0.955514,1.170296
20,2.5,7.123016,1.026714,2.674192
20,3.0,3.584901,2.576059,5.079982
20,3.5,0.387796,1.902755,2.206143
20,4.0,0.697858,0.88482,0.9677
20,4.5,6.357158,0.805885,2.12058
20,5.0,4.841005,2.67511,5.82312
20,5.5,0.272265,2.152314,2.496479
20,6.0,0.322583,0.951766,0.930058
20,6.5,3.372985,0.565794,1.172185
20,7.0,9.972603,2.250825,6.263419
20,7.5,0.343137,2.653005,3.394116
20,8.0,0.136665,1.229218,1.16429
20,8.5,1.00922,0.519274,0.639244
20,9.0,12.268042,1.132351,3.919534
20,9.5,1.307522,3.163529,5.265301
20,10.0,0.089749,1.805901,1.825721
20,10.5,0.240767,0.71599,0.658541
20,11.0,3.90778,0.467181,1.146268
20,11.5,9.376915,2.55442,6.970881
20,12.0,0.190554,2.694738,3.271551
20,12.5,0.079445,1.188037,1.086074
20,13.0,0.657791,0.468853,0.514884
20,13.5,11.06265,0.867811,3.12749
20,14.0,1.909445,3.285617,5.974397
20,14.5,0.071977,2.021658,2.084564
20,15.0,0.130709,0.800268,0.708481
20,15.5,2.012949,0.387845,0.699387
20,16.0,14.129595,1.890824,6.246883
20,16.5,0.355984,3.066054,4.166591
20,17.0,0.056891,1.465005,1.376948
20,17.5,0.29386,0.558036,0.519718
20,18.0,5.840727,0.504452,1.549574
20,18.5,6.037497,2.982978,7.121315
20,19.0,0.109147,2.503502,2.834227
20,19.5,0.073734,1.048491,0.935426
20,20.0,0.780648,0.416795,0.490025
20,20.5,12.709981,1.001888,3.711944
20,21.0,1.322277,3.33216,5.668914
20,21.5,0.059711,1.919599,1.932316
20,22.0,0.133377,0.747963,0.658405
20,22.5,2.233542,0.377338,0.729293
20,23.0,13.760341,2.020372,6.535637
20,23.5,0.29815,3.032538,4.024048
20,24.0,0.054106,1.421801,1.325173
20,24.5,0.302706,0.539459,0.504351
20,25.0,6.141814,0.513175,1.616348
21,0.0,1.647498,1.452077,1.330369
21,0.5,5.292109,1.093459,2.367153
21,1.0,4.692449,2.199919,4.579197
21,1.5,0.808481,1.927647,2.493483
21,2.0,1.095603,1.035109,1.268192
21,2.5,6.281147,1.002483,2.452583
21,3.0,4.258366,2.457058,5.050536
21,3.5,0.480905,1.956316,2.349912
21,4.0,0.736386,0.940452,1.04463
21,4.5,6.013924,0.82482,2.084457
21,5.0,5.112958,2.589696,5.699947
21,5.5,0.322715,2.149247,2.536138
21,6.0,0.371293,0.96954,0.9661
21,6.5,3.64966,0.601094,1.273468
21,7.0,9.259247,2.295527,6.196072
21,7.5,0.348418,2.58071,3.273519
21,8.0,0.161213,1.192855,1.135795
21,8.5,1.24712,0.522298,0.692333
21,9.0,12.810778,1.298245,4.412929
21,9.5,1.022569,3.103848,4.910413
21,10.0,0.094713,1.696599,1.69214
21,10.5,0.310156,0.672794,0.634447
21,11.0,5.108705,0.524339,1.444734
21,11.5,7.064017,2.791384,6.935838
21,12.0,0.152573,2.526908,2.941859
21,12.5,0.093646,1.083126,0.981871
21,13.0,0.920087,0.442585,0.543219
21,13.5,13.05029,1.107356,4.01136
21,14.0,1.161294,3.272121,5.400732
21,14.5,0.066413,1.839767,1.840115
21,15.0,0.171056,0.717454,0.640212
21,15.5,2.922735,0.404915,0.888037
21,16.0,11.896355,2.296999,6.896114
21,16.5,0.229109,2.886444,3.658238
21,17.0,0.061137,1.309202,1.205667
21,17.5,0.41523,0.50103,0.493602
21,18.0,8.12382,0.628841,2.153807
21,18.5,3.631345,3.20163,6.713688
21,19.0,0.083457,2.28448,2.46568
21,19.5,0.089936,0.927659,0.819917
21,20.0,1.155128,0.390111,0.537935
21,20.5,14.543132,1.331087,4.832841
21,21.0,0.735378,3.27036,5.013534
21,21.5,0.054972,1.720027,1.675976
21,22.0,0.178931,0.660021,0.587338
21,22.5,3.331284,0.401653,0.959248
21,23.0,10.917401,2.457891,7.117005
21,23.5,0.187136,2.833076,3.499525
21,24.0,0.058477,1.260102,1.149949
21,24.5,0.433995,0.481049,0.478933
21,25.0,8.60016,0.650541,2.276054
22,0.0,1.338811,0.955925,0.546227
22,0.5,10.442533,1.104766,3.466328
22,1.0,1.87286,2.97083,5.192287
22,1.5,0.15545,1.81065,1.897725
22,2.0,0.391228,0.750681,0.734968
22,2.5,5.380167,0.595791,1.598333
22,3.0,6.509515,2.750536,6.629709
22,3.5,0.182706,2.430182,2.831972
22,4.0,0.132674,1.048868,0.963974
22,4.5,1.343478,0.458844,0.644941
22,5.0,13.805738,1.411432,4.890137
22,5.5,0.762258,3.148707,4.779578
22,6.0,0.074491,1.652012,1.616066
22,6.5,0.269635,0.643339,0.595186
22,7.0,4.796387,0.485409,1.333653
22,7.5,7.652811,2.773372,7.079973
22,8.0,0.146197,2.593114,3.036788
22,8.5,0.078869,1.113524,1.006125
22,9.0,0.743588,0.442539,0.507256
22,9.5,12.082679,0.956115,3.497495
22,10.0,1.518516,3.30798,5.759497
22,10.5,0.0656,1.950204,1.980837
22,11.0,0.137406,0.764888,0.67607
22,11.5,2.231173,0.384994,0.737185
22,12.0,13.699493,2.00959,6.490513
22,12.5,0.307309,3.025098,4.023161
22,13.0,0.056207,1.421419,1.326718
22,13.5,0.314085,0.540633,0.508078
22,14.0,6.302284,0.524693,1.662149
22,14.5,5.435218,3.04463,7.065082
22,15.0,0.101218,2.457952,2.751112
22,15.5,0.075663,1.021492,0.908631
22,16.0,0.837724,0.409204,0.494158
22,16.5,13.156994,1.056681,3.916385
22,17.0,1.180514,3.329066,5.547894
22,17.5,0.058137,1.882038,1.881963
22,18.0,0.139592,0.73071,0.643685
22,18.5,2.392628,0.378964,0.760595
22,19.0,13.373186,2.097354,6.669934
22,19.5,0.273378,3.001102,3.930195
22,20.0,0.054437,1.393152,1.293274
22,20.5,0.320422,0.528605,0.498267
22,21.0,6.511262,0.531297,1.709509
22,21.5,5.18751,3.07437,7.049933
22,22.0,0.096884,2.44143,2.71855
22,22.5,0.075257,1.010894,0.89758
22,23.0,0.848719,0.405394,0.492685
22,23.5,13.273654,1.068514,3.964783
22,24.0,1.147384,3.33098,5.524849
22,24.5,0.057322,1.874765,1.871511
22,25.0,0.139649,0.727073,0.640206
23,0.0,1.155076,0.821877,1.112793
23,0.5,8.302599,1.091185,3.050399
23,1.0,2.73756,2.697405,5.002117
23,1.5,0.304395,1.818619,2.02511
23,2.0,0.679764,0.818049,0.885945
23,2.5,6.927374,0.80103,2.223874
23,3.0,4.344151,2.781012,5.906817
23,3.5,0.222904,2.134487,2.422553
23,4.0,0.28393,0.923667,0.886457
23,4.5,3.192649,0.534052,1.096143
23,5.0,10.518787,2.22866,6.344299
23,5.5,0.329982,2.711051,3.481653
23,6.0,0.117277,1.255456,1.183081
23,6.5,0.838595,0.516475,0.600176
23,7.0,11.572012,1.002202,3.500781
23,7.5,1.622672,3.201568,5.578588
23,8.0,0.086457,1.903543,1.948599
23,8.5,0.193571,0.756276,0.684809
23,9.0,3.053085,0.432467,0.944635
23,9.5,11.426754,2.310643,6.816053
23,10.0,0.239726,2.838198,3.589264
23,10.5,0.070216,1.287555,1.188629
23,11.0,0.491789,0.498798,0.508212
23,11.5,9.070097,0.704066,2.454282
23,12.0,2.953185,3.23439,6.456346
23,12.5,0.080894,2.189526,2.32747
23,13.0,0.105259,0.881772,0.78012
23,13.5,1.443418,0.388684,0.592121
23,14.0,14.787247,1.541525,5.424873
23,14.5,0.549608,3.196973,4.661307
23,15.0,0.055735,1.614317,1.549796
23,15.5,0.220001,0.61695,0.557275
23,16.0,4.241614,0.435283,1.166522
23,16.5,8.794151,2.700265,7.226982
23,17.0,0.147037,2.696005,3.203765
23,17.5,0.064065,1.166994,1.053914
23,18.0,0.55694,0.451023,0.476797
23,18.5,10.394414,0.778988,2.831866
23,19.0,2.236125,3.311265,6.245791
23,19.5,0.068064,2.106316,2.191759
23,20.0,0.105593,0.836027,0.734934
23,20.5,1.562508,0.375923,0.60181
23,21.0,14.900156,1.633821,5.696183
23,21.5,0.474454,3.180499,4.540174
23,22.0,0.052993,1.57787,1.503601
23,22.5,0.224108,0.600507,0.542797
23,23.0,4.41816,0.437485,1.201325
23,23.5,8.441895,2.74646,7.254381
23,24.0,0.138604,2.677486,3.159124
23,24.5,0.063367,1.152888,1.038531
23,25.0,0.56486,0.445526,0.473268
24,0.0,1.780105,0.850909,0.587454
24,0.5,11.899828,1.390525,4.423512
24,1.0,1.091597,2.946905,4.622716
24,1.5,0.140649,1.618255,1.633866
24,2.0,0.513347,0.664621,0.677425
24,2.5,7.356185,0.697154,2.128028
24,3.0,4.173141,2.984587,6.375578
24,3.5,0.137305,2.229766,2.467627
24,4.0,0.155662,0.930344,0.848584
24,4.5,1.895306,0.441647,0.735192
24,5.0,13.762826,1.765511,5.816306
24,5.5,0.467197,3.035879,4.244756
24,6.0,0.072888,1.489006,1.41971
24,6.5,0.355549,0.577079,0.552354
24,7.0,6.535361,0.56464,1.764417
24,7.5,5.130457,3.028654,6.89757
24,8.0,0.109739,2.403302,2.684012
24,8.5,0.090616,0.999552,0.893284
24,9.0,1.029737,0.413203,0.536168
24,9.5,13.895978,1.215272,4.424287
24,10.0,0.918374,3.278139,5.205628
24,10.5,0.059806,1.778655,1.754501
24,11.0,0.173799,0.687546,0.612189
24,11.5,3.109187,0.401718,0.918649
24,12.0,11.456543,2.37501,7.013779
24,12.5,0.207103,2.862834,3.582887
24,13.0,0.059464,1.285951,1.178846
24,13.5,0.42136,0.491275,0.485777
24,14.0,8.316573,0.6363,2.200946
24,14.5,3.486028,3.220127,6.692436
24,15.0,0.080635,2.272685,2.443924
24,15.5,0.089233,0.920428,0.812367
24,16.0,1.160792,0.387326,0.536282
24,16.5,14.593998,1.337683,4.859263
24,17.0,0.724046,3.271819,5.005198
24,17.5,0.05436,1.717458,1.672043
24,18.0,0.177891,0.658576,0.585684
24,18.5,3.322306,0.400402,0.956118
24,19.0,10.944425,2.456455,7.120026
24,19.5,0.186949,2.835576,3.503487
24,20.0,0.058121,1.261358,1.151043
24,20.5,0.430532,0.481277,0.478399
24,21.0,8.553216,0.64702,2.261606
24,21.5,3.315545,3.239915,6.660037
24,22.0,0.077744,2.257099,2.416737
24,22.5,0.089012,0.91138,0.803222
24,23.0,1.175916,0.384374,0.536292
24,23.5,14.662652,1.351708,4.907946
24,24.0,0.705109,3.270945,4.98394
24,24.5,0.053748,1.711021,1.663415
24,25.0,0.178096,0.655521,0.582841
25,0.0,0.922076,0.940391,1.492875
25,0.5,5.504608,0.972808,2.258708
25,1.0,4.971892,2.339296,5.013603
25,1.5,0.579603,2.018905,2.512654
25,2.0,0.74013,0.999842,1.118011
25,2.5,5.497198,0.824168,1.979141
25,3.0,5.643663,2.489184,5.623264
25,3.5,0.381463,2.179481,2.632807
25,4.0,0.396925,1.004907,1.014922
25,4.5,3.619394,0.622671,1.296833
25,5.0,9.189129,2.259789,6.077411
25,5.5,0.380372,2.56148,3.272868
25,6.0,0.179032,1.194297,1.146144
25,6.5,1.364584,0.533569,0.728983
25,7.0,12.804103,1.366726,4.577962
25,7.5,0.950912,3.062955,4.762803
25,8.0,0.101097,1.652262,1.642818
25,8.5,0.357445,0.657997,0.631888
25,9.0,5.809519,0.56563,1.633404
25,9.5,5.996069,2.885029,6.826203
25,10.0,0.140651,2.437333,2.784301
25,10.5,0.104884,1.03242,0.933984
25,11.0,1.114843,0.434108,0.573894
25,11.5,13.814603,1.266797,4.533123
25,12.0,0.888085,3.233558,5.079538
25,12.5,0.065556,1.741626,1.715999
25,13.0,0.202848,0.675355,0.608496
25,13.5,3.616345,0.426847,1.041933
25,14.0,10.151937,2.520075,7.090974
25,14.5,0.182931,2.770946,3.387355
25,15.0,0.06549,1.224721,1.116679
25,15.5,0.514193,0.47274,0.488295
25,16.0,9.651459,0.731543,2.60895
25,16.5,2.615827,3.27671,6.381238
25,17.0,0.073807,2.156354,2.269676
25,17.5,0.103271,0.862308,0.760015
25,18.0,1.465249,0.381438,0.588926
25,18.5,14.878383,1.563363,5.501578
25,19.0,0.525686,3.198954,4.638037
25,19.5,0.054048,1.607279,1.539475
25,20.0,0.216453,0.613059,0.552698
25,20.5,4.2107,0.431324,1.155852
25,21.0,8.86618,2.697382,7.240513
25,21.5,0.146435,2.703271,3.214544
25,22.0,0.06289,1.170458,1.056833
25,22.5,0.543955,0.451452,0.474491
25,23.0,10.254489,0.766206,2.782317
25,23.5,2.305545,3.309889,6.284667
25,24.0,0.068292,2.119192,2.20957
25,24.5,0.10333,0.842012,0.739999
25,25.0,1.51651,0.375697,0.592846
26,0.0,1.335548,1.675847,1.49647
26,0.5,3.529732,0.98117,1.764696
26,1.0,6.951314,1.886823,4.500083
26,1.5,1.122188,2.207437,3.155522
26,2.0,0.734977,1.236514,1.420836
26,2.5,3.715064,0.831858,1.618378
26,3.0,7.703869,2.061769,5.142181
26,3.5,0.717455,2.328236,3.132974
26,4.0,0.448491,1.182384,1.245444
26,4.5,2.936778,0.682474,1.238841
26,5.0,9.884225,1.968202,5.466898
26,5.5,0.613603,2.592001,3.538283
26,6.0,0.231494,1.286432,1.279679
26,6.5,1.448572,0.592389,0.812058
26,7.0,12.090348,1.375002,4.453386
26,7.5,1.063798,2.978336,4.669958
26,8.0,0.129296,1.630237,1.639877
26,8.5,0.465561,0.663692,0.664674
26,9.0,6.918908,0.657948,1.981945
26,9.5,4.621518,2.963915,6.509631
26,10.0,0.137612,2.2862,2.551409
26,10.5,0.139426,0.95735,0.870384
26,11.0,1.641492,0.436853,0.680626
26,11.5,14.090283,1.622816,5.49863
26,12.0,0.551087,3.098646,4.462786
26,12.5,0.069975,1.555164,1.494861
26,13.0,0.303562,0.601559,0.563394
26,13.5,5.605246,0.515059,1.522273
26,14.0,6.347236,2.916907,7.045661
26,14.5,0.123583,2.50498,2.861432
26,15.0,0.081851,1.057177,0.948631
26,15.5,0.848444,0.425596,0.512134
26,16.0,12.964628,1.056798,3.880879
26,16.5,1.221355,3.307787,5.531727
26,17.0,0.061909,1.878382,1.882894
26,17.5,0.149048,0.731411,0.647212
26,18.0,2.532955,0.387764,0.79636
26,18.5,12.966252,2.152019,6.733418
26,19.0,0.261597,2.967126,3.850967
26,19.5,0.056754,1.368763,1.268082
26,20.0,0.348163,0.520734,0.497189
26,20.5,6.995627,0.559732,1.839816
26,21.0,4.652549,3.119077,6.951969
26,21.5,0.09237,2.391201,2.636032
26,22.0,0.07975,0.983858,0.872188
26,22.5,0.938551,0.399958,0.505216
26,23.0,13.772929,1.14916,4.244115
26,23.5,0.991338,3.315734,5.355557
26,24.0,0.05638,1.823215,1.805249
26,24.5,0.15138,0.70439,0.621926
26,25.0,2.682799,0.384076,0.819899
27,0.0,1.10958,1.721031,0.750459
27,0.5,4.447955,0.796163,1.62483
27,1.0,7.226937,2.297052,5.61735
27,1.5,0.472161,2.323105,2.94368
27,2.0,0.344917,1.104448,1.111978
27,2.5,2.752214,0.608719,1.103861
27,3.0,10.78347,1.978282,5.715397
27,3.5,0.521653,2.699193,3.657589
27,4.0,0.165291,1.315794,1.280049
27,4.5,1.026516,0.565333,0.691302
27,5.0,11.671773,1.119413,3.775626
27,5.5,1.467798,3.105703,5.24711
27,6.0,0.106646,1.806742,1.845289
27,6.5,0.281374,0.725197,0.678933
27,7.0,4.364758,0.503564,1.278671
27,7.5,8.371243,2.633724,6.901704
27,8.0,0.184285,2.609905,3.122321
27,8.5,0.092294,1.140826,1.042646
27,9.0,0.82153,0.461044,0.541283
27,9.5,12.287658,1.014968,3.662247
27,10.0,1.415252,3.271703,5.597114
27,10.5,0.07054,1.901938,1.92541
27,11.0,0.160982,0.746689,0.665627
27,11.5,2.644065,0.401847,0.832863
27,12.0,12.596435,2.183421,6.736108
27,12.5,0.260335,2.933632,3.788663
27,13.0,0.060826,1.349435,1.249992
27,13.5,0.38482,0.515972,0.500937
27,14.0,7.555158,0.596878,1.999111
27,14.5,4.108562,3.158354,6.820014
27,15.0,0.088884,2.332878,2.544759
27,15.5,0.086509,0.953815,0.844802
27,16.0,1.065832,0.395571,0.525921
27,16.5,14.263338,1.256779,4.594961
27,17.0,0.830204,3.287992,5.1451
27,17.5,0.055865,1.759681,1.725718
27,18.0,0.16885,0.677169,0.600889
27,18.5,3.083364,0.395106,0.906165
27,19.0,11.553558,2.374405,7.037314
27,19.5,0.204204,2.873482,3.596743
27,20.0,0.057486,1.290365,1.182133
27,20.5,0.404865,0.491627,0.48251
27,21.0,8.096357,0.619657,2.13356
27,21.5,3.657688,3.21072,6.751203
27,22.0,0.081324,2.295062,2.476973
27,22.5,0.086059,0.93139,0.822016
27,23.0,1.101663,0.388198,0.525667
27,23.5,14.461746,1.290816,4.716764
27,24.0,0.776695,3.286512,5.089787
27,24.5,0.05434,1.742841,1.702979
27,25.0,0.169703,0.669167,0.593509
28,0.0,0.534068,0.635072,1.583539
28,0.5,4.836845,0.835581,1.931031
28,1.0,6.176758,2.329902,5.385588
28,1.5,0.508085,2.19162,2.749428
28,2.0,0.476363,1.053467,1.09871
28,2.5,3.810822,0.677333,1.411403
28,3.0,8.554933,2.251884,5.880649
28,3.5,0.426443,2.480875,3.17636
28,4.0,0.230513,1.168425,1.140076
28,4.5,1.775224,0.556704,0.840148
28,5.0,12.553858,1.587358,5.081609
28,5.5,0.748216,2.942182,4.336705
28,6.0,0.11892,1.523027,1.498457
28,6.5,0.525575,0.616019,0.630848
28,7.0,8.007287,0.713655,2.276952
28,7.5,3.640477,3.065974,6.353456
28,8.0,0.117815,2.195804,2.392021
28,8.5,0.145559,0.904694,0.8184
28,9.0,1.863852,0.427094,0.713285
28,9.5,13.966744,1.763532,5.85492
28,10.0,0.453298,3.057796,4.271582
28,10.5,0.068047,1.496954,1.424532
28,11.0,0.328573,0.57734,0.546222
28,11.5,6.168495,0.538753,1.658935
28,12.0,5.582353,2.997204,6.987932
28,12.5,0.112047,2.448529,2.755846
28,13.0,0.084275,1.022953,0.914378
28,13.5,0.924616,0.416064,0.518109
28,14.0,13.46991,1.127206,4.135959
28,14.5,1.063002,3.301118,5.384954
28,15.0,0.059989,1.833039,1.822728
28,15.5,0.15753,0.710772,0.629836
28,16.0,2.74978,0.391132,0.840248
28,16.5,12.407228,2.243809,6.867236
28,17.0,0.236564,2.927664,3.742529
28,17.5,0.057323,1.335411,1.231522
28,18.0,0.372896,0.508432,0.491199
28,18.5,7.474057,0.585581,1.966384
28,19.0,4.186731,3.161752,6.864994
28,19.5,0.087356,2.347578,2.563328
28,20.0,0.082741,0.959941,0.849319
28,20.5,1.011793,0.394585,0.514384
28,21.0,14.120025,1.213738,4.463219
28,21.5,0.884774,3.303097,5.230102
28,22.0,0.05544,1.785187,1.756608
28,22.5,0.15991,0.687666,0.608391
28,23.0,2.891795,0.38866,0.863558
28,23.5,12.066397,2.306895,6.968554
28,24.0,0.218244,2.908246,3.679773
28,24.5,0.056191,1.316133,1.209332
28,25.0,0.378571,0.500433,0.484972
29,0.0,1.192816,0.741908,1.251567
29,0.5,8.382927,1.151613,3.203141
29,1.0,2.541475,2.659771,4.821046
29,1.5,0.332934,1.761937,1.963039
29,2.0,0.813943,0.806776,0.908547
29,2.5,7.733534,0.889319,2.539382
29,3.0,3.538492,2.80991,5.641909
29,3.5,0.223682,2.021474,2.255555
29,4.0,0.355964,0.872437,0.853993
29,4.5,4.140369,0.578046,1.337474
29,5.0,8.503992,2.468794,6.468706
29,5.5,0.265868,2.55109,3.131276
29,6.0,0.139809,1.145701,1.072492
29,6.5,1.19193,0.493831,0.650801
29,7.0,13.115015,1.280387,4.429872
29,7.5,0.988202,3.148799,4.9807
29,8.0,0.083951,1.715595,1.704781
29,8.5,0.267921,0.674853,0.625424
29,9.0,4.543904,0.486641,1.289071
29,9.5,8.092808,2.706496,7.026631
29,10.0,0.161231,2.612483,3.09176
29,10.5,0.082235,1.131037,1.026583
29,11.0,0.750232,0.450873,0.516677
29,11.5,12.003745,0.958173,3.487321
29,12.0,1.538771,3.296741,5.747223
29,12.5,0.067641,1.94738,1.980216
29,13.0,0.142121,0.764855,0.677524
29,13.5,2.299449,0.389168,0.754498
29,14.0,13.509404,2.038673,6.53094
29,14.5,0.299827,3.007769,3.98049
29,15.0,0.057373,1.408353,1.313037
29,15.5,0.327826,0.536314,0.507183
29,16.0,6.546105,0.53861,1.726781
29,16.5,5.142545,3.069756,7.018492
29,17.0,0.098616,2.431806,2.70734
29,17.5,0.077926,1.0072,0.895112
29,18.0,0.882565,0.406183,0.500164
29,18.5,13.430896,1.097486,4.060128
29,19.0,1.093921,3.322278,5.45972
29,19.5,0.057587,1.855065,1.847006
29,20.0,0.145514,0.718757,0.633974
29,20.5,2.531223,0.381729,0.789299
29,21.0,13.013936,2.159204,6.765941
29,21.5,0.255833,2.97371,3.854296
29,22.0,0.055024,1.369889,1.267818
29,22.5,0.337386,0.520061,0.494128
29,23.0,6.84635,0.548834,1.796217
29,23.5,4.811883,3.109098,6.991987
29,24.0,0.092939,2.408665,2.662776
29,24.5,0.077446,0.992643,0.880031
29,25.0,0.899501,0.401058,0.498572
30,0.0,0.728468,1.544481,1.169234
30,0.5,3.114784,0.759725,1.336737
30,1.0,9.167183,1.955729,5.252306
30,1.5,0.703933,2.503168,3.443525
30,2.0,0.305081,1.266298,1.289764
30,2.5,1.886598,0.626146,0.945207
30,3.0,11.673654,1.584589,4.885333
30,3.5,0.869631,2.843617,4.236285
30,4.0,0.160892,1.499441,1.499573
30,4.5,0.719821,0.628896,0.689642
30,5.0,9.35067,0.867146,2.808354
30,5.5,2.635265,3.067854,5.857567
30,6.0,0.124696,2.021298,2.154131
30,6.5,0.215063,0.828054,0.763572
30,7.0,2.970644,0.464208,0.967155
30,7.5,11.426096,2.236216,6.598995
30,8.0,0.281194,2.816787,3.608811
30,8.5,0.082975,1.293661,1.204389
30,9.0,0.56913,0.509068,0.534881
30,9.5,9.732795,0.774146,2.702669
30,10.0,2.54338,3.231961,6.224386
30,10.5,0.082869,2.112236,2.22375
30,11.0,0.124965,0.84739,0.753104
30,11.5,1.787885,0.395274,0.664733
30,12.0,14.426932,1.753994,5.927224
30,12.5,0.426886,3.107518,4.337275
30,13.0,0.058512,1.516686,1.438159
30,13.5,0.27498,0.579407,0.535373
30,14.0,5.373356,0.486373,1.439705
30,14.5,6.723588,2.909341,7.158962
30,15.0,0.119339,2.551152,2.925542
30,15.5,0.072317,1.077979,0.965234
30,16.0,0.728613,0.425756,0.488098
30,16.5,12.229437,0.950386,3.512276
30,17.0,1.48298,3.330815,5.788151
30,17.5,0.06167,1.957205,1.983886
30,18.0,0.128043,0.765601,0.673788
30,18.5,2.091872,0.376831,0.702354
30,19.0,14.076562,1.946824,6.39505
30,19.5,0.324804,3.06109,4.114955
30,20.0,0.053977,1.44945,1.356356
30,20.5,0.287453,0.550136,0.5108
30,21.0,5.812174,0.497827,1.534917
30,21.5,6.08287,2.987197,7.150532
30,22.0,0.107292,2.512461,2.844551
30,22.5,0.07134,1.051885,0.937669
30,23.0,0.752313,0.416188,0.48375
30,23.5,12.536208,0.976586,3.624857
30,24.0,1.383723,3.338237,5.730949
30,24.5,0.059543,1.938587,1.956475
30,25.0,0.128358,0.756146,0.664736
31,0.0,1.071532,0.952268,1.445424
31,0.5,6.09164,1.033234,2.485769
31,1.0,4.257566,2.395625,4.900307
31,1.5,0.552043,1.929846,2.352621
31,2.0,0.854981,0.953864,1.095159
31,2.5,6.367705,0.890534,2.269224
31,3.0,4.576084,2.582621,5.483991
31,3.5,0.348792,2.064845,2.425753
31,4.0,0.467039,0.940623,0.96405
31,4.5,4.519239,0.660147,1.527802
31,5.0,7.545312,2.46299,6.164816
31,5.5,0.311018,2.427099,2.973866
31,6.0,0.204388,1.099875,1.050779
31,6.5,1.803337,0.521376,0.80563
31,7.0,12.954447,1.634848,5.290851
31,7.5,0.653513,2.973241,4.313339
31,8.0,0.102849,1.513159,1.473841
31,8.5,0.468592,0.603496,0.604843
31,9.0,7.588192,0.666184,2.118998
31,9.5,4.018724,3.064631,6.523312
31,10.0,0.114012,2.256475,2.474307
31,10.5,0.125476,0.931294,0.838012
31,11.0,1.559505,0.418905,0.645716
31,11.5,14.362096,1.589131,5.464901
31,12.0,0.552683,3.136924,4.542075
31,12.5,0.064209,1.578793,1.517016
31,13.0,0.268222,0.607651,0.560539
31,13.5,5.047034,0.481402,1.373794
31,14.0,7.242254,2.840958,7.140035
31,14.5,0.131367,2.57875,2.989429
31,15.0,0.074206,1.098444,0.987654
31,15.5,0.720677,0.434101,0.494466
31,16.0,12.048551,0.93932,3.455612
31,16.5,1.541137,3.321902,5.809452
31,17.0,0.063577,1.964752,1.996673
31,17.5,0.129852,0.770072,0.678705
31,18.0,2.102957,0.379546,0.707342
31,18.5,14.027805,1.94946,6.391693
31,19.0,0.325813,3.056052,4.106855
31,19.5,0.054703,1.446954,1.354229
31,20.0,0.292432,0.549617,0.511477
31,20.5,5.893315,0.502857,1.556728
31,21.0,5.96912,2.996338,7.133958
31,21.5,0.106496,2.502476,2.827903
31,22.0,0.072323,1.046476,0.932608
31,22.5,0.769196,0.415083,0.486087
31,23.0,12.663529,0.992452,3.682754
31,23.5,1.340557,3.336401,5.693209
31,24.0,0.059314,1.926895,1.941071
31,24.5,0.130745,0.7509,0.66042
31,25.0,2.183456,0.375663,0.718162
32,0.0,1.042719,0.631475,0.677009
32,0.5,11.271682,1.095711,3.640569
32,1.0,1.608376,3.078964,5.279917
32,1.5,0.116322,1.821488,1.874657
32,2.0,0.296025,0.736379,0.69423
32,2.5,4.462775,0.517134,1.315203
32,3.0,8.154315,2.64062,6.854575
32,3.5,0.187332,2.586263,3.088157
32,4.0,0.098243,1.130049,1.034279
32,4.5,0.887024,0.461396,0.555097
32,5.0,12.619538,1.069434,3.84464
32,5.5,1.287454,3.257822,5.46774
32,6.0,0.071075,1.862023,1.874766
32,6.5,0.174746,0.729715,0.653189
32,7.0,2.918905,0.410681,0.894039
32,7.5,11.872124,2.287523,6.862012
32,8.0,0.234746,2.880937,3.657041
32,8.5,0.063031,1.308752,1.206649
32,9.0,0.427759,0.502077,0.497341
32,9.5,8.271356,0.641128,2.200981
32,10.0,3.515299,3.206402,6.669817
32,10.5,0.083315,2.268271,2.44237
32,11.0,0.092699,0.919939,0.813319
32,11.5,1.203686,0.389935,0.547176
32,12.0,14.624365,1.36829,4.942476
32,12.5,0.697062,3.257736,4.94738
32,13.0,0.055121,1.700184,1.652064
32,13.5,0.186057,0.651859,0.581507
32,14.0,3.489239,0.407148,0.99467
32,14.5,10.519735,2.505753,7.150911
32,15.0,0.178476,2.807367,3.441553
32,15.5,0.059451,1.241966,1.131039
32,16.0,0.455122,0.47502,0.47783
32,16.5,8.937924,0.672779,2.375194
32,17.0,3.052997,3.258967,6.574528
32,17.5,0.075486,2.224184,2.36654
32,18.0,0.092411,0.894653,0.787925
32,18.5,1.25239,0.382042,0.548732
32,19.0,14.796908,1.411445,5.086524
32,19.5,0.645026,3.253208,4.883179
32,20.0,0.053487,1.680794,1.626538
32,20.5,0.187397,0.642831,0.573305
32,21.0,3.561196,0.406992,1.007592
32,21.5,10.352482,2.530656,7.178659
32,22.0,0.17292,2.798874,3.417952
32,22.5,0.059002,1.234618,1.122788
32,23.0,0.457713,0.472028,0.475582
32,23.5,9.006919,0.675937,2.393114
32,24.0,3.009201,3.264293,6.565369
32,24.5,0.074676,2.220029,2.359307
32,25.0,0.092254,0.892232,0.785454
33,0.0,1.942846,1.862871,1.549561
33,0.5,3.608147,1.102525,1.963407
33,1.0,6.033091,1.824379,4.101355
33,1.5,1.434612,2.072149,3.05938
33,2.0,1.077133,1.260117,1.571465
33,2.5,4.354937,0.980357,1.99586
33,3.0,6.047353,2.090738,4.741879
33,3.5,0.857666,2.104498,2.822669
33,4.0,0.792992,1.120529,1.287387
33,4.5,4.706358,0.851409,1.86028
33,5.0,6.399092,2.290179,5.350755
33,5.5,0.53805,2.208741,2.799704
33,6.0,0.478376,1.071093,1.120484
33,6.5,3.711893,0.680776,1.396231
33,7.0,8.690496,2.219154,5.829163
33,7.5,0.447724,2.488765,3.209401
33,8.0,0.234596,1.17966,1.154907
33,8.5,1.766944,0.56231,0.84488
33,9.0,12.491067,1.577965,5.04403
33,9.5,0.766213,2.938064,4.344015
33,10.0,0.121563,1.52579,1.503861
33,10.5,0.533481,0.618496,0.635221
33,11.0,8.051413,0.719941,2.29602
33,11.5,3.601152,3.06437,6.330759
33,12.0,0.118701,2.188241,2.382368
33,12.5,0.148718,0.901608,0.816398
33,13.0,1.9097,0.428734,0.723897
33,13.5,13.882506,1.787453,5.902794
33,14.0,0.441995,3.046057,4.23538
33,14.5,0.068743,1.485964,1.412377
33,15.0,0.338375,0.573436,0.544811
33,15.5,6.339752,0.548254,1.704134
33,16.0,5.368678,3.016187,6.957863
33,16.5,0.109831,2.429988,2.724154
33,17.0,0.085961,1.012635,0.904558
33,17.5,0.958662,0.413952,0.522818
33,18.0,13.639616,1.156906,4.237175
33,18.5,1.008403,3.29518,5.324188
33,19.0,0.059645,1.814511,1.79899
33,19.5,0.162187,0.702659,0.623389
33,20.0,2.857881,0.393794,0.863222
33,20.5,12.121506,2.285761,6.91985
33,21.0,0.226434,2.907988,3.692104
33,21.5,0.057841,1.319835,1.214753
33,22.0,0.386607,0.502894,0.489049
33,22.5,7.723198,0.599939,2.034231
33,23.0,3.964747,3.18102,6.816031
33,23.5,0.085139,2.325149,2.526936
33,24.0,0.084521,0.947928,0.837984
33,24.5,1.053372,0.392168,0.520153
33,25.0,14.280554,1.249276,4.579928
34,0.0,0.898805,1.953765,1.668126
34,0.5,1.838465,0.884561,1.207816
34,1.0,8.951329,1.385179,3.810263
34,1.5,1.794333,2.589193,4.286799
34,2.0,0.376088,1.575806,1.727468
34,2.5,1.271853,0.755893,0.962719
34,3.0,9.753866,1.177277,3.522395
34,3.5,1.960351,2.824638,4.903806
34,4.0,0.221677,1.741115,1.857313
34,4.5,0.606545,0.751824,0.79317
34,5.0,7.160428,0.758435,2.195256
34,5.5,4.236718,2.872498,6.103547
34,6.0,0.180237,2.171002,2.432576
34,6.5,0.220958,0.922488,0.86382
34,7.0,2.6013,0.488342,0.925298
34,7.5,12.04669,2.05524,6.234082
34,8.0,0.367616,2.850582,3.777495
34,8.5,0.093657,1.346451,1.271397
34,9.0,0.580139,0.534973,0.562579
34,9.5,9.496602,0.777361,2.665501
34,10.0,2.659428,3.19638,6.197882
34,10.5,0.090341,2.110126,2.232111
34,11.0,0.135687,0.850593,0.760078
34,11.5,1.915398,0.404963,0.699305
34,12.0,14.127906,1.81695,6.038213
34,12.5,0.404305,3.069274,4.234804
34,13.0,0.061546,1.485645,1.40521
34,13.5,0.305046,0.568989,0.532699
34,14.0,5.909911,0.515756,1.578399
34,14.5,5.933678,2.980019,7.073632
34,15.0,0.111577,2.487185,2.81366
34,15.5,0.077676,1.041767,0.930517
34,16.0,0.829392,0.417428,0.50041
34,16.5,12.986245,1.044771,3.857966
34,17.0,1.226222,3.32138,5.56729
34,17.5,0.059961,1.888576,1.893017
34,18.0,0.14193,0.734647,0.648185
34,18.5,2.412742,0.382001,0.767673
34,19.0,13.301163,2.103103,6.669802
34,19.5,0.273439,2.994315,3.917867
34,20.0,0.055261,1.389333,1.289746
34,20.5,0.327255,0.527661,0.49894
34,21.0,6.621974,0.538266,1.739874
34,21.5,5.058884,3.08436,7.025467
34,22.0,0.096009,2.429093,2.6986
34,22.5,0.076522,1.004365,0.891533
34,23.0,0.871797,0.404196,0.496112
34,23.5,13.409122,1.089358,4.037448
34,24.0,1.104434,3.32705,5.479618
34,24.5,0.057116,1.860967,1.853755
34,25.0,0.142817,0.721006,0.63533
35,0.0,1.575335,1.174042,0.908362
35,0.5,7.979339,1.127436,3.01595
35,1.0,2.848796,2.621455,4.872619
35,1.5,0.362639,1.797936,2.03414
35,2.0,0.812283,0.832711,0.938152
35,2.5,7.440399,0.88334,2.470764
35,3.0,3.75456,2.770639,5.635643
35,3.5,0.241711,2.034671,2.291192
35,4.0,0.36988,0.885772,0.872755
35,4.5,4.170873,0.589458,1.359126
35,5.0,8.402935,2.462186,6.420239
35,5.5,0.274094,2.535783,3.115202
35,6.0,0.147819,1.141083,1.071265
35,6.5,1.263168,0.497501,0.669301
35,7.0,13.180998,1.326898,4.555711
35,7.5,0.93142,3.127148,4.885287
35,8.0,0.086142,1.686697,1.67104
35,8.5,0.289461,0.664079,0.620497
35,9.0,4.909913,0.505219,1.381552
35,9.5,7.420913,2.772002,6.999505
35,10.0,0.151857,2.562534,2.997158
35,10.5,0.086707,1.100818,0.996964
35,11.0,0.830642,0.443664,0.526117
35,11.5,12.59705,1.031694,3.756571
35,12.0,1.325175,3.290472,5.573076
35,12.5,0.066183,1.892683,1.907344
35,13.0,0.154404,0.740135,0.657267
35,13.5,2.576271,0.394532,0.811991
35,14.0,12.812149,2.162836,6.72807
35,14.5,0.262316,2.952656,3.825854
35,15.0,0.058692,1.360958,1.261044
35,15.5,0.364464,0.518991,0.499221
35,16.0,7.244093,0.576266,1.91031
35,16.5,4.401507,3.137144,6.892914
35,17.0,0.090835,2.364685,2.594447
35,17.5,0.082819,0.970185,0.859725
35,18.0,0.995237,0.397912,0.51438
35,18.5,14.015001,1.197815,4.405086
35,19.0,0.913444,3.303709,5.258063
35,19.5,0.056123,1.79374,1.768167
35,20.0,0.159215,0.691703,0.612048
35,20.5,2.862168,0.388811,0.858289
35,21.0,12.139963,2.294436,6.950199
35,21.5,0.221586,2.912583,3.69266
35,22.0,0.056326,1.320101,1.213807
35,22.5,0.376785,0.502014,0.486055
35,23.0,7.597864,0.590088,1.995813
35,23.5,4.076372,3.175343,6.85211
35,24.0,0.085373,2.339227,2.547662
35,24.5,0.082408,0.954776,0.843954
35,25.0,1.016848,0.392685,0.513522
36,0.0,0.644586,1.853904,1.183664
36,0.5,2.039185,0.726471,1.026664
36,1.0,10.787306,1.578878,4.673804
36,1.5,1.017346,2.741527,4.137343
36,2.0,0.218639,1.479994,1.51169
36,2.5,0.974161,0.650677,0.771888
36,3.0,10.32041,1.042305,3.346771
36,3.5,1.981635,3.01099,5.352281
36,4.0,0.142155,1.858152,1.949328
36,4.5,0.330334,0.764672,0.732663
36,5.0,4.644546,0.547937,1.391539
36,5.5,7.751064,2.644109,6.738048
36,6.0,0.19738,2.537009,3.022075
36,6.5,0.113531,1.109374,1.019887
36,7.0,1.050478,0.46484,0.591972
36,7.5,13.192641,1.196689,4.245603
36,8.0,1.05428,3.215823,5.184818
36,8.5,0.07344,1.775637,1.7681
36,9.0,0.211701,0.694188,0.629134
36,9.5,3.63762,0.437941,1.059548
36,10.0,10.06186,2.511005,7.038809
36,10.5,0.189497,2.756499,3.373414
36,11.0,0.069456,1.220223,1.1145
36,11.5,0.547904,0.473737,0.496402
36,12.0,9.993807,0.763791,2.730668
36,12.5,2.426019,3.279456,6.278564
36,13.0,0.073668,2.121969,2.222385
36,13.5,0.110167,0.846502,0.746917
36,14.0,1.596393,0.382707,0.615211
36,14.5,14.789799,1.648904,5.714472
36,15.0,0.472647,3.165293,4.507475
36,15.5,0.054738,1.568033,1.494043
36,16.0,0.235256,0.597618,0.542852
36,16.5,4.616764,0.448281,1.25134
36,17.0,8.046003,2.783406,7.237402
36,17.5,0.134387,2.648586,3.105353
36,18.0,0.065539,1.135712,1.021762
36,18.5,0.600849,0.440968,0.476422
36,19.0,10.963653,0.82462,3.023415
36,19.5,1.977624,3.325014,6.116999
36,20.0,0.065406,2.062739,2.128785
36,20.5,0.110652,0.814745,0.715854
36,21.0,1.689658,0.374363,0.624264
36,21.5,14.794465,1.716845,5.902091
36,22.0,0.426185,3.151619,4.423192
36,22.5,0.052894,1.542679,1.462391
36,23.0,0.238431,0.586312,0.532997
36,23.5,4.749245,0.450412,1.278082
36,24.0,7.802711,2.814538,7.249943
36,24.5,0.12904,2.635527,3.075108
36,25.0,0.065053,1.126102,1.011362
37,0.0,0.803545,0.958935,1.368829
37,0.5,5.290267,0.896745,2.076248
37,1.0,5.520572,2.369095,5.272567
37,1.5,0.507939,2.11196,2.617538
37,2.0,0.560315,1.017032,1.082899
37,2.5,4.516643,0.722718,1.620317
37,3.0,7.270658,2.386393,5.871978
37,3.5,0.384899,2.360789,2.933619
37,4.0,0.275327,1.093463,1.072406
37,4.5,2.342013,0.564192,0.965007
37,5.0,11.84049,1.85657,5.635605
37,5.5,0.548525,2.817895,3.907454
37,6.0,0.131386,1.390501,1.347956
37,6.5,0.731282,0.572848,0.634166
37,7.0,10.157376,0.893586,3.011529
37,7.5,2.234841,3.143601,5.823402
37,8.0,0.103635,1.993813,2.09081
37,8.5,0.192163,0.805157,0.733138
37,9.0,2.802452,0.440936,0.90769
37,9.5,11.957689,2.199417,6.625739
37,10.0,0.279005,2.867068,3.695505
37,10.5,0.074001,1.320461,1.227943
37,11.0,0.48752,0.513368,0.521203
37,11.5,8.8416,0.697121,2.400627
37,12.0,3.09569,3.211628,6.471361
37,12.5,0.084961,2.199452,2.348041
37,13.0,0.107929,0.888722,0.788092
37,13.5,1.459934,0.392859,0.599551
37,14.0,14.730085,1.548769,5.432556
37,14.5,0.549508,3.188496,4.643809
37,15.0,0.05683,1.609096,1.544868
37,15.5,0.226226,0.615493,0.557476
37,16.0,4.349666,0.441223,1.193768
37,16.5,8.566337,2.721788,7.220288
37,17.0,0.144481,2.6795,3.172596
37,17.5,0.065335,1.157071,1.044197
37,18.0,0.577277,0.448369,0.478529
37,18.5,10.634121,0.799491,2.914627
37,19.0,2.122647,3.315444,6.185792
37,19.5,0.067274,2.086229,2.163364
37,20.0,0.10857,0.826459,0.726601
37,20.5,1.628575,0.375792,0.614193
37,21.0,14.8448,1.676739,5.802043
37,21.5,0.4494,3.164641,4.477904
37,22.0,0.053116,1.559144,1.481823
37,22.5,0.232356,0.593047,0.53783
37,23.0,4.603063,0.444952,1.244481
37,23.5,8.077699,2.784893,7.252026
37,24.0,0.133248,2.653404,3.111044
37,24.5,0.064427,1.13757,1.023036
37,25.0,0.589274,0.440846,0.473916
38,0.0,0.765159,1.784921,1.637779
38,0.5,1.958266,0.849223,1.206697
38,1.0,9.277229,1.456266,4.045953
38,1.5,1.549566,2.59914,4.174203
38,2.0,0.354045,1.528003,1.650497
38,2.5,1.32559,0.730173,0.944682
38,3.0,10.166366,1.219756,3.699751
38,3.5,1.750294,2.845768,4.831902
38,4.0,0.206666,1.709735,1.803725
38,4.5,0.606274,0.732481,0.77217
38,5.0,7.365029,0.760647,2.238002
38,5.5,4.064454,2.903436,6.11242
38,6.0,0.169929,2.162434,2.40833
38,6.5,0.213746,0.913892,0.852237
38,7.0,2.565664,0.481117,0.909846
38,7.5,12.177365,2.048621,6.246617
38,8.0,0.364622,2.864248,3.799115
38,8.5,0.090376,1.352979,1.276538
38,9.0,0.554751,0.535434,0.557413
38,9.5,9.255372,0.754551,2.579213
38,10.0,2.807864,3.192922,6.269919
38,10.5,0.090582,2.13518,2.267167
38,11.0,0.12957,0.862197,0.769537
38,11.5,1.802384,0.403027,0.675705
38,12.0,14.319836,1.754128,5.904727
38,12.5,0.434349,3.096279,4.324372
38,13.0,0.060694,1.512792,1.435846
38,13.5,0.286674,0.579188,0.537979
38,14.0,5.550914,0.497915,1.487998
38,14.5,6.447134,2.931143,7.122987
38,15.0,0.11752,2.5273,2.885479
38,15.5,0.074911,1.065022,0.953164
38,16.0,0.770208,0.423223,0.494084
38,16.5,12.546863,0.989253,3.654291
38,17.0,1.371427,3.326544,5.693737
38,17.5,0.061143,1.927816,1.94508
38,18.0,0.134262,0.752415,0.662984
38,18.5,2.230519,0.3792,0.730754
38,19.0,13.751169,2.016493,6.5223
38,19.5,0.300798,3.0312,4.025332
38,20.0,0.054611,1.422162,1.32606
38,20.5,0.305198,0.539918,0.505357
38,21.0,6.175446,0.515705,1.626099
38,21.5,5.596639,3.033591,7.097293
38,22.0,0.10189,2.473916,2.776331
38,22.5,0.073702,1.029725,0.916088
38,23.0,0.805824,0.410485,0.489023
38,23.5,12.95812,1.027737,3.8148
38,24.0,1.245596,3.334456,5.613453
38,24.5,0.058353,1.902107,1.907842
38,25.0,0.134905,0.73953,0.650745
39,0.0,1.579194,1.14814,1.440963
39,0.5,6.297215,1.175952,2.77808
39,1.0,3.590318,2.32124,4.475541
39,1.5,0.688231,1.789188,2.206594
39,2.0,1.302792,0.946435,1.209412
39,2.5,7.59019,1.120444,2.955224
39,3.0,3.031905,2.568747,4.829801
39,3.5,0.406967,1.80379,2.070796
39,4.0,0.87732,0.852013,0.978135
39,4.5,7.502186,0.919013,2.548657
39,5.0,3.626997,2.741888,5.508445
39,5.5,0.261655,1.997541,2.253439
39,6.0,0.42464,0.877247,0.880036
39,6.5,4.677281,0.62707,1.510355
39,7.0,7.436607,2.544717,6.357926
39,7.5,0.261643,2.448753,2.956918
39,8.0,0.170846,1.091673,1.027234
39,8.5,1.564566,0.497366,0.730582
39,9.0,13.361589,1.519905,5.076956
39,9.5,0.717384,3.053639,4.537941
39,10.0,0.090029,1.580522,1.544304
39,10.5,0.366547,0.623058,0.599645
39,11.0,6.236575,0.573829,1.72404
39,11.5,5.458898,2.958419,6.83023
39,12.0,0.1257,2.406426,2.714351
39,12.5,0.101348,1.009586,0.908562
39,13.0,1.123056,0.424326,0.565703
39,13.5,13.976708,1.280205,4.597153
39,14.0,0.852601,3.24206,5.065539
39,14.5,0.063077,1.736907,1.707079
39,15.0,0.197377,0.671928,0.603716
39,15.5,3.553311,0.421176,1.023426
39,16.0,10.316676,2.507189,7.098812
39,16.5,0.183672,2.784523,3.411442
39,17.0,0.063847,1.232329,1.123762
39,17.5,0.495317,0.474416,0.485858
39,18.0,9.419705,0.712714,2.532883
39,18.5,2.750261,3.270799,6.441423
39,19.0,0.074514,2.1774,2.299872
39,19.5,0.100015,0.872408,0.768794
39,20.0,1.398768,0.38167,0.576454
39,20.5,14.880951,1.517309,5.379533
39,21.0,0.558608,3.215576,4.709751
39,21.5,0.053894,1.628804,1.564826
39,22.0,0.207566,0.621729,0.558614
39,22.5,4.012123,0.423657,1.110132
39,23.0,9.297417,2.650308,7.230794
39,23.5,0.153525,2.731177,3.272417
39,24.0,0.06171,1.188784,1.07555
39,24.5,0.517478,0.457215,0.474359
39,25.0,9.892628,0.738648,2.665508
40,0.0,1.376147,1.47477,0.626666
40,0.5,6.745399,0.924065,2.32918
40,1.0,4.273459,2.618896,5.459251
40,1.5,0.330881,2.035683,2.366777
40,2.0,0.475118,0.920933,0.944148
40,2.5,4.720015,0.664022,1.572896
40,3.0,7.233855,2.507552,6.19121
40,3.5,0.29381,2.405576,2.920652
40,4.0,0.204543,1.082531,1.031481
40,4.5,1.859027,0.516688,0.811587
40,5.0,12.961047,1.669367,5.38345
40,5.5,0.619921,2.965841,4.26628
40,6.0,0.101478,1.498406,1.455025
40,6.5,0.475418,0.597006,0.600008
40,7.0,7.730923,0.672964,2.156562
40,7.5,3.896194,3.078077,6.504092
40,8.0,0.111557,2.245527,2.454819
40,8.5,0.125776,0.924835,0.831523
40,9.0,1.579969,0.417298,0.648002
40,9.5,14.371666,1.603708,5.505851
40,10.0,0.540595,3.133622,4.522026
40,10.5,0.063856,1.572707,1.509428
40,11.0,0.269807,0.604994,0.558396
40,11.5,5.091155,0.482759,1.383658
40,12.0,7.16861,2.849436,7.139644
40,12.5,0.130015,2.574108,2.979834
40,13.0,0.074258,1.095368,0.984459
40,13.5,0.724989,0.433083,0.49437
40,14.0,12.094416,0.943703,3.473303
40,14.5,1.524972,3.322478,5.799052
40,15.0,0.063345,1.961401,1.991951
40,15.5,0.130234,0.768458,0.67726
40,16.0,2.114107,0.379487,0.709362
40,16.5,14.004737,1.955472,6.403781
40,17.0,0.323461,3.053861,4.099479
40,17.5,0.054691,1.444714,1.351672
40,18.0,0.293544,0.548736,0.510911
40,18.5,5.918153,0.503967,1.562793
40,19.0,5.935224,2.999754,7.130921
40,19.5,0.106069,2.499926,2.823254
40,20.0,0.072442,1.044968,0.931116
40,20.5,0.772385,0.414662,0.486326
40,21.0,12.690279,0.995546,3.694436
40,21.5,1.331797,3.336286,5.686106
40,22.0,0.059225,1.924679,1.938086
40,22.5,0.131107,0.749879,0.659547
40,23.0,2.19254,0.375744,0.719939
40,23.5,13.867032,2.001268,6.504672
40,24.0,0.303819,3.042142,4.049998
40,24.5,0.05369,1.429724,1.333723
40,25.0,0.296271,0.542272,0.505493
41,0.0,1.123711,0.562421,1.240986
41,0.5,9.400214,1.193254,3.514246
41,1.0,2.03161,2.766927,4.810902
41,1.5,0.255121,1.722394,1.855586
41,2.0,0.707036,0.758868,0.826769
41,2.5,7.719324,0.828048,2.424802
41,3.0,3.67254,2.877597,5.874295
41,3.5,0.187699,2.083514,2.311634
41,4.0,0.271851,0.885258,0.841331
41,4.5,3.283343,0.518499,1.09393
41,5.0,10.429268,2.280419,6.468298
41,5.5,0.299754,2.715045,3.452849
41,6.0,0.108292,1.245854,1.167005
41,6.5,0.792773,0.507613,0.581491
41,7.0,11.443801,0.968949,3.406203
41,7.5,1.693753,3.220132,5.671325
41,8.0,0.083272,1.931478,1.981216
41,8.5,0.177388,0.76675,0.690287
41,9.0,2.784803,0.420496,0.880508
41,9.5,12.133739,2.219091,6.726774
41,10.0,0.260349,2.891297,3.712821
41,10.5,0.066677,1.325883,1.228453
41,11.0,0.437672,0.510801,0.507778
41,11.5,8.29209,0.649603,2.219071
41,12.0,3.494714,3.197448,6.635501
41,12.5,0.085407,2.258713,2.432397
41,13.0,0.096583,0.916666,0.81163
41,13.5,1.257323,0.392028,0.559648
41,14.0,14.660322,1.406538,5.047068
41,14.5,0.663752,3.241441,4.878102
41,15.0,0.055826,1.679448,1.627879
41,15.5,0.195607,0.643703,0.576304
41,16.0,3.687707,0.4151,1.040528
41,16.5,10.033808,2.560903,7.178944
41,17.0,0.16935,2.775395,3.372568
41,17.5,0.060955,1.220298,1.108768
41,18.0,0.484084,0.468108,0.477529
41,18.5,9.371731,0.703031,2.506794
41,19.0,2.782617,3.277426,6.476765
41,19.5,0.073149,2.187921,2.312043
41,20.0,0.09636,0.876439,0.771385
41,20.5,1.342343,0.379843,0.56381
41,21.0,14.891598,1.479064,5.280914
41,21.5,0.585407,3.231999,4.773784
41,22.0,0.053283,1.647989,1.586943
41,22.5,0.198274,0.629203,0.563273
41,23.0,3.816289,0.415559,1.064479
41,23.5,9.745104,2.60174,7.217713
41,24.0,0.160844,2.760592,3.333529
41,24.5,0.060291,1.208087,1.095206
41,25.0,0.489407,0.463226,0.474078
42,0.0,0.994792,0.716786,0.655104
42,0.5,10.46887,1.02181,3.320451
42,1.0,1.964834,3.049417,5.433824
42,1.5,0.12937,1.878802,1.964377
42,2.0,0.292092,0.76744,0.724689
42,2.5,4.204598,0.517177,1.267025
42,3.0,8.622224,2.570009,6.793408
42,3.5,0.206369,2.610291,3.154217
42,4.0,0.101084,1.15116,1.058591
42,4.5,0.877973,0.470412,0.562194
42,5.0,12.442533,1.057115,3.78395
42,5.5,1.339803,3.2492,5.487692
42,6.0,0.073435,1.86912,1.887021
42,6.5,0.177731,0.734122,0.658361
42,7.0,2.940905,0.414228,0.902257
42,7.5,11.798136,2.29152,6.85499
42,8.0,0.235498,2.873901,3.64577
42,8.5,0.06415,1.305224,1.203616
42,9.0,0.437666,0.501477,0.498947
42,9.5,8.40197,0.650986,2.241213
42,10.0,3.416497,3.21192,6.635665
42,10.5,0.082849,2.255278,2.423136
42,11.0,0.094609,0.91356,0.807705
42,11.5,1.239945,0.389517,0.553778
42,12.0,14.677018,1.395809,5.022874
42,12.5,0.670041,3.248637,4.899943
42,13.0,0.055166,1.68595,1.634897
42,13.5,0.191131,0.645989,0.577288
42,14.0,3.603228,0.411117,1.020265
42,14.5,10.240288,2.538761,7.171368
42,15.0,0.172696,2.789459,3.401744
42,15.5,0.060123,1.229482,1.11806
42,16.0,0.470183,0.470899,0.477187
42,16.5,9.172021,0.68862,2.445159
42,17.0,2.90411,3.269749,6.523204
42,17.5,0.074115,2.204851,2.337195
42,18.0,0.094366,0.884851,0.778955
42,18.5,1.298155,0.380701,0.556193
42,19.0,14.85517,1.446334,5.18824
42,19.5,0.613047,3.242608,4.826356
42,20.0,0.053336,1.663752,1.60587
42,20.5,0.19282,0.635711,0.567999
42,21.0,3.689612,0.411178,1.036061
42,21.5,10.042996,2.567348,7.20077
42,22.0,0.166552,2.779426,3.3746
42,22.5,0.059627,1.22101,1.108598
42,23.0,0.473464,0.467476,0.474678
42,23.5,9.254611,0.692598,2.467071
42,24.0,2.854421,3.275677,6.511738
42,24.5,0.073203,2.199886,2.3287
42,25.0,0.094212,0.882001,0.776064
43,0.0,1.381467,0.755889,1.88768
43,0.5,6.504329,1.274951,3.073574
43,1.0,3.029885,2.29409,4.198147
43,1.5,0.751842,1.679466,2.067118
43,2.0,1.697797,0.932354,1.293692
43,2.5,8.156041,1.302922,3.456504
43,3.0,2.265167,2.525297,4.382581
43,3.5,0.45086,1.638955,1.856418
43,4.0,1.296415,0.808206,1.032276
43,4.5,9.156466,1.1672,3.378355
43,5.0,2.199116,2.754042,4.869357
43,5.5,0.265365,1.748308,1.89852
43,6.0,0.695421,0.773558,0.840106
43,6.5,7.489846,0.817653,2.361961
43,7.0,3.860094,2.853752,5.894486
43,7.5,0.195762,2.099928,2.343951
43,8.0,0.272747,0.89627,0.853345
43,8.5,3.233222,0.521093,1.087566
43,9.0,10.516328,2.2595,6.431421
43,9.5,0.309211,2.719126,3.471434
43,10.0,0.109864,1.251784,1.174586
43,10.5,0.795,0.510659,0.585019
43,11.0,11.413252,0.969444,3.40154
43,11.5,1.70273,3.216001,5.667437
43,12.0,0.084202,1.930733,1.981458
43,12.5,0.179456,0.766934,0.691098
43,13.0,2.812006,0.422326,0.887716
43,13.5,12.0573,2.227986,6.733779
43,14.0,0.25868,2.885092,3.699373
43,14.5,0.067251,1.321717,1.224263
43,15.0,0.444503,0.509605,0.508148
43,15.5,8.389242,0.656435,2.248222
43,16.0,3.421612,3.202309,6.612365
43,16.5,0.08488,2.249615,2.418595
43,17.0,0.097773,0.912089,0.807516
43,17.5,1.281502,0.391597,0.563893
43,18.0,14.689431,1.42463,5.099313
43,18.5,0.646783,3.235572,4.847818
43,19.0,0.055822,1.670353,1.616909
43,19.5,0.198881,0.639948,0.573603
43,20.0,3.761845,0.417715,1.057246
43,20.5,9.858838,2.581114,7.189097
43,21.0,0.165943,2.76423,3.348216
43,21.5,0.061379,1.212638,1.100836
43,22.0,0.493849,0.46561,0.477256
43,22.5,9.516859,0.713267,2.55137
43,23.0,2.697803,3.283192,6.444516
43,23.5,0.072362,2.176164,2.294445
43,24.0,0.097613,0.870544,0.766026
43,24.5,1.371965,0.379144,0.568779
43,25.0,14.910695,1.500809,5.341907
44,0.0,1.371592,1.020305,1.386373
44,0.5,6.722552,1.136073,2.803342
44,1.0,3.470367,2.420537,4.661532
44,1.5,0.556859,1.810122,2.168566
44,2.0,1.087318,0.90894,1.103693
44,2.5,7.550784,1.023264,2.755911
44,3.0,3.327148,2.646301,5.143238
44,3.5,0.33494,1.895238,2.158357
44,4.0,0.632297,0.861745,0.922646
44,4.5,6.221428,0.766152,2.027136
44,5.0,5.082223,2.69756,5.972901
44,5.5,0.250794,2.20014,2.549971
44,6.0,0.274267,0.965741,0.928947
44,6.5,2.895592,0.535296,1.039773
44,7.0,11.099938,2.117625,6.178582
44,7.5,0.378183,2.753485,3.612244
44,8.0,0.118055,1.296557,1.230243
44,8.5,0.78456,0.531388,0.603669
44,9.0,11.057851,0.952097,3.29883
44,9.5,1.834722,3.191575,5.695449
44,10.0,0.090485,1.943233,2.006151
44,10.5,0.187158,0.77583,0.702261
44,11.0,2.873765,0.430758,0.909123
44,11.5,11.85798,2.242061,6.72505
44,12.0,0.259248,2.866653,3.667375
44,12.5,0.0701,1.311775,1.215368
44,13.0,0.47046,0.507695,0.512036
44,13.5,8.718456,0.681866,2.351571
44,14.0,3.184233,3.214967,6.526047
44,14.5,0.08372,2.21727,2.371
44,15.0,0.102868,0.896296,0.793712
44,15.5,1.379204,0.390986,0.582121
44,16.0,14.751878,1.494982,5.294777
44,16.5,0.587347,3.210926,4.732148
44,17.0,0.05606,1.635622,1.57555
44,17.5,0.212782,0.625836,0.56384
44,18.0,4.069407,0.429307,1.127661
44,18.5,9.161486,2.659,7.215999
44,19.0,0.153548,2.719233,3.252851
44,19.5,0.063274,1.182537,1.06993
44,20.0,0.535731,0.456037,0.477085
44,20.5,10.105591,0.756878,2.737881
44,21.0,2.378866,3.302881,6.310814
44,21.5,0.069467,2.128812,2.224638
44,22.0,0.103035,0.847104,0.744905
44,22.5,1.499739,0.376894,0.590876
44,23.0,14.925024,1.591147,5.585692
44,23.5,0.502067,3.195001,4.60241
44,24.0,0.053062,1.596567,1.525667
44,24.5,0.216895,0.608108,0.548142
44,25.0,4.250509,0.431173,1.162866
45,0.0,0.534206,1.937839,1.223455
45,0.5,1.556859,0.706202,0.88798
45,1.0,11.096347,1.35981,4.208301
45,1.5,1.284868,2.870877,4.595445
45,2.0,0.178578,1.620316,1.665188
45,2.5,0.631581,0.683981,0.726666
45,3.0,8.086257,0.78709,2.421118
45,3.5,3.486584,2.983462,6.064487
45,4.0,0.146733,2.117525,2.316134
45,4.5,0.205748,0.882415,0.816563
45,5.0,2.616802,0.468147,0.904405
45,5.5,12.173132,2.086572,6.353517
45,6.0,0.338773,2.869009,3.776483
45,6.5,0.0849,1.345731,1.264361
45,7.0,0.530172,0.529452,0.546133
45,7.5,9.09106,0.733595,2.511091
45,8.0,2.918075,3.197688,6.341314
45,8.5,0.088993,2.158369,2.297015
45,9.0,0.121905,0.871987,0.77657
45,9.5,1.677971,0.39945,0.648165
45,10.0,14.511446,1.683027,5.749633
45,10.5,0.470249,3.128631,4.431383
45,11.0,0.059322,1.545137,1.472186
45,11.5,0.264609,0.591228,0.54404
45,12.0,5.120961,0.476796,1.380855
45,12.5,7.130255,2.865611,7.173677
45,13.0,0.12555,2.578644,2.979255
45,13.5,0.071412,1.095248,0.982744
45,14.0,0.698897,0.431025,0.487089
45,14.5,11.934081,0.920737,3.395555
45,15.0,1.587918,3.328864,5.86012
45,15.5,0.062865,1.980164,2.015654
45,16.0,0.124808,0.776434,0.683259
45,16.5,2.008115,0.376664,0.686524
45,17.0,14.249407,1.901383,6.303422
45,17.5,0.342672,3.078543,4.172512
45,18.0,0.053895,1.466916,1.376165
45,18.5,0.278189,0.556921,0.514979
45,19.0,5.610088,0.488642,1.485528
45,19.5,6.373604,2.958267,7.174721
45,20.0,0.110849,2.534149,2.884176
45,20.5,0.070238,1.064711,0.950332
45,21.0,0.725177,0.419734,0.481662
45,21.5,12.295366,0.950053,3.523655
45,22.0,1.465593,3.338673,5.794046
45,22.5,0.060319,1.95839,1.98329
45,23.0,0.125152,0.765298,0.672567
45,23.5,2.050276,0.374173,0.691744
45,24.0,14.188463,1.927529,6.364673
45,24.5,0.330299,3.072335,4.143789
45,25.0,0.053267,1.458238,1.365647
46,0.0,1.674103,0.624095,1.229987
46,0.5,10.211552,1.464147,4.286863
46,1.0,1.301876,2.714598,4.271601
46,1.5,0.257154,1.53458,1.604887
46,2.0,1.010765,0.688658,0.822646
46,2.5,9.951694,1.050697,3.29241
46,3.0,2.105408,2.956433,5.293844
46,3.5,0.16325,1.849392,1.95727
46,4.0,0.379366,0.770771,0.752663
46,4.5,5.099875,0.587263,1.533119
46,5.0,6.929503,2.699295,6.627908
46,5.5,0.194946,2.458716,2.893076
46,6.0,0.132044,1.068633,0.984857
46,6.5,1.293128,0.464471,0.640713
46,7.0,13.680126,1.372564,4.767454
46,7.5,0.814022,3.155384,4.842126
46,8.0,0.075743,1.671304,1.641034
46,8.5,0.264305,0.651968,0.602175
46,9.0,4.658412,0.481194,1.302744
46,9.5,7.901711,2.744509,7.076611
46,10.0,0.15121,2.608842,3.070018
46,10.5,0.078543,1.124133,1.017167
46,11.0,0.72723,0.44596,0.507202
46,11.5,11.919339,0.939912,3.433128
46,12.0,1.577394,3.306365,5.798159
46,12.5,0.066389,1.962661,1.998265
46,13.0,0.135703,0.770832,0.681315
46,13.5,2.185042,0.384915,0.728485
46,14.0,13.80229,1.98602,6.44594
46,14.5,0.315906,3.034162,4.052057
46,15.0,0.056185,1.430221,1.33666
46,15.5,0.309069,0.544032,0.510109
46,16.0,6.195735,0.519615,1.635499
46,16.5,5.568233,3.031602,7.080461
46,17.0,0.102806,2.468578,2.769945
46,17.5,0.075083,1.027625,0.914632
46,18.0,0.823,0.410809,0.492764
46,18.5,13.051562,1.042805,3.865686
46,19.0,1.213599,3.330428,5.57815
46,19.5,0.058459,1.891368,1.894315
46,20.0,0.137883,0.734942,0.647238
46,20.5,2.350266,0.378375,0.752096
46,21.0,13.479313,2.077481,6.636746
46,21.5,0.279455,3.009464,3.954432
46,22.0,0.054315,1.400562,1.301471
46,22.5,0.31555,0.531381,0.499749
46,23.0,6.411641,0.526288,1.684146
46,23.5,5.305474,3.063187,7.065985
46,24.0,0.098181,2.451295,2.735639
46,24.5,0.074654,1.016473,0.902985
46,25.0,0.834327,0.406788,0.491161
47,0.0,1.23606,1.90674,1.357592
47,0.5,2.895085,0.906713,1.472978
47,1.0,8.255019,1.759026,4.525929
47,1.5,1.154937,2.38859,3.519328
47,2.0,0.50601,1.328513,1.455411
47,2.5,2.48322,0.741909,1.221537
47,3.0,9.929644,1.744985,4.898267
47,3.5,0.903914,2.60312,3.779326
47,4.0,0.281485,1.374333,1.412651
47,4.5,1.458019,0.64614,0.875807
47,5.0,11.398758,1.343366,4.235856
47,5.5,1.241173,2.915919,4.663649
47,6.0,0.158799,1.636641,1.671524
47,6.5,0.552674,0.680887,0.703984
47,7.0,7.517218,0.726658,2.208184
47,7.5,3.997799,2.971734,6.26463
47,8.0,0.144349,2.193868,2.424056
47,8.5,0.174538,0.91681,0.841456
47,9.0,2.14429,0.452431,0.795353
47,9.5,13.251057,1.885237,6.035377
47,10.0,0.414719,2.972595,4.061626
47,10.5,0.077705,1.433254,1.35906
47,11.0,0.417381,0.55827,0.548634
47,11.5,7.50903,0.624396,2.035493
47,12.0,4.126591,3.110779,6.697479
47,12.5,0.10023,2.30395,2.522012
47,13.0,0.101937,0.946461,0.843966
47,13.5,1.256842,0.405241,0.572821
47,14.0,14.472563,1.395021,4.98069
47,14.5,0.694149,3.227663,4.880319
47,15.0,0.059028,1.680419,1.633014
47,15.5,0.205794,0.646034,0.581209
47,16.0,3.834144,0.425273,1.079794
47,16.5,9.674939,2.592914,7.171091
47,17.0,0.166074,2.748099,3.3216
47,17.5,0.063532,1.204172,1.093228
47,18.0,0.51789,0.463995,0.480825
47,18.5,9.807053,0.737321,2.64764
47,19.0,2.53384,3.289656,6.367787
47,19.5,0.071603,2.149677,2.25676
47,20.0,0.101755,0.857925,0.75511
47,20.5,1.456038,0.378918,0.58461
47,21.0,14.913541,1.559525,5.498439
47,21.5,0.525357,3.203872,4.647701
47,22.0,0.053419,1.610169,1.542152
47,22.5,0.212944,0.613847,0.55255
47,23.0,4.149113,0.427953,1.140398
47,23.5,9.000233,2.684593,7.243383
47,24.0,0.147965,2.712877,3.232852
47,24.5,0.062181,1.176279,1.062552
47,25.0,0.532706,0.453047,0.473638
48,0.0,1.210234,0.900463,0.997353
48,0.5,8.431939,1.081225,3.043921
48,1.0,2.710433,2.724673,5.05399
48,1.5,0.285668,1.828666,2.026263
48,2.0,0.633426,0.81461,0.869589
48,2.5,6.688788,0.770532,2.125327
48,3.0,4.624371,2.776763,6.007492
48,3.5,0.218479,2.175167,2.479503
48,4.0,0.257514,0.940813,0.896048
48,4.5,2.866558,0.518579,1.013398
48,5.0,11.278924,2.12673,6.248816
48,5.5,0.360861,2.775555,3.6327
48,6.0,0.108853,1.302291,1.231089
48,6.5,0.720969,0.527953,0.586439
48,7.0,10.701626,0.901042,3.127912
48,7.5,2.011871,3.203555,5.837088
48,8.0,0.088754,1.988259,2.064
48,8.5,0.168768,0.794811,0.715415
48,9.0,2.547566,0.4191,0.834465
48,9.5,12.700481,2.117897,6.57026
48,10.0,0.292454,2.931975,3.831087
48,10.5,0.066532,1.362327,1.26908
48,11.0,0.409419,0.524434,0.51444
48,11.5,7.783481,0.620285,2.078373
48,12.0,3.901576,3.160927,6.731488
48,12.5,0.090244,2.301348,2.501616
48,13.0,0.093319,0.939597,0.833375
48,13.5,1.171629,0.396449,0.547425
48,14.0,14.479731,1.338679,4.839591
48,14.5,0.737434,3.259278,4.991729
48,15.0,0.056508,1.713654,1.670219
48,15.5,0.185805,0.6583,0.587561
48,16.0,3.449753,0.407965,0.988451
48,16.5,10.609219,2.490825,7.131103
48,17.0,0.182161,2.811339,3.454364
48,17.5,0.059929,1.245938,1.135681
48,18.0,0.455421,0.476795,0.479559
48,18.5,8.91957,0.672748,2.371844
48,19.0,3.064274,3.256411,6.573701
48,19.5,0.075925,2.224434,2.367664
48,20.0,0.092854,0.895033,0.788482
48,20.5,1.257156,0.382516,0.550121
48,21.0,14.79499,1.414577,5.094209
48,21.5,0.642904,3.251459,4.877214
48,22.0,0.053612,1.679014,1.624555
48,22.5,0.188423,0.642172,0.572953
48,23.0,3.58148,0.407887,1.012372
48,23.5,10.302195,2.536207,7.181135
48,24.0,0.172047,2.795506,3.41082
48,24.5,0.05918,1.232377,1.120502
48,25.0,0.460831,0.471327,0.475592
49,0.0,1.281009,1.158367,0.532418
49,0.5,8.845598,0.985485,2.887822
49,1.0,2.750236,2.874347,5.43463
49,1.5,0.19977,1.922122,2.091031
49,2.0,0.3927,0.818407,0.806786
49,2.5,4.853226,0.600142,1.505079
49,3.0,7.260539,2.623469,6.522675
49,3.5,0.222943,2.463389,2.935654
49,4.0,0.145889,1.08314,1.006806
49,4.5,1.379796,0.47829,0.672713
49,5.0,13.566326,1.419729,4.863119
49,5.5,0.785985,3.118903,4.738528
49,6.0,0.081094,1.640586,1.608957
49,6.5,0.298004,0.642378,0.601478
49,7.0,5.192507,0.511622,1.442225
49,7.5,6.959137,2.829761,7.010702
49,8.0,0.140839,2.53509,2.936444
49,8.5,0.086075,1.081335,0.976084
49,9.0,0.853178,0.436675,0.52387
49,9.5,12.821948,1.054715,3.849621
49,10.0,1.254398,3.293908,5.525816
49,10.5,0.064576,1.877521,1.885632
49,11.0,0.155272,0.732625,0.65025
49,11.5,2.620775,0.393688,0.819293
49,12.0,12.709423,2.183938,6.765099
49,12.5,0.255384,2.946036,3.803702
49,13.0,0.058364,1.35417,1.253205
49,13.5,0.366922,0.516203,0.497154
49,14.0,7.307796,0.578939,1.925976
49,14.5,4.340717,3.143926,6.884794
49,15.0,0.089889,2.359771,2.585592
49,15.5,0.082854,0.967272,0.856788
49,16.0,1.000564,0.397008,0.514545
49,16.5,14.046622,1.202825,4.423074
49,17.0,0.904577,3.303336,5.249047
49,17.5,0.05594,1.790987,1.764495
49,18.0,0.15954,0.690426,0.610921
49,18.5,2.873179,0.388862,0.860371
49,19.0,12.112009,2.29893,6.956469
49,19.5,0.220428,2.910853,3.687795
49,20.0,0.056308,1.318601,1.212142
49,20.5,0.377671,0.501438,0.485712
49,21.0,7.616483,0.591042,2.000687
49,21.5,4.059891,3.176955,6.848963
49,22.0,0.08517,2.337684,2.545066
49,22.5,0.082484,0.953919,0.843123
49,23.0,1.0192,0.392472,0.513774
49,23.5,14.175409,1.221298,4.491974
49,24.0,0.870558,3.303485,5.217623
49,24.5,0.054997,1.781353,1.751244
49,25.0,0.159839,0.685773,0.606566
50,0.0,1.739438,1.844241,0.710374
50,0.5,5.328708,0.947205,2.046407
50,1.0,5.498252,2.336204,5.178848
50,1.5,0.548612,2.095753,2.618475
50,2.0,0.610699,1.023073,1.106279
50,2.5,4.726257,0.752002,1.707356
50,3.0,6.854354,2.402699,5.787786
50,3.5,0.393941,2.311584,2.859369
50,4.0,0.310136,1.072401,1.061621
50,4.5,2.672531,0.580864,1.052396
50,5.0,11.1515,1.977618,5.802741
50,5.5,0.492365,2.741691,3.708945
50,6.0,0.145032,1.329632,1.284692
50,6.5,0.891335,0.558697,0.6549
50,7.0,11.233273,1.023746,3.482804
50,7.5,1.701665,3.140358,5.485884
50,8.0,0.101361,1.881225,1.937179
50,8.5,0.23344,0.754465,0.694712
50,9.0,3.583123,0.466456,1.085034
50,9.5,10.063197,2.452394,6.866811
50,10.0,0.216838,2.732299,3.373425
50,10.5,0.081375,1.220096,1.122096
50,11.0,0.636092,0.481488,0.522522
50,11.5,10.705374,0.84358,3.013841
50,12.0,2.061608,3.270445,6.03423
50,12.5,0.075237,2.04318,2.118318
50,13.0,0.130654,0.811791,0.719801
50,13.5,1.974281,0.39073,0.695196
50,14.0,14.173304,1.86611,6.18644
50,14.5,0.369052,3.071246,4.193692
50,15.0,0.057636,1.473208,1.387078
50,15.5,0.293157,0.561712,0.523014
50,16.0,5.797897,0.503827,1.540966
50,16.5,6.09581,2.974984,7.12017
50,17.0,0.11049,2.506531,2.841239
50,17.5,0.074067,1.050753,0.937936
50,18.0,0.780933,0.417799,0.491043
50,18.5,12.69654,1.001626,3.708892
50,19.0,1.325667,3.330919,5.668635
50,19.5,0.059936,1.919604,1.932668
50,20.0,0.133845,0.748102,0.658685
50,20.5,2.240045,0.377794,0.730998
50,21.0,13.741574,2.023116,6.539291
50,21.5,0.297501,3.030816,4.019923
50,22.0,0.054227,1.420537,1.323862
50,22.5,0.304034,0.539045,0.504271
50,23.0,6.165823,0.514524,1.622636
50,23.5,5.609555,3.033502,7.1021
50,24.0,0.101735,2.475698,2.778735
50,24.5,0.07334,1.030513,0.916712
50,25.0,0.801015,0.41048,0.488058
51,0.0,1.331054,0.662864,1.50836
51,0.5,8.229289,1.269859,3.434647
51,1.0,2.292986,2.55634,4.465956
51,1.5,0.420481,1.660235,1.870237
51,2.0,1.18242,0.803577,0.998412
51,2.5,8.988701,1.10754,3.218613
51,3.0,2.391717,2.779319,5.027324
51,3.5,0.251294,1.800001,1.960634
51,4.0,0.602377,0.788599,0.832332
51,4.5,6.752077,0.751638,2.105577
51,5.0,4.608775,2.811316,6.093026
51,5.5,0.201185,2.192526,2.487646
51,6.0,0.232245,0.94169,0.888214
51,6.5,2.627299,0.500743,0.945146
51,7.0,11.895227,2.051361,6.186738
51,7.5,0.379528,2.833207,3.75939
51,8.0,0.099483,1.341179,1.269376
51,8.5,0.619268,0.536492,0.57271
51,9.0,9.816813,0.811385,2.788398
51,9.5,2.470326,3.196355,6.0918
51,10.0,0.090795,2.074424,2.183658
51,10.5,0.146032,0.834599,0.747643
51,11.0,2.100394,0.409412,0.739261
51,11.5,13.749871,1.912387,6.223663
51,12.0,0.364437,3.025842,4.101142
51,12.5,0.063234,1.445001,1.360032
51,13.0,0.336661,0.554128,0.52603
51,13.5,6.500404,0.546967,1.731198
51,14.0,5.186452,3.04857,6.976417
51,14.5,0.103537,2.424404,2.70499
51,15.0,0.08255,1.006394,0.896518
51,15.5,0.932894,0.409384,0.513249
51,16.0,13.606139,1.138352,4.187474
51,16.5,1.029194,3.306609,5.368223
51,17.0,0.058482,1.827564,1.81371
51,17.5,0.1554,0.707524,0.626097
51,18.0,2.731442,0.38848,0.83385
51,18.5,12.469782,2.239526,6.870072
51,19.0,0.236334,2.933374,3.752342
51,19.5,0.056578,1.338477,1.23429
51,20.0,0.366288,0.509112,0.490366
51,20.5,7.374464,0.57884,1.937773
51,21.0,4.280033,3.155251,6.889102
51,21.5,0.087908,2.357895,2.579299
51,22.0,0.081527,0.965207,0.854094
51,22.5,0.988998,0.395324,0.510636
51,23.0,14.03287,1.194441,4.400402
51,23.5,0.913248,3.308142,5.267775
51,24.0,0.055524,1.796548,1.770807
51,24.5,0.156799,0.692527,0.612147
51,25.0,2.820396,0.386701,0.848199
52,0.0,0.921851,1.489134,1.590492
52,0.5,3.120918,0.900336,1.573746
52,1.0,7.901684,1.831755,4.616702
52,1.5,1.07425,2.337511,3.373903
52,2.0,0.546541,1.283642,1.41277
52,2.5,2.834494,0.75139,1.311057
52,3.0,9.438417,1.865158,5.086974
52,3.5,0.795477,2.53449,3.569502
52,4.0,0.305748,1.308518,1.342146
52,4.5,1.754034,0.638518,0.931556
52,5.0,11.577763,1.507898,4.672321
52,5.5,0.98289,2.858713,4.35481
52,6.0,0.164781,1.538323,1.550798
52,6.5,0.684691,0.645566,0.698905
52,7.0,8.912448,0.835801,2.666232
52,7.5,2.907626,3.044325,5.939881
52,8.0,0.130879,2.055843,2.20969
52,8.5,0.209943,0.846662,0.781004
52,9.0,2.823474,0.463849,0.938788
52,9.5,11.755383,2.178277,6.514349
52,10.0,0.301063,2.839724,3.675728
52,10.5,0.083064,1.314453,1.227737
52,11.0,0.549118,0.516754,0.537973
52,11.5,9.44025,0.753863,2.611689
52,12.0,2.708986,3.218992,6.283622
52,12.5,0.085161,2.13453,2.257997
52,13.0,0.122693,0.858878,0.763743
52,13.5,1.725103,0.396503,0.654074
52,14.0,14.493812,1.714984,5.833609
52,14.5,0.44904,3.120653,4.390171
52,15.0,0.058673,1.532677,1.456943
52,15.5,0.267844,0.585863,0.539751
52,16.0,5.212654,0.479658,1.401364
52,16.5,6.980315,2.882767,7.171856
52,17.0,0.122927,2.569174,2.959871
52,17.5,0.071504,1.089028,0.9763
52,18.0,0.707288,0.428954,0.486822
52,18.5,12.027555,0.929381,3.430805
52,19.0,1.554603,3.330215,5.839305
52,19.5,0.062391,1.973437,2.006128
52,20.0,0.125523,0.77318,0.680329
52,20.5,2.029318,0.376478,0.69029
52,21.0,14.208931,1.913291,6.32847
52,21.5,0.337709,3.074309,4.157706
52,22.0,0.053859,1.462429,1.37101
52,22.5,0.280258,0.555139,0.513797
52,23.0,5.657448,0.490677,1.496921
52,23.5,6.304189,2.965364,7.169767
52,24.0,0.109945,2.529125,2.874834
52,24.5,0.070455,1.061691,0.947325
52,25.0,0.731077,0.418865,0.482025
53,0.0,1.652971,0.661611,1.874018
53,0.5,7.463369,1.435058,3.630479
53,1.0,2.110163,2.362977,3.957096
53,1.5,0.641426,1.530867,1.794085
53,2.0,2.026486,0.84963,1.262383
53,2.5,9.105983,1.483842,4.073468
53,3.0,1.535114,2.565904,4.095734
53,3.5,0.380508,1.507263,1.636368
53,4.0,1.456584,0.734993,0.981093
53,4.5,10.271423,1.288099,3.874819
53,5.0,1.601517,2.813146,4.670082
53,5.5,0.21852,1.658572,1.743762
53,6.0,0.699939,0.717553,0.77959
53,6.5,8.147657,0.830897,2.512105
53,7.0,3.376144,2.939559,5.899496
53,7.5,0.164938,2.071635,2.270506
53,8.0,0.24911,0.869745,0.817617
53,8.5,3.136107,0.498677,1.040822
53,9.0,10.853509,2.253576,6.502255
53,9.5,0.296866,2.75637,3.521986
53,10.0,0.098398,1.267066,1.18474
53,10.5,0.69906,0.509004,0.562857
53,11.0,10.811917,0.88945,3.124958
53,11.5,1.981845,3.230194,5.883935
53,12.0,0.082953,1.999723,2.071391
53,12.5,0.155239,0.796731,0.713004
53,13.0,2.360055,0.408027,0.786739
53,13.5,13.215161,2.044621,6.479869
53,14.0,0.31084,2.976956,3.938737
53,14.5,0.06301,1.395412,1.303417
53,15.0,0.366648,0.534853,0.514667
53,15.5,7.108219,0.577377,1.887641
53,16.0,4.529334,3.112252,6.879634
53,16.5,0.095406,2.367809,2.607083
53,17.0,0.085976,0.974334,0.865372
53,17.5,1.023442,0.401656,0.523578
53,18.0,14.05006,1.218267,4.460829
53,18.5,0.891939,3.29238,5.212979
53,19.0,0.05708,1.780334,1.752879
53,19.5,0.165837,0.686613,0.60906
53,20.0,2.989973,0.394051,0.887808
53,20.5,11.790941,2.339138,6.99396
53,21.0,0.21256,2.887985,3.635292
53,21.5,0.057501,1.302301,1.195208
53,22.0,0.396534,0.496096,0.484868
53,22.5,7.933801,0.610699,2.089599
53,23.0,3.788258,3.198572,6.780908
53,23.5,0.082853,2.308353,2.498711
53,24.0,0.085256,0.938592,0.828906
53,24.5,1.078844,0.389813,0.522812
53,25.0,14.382991,1.271456,4.653862
54,0.0,0.845321,0.556119,1.332279
54,0.5,7.908836,1.026019,2.878291
54,1.0,3.062649,2.696207,5.149188
54,1.5,0.301918,1.876342,2.106907
54,2.0,0.604054,0.840953,0.891172
54,2.5,6.249048,0.748875,2.003891
54,3.0,5.100024,2.723939,6.049874
54,3.5,0.234865,2.217007,2.560109
54,4.0,0.251334,0.96731,0.922598
54,4.5,2.68849,0.519768,0.980071
54,5.0,11.623184,2.054112,6.128787
54,5.5,0.394364,2.803037,3.720678
54,6.0,0.109141,1.329803,1.262737
54,6.5,0.688258,0.538044,0.58941
54,7.0,10.333161,0.870007,2.997547
54,7.5,2.186581,3.19285,5.917293
54,8.0,0.091617,2.016636,2.106101
54,8.5,0.16453,0.809016,0.728209
54,9.0,2.434208,0.418718,0.812699
54,9.5,12.961623,2.066378,6.483272
54,10.0,0.310446,2.952354,3.892842
54,10.5,0.066447,1.381296,1.290375
54,11.0,0.395351,0.531586,0.51807
54,11.5,7.524088,0.605821,2.007988
54,12.0,4.128875,3.140159,6.779157
54,12.5,0.092937,2.323884,2.538778
54,13.0,0.091633,0.951865,0.845066
54,13.5,1.128273,0.398935,0.541437
54,14.0,14.361109,1.3034,4.72857
54,14.5,0.780293,3.26802,5.053122
54,15.0,0.056902,1.732166,1.693333
54,15.5,0.180751,0.66626,0.59377
54,16.0,3.32705,0.404476,0.961841
54,16.5,10.915324,2.452273,7.099705
54,17.0,0.189616,2.830601,3.499349
54,17.5,0.059405,1.259992,1.150523
54,18.0,0.440629,0.481621,0.480901
54,18.5,8.677039,0.657104,2.301133
54,19.0,3.227397,3.243649,6.624857
54,19.5,0.077537,2.244377,2.398462
54,20.0,0.091031,0.905302,0.797982
54,20.5,1.213071,0.384144,0.543242
54,21.0,14.720704,1.380191,4.991547
54,21.5,0.67688,3.261364,4.93416
54,22.0,0.053828,1.696103,1.64545
54,22.5,0.183303,0.649375,0.578414
54,23.0,3.458805,0.404076,0.985417
54,23.5,10.603427,2.499674,7.155892
54,24.0,0.178632,2.814404,3.453722
54,24.5,0.058614,1.245815,1.134586
54,25.0,0.446006,0.475877,0.476677
55,0.0,1.056383,1.744685,1.712377
55,0.5,2.506049,0.938587,1.467374
55,1.0,8.123639,1.607088,4.132093
55,1.5,1.507082,2.396539,3.729747
55,2.0,0.550664,1.416075,1.592188
55,2.5,2.253723,0.782825,1.225168
55,3.0,9.714712,1.621828,4.54144
55,3.5,1.137872,2.599561,3.928637
55,4.0,0.316127,1.432163,1.504039
55,4.5,1.44347,0.681442,0.91395
55,5.0,10.933006,1.312665,4.06803
55,5.5,1.391136,2.87869,4.68319
55,6.0,0.180058,1.649783,1.704594
55,6.5,0.602204,0.69629,0.732465
55,7.0,7.733112,0.762753,2.311341
55,7.5,3.775747,2.959611,6.134028
55,8.0,0.151935,2.150452,2.369938
55,8.5,0.198774,0.900088,0.832586
55,9.0,2.467527,0.46678,0.874119
55,9.5,12.495967,2.022531,6.248235
55,10.0,0.364202,2.896448,3.858129
55,10.5,0.084144,1.370938,1.292503
55,11.0,0.502677,0.538416,0.54873
55,11.5,8.698292,0.706569,2.391285
55,12.0,3.177711,3.178244,6.425299
55,12.5,0.091983,2.191332,2.347833
55,13.0,0.117782,0.888908,0.792029
55,13.5,1.580906,0.400841,0.631012
55,14.0,14.576803,1.62058,5.59359
55,14.5,0.510127,3.150389,4.521528
55,15.0,0.059348,1.57235,1.504198
55,15.5,0.251974,0.602157,0.551288
55,16.0,4.844347,0.465178,1.315019
55,16.5,7.609812,2.816,7.190498
55,17.0,0.132362,2.611761,3.04324
55,17.5,0.069796,1.115764,1.003318
55,18.0,0.660134,0.436974,0.484834
55,18.5,11.541191,0.882255,3.244173
55,19.0,1.736534,3.326129,5.958154
55,19.5,0.064272,2.011652,2.0592
55,20.0,0.120007,0.791232,0.696079
55,20.5,1.891422,0.37623,0.664194
55,21.0,14.471675,1.835931,6.166243
55,21.5,0.370211,3.10397,4.258097
55,22.0,0.053676,1.492836,1.405624
55,22.5,0.26451,0.566987,0.52117
55,23.0,5.312609,0.475273,1.413317
55,23.5,6.830955,2.912594,7.206457
55,24.0,0.116523,2.567445,2.945819
55,24.5,0.068535,1.084603,0.97003
55,25.0,0.684702,0.42531,0.478766
56,0.0,0.975708,1.929349,0.936377
56,0.5,2.999221,0.766065,1.263922
56,1.0,9.469933,1.916474,5.224229
56,1.5,0.722492,2.538416,3.523333
56,2.0,0.286997,1.290018,1.310574
56,2.5,1.721635,0.62332,0.906502
56,3.0,11.767467,1.503097,4.700753
56,3.5,0.958221,2.882408,4.385518
56,4.0,0.15425,1.545728,1.552682
56,4.5,0.637074,0.643101,0.68504
56,5.0,8.608755,0.799459,2.541795
56,5.5,3.132662,3.045221,6.055033
56,6.0,0.128994,2.096175,2.264345
56,6.5,0.191627,0.864128,0.792924
56,7.0,2.537788,0.453149,0.871761
56,7.5,12.459417,2.070604,6.376479
56,8.0,0.33384,2.898224,3.823859
56,8.5,0.078816,1.360181,1.276259
56,9.0,0.482006,0.531168,0.537099
56,9.5,8.564123,0.688696,2.335545
56,10.0,3.279059,3.183148,6.489698
56,10.5,0.090168,2.212223,2.374423
56,11.0,0.111068,0.897619,0.79823
56,11.5,1.476631,0.397949,0.607976
56,12.0,14.660312,1.55514,5.435336
56,12.5,0.551167,3.179048,4.62632
56,13.0,0.058184,1.60389,1.540233
56,13.5,0.233519,0.614199,0.558093
56,14.0,4.472589,0.448224,1.225166
56,14.5,8.314524,2.744971,7.209772
56,15.0,0.141854,2.660875,3.138024
56,15.5,0.066869,1.146043,1.033479
56,16.0,0.60152,0.44553,0.480875
56,16.5,10.905195,0.823693,3.010994
56,17.0,2.000171,3.319006,6.116585
56,17.5,0.066459,2.063365,2.131373
56,18.0,0.112158,0.815666,0.717281
56,18.5,1.708065,0.37591,0.629342
56,19.0,14.753708,1.726624,5.920603
56,19.5,0.422551,3.145728,4.406992
56,20.0,0.053311,1.53779,1.457167
56,20.5,0.242345,0.584615,0.532362
56,21.0,4.824402,0.454191,1.296675
56,21.5,7.663683,2.827825,7.24314
56,22.0,0.127472,2.625479,3.056388
56,22.5,0.065725,1.120104,1.005472
56,23.0,0.618959,0.435623,0.475103
56,23.5,11.206274,0.84386,3.105614
56,24.0,1.876533,3.331172,6.06568
56,24.5,0.064093,2.045498,2.103657
56,25.0,0.112232,0.806215,0.708064
57,0.0,1.272586,0.883948,1.904065
57,0.5,5.611507,1.185984,2.690028
57,1.0,3.898469,2.194927,4.297471
57,1.5,0.881594,1.79657,2.314486
57,2.0,1.488716,1.011656,1.34692
57,2.5,7.151869,1.184542,2.989862
57,3.0,3.068373,2.453442,4.575566
57,3.5,0.528261,1.754596,2.068211
57,4.0,1.166659,0.87833,1.086395
57,4.5,8.080635,1.07331,2.963161
57,5.0,2.899246,2.680822,5.037289
57,5.5,0.315166,1.838801,2.061747
57,6.0,0.672276,0.830607,0.89817
57,6.5,6.756574,0.79472,2.179767
57,7.0,4.50656,2.759244,5.914715
57,7.5,0.230939,2.147309,2.449781
57,8.0,0.284989,0.932932,0.896848
57,8.5,3.153679,0.53648,1.091653
57,9.0,10.581124,2.211737,6.312483
57,9.5,0.338569,2.713971,3.496718
57,10.0,0.118753,1.2603,1.189417
57,10.5,0.841022,0.519059,0.603312
57,11.0,11.547749,1.002946,3.497812
57,11.5,1.629063,3.197976,5.574396
57,12.0,0.087291,1.902621,1.948441
57,12.5,0.195621,0.756326,0.685468
57,13.0,3.080361,0.434256,0.951852
57,13.5,11.352898,2.318658,6.820475
57,14.0,0.238365,2.8324,3.577142
57,14.5,0.070784,1.283781,1.184874
57,15.0,0.498853,0.497769,0.508765
57,15.5,9.161244,0.711052,2.48325
57,16.0,2.89539,3.237595,6.43377
57,16.5,0.080502,2.181279,2.315342
57,17.0,0.106489,0.87773,0.776557
57,17.5,1.468832,0.38852,0.596826
57,18.0,14.785072,1.558944,5.470826
57,18.5,0.537097,3.190746,4.634359
57,19.0,0.055784,1.606217,1.540245
57,19.5,0.223455,0.613689,0.555067
57,20.0,4.318131,0.438299,1.184273
57,20.5,8.634962,2.717394,7.228611
57,21.0,0.144511,2.685589,3.182505
57,21.5,0.064526,1.160245,1.04705
57,22.0,0.567364,0.448939,0.477004
57,22.5,10.52829,0.789733,2.876649
57,23.0,2.172533,3.314483,6.214611
57,23.5,0.067484,2.095715,2.17648
57,24.0,0.106919,0.830874,0.730347
57,24.5,1.594123,0.37561,0.607482
57,25.0,14.878885,1.654758,5.748897
58,0.0,0.746912,0.567366,1.152646
58,0.5,7.99485,0.942476,2.725639
58,1.0,3.218045,2.79055,5.450731
58,1.5,0.239347,1.956149,2.174044
58,2.0,0.427899,0.849975,0.851095
58,2.5,4.910681,0.627633,1.556148
58,3.0,7.086935,2.600259,6.401561
58,3.5,0.241596,2.429228,2.902448
58,4.0,0.166964,1.073725,1.00585
58,4.5,1.581171,0.489557,0.725422
58,5.0,13.458452,1.536831,5.140747
58,5.5,0.690108,3.057926,4.520959
58,6.0,0.08731,1.574889,1.534987
58,6.5,0.359971,0.6193,0.594354
58,7.0,6.190777,0.567898,1.706685
58,7.5,5.520644,2.958221,6.85361
58,8.0,0.124739,2.415152,2.726057
58,8.5,0.098926,1.013361,0.911372
58,9.0,1.091157,0.423743,0.558794
58,9.5,13.909907,1.256148,4.525618
58,10.0,0.882593,3.250902,5.112663
58,10.5,0.062732,1.75111,1.724187
58,11.0,0.191272,0.677679,0.607569
58,11.5,3.428517,0.416375,0.99472
58,12.0,10.624347,2.47118,7.076816
58,12.5,0.190139,2.804949,3.45646
58,13.0,0.062865,1.246441,1.138348
58,13.5,0.47616,0.478922,0.486007
58,14.0,9.141473,0.692912,2.447295
58,14.5,2.919111,3.259593,6.50451
58,15.0,0.076001,2.200597,2.334578
58,15.5,0.097348,0.884014,0.779293
58,16.0,1.337992,0.38289,0.566034
58,16.5,14.847825,1.473178,5.256781
58,17.0,0.59403,3.229961,4.779079
58,17.5,0.053978,1.649608,1.589736
58,18.0,0.200125,0.630293,0.564785
58,18.5,3.839569,0.41753,1.07115
58,19.0,9.687646,2.606169,7.214225
58,19.5,0.160592,2.755928,3.325363
58,20.0,0.060806,1.205493,1.092784
58,20.5,0.495614,0.462634,0.474836
58,21.0,9.575794,0.715705,2.566394
58,21.5,2.665209,3.287821,6.43822
58,22.0,0.07161,2.173254,2.289126
58,22.5,0.097231,0.868749,0.764103
58,23.0,1.371117,0.378302,0.567771
58,23.5,14.921915,1.500989,5.344626
58,24.0,0.566579,3.226161,4.740614
58,24.5,0.053018,1.638034,1.574743
58,25.0,0.200958,0.624962,0.559964
59,0.0,1.988563,1.837516,1.622912
59,0.5,3.596512,1.127621,2.008572
59,1.0,5.844794,1.806434,4.008231
59,1.5,1.520585,2.043422,3.045015
59,2.0,1.165575,1.270743,1.616135
59,2.5,4.424547,1.015563,2.070823
59,3.0,5.770741,2.078263,4.628646
59,3.5,0.912469,2.061324,2.777555
59,4.0,0.896231,1.118153,1.31742
59,4.5,5.038204,0.901208,2.012141
59,5.0,5.792542,2.313423,5.219253
59,5.5,0.554724,2.130801,2.680695
59,6.0,0.572973,1.040704,1.115518
59,6.5,4.409619,0.731644,1.612151
59,7.0,7.376242,2.349476,5.804356
59,7.5,0.411413,2.36116,2.957609
59,8.0,0.288833,1.10283,1.088484
59,8.5,2.396542,0.574706,0.988884
59,9.0,11.656732,1.869455,5.627962
59,9.5,0.55251,2.79673,3.870723
59,10.0,0.138327,1.379839,1.339769
59,10.5,0.780864,0.572828,0.645201
59,11.0,10.462482,0.932865,3.147655
59,11.5,2.068991,3.138892,5.713287
59,12.0,0.10441,1.95752,2.042627
59,12.5,0.207382,0.789445,0.722046
59,13.0,3.067737,0.450507,0.968971
59,13.5,11.289863,2.291771,6.725537
59,14.0,0.255224,2.817019,3.574065
59,14.5,0.077086,1.282787,1.188227
59,15.0,0.541488,0.501401,0.521484
59,15.5,9.563419,0.750545,2.627979
59,16.0,2.647366,3.239896,6.303525
59,16.5,0.080956,2.137195,2.255068
59,17.0,0.11658,0.857708,0.760362
59,17.5,1.649992,0.39115,0.634158
59,18.0,14.638753,1.674254,5.752278
59,18.5,0.466637,3.143774,4.457248
59,19.0,0.057035,1.552912,1.478854
59,19.5,0.251389,0.592952,0.542432
59,20.0,4.904436,0.463871,1.324125
59,20.5,7.509249,2.832961,7.20673
59,21.0,0.128797,2.608656,3.032127
59,21.5,0.068634,1.112251,0.998954
59,22.0,0.653689,0.434936,0.481576
59,22.5,11.517556,0.877026,3.229184
59,23.0,1.747967,3.329347,5.973948
59,23.5,0.063818,2.016348,2.064654
59,24.0,0.118164,0.793045,0.69723
59,24.5,1.85946,0.375089,0.656991
59,25.0,14.53859,1.81866,6.13199
60,0.0,1.836189,1.84017,1.278288
60,0.5,4.110639,1.045099,1.974487
60,1.0,6.043592,1.985547,4.483573
60,1.5,1.058613,2.085372,2.898074
60,2.0,0.921069,1.16833,1.392448
60,2.5,4.707792,0.912518,1.96044
60,3.0,6.078566,2.230621,5.099548
60,3.5,0.638646,2.1448,2.759774
60,4.0,0.611125,1.073337,1.167975
60,4.5,4.356819,0.75522,1.637055
60,5.0,7.329233,2.30952,5.683331
60,5.5,0.452188,2.341206,2.958298
60,6.0,0.322181,1.106739,1.105985
60,6.5,2.598509,0.595701,1.056032
60,7.0,11.146204,1.931745,5.676498
60,7.5,0.536522,2.738694,3.745489
60,8.0,0.154342,1.342331,1.305112
60,8.5,0.921237,0.568386,0.671568
60,9.0,11.230489,1.041603,3.520545
60,9.5,1.682198,3.123024,5.432018
60,10.0,0.105507,1.865823,1.921535
60,10.5,0.249248,0.749936,0.694726
60,11.0,3.808192,0.479232,1.143211
60,11.5,9.536655,2.50651,6.876714
60,12.0,0.207881,2.692581,3.29342
60,12.5,0.085575,1.194947,1.097283
60,13.0,0.696757,0.475322,0.529321
60,13.5,11.272107,0.900335,3.231901
60,14.0,1.810614,3.273668,5.879716
60,14.5,0.07369,1.992498,2.048435
60,15.0,0.141198,0.788285,0.70015
60,15.5,2.200006,0.393949,0.741134
60,16.0,13.688989,1.982617,6.410403
60,16.5,0.323799,3.021918,4.039998
60,17.0,0.058745,1.42645,1.334769
60,17.5,0.324599,0.544166,0.513826
60,18.0,6.423581,0.535208,1.699642
60,18.5,5.284197,3.051865,7.025236
60,19.0,0.101363,2.440808,2.725685
60,19.5,0.078407,1.013176,0.901464
60,20.0,0.878675,0.408506,0.501634
60,20.5,13.376732,1.092738,4.039139
60,21.0,1.108109,3.320553,5.467801
60,21.5,0.058094,1.857665,1.851034
60,22.0,0.146001,0.720183,0.635489
60,22.5,2.532867,0.382493,0.790456
60,23.0,13.004395,2.158949,6.762901
60,23.5,0.25636,2.97263,3.853132
60,24.0,0.055239,1.369518,1.267595
60,24.5,0.33886,0.520057,0.494456
60,25.0,6.867935,0.550333,1.802389
61,0.0,0.973894,1.658019,1.492492
61,0.5,2.899887,0.884061,1.475867
61,1.0,8.332657,1.776597,4.589426
61,1.5,1.106643,2.397449,3.508233
61,2.0,0.487006,1.320761,1.437301
61,2.5,2.449866,0.731202,1.199945
61,3.0,10.069199,1.741322,4.921749
61,3.5,0.889061,2.620584,3.803159
61,4.0,0.268523,1.379783,1.412903
61,4.5,1.38875,0.641362,0.85494
61,5.0,11.393596,1.306837,4.148788
61,5.5,1.293183,2.936881,4.745608
61,6.0,0.153383,1.661636,1.699529
61,6.5,0.511615,0.688245,0.701419
61,7.0,7.090352,0.693351,2.07207
61,7.5,4.410091,2.945247,6.370714
61,8.0,0.147702,2.242188,2.499442
61,8.5,0.161781,0.941217,0.862191
61,9.0,1.925622,0.449114,0.749271
61,9.5,13.638752,1.774181,5.81321
61,10.0,0.470107,3.021578,4.220103
61,10.5,0.075573,1.481634,1.413488
61,11.0,0.372736,0.575768,0.555138
61,11.5,6.771581,0.58101,1.832508
61,12.0,4.861823,3.047619,6.840555
61,12.5,0.108151,2.375748,2.640359
61,13.0,0.094529,0.9853,0.88043
61,13.5,1.09733,0.411612,0.547937
61,14.0,14.104412,1.269793,4.596296
61,14.5,0.842632,3.262462,5.100886
61,15.0,0.05977,1.747005,1.715304
61,15.5,0.184186,0.674199,0.60229
61,16.0,3.338518,0.409109,0.969481
61,16.5,10.867662,2.449719,7.079224
61,17.0,0.19217,2.82416,3.492477
61,17.5,0.060867,1.257771,1.149194
61,18.0,0.452695,0.481766,0.483639
61,18.5,8.824835,0.669124,2.348504
61,19.0,3.125377,3.247997,6.583453
61,19.5,0.077254,2.229476,2.377059
61,20.0,0.093405,0.898179,0.791838
61,20.5,1.25742,0.383909,0.55156
61,21.0,14.775511,1.413571,5.087789
61,21.5,0.645763,3.249931,4.877039
61,22.0,0.053932,1.678983,1.624927
61,22.5,0.189497,0.642356,0.573412
61,23.0,3.597741,0.408961,1.016639
61,23.5,10.260747,2.540101,7.181115
61,24.0,0.171601,2.792432,3.404904
61,24.5,0.05944,1.23051,1.11868
61,25.0,0.464269,0.470818,0.475849
62,0.0,1.060487,0.6417,1.620184
62,0.5,7.191125,1.143162,2.963511
62,1.0,3.122452,2.489474,4.682981
62,1.5,0.485629,1.78126,2.084299
62,2.0,1.043934,0.872627,1.047154
62,2.5,7.833739,1.009222,2.786484
62,3.0,3.195537,2.702432,5.222815
62,3.5,0.295711,1.902741,2.140856
62,4.0,0.564376,0.849631,0.889846
62,4.5,5.913883,0.721962,1.895015
62,5.0,5.526185,2.6935,6.125005
62,5.5,0.239626,2.262516,2.635518
62,6.0,0.233083,0.990994,0.941789
62,6.5,2.426579,0.512462,0.919824
62,7.0,12.179843,1.950726,5.972533
62,7.5,0.438521,2.856297,3.868246
62,8.0,0.104386,1.375381,1.312152
62,8.5,0.609038,0.551977,0.585808
62,9.0,9.528495,0.798267,2.710484
62,9.5,2.623643,3.17437,6.121642
62,10.0,0.095603,2.088766,2.210207
62,10.5,0.148824,0.843712,0.757724
62,11.0,2.104097,0.413983,0.744969
62,11.5,13.698667,1.90896,6.202496
62,12.0,0.369736,3.020382,4.097556
62,12.5,0.064644,1.443906,1.360056
62,13.0,0.344419,0.554561,0.528242
62,13.5,6.604359,0.554573,1.761505
62,14.0,5.064542,3.05647,6.949032
62,14.5,0.103067,2.411631,2.68513
62,15.0,0.084348,0.999904,0.89072
62,15.5,0.962502,0.408626,0.518375
62,16.0,13.734989,1.163555,4.270809
62,16.5,0.986531,3.300152,5.316122
62,17.0,0.058426,1.811773,1.793862
62,17.5,0.159894,0.70076,0.620908
62,18.0,2.831223,0.391274,0.85542
62,18.5,12.203,2.278129,6.917755
62,19.0,0.227197,2.914741,3.705209
62,19.5,0.057153,1.32392,1.218693
62,20.0,0.379479,0.503987,0.488497
62,20.5,7.613515,0.592634,2.002725
62,21.0,4.06142,3.174117,6.841841
62,21.5,0.085782,2.336005,2.543747
62,22.0,0.083289,0.953482,0.84304
62,22.5,1.029279,0.392961,0.516221
62,23.0,14.19896,1.229179,4.515516
62,23.5,0.860965,3.30034,5.201603
62,24.0,0.055141,1.776558,1.745524
62,24.5,0.161662,0.683837,0.605235
62,25.0,2.937441,0.389562,0.872975
63,0.0,0.893691,1.90522,0.861456
63,0.5,2.99597,0.732072,1.212942
63,1.0,9.771068,1.949272,5.385115
63,1.5,0.648328,2.576619,3.537663
63,2.0,0.247615,1.288616,1.290175
63,2.5,1.527284,0.601834,0.839718
63,3.0,12.012865,1.413641,4.531487
63,3.5,1.029872,2.949722,4.582652
63,4.0,0.136338,1.604306,1.612843
63,4.5,0.512257,0.65692,0.669253
63,5.0,7.429454,0.69713,2.141619
63,5.5,4.111734,2.996635,6.381215
63,6.0,0.134068,2.227664,2.460267
63,6.5,0.1531,0.927775,0.844962
63,7.0,1.875659,0.439025,0.728521
63,7.5,13.818745,1.75738,5.806049
63,8.0,0.469064,3.042892,4.260627
63,8.5,0.071927,1.493793,1.424433
63,9.0,0.348126,0.578391,0.55186
63,9.5,6.424265,0.557522,1.733443
63,10.0,5.261986,3.018416,6.921664
63,10.5,0.110746,2.415945,2.704614
63,11.0,0.089059,1.00627,0.89947
63,11.5,1.001698,0.414197,0.531595
63,12.0,13.790884,1.19199,4.348685
63,12.5,0.95426,3.284161,5.251457
63,13.0,0.059904,1.792542,1.771906
63,13.5,0.169637,0.693481,0.616707
63,14.0,3.015857,0.39894,0.898249
63,14.5,11.700515,2.342554,6.980812
63,15.0,0.214035,2.879051,3.622015
63,15.5,0.05893,1.298106,1.19174
63,16.0,0.40891,0.495457,0.486981
63,16.5,8.105757,0.623243,2.141217
63,17.0,3.648417,3.206958,6.736461
63,17.5,0.082188,2.290952,2.472661
63,18.0,0.087585,0.929964,0.821236
63,18.5,1.12259,0.388963,0.530485
63,19.0,14.496286,1.306699,4.762851
63,19.5,0.760017,3.280172,5.059457
63,20.0,0.054588,1.733767,1.692223
63,20.5,0.173309,0.665522,0.591034
63,21.0,3.212838,0.397224,0.932351
63,21.5,11.224559,2.420723,7.088592
63,22.0,0.193951,2.853407,3.545502
63,22.5,0.057616,1.274457,1.164889
63,23.0,0.417259,0.485795,0.479752
63,23.5,8.327768,0.632958,2.197312
63,24.0,3.480077,3.226617,6.707034
63,24.5,0.079341,2.276117,2.446477
63,25.0,0.087351,0.921268,0.812418
64,0.0,0.684137,1.746669,0.729926
64,0.5,3.071998,0.653879,1.128812
64,1.0,10.255375,2.05825,5.799326
64,1.5,0.487408,2.645345,3.526176
64,2.0,0.177727,1.275376,1.239283
64,2.5,1.175712,0.558809,0.71646
64,3.0,12.167881,1.226142,4.11541
64,3.5,1.226681,3.079877,5.015654
64,4.0,0.107416,1.733362,1.751339
64,4.5,0.324973,0.694708,0.660128
64,5.0,5.116648,0.538566,1.466307
64,5.5,7.021814,2.772443,6.867123
64,6.0,0.160867,2.510706,2.928679
64,6.5,0.101203,1.079013,0.981313
64,7.0,0.995763,0.446501,0.562414
64,7.5,13.286896,1.166023,4.191686
64,8.0,1.064391,3.249704,5.269543
64,8.5,0.067947,1.800068,1.791975
64,9.0,0.188173,0.701403,0.629571
64,9.5,3.255455,0.417579,0.964362
64,10.0,11.026274,2.407436,6.996332
64,10.5,0.206239,2.825993,3.517871
64,11.0,0.064116,1.265529,1.160021
64,11.5,0.469146,0.486751,0.491882
64,12.0,8.960951,0.684463,2.399855
64,12.5,3.031616,3.245965,6.528665
64,13.0,0.078154,2.211464,2.353435
64,13.5,0.09776,0.890336,0.785749
64,14.0,1.329063,0.385097,0.566535
64,14.5,14.813025,1.464782,5.227923
64,15.0,0.603712,3.229981,4.789745
64,15.5,0.054464,1.652832,1.594193
64,16.0,0.200643,0.631914,0.566453
64,16.5,3.838102,0.418268,1.0718
64,17.0,9.688558,2.604602,7.209822
64,17.5,0.16117,2.755284,3.325278
64,18.0,0.061068,1.205452,1.09292
64,18.5,0.497678,0.462796,0.475425
64,19.0,9.597258,0.717712,2.573906
64,19.5,2.652748,3.287991,6.431599
64,20.0,0.071614,2.171035,2.286081
64,20.5,0.097656,0.867731,0.763258
64,21.0,1.378999,0.378356,0.569332
64,21.5,14.922844,1.506517,5.359403
64,22.0,0.562502,3.224077,4.731704
64,22.5,0.053054,1.635363,1.571609
64,23.0,0.202073,0.623893,0.559243
64,23.5,3.910018,0.418544,1.085203
64,24.0,9.530858,2.626709,7.229588
64,24.5,0.156684,2.747317,3.304434
64,25.0,0.060673,1.198921,1.085666
65,0.0,0.768902,1.399074,1.811843
65,0.5,2.646822,0.89777,1.486253
65,1.0,8.25852,1.681482,4.342429
65,1.5,1.310753,2.399592,3.629622
65,2.0,0.520553,1.371781,1.519143
65,2.5,2.34609,0.758725,1.213697
65,3.0,9.891897,1.677454,4.719725
65,3.5,1.01424,2.609258,3.867248
65,4.0,0.293793,1.406367,1.459467
65,4.5,1.425349,0.662424,0.887527
65,5.0,11.159028,1.314418,4.118567
65,5.5,1.335484,2.904591,4.70332
65,6.0,0.167245,1.652254,1.698177
65,6.5,0.561934,0.691176,0.717053
65,7.0,7.479858,0.73257,2.211314
65,7.5,4.018762,2.957999,6.237263
65,8.0,0.149074,2.188653,2.422277
65,8.5,0.181333,0.916593,0.84367
65,9.0,2.21768,0.457507,0.815269
65,9.5,13.068594,1.91596,6.08017
65,10.0,0.404476,2.952814,4.01193
65,10.5,0.079848,1.418104,1.343312
65,11.0,0.439935,0.553729,0.54941
65,11.5,7.826053,0.646045,2.12878
65,12.0,3.84698,3.130768,6.623911
65,12.5,0.098028,2.272286,2.472665
65,13.0,0.106388,0.930212,0.829297
65,13.5,1.343695,0.403808,0.588264
65,14.0,14.562911,1.458502,5.161798
65,14.5,0.634386,3.206683,4.774013
65,15.0,0.059092,1.648417,1.594477
65,15.5,0.21845,0.632902,0.572009
65,16.0,4.113038,0.435716,1.143729
65,16.5,9.053743,2.662287,7.193355
65,17.0,0.154901,2.707901,3.236579
65,17.5,0.065258,1.177313,1.065657
65,18.0,0.55669,0.455519,0.480988
65,18.5,10.330118,0.777411,2.817246
65,19.0,2.264904,3.305134,6.24779
65,19.5,0.06913,2.107867,2.195662
65,20.0,0.106793,0.837376,0.736695
65,20.5,1.575265,0.377318,0.605658
65,21.0,14.873232,1.640739,5.70947
65,21.5,0.471796,3.175954,4.527835
65,22.0,0.053361,1.574159,1.49967
65,22.5,0.227106,0.599238,0.542351
65,23.0,4.475186,0.440337,1.21534
65,23.5,8.326556,2.757695,7.251204
65,24.0,0.137219,2.669348,3.143595
65,24.5,0.063902,1.147936,1.033637
65,25.0,0.574296,0.444141,0.473922
66,0.0,0.794652,0.965486,1.666107
66,0.5,4.467336,0.932029,1.977674
66,1.0,6.134229,2.156125,4.930595
66,1.5,0.740937,2.132337,2.80256
66,2.0,0.687798,1.098651,1.224914
66,2.5,4.495209,0.797529,1.730713
66,3.0,6.929329,2.297157,5.530836
66,3.5,0.492053,2.283709,2.892408
66,4.0,0.385273,1.091836,1.112144
66,4.5,3.060896,0.630014,1.194412
66,5.0,10.099357,2.068083,5.789867
66,5.5,0.489284,2.628762,3.4977
66,6.0,0.184692,1.267083,1.233189
66,6.5,1.233949,0.560073,0.730273
66,7.0,12.264665,1.26394,4.223034
66,7.5,1.163062,3.064808,4.934406
66,8.0,0.109237,1.708262,1.721068
66,8.5,0.345786,0.685232,0.656081
66,9.0,5.438699,0.556092,1.551017
66,9.5,6.513303,2.819906,6.827391
66,10.0,0.153911,2.469833,2.854286
66,10.5,0.105997,1.055124,0.958371
66,11.0,1.08279,0.442132,0.575559
66,11.5,13.617268,1.236675,4.422289
66,12.0,0.945157,3.232937,5.12932
66,12.5,0.067447,1.757164,1.737634
66,13.0,0.2024,0.682976,0.615719
66,13.5,3.566173,0.427624,1.033684
66,14.0,10.262116,2.502159,7.068684
66,14.5,0.187432,2.776043,3.403135
66,15.0,0.066067,1.229641,1.122395
66,15.5,0.514033,0.474908,0.490312
66,16.0,9.621343,0.730862,2.602268
66,16.5,2.631734,3.273598,6.38218
66,17.0,0.074351,2.157218,2.271785
66,17.5,0.103792,0.863029,0.760925
66,18.0,1.470285,0.382077,0.590537
66,18.5,14.868706,1.566163,5.507107
66,19.0,0.524529,3.19703,4.632771
66,19.5,0.054217,1.6057,1.537807
66,20.0,0.217719,0.612522,0.552512
66,20.5,4.234536,0.43251,1.161687
66,21.0,8.815177,2.70244,7.239893
66,21.5,0.145784,2.699715,3.207631
66,22.0,0.063121,1.168261,1.054652
66,22.5,0.547948,0.450827,0.474736
66,23.0,10.304643,0.770287,2.799099
66,23.5,2.280764,3.311021,6.272497
66,24.0,0.068104,2.115054,2.203643
66,24.5,0.103892,0.840017,0.738241
66,25.0,1.529169,0.375607,0.595159
67,0.0,1.95774,1.251112,0.715846
67,0.5,8.909351,1.230798,3.411711
67,1.0,2.198629,2.674163,4.684614
67,1.5,0.319885,1.703585,1.872068
67,2.0,0.881076,0.778806,0.893586
67,2.5,8.346332,0.938052,2.751457
67,3.0,3.058172,2.849146,5.521904
67,3.5,0.209695,1.962335,2.157194
67,4.0,0.378478,0.84028,0.826085
67,4.5,4.563142,0.591245,1.436991
67,5.0,7.743713,2.563728,6.507197
67,5.5,0.239147,2.497112,3.010094
67,6.0,0.143935,1.107043,1.031964
67,6.5,1.308202,0.484338,0.664601
67,7.0,13.42071,1.367294,4.702777
67,7.5,0.855687,3.130236,4.825877
67,8.0,0.082279,1.667586,1.643362
67,8.5,0.287393,0.654088,0.610188
67,9.0,4.958739,0.502624,1.386919
67,9.5,7.346468,2.787746,7.020377
67,10.0,0.147681,2.561728,2.989313
67,10.5,0.084839,1.098303,0.993308
67,11.0,0.817446,0.441514,0.521334
67,11.5,12.555838,1.021474,3.726391
67,12.0,1.343484,3.29568,5.599395
67,12.5,0.065595,1.900572,1.916638
67,13.0,0.150875,0.743213,0.659185
67,13.5,2.511703,0.392033,0.797194
67,14.0,12.986716,2.136614,6.693206
67,14.5,0.268993,2.966365,3.860445
67,15.0,0.058037,1.371601,1.272364
67,15.5,0.353847,0.522632,0.50025
67,16.0,7.057069,0.565359,1.859604
67,16.5,4.587896,3.121345,6.930403
67,17.0,0.092551,2.382847,2.624091
67,17.5,0.081227,0.979931,0.868885
67,18.0,0.961242,0.399818,0.50955
67,18.5,13.864032,1.168315,4.30639
67,19.0,0.96096,3.310228,5.315943
67,19.5,0.056426,1.811262,1.790393
67,20.0,0.154901,0.699328,0.618101
67,20.5,2.760032,0.386312,0.836653
67,21.0,12.411709,2.254791,6.900804
67,21.5,0.230956,2.931094,3.740003
67,22.0,0.055868,1.334724,1.229546
67,22.5,0.364327,0.507236,0.488174
67,23.0,7.366893,0.576997,1.933486
67,23.5,4.288081,3.156737,6.89684
67,24.0,0.087492,2.36016,2.581837
67,24.5,0.080819,0.966046,0.854622
67,25.0,0.97955,0.395045,0.508512
68,0.0,0.520904,0.844484,0.697733
68,0.5,6.208451,0.668672,1.852482
68,1.0,5.350433,2.821985,6.409356
68,1.5,0.17927,2.308601,2.638929
68,2.0,0.167071,0.987601,0.913066
68,2.5,1.832072,0.465386,0.748885
68,3.0,13.576735,1.705539,5.612653
68,3.5,0.529827,3.025272,4.293066
68,4.0,0.080759,1.504315,1.444716
68,4.5,0.38065,0.587652,0.568494
68,5.0,6.752696,0.587884,1.839796
68,5.5,4.8743,3.034128,6.808076
68,6.0,0.111766,2.368884,2.636044
68,6.5,0.098637,0.983938,0.880863
68,7.0,1.144126,0.414271,0.559802
68,7.5,14.168538,1.303808,4.692338
68,8.0,0.805989,3.247439,5.033289
68,8.5,0.060674,1.726749,1.691553
68,9.0,0.19392,0.666259,0.597347
68,9.5,3.5323,0.417004,1.01449
68,10.0,10.381165,2.506133,7.113616
68,10.5,0.182261,2.791538,3.421007
68,11.0,0.062519,1.235381,1.126128
68,11.5,0.482951,0.474649,0.483437
68,12.0,9.274884,0.7005,2.484836
68,12.5,2.83806,3.267626,6.481566
68,13.0,0.074792,2.191369,2.319676
68,13.5,0.097674,0.879021,0.774457
68,14.0,1.353411,0.381683,0.567779
68,14.5,14.870642,1.485291,5.293075
68,15.0,0.582904,3.227224,4.761075
68,15.5,0.053748,1.644197,1.582989
68,16.0,0.201298,0.627934,0.562859
68,16.5,3.872782,0.418346,1.078197
68,17.0,9.612424,2.615393,7.219778
68,17.5,0.15895,2.751477,3.315191
68,18.0,0.06086,1.202293,1.089399
68,18.5,0.498817,0.461512,0.474461
68,19.0,9.627005,0.719144,2.581863
68,19.5,2.636417,3.290042,6.427669
68,20.0,0.071286,2.169376,2.283227
68,20.5,0.097559,0.86677,0.762269
68,21.0,1.379951,0.377995,0.56915
68,21.5,14.927909,1.507526,5.363083
68,22.0,0.5613,3.224207,4.730614
68,22.5,0.052973,1.635034,1.571118
68,23.0,0.201902,0.623708,0.559024
68,23.5,3.908382,0.41835,1.084664
68,24.0,9.534979,2.626492,7.230153
68,24.5,0.156665,2.747701,3.305034
68,25.0,0.060618,1.199113,1.085834
69,0.0,1.516488,0.682749,1.259495
69,0.5,9.492489,1.348755,3.863953
69,1.0,1.698296,2.679709,4.432106
69,1.5,0.301966,1.604133,1.724095
69,2.0,1.013941,0.734024,0.874981
69,2.5,9.38413,1.035128,3.148493
69,3.0,2.360996,2.896786,5.290957
69,3.5,0.189794,1.863138,1.999711
69,4.0,0.421057,0.788612,0.783049
69,4.5,5.345122,0.620013,1.627745
69,5.0,6.497212,2.709404,6.510135
69,5.5,0.202304,2.40619,2.819
69,6.0,0.151573,1.045636,0.968759
69,6.5,1.522608,0.470934,0.693558
69,7.0,13.705308,1.517501,5.141461
69,7.5,0.679472,3.091605,4.58027
69,8.0,0.080106,1.592029,1.548914
69,8.5,0.322056,0.622148,0.587815
69,9.0,5.680212,0.533035,1.561849
69,9.5,6.218054,2.905987,6.967267
69,10.0,0.129376,2.480653,2.833462
69,10.5,0.089441,1.048133,0.943026
69,11.0,0.93621,0.428071,0.532176
69,11.5,13.336766,1.129418,4.116027
69,12.0,1.086228,3.284807,5.367548
69,12.5,0.062902,1.828559,1.821148
69,13.0,0.166049,0.710594,0.632136
69,13.5,2.88,0.398961,0.873251
69,14.0,12.03621,2.287769,6.904272
69,14.5,0.228553,2.899171,3.67981
69,15.0,0.059374,1.315954,1.211713
69,15.5,0.399063,0.502425,0.491356
69,16.0,7.896045,0.612516,2.085821
69,16.5,3.816888,3.189998,6.771089
69,17.0,0.084462,2.307213,2.499956
69,17.5,0.086936,0.939007,0.83005
69,18.0,1.097916,0.391264,0.52795
69,18.5,14.407534,1.28551,4.69322
69,19.0,0.788,3.284214,5.095916
69,19.5,0.055015,1.744771,1.706256
69,20.0,0.171077,0.670389,0.59505
69,20.5,3.152504,0.395971,0.91984
69,21.0,11.378569,2.399753,7.066886
69,21.5,0.198412,2.862942,3.569175
69,22.0,0.05748,1.281816,1.172798
69,22.5,0.410965,0.48844,0.480857
69,23.0,8.214116,0.626236,2.165644
69,23.5,3.566192,3.219169,6.729456
69,24.0,0.080255,2.285545,2.461502
69,24.5,0.086642,0.926257,0.817117
69,25.0,1.118276,0.387065,0.52778
70,0.0,1.541394,1.371675,0.799663
70,0.5,7.134984,1.032323,2.630191
70,1.0,3.634149,2.57528,5.097014
70,1.5,0.387344,1.910352,2.217264
70,2.0,0.686963,0.887806,0.968113
70,2.5,6.272517,0.798921,2.092079
70,3.0,4.941081,2.667809,5.841518
70,3.5,0.27384,2.163446,2.515103
70,4.0,0.316923,0.957574,0.934577
70,4.5,3.294759,0.562928,1.153136
70,5.0,10.139089,2.228012,6.243199
70,5.5,0.350828,2.666489,3.426346
70,6.0,0.134943,1.239296,1.174774
70,6.5,0.980203,0.521633,0.635551
70,7.0,12.13021,1.109379,3.841349
70,7.5,1.363948,3.167184,5.315273
70,8.0,0.090085,1.821745,1.846513
70,8.5,0.234518,0.722926,0.663652
70,9.0,3.782579,0.462654,1.117314
70,9.5,9.654031,2.522104,6.955914
70,10.0,0.196844,2.713306,3.312026
70,10.5,0.078428,1.200797,1.099251
70,11.0,0.635562,0.472697,0.513924
70,11.5,10.82407,0.846136,3.040589
70,12.0,2.014123,3.282028,6.033071
70,12.5,0.072968,2.041187,2.112154
70,13.0,0.127519,0.809581,0.716567
70,13.5,1.938613,0.387483,0.685003
70,14.0,14.271097,1.849906,6.162056
70,14.5,0.373506,3.082201,4.22052
70,15.0,0.056699,1.481364,1.395517
70,15.5,0.284437,0.564339,0.523424
70,16.0,5.643149,0.495179,1.500744
70,16.5,6.319235,2.955355,7.146341
70,17.0,0.112544,2.524917,2.873042
70,17.5,0.072511,1.06106,0.947776
70,18.0,0.752025,0.420146,0.48747
70,18.5,12.474511,0.974377,3.608739
70,19.0,1.400878,3.333559,5.732944
70,19.5,0.060424,1.939583,1.959137
70,20.0,0.129881,0.75712,0.666159
70,20.5,2.148523,0.376395,0.712448
70,21.0,13.958819,1.977469,6.456749
70,21.5,0.312935,3.050153,4.077847
70,22.0,0.053869,1.438183,1.343466
70,22.5,0.292748,0.545674,0.507858
70,23.0,5.933184,0.503113,1.564258
70,23.5,5.916313,3.004157,7.136395
70,24.0,0.105156,2.500096,2.821859
70,24.5,0.071873,1.04453,0.930367
70,25.0,0.767238,0.414097,0.484753
71,0.0,1.706187,1.573111,1.608476
71,0.5,4.215916,1.113424,2.158065
71,1.0,5.417385,1.961465,4.244522
71,1.5,1.203764,1.98783,2.795593
71,2.0,1.192116,1.169947,1.480763
71,2.5,5.259628,1.030062,2.282266
71,3.0,4.961253,2.242695,4.772317
71,3.5,0.715926,1.983213,2.535133
71,4.0,0.911431,1.028308,1.205204
71,4.5,5.856774,0.913052,2.203889
71,5.0,4.948195,2.465572,5.321512
71,5.5,0.438243,2.066822,2.495564
71,6.0,0.55229,0.973361,1.028515
71,6.5,4.801066,0.715459,1.666259
71,7.0,6.91375,2.463294,5.969561
71,7.5,0.340573,2.3441,2.865395
71,8.0,0.260107,1.069397,1.039067
71,8.5,2.328595,0.548871,0.943806
71,9.0,12.008515,1.866787,5.702014
71,9.5,0.524298,2.836461,3.91941
71,10.0,0.122544,1.39317,1.345292
71,10.5,0.683212,0.56889,0.619377
71,11.0,9.882927,0.855878,2.886247
71,11.5,2.395235,3.151551,5.935794
71,12.0,0.101661,2.030331,2.138096
71,12.5,0.176065,0.820482,0.743427
71,13.0,2.534294,0.430899,0.845445
71,13.5,12.640914,2.09689,6.495271
71,14.0,0.307878,2.921992,3.833727
71,14.5,0.070591,1.363112,1.273213
71,15.0,0.432334,0.527243,0.522243
71,15.5,8.036363,0.64216,2.160364
71,16.0,3.687698,3.169084,6.652589
71,16.5,0.090252,2.271803,2.459235
71,17.0,0.098912,0.925618,0.821597
71,17.5,1.266121,0.396573,0.565908
71,18.0,14.60496,1.409122,5.042795
71,18.5,0.667976,3.234367,4.867542
71,19.0,0.056949,1.676372,1.625565
71,19.5,0.200444,0.643113,0.57702
71,20.0,3.767799,0.419694,1.060778
71,20.5,9.839053,2.580087,7.180351
71,21.0,0.166864,2.761423,3.345085
71,21.5,0.062021,1.211622,1.100189
71,22.0,0.499641,0.465673,0.478543
71,22.5,9.582014,0.718976,2.573465
71,23.0,2.6599,3.284246,6.42588
71,23.5,0.072282,2.169803,2.285548
71,24.0,0.098721,0.867569,0.763504
71,24.5,1.393277,0.379191,0.572902
71,25.0,14.913707,1.515789,5.382088
72,0.0,0.696587,0.685631,1.891344
72,0.5,4.718603,0.964305,2.126004
72,1.0,5.622252,2.182418,4.839433
72,1.5,0.74983,2.065008,2.69233
72,2.0,0.794911,1.072332,1.225869
72,2.5,5.094686,0.851925,1.942252
72,3.0,5.962519,2.375365,5.432945
72,3.5,0.47327,2.17787,2.701066
72,4.0,0.466161,1.03562,1.074067
72,4.5,3.865605,0.669108,1.410774
72,5.0,8.515088,2.277211,5.938633
72,5.5,0.406368,2.483376,3.162174
72,6.0,0.221548,1.162836,1.129673
72,6.5,1.73315,0.549749,0.823491
72,7.0,12.658952,1.570703,5.060979
72,7.5,0.752733,2.959006,4.375108
72,8.0,0.114796,1.534286,1.50898
72,8.5,0.498609,0.618199,0.626651
72,9.0,7.727091,0.690419,2.185379
72,9.5,3.879648,3.053566,6.430605
72,10.0,0.118891,2.226921,2.438438
72,10.5,0.138013,0.919848,0.831112
72,11.0,1.732518,0.42535,0.686052
72,11.5,14.148553,1.68923,5.690156
72,12.0,0.494503,3.089251,4.381183
72,12.5,0.066942,1.530202,1.4624
72,13.0,0.304676,0.589832,0.552437
72,13.5,5.721654,0.515801,1.54444
72,14.0,6.185226,2.940674,7.054669
72,14.5,0.11906,2.497424,2.842188
72,15.0,0.080486,1.050969,0.94148
72,15.5,0.844114,0.422541,0.508302
72,16.0,12.988121,1.05476,3.88068
72,16.5,1.217908,3.312268,5.539364
72,17.0,0.06118,1.880465,1.884485
72,17.5,0.146837,0.731875,0.646995
72,18.0,2.497831,0.385852,0.787717
72,18.5,13.06593,2.138283,6.716996
72,19.0,0.264695,2.975214,3.870208
72,19.5,0.056251,1.374689,1.274254
72,20.0,0.341614,0.522678,0.497532
72,20.5,6.881515,0.553009,1.808946
72,21.0,4.772645,3.109059,6.975226
72,21.5,0.093402,2.402728,2.65486
72,22.0,0.078713,0.990037,0.877983
72,22.5,0.917386,0.401172,0.502215
72,23.0,13.665759,1.130429,4.180209
72,23.5,1.024728,3.319582,5.393775
72,24.0,0.056581,1.834817,1.820067
72,24.5,0.148641,0.709467,0.625988
72,25.0,2.61837,0.382605,0.806367
73,0.0,1.096367,0.951423,1.232876
73,0.5,6.86641,1.02449,2.620745
73,1.0,3.755925,2.536303,5.052014
73,1.5,0.419565,1.911669,2.240863
73,2.0,0.727694,0.900159,0.994123
73,2.5,6.355783,0.822764,2.149109
73,3.0,4.794129,2.655293,5.753592
73,3.5,0.286944,2.134876,2.482787
73,4.0,0.348378,0.949355,0.935942
73,4.5,3.594281,0.582888,1.238095
73,5.0,9.460632,2.301047,6.266743
73,5.5,0.333682,2.606766,3.302958
73,6.0,0.147746,1.201121,1.138359
73,6.5,1.137203,0.516723,0.66347
73,7.0,12.673345,1.226452,4.215153
73,7.5,1.123267,3.136644,5.063542
73,8.0,0.090906,1.743193,1.746973
73,8.5,0.273904,0.690138,0.642039
73,9.0,4.514852,0.493487,1.292916
73,9.5,8.127476,2.688729,6.985781
73,10.0,0.167472,2.607492,3.093333
73,10.5,0.085744,1.131538,1.02908
73,11.0,0.779471,0.45344,0.525184
73,11.5,12.153159,0.982605,3.567172
73,12.0,1.477803,3.288645,5.683493
73,12.5,0.068385,1.92786,1.955925
73,13.0,0.148959,0.75674,0.671749
73,13.5,2.429365,0.39336,0.78336
73,14.0,13.17338,2.09635,6.620006
73,14.5,0.282883,2.979539,3.904507
73,15.0,0.058518,1.385077,1.287875
73,15.5,0.348182,0.528087,0.504094
73,16.0,6.920926,0.559373,1.825854
73,16.5,4.727806,3.106461,6.948843
73,17.0,0.09455,2.394225,2.644392
73,17.5,0.080928,0.98659,0.875518
73,18.0,0.947135,0.401738,0.508635
73,18.5,13.780173,1.155233,4.259742
73,19.0,0.985356,3.311624,5.340948
73,19.5,0.056806,1.8189,1.800469
73,20.0,0.153681,0.702811,0.621082
73,20.5,2.725563,0.385894,0.829833
73,21.0,12.500926,2.240506,6.880666
73,21.5,0.234672,2.937029,3.756295
73,22.0,0.055831,1.339742,1.235059
73,22.5,0.36088,0.509111,0.48916
73,23.0,7.298117,0.573353,1.915389
73,23.5,4.35335,3.150634,6.909068
73,24.0,0.08822,2.366256,2.592028
73,24.5,0.080441,0.969402,0.857844
73,25.0,0.969713,0.395829,0.507343
74,0.0,1.494296,1.933435,0.929669
74,0.5,4.018735,0.896599,1.681878
74,1.0,7.191881,2.08872,5.065601
74,1.5,0.734257,2.264043,3.029255
74,2.0,0.520543,1.156588,1.240143
74,2.5,3.410238,0.716155,1.38417
74,3.0,8.921539,2.08922,5.541944
74,3.5,0.564248,2.48897,3.309045
74,4.0,0.27411,1.217229,1.21664
74,4.5,1.884342,0.595573,0.908238
74,5.0,12.029479,1.609776,5.026719
74,5.5,0.790376,2.876915,4.239856
74,6.0,0.142048,1.496831,1.48339
74,6.5,0.647256,0.618169,0.661588
74,7.0,8.989118,0.813228,2.638416
74,7.5,2.893722,3.082232,6.029659
74,8.0,0.119165,2.077741,2.226162
74,8.5,0.185175,0.850863,0.777193
74,9.0,2.518455,0.445074,0.858735
74,9.5,12.565187,2.071995,6.405643
74,10.0,0.327311,2.910006,3.837175
74,10.5,0.075732,1.364221,1.278483
74,11.0,0.46097,0.530812,0.532062
74,11.5,8.332424,0.66897,2.259413
74,12.0,3.451857,3.176231,6.557335
74,12.5,0.090508,2.237122,2.410229
74,13.0,0.106145,0.909452,0.808216
74,13.5,1.388573,0.397474,0.590513
74,14.0,14.666396,1.495571,5.279187
74,14.5,0.59534,3.201787,4.721933
74,15.0,0.0577,1.632643,1.573932
74,15.5,0.219845,0.625611,0.565441
74,16.0,4.18215,0.436168,1.156866
74,16.5,8.911666,2.681799,7.208162
74,17.0,0.151031,2.700685,3.218226
74,17.5,0.064873,1.171531,1.059254
74,18.0,0.559172,0.453193,0.479311
74,18.5,10.387204,0.780504,2.833461
74,19.0,2.238195,3.308422,6.239821
74,19.5,0.068556,2.104785,2.190525
74,20.0,0.106607,0.835631,0.73491
74,20.5,1.577319,0.376672,0.605386
74,21.0,14.879628,1.642741,5.716247
74,21.5,0.469924,3.176116,4.525898
74,22.0,0.05321,1.573578,1.498816
74,22.5,0.226735,0.59891,0.54195
74,23.0,4.471494,0.439934,1.214146
74,23.5,8.334431,2.75731,7.25256
74,24.0,0.137184,2.670114,3.144765
74,24.5,0.063787,1.148312,1.033963
74,25.0,0.572943,0.444195,0.473692
75,0.0,1.887213,0.537289,1.332797
75,0.5,10.429886,1.626177,4.735605
75,1.0,0.995896,2.688011,4.013568
75,1.5,0.244207,1.444722,1.48177
75,2.0,1.140887,0.650877,0.810207
75,2.5,10.830066,1.15119,3.681452
75,3.0,1.659442,2.979417,5.082187
75,3.5,0.148789,1.77063,1.838362
75,4.0,0.405994,0.730724,0.718233
75,4.5,5.696532,0.607162,1.674619
75,5.0,6.064015,2.802297,6.617996
75,5.5,0.171177,2.398268,2.766886
75,6.0,0.134073,1.027772,0.942133
75,6.5,1.406084,0.45345,0.651782
75,7.0,13.916584,1.457856,5.030597
75,7.5,0.7076,3.138722,4.705955
75,8.0,0.073388,1.629428,1.587417
75,8.5,0.277162,0.633487,0.587576
75,9.0,4.97644,0.491699,1.375098
75,9.5,7.338993,2.808373,7.077793
75,10.0,0.140466,2.572478,2.994713
75,10.5,0.079556,1.100058,0.992303
75,11.0,0.767319,0.438416,0.508122
75,11.5,12.300256,0.979184,3.587006
75,12.0,1.441822,3.308905,5.705129
75,12.5,0.064672,1.93288,1.956963
75,13.0,0.140112,0.756746,0.669007
75,13.5,2.300772,0.385474,0.750688
75,14.0,13.537259,2.043991,6.552791
75,14.5,0.295447,3.011339,3.980904
75,15.0,0.056323,1.408528,1.312276
75,15.5,0.322024,0.535722,0.505297
75,16.0,6.466616,0.532776,1.703722
75,16.5,5.236986,3.063712,7.039792
75,17.0,0.098936,2.441668,2.722624
75,17.5,0.076622,1.012201,0.899589
75,18.0,0.861279,0.406849,0.49658
75,18.5,13.316052,1.078643,3.995667
75,19.0,1.131043,3.326459,5.500724
75,19.5,0.057675,1.867542,1.862896
75,20.0,0.142363,0.724176,0.638239
75,20.5,2.460828,0.380029,0.774395
75,21.0,13.199492,2.12857,6.720301
75,21.5,0.264181,2.987775,3.892277
75,22.0,0.054651,1.381544,1.280485
75,22.5,0.328332,0.524284,0.496026
75,23.0,6.671045,0.539463,1.750486
75,23.5,5.004478,3.091569,7.023326
75,24.0,0.094902,2.425801,2.691701
75,24.5,0.076241,1.002116,0.889101
75,25.0,0.87213,0.403246,0.495264
76,0.0,1.450963,0.658846,0.710509
76,0.5,12.136344,1.33651,4.36097
76,1.0,1.106083,3.004625,4.7589
76,1.5,0.123517,1.656905,1.66875
76,2.0,0.425224,0.671509,0.662543
76,2.5,6.435555,0.62377,1.837764
76,3.0,5.163307,2.924486,6.619931
76,3.5,0.14225,2.342593,2.642287
76,4.0,0.128176,0.986799,0.896499
76,4.5,1.447519,0.437033,0.642791
76,5.0,14.147332,1.499616,5.185101
76,5.5,0.645918,3.145643,4.658762
76,6.0,0.068767,1.614521,1.564536
76,6.5,0.268021,0.624768,0.576871
76,7.0,4.912823,0.482432,1.350825
76,7.5,7.461788,2.806798,7.114304
76,8.0,0.138465,2.58746,3.015108
76,8.5,0.076219,1.106628,0.997374
76,9.0,0.728706,0.438324,0.500156
76,9.5,12.042728,0.944683,3.465885
76,10.0,1.538622,3.315496,5.792194
76,10.5,0.064572,1.959878,1.991864
76,11.0,0.132956,0.768526,0.678195
76,11.5,2.153504,0.381922,0.719348
76,12.0,13.897883,1.973287,6.430933
76,12.5,0.318495,3.043474,4.073089
76,13.0,0.055358,1.436659,1.343173
76,13.5,0.301255,0.546016,0.510157
76,14.0,6.059949,0.511733,1.599543
76,14.5,5.744575,3.01667,7.106422
76,15.0,0.104283,2.48399,2.795869
76,15.5,0.073706,1.036066,0.922607
76,16.0,0.79716,0.412606,0.489323
76,16.5,12.874503,1.018868,3.779687
76,17.0,1.271136,3.333773,5.632315
76,17.5,0.058806,1.908038,1.916116
76,18.0,0.134379,0.742382,0.653332
76,18.5,2.269141,0.376921,0.735454
76,19.0,13.681988,2.03897,6.571612
76,19.5,0.291419,3.026156,4.00256
76,20.0,0.053977,1.415262,1.317681
76,20.5,0.305565,0.536845,0.502566
76,21.0,6.209413,0.516082,1.632747
76,21.5,5.554654,3.039703,7.098278
76,22.0,0.100875,2.471885,2.771428
76,22.5,0.073357,1.028139,0.914285
76,23.0,0.804445,0.4097,0.487996
76,23.5,12.962008,1.026933,3.813731
76,24.0,1.245347,3.335659,5.616071
76,24.5,0.058177,1.902843,1.908512
76,25.0,0.13434,0.739742,0.650775
77,0.0,1.128671,1.949348,1.394064
77,0.5,2.551382,0.884815,1.359504
77,1.0,8.758784,1.660393,4.408963
77,1.5,1.253449,2.469068,3.735745
77,2.0,0.439384,1.392381,1.511014
77,2.5,2.000916,0.727124,1.095377
77,3.0,10.463921,1.557409,4.552436
77,3.5,1.105514,2.709725,4.132899
77,4.0,0.243749,1.484393,1.532051
77,4.5,1.059678,0.664452,0.806865
77,5.0,10.425553,1.092723,3.474426
77,5.5,1.871825,2.978579,5.210444
77,6.0,0.152516,1.815348,1.901408
77,6.5,0.3813,0.751299,0.732911
77,7.0,5.276194,0.587923,1.567232
77,7.5,6.673585,2.738476,6.652111
77,8.0,0.183845,2.445666,2.857879
77,8.5,0.12921,1.057109,0.971224
77,9.0,1.293286,0.458967,0.635014
77,9.5,13.757056,1.377033,4.79389
77,10.0,0.799463,3.16124,4.841199
77,10.5,0.074059,1.670721,1.638494
77,11.0,0.259107,0.650777,0.599676
77,11.5,4.59391,0.476255,1.284328
77,12.0,8.02786,2.73509,7.089546
77,12.5,0.151825,2.61964,3.088335
77,13.0,0.077074,1.129989,1.022536
77,13.5,0.707222,0.446967,0.50406
77,14.0,11.760858,0.921432,3.365271
77,14.5,1.638549,3.307989,5.845534
77,15.0,0.066603,1.977606,2.01814
77,15.5,0.132309,0.777548,0.686772
77,16.0,2.112585,0.383562,0.713471
77,16.5,13.970087,1.94971,6.37946
77,17.0,0.328726,3.049977,4.099413
77,17.5,0.055794,1.444643,1.352657
77,18.0,0.299202,0.549397,0.512851
77,18.5,5.998317,0.509689,1.585493
77,19.0,5.825261,3.007352,7.110761
77,19.5,0.105623,2.48938,2.806445
77,20.0,0.073727,1.039495,0.926146
77,20.5,0.792709,0.41377,0.489546
77,21.0,12.830004,1.014271,3.761317
77,21.5,1.284806,3.333317,5.642116
77,22.0,0.059057,1.911132,1.920458
77,22.5,0.134132,0.74388,0.654699
77,23.0,2.259872,0.377051,0.733874
77,23.5,13.702346,2.034121,6.562215
77,24.0,0.293172,3.027787,4.008104
77,24.5,0.054017,1.416949,1.319619
77,25.0,0.304861,0.537523,0.503038
78,0.0,1.899535,1.706541,1.201072
78,0.5,4.886932,1.08126,2.223664
78,1.0,5.137425,2.12885,4.553182
78,1.5,0.891736,1.977017,2.620636
78,2.0,1.049605,1.078774,1.312485
78,2.5,5.769973,0.975503,2.295613
78,3.0,4.775372,2.388903,5.068291
78,3.5,0.531112,2.008165,2.464531
78,4.0,0.712403,0.97934,1.084567
78,4.5,5.556765,0.809262,1.966592
78,5.0,5.635981,2.517926,5.695972
78,5.5,0.357405,2.191312,2.63203
78,6.0,0.368904,1.001868,1.001926
78,6.5,3.443119,0.604461,1.237168
78,7.0,9.60802,2.226325,6.097706
78,7.5,0.382643,2.60291,3.347847
78,8.0,0.164613,1.216942,1.16491
78,8.5,1.217954,0.532089,0.696699
78,9.0,12.624457,1.271905,4.313069
78,9.5,1.084397,3.100025,4.951541
78,10.0,0.097852,1.710279,1.712512
78,10.5,0.31156,0.680122,0.642072
78,11.0,5.068599,0.526019,1.439712
78,11.5,7.122885,2.779479,6.921466
78,12.0,0.155781,2.527926,2.948332
78,12.5,0.0951,1.085226,0.984831
78,13.0,0.929979,0.444294,0.546911
78,13.5,13.066921,1.114451,4.030719
78,14.0,1.151825,3.267877,5.383284
78,14.5,0.066911,1.834579,1.834206
78,15.0,0.173931,0.715522,0.639173
78,15.5,2.974448,0.40716,0.900206
78,16.0,11.757114,2.314665,6.912793
78,16.5,0.225453,2.876394,3.635019
78,17.0,0.061702,1.301993,1.19817
78,17.5,0.424239,0.498701,0.493386
78,18.0,8.26634,0.638118,2.194995
78,18.5,3.520871,3.209955,6.682171
78,19.0,0.082517,2.271631,2.445747
78,19.5,0.091296,0.921049,0.81385
78,20.0,1.184518,0.389159,0.542693
78,20.5,14.606853,1.354387,4.903864
78,21.0,0.709755,3.263611,4.972987
78,21.5,0.054868,1.707845,1.661028
78,22.0,0.182659,0.654886,0.583468
78,22.5,3.418378,0.40437,0.978398
78,23.0,10.697946,2.485051,7.138247
78,23.5,0.182033,2.819105,3.467334
78,24.0,0.058919,1.250043,1.139381
78,24.5,0.444901,0.477634,0.478085
78,25.0,8.779131,0.662068,2.328036
79,0.0,1.677145,0.526755,0.663716
79,0.5,13.610598,1.571237,5.256526
79,1.0,0.643467,3.062169,4.484181
79,1.5,0.083198,1.563055,1.516918
79,2.0,0.351726,0.612276,0.585486
79,2.5,6.152476,0.560398,1.688393
79,3.0,5.576101,2.961776,6.885069
79,3.5,0.122711,2.42529,2.73821
79,4.0,0.095563,1.017272,0.913873
79,4.5,1.049689,0.422524,0.549346
79,5.0,13.816164,1.224641,4.431541
79,5.5,0.923361,3.26284,5.176165
79,6.0,0.062179,1.770233,1.747183
79,6.5,0.183089,0.685402,0.612725
79,7.0,3.262635,0.410033,0.956669
79,7.5,11.044617,2.420816,7.040903
79,8.0,0.199529,2.833089,3.519541
79,8.5,0.061528,1.266163,1.158812
79,9.0,0.450667,0.485294,0.486518
79,9.5,8.756752,0.666483,2.331679
79,10.0,3.170148,3.241937,6.590639
79,10.5,0.078212,2.233197,2.383954
79,11.0,0.093771,0.900486,0.794287
79,11.5,1.25711,0.384899,0.552487
79,12.0,14.761163,1.412488,5.08218
79,12.5,0.648133,3.248975,4.877543
79,13.0,0.054159,1.679151,1.625417
79,13.5,0.190192,0.642564,0.573793
79,14.0,3.607727,0.40967,1.01932
79,14.5,10.235203,2.542408,7.18081
79,15.0,0.171363,2.790497,3.401254
79,15.5,0.059616,1.229358,1.117565
79,16.0,0.466516,0.470514,0.476045
79,16.5,9.13285,0.685039,2.431774
79,17.0,2.929041,3.26926,6.53543
79,17.5,0.074099,2.209028,2.342972
79,18.0,0.093586,0.886777,0.78056
79,18.5,1.284031,0.380637,0.553417
79,19.0,14.845497,1.436051,5.159639
79,19.5,0.621628,3.24637,4.843584
79,20.0,0.053274,1.668912,1.611982
79,20.5,0.190798,0.637798,0.569441
79,21.0,3.644835,0.409521,1.025891
79,21.5,10.15066,2.555017,7.194557
79,22.0,0.168588,2.786347,3.389623
79,22.5,0.059348,1.225733,1.113474
79,23.0,0.46748,0.469011,0.474842
79,23.5,9.163442,0.686305,2.43951
79,24.0,2.910482,3.271759,6.531976
79,24.5,0.073707,2.207387,2.339998
79,25.0,0.093432,0.885779,0.779508
