id,t,x0,x1
0,0.0,3.789472,4.565064
0,0.4,3.71557,5.722519
0,0.8,3.098807,6.548714
0,1.2,1.662996,6.613459
0,1.6,0.40086,5.761738
0,2.0,0.464983,5.062174
0,2.4,0.564825,4.418679
0,2.8,0.713109,3.856238
0,3.2,0.946377,3.420841
0,3.6,1.316406,3.188183
0,4.0,1.826723,3.242076
0,4.4,2.346327,3.596632
0,4.8,2.693823,4.157693
0,5.2,2.751208,4.761265
0,5.6,2.448151,5.205635
0,6.0,1.681717,5.236188
0,6.4,0.688286,4.658928
0,6.8,0.659505,4.049619
0,7.2,0.849681,3.561038
0,7.6,1.163546,3.244234
0,8.0,1.629933,3.186529
0,8.4,2.16774,3.436868
0,8.8,2.595505,3.938662
0,9.2,2.767827,4.5479
0,9.6,2.604377,5.075645
0,10.0,2.024627,5.291838
0,10.4,0.959947,4.912235
0,10.8,0.620309,4.256845
0,11.2,0.768426,3.722704
0,11.6,1.032295,3.33407
0,12.0,1.444588,3.172521
0,12.4,1.975137,3.311474
0,12.8,2.463758,3.735103
0,13.2,2.740705,4.325385
0,13.6,2.706609,4.906664
0,14.0,2.291427,5.266751
0,14.4,1.377243,5.130215
0,14.8,0.620511,4.478948
0,15.2,0.701157,3.90313
0,15.6,0.921296,3.453847
0,16.0,1.276491,3.199152
0,16.4,1.776948,3.224697
0,16.8,2.303251,3.554043
0,17.2,2.672223,4.101976
0,17.6,2.759126,4.709073
0,18.0,2.492092,5.176963
0,18.4,1.77459,5.257904
0,18.8,0.734913,4.720858
0,19.2,0.647847,4.099515
0,19.6,0.828216,3.59906
0,20.0,1.12914,3.263397
0,20.4,1.582841,3.17919
0,20.8,2.121196,3.402513
0,21.2,2.565955,3.886688
0,21.6,2.765137,4.493507
0,22.0,2.634465,5.03716
0,22.4,2.097213,5.292537
0,22.8,1.056948,4.972419
0,23.2,0.615066,4.310235
0,23.6,0.750555,3.765661
0,24.0,1.003064,3.361059
0,24.4,1.401259,3.175411
0,24.8,1.926308,3.286303
0,25.2,2.426523,3.687984
0,25.6,2.727507,4.269911
0,26.0,2.724074,4.860079
0,26.4,2.346814,5.249978
0,26.8,1.481258,5.170944
0,27.2,0.633543,4.536623
0,27.6,0.686607,3.950258
0,28.0,0.896731,3.487527
0,28.4,1.238088,3.211675
0,28.8,1.728249,3.209558
0,29.2,2.259959,3.513608
0,29.6,2.649323,4.047689
0,30.0,2.764825,4.657087
0,30.4,2.532443,5.146551
0,30.8,1.861531,5.274584
0,31.2,0.794768,4.783741
0,31.6,0.637291,4.150269
0,32.0,0.80768,3.638378
0,32.4,1.096043,3.284596
0,32.8,1.536531,3.174406
0,33.2,2.073872,3.370323
0,33.6,2.534381,3.835736
0,34.0,2.759787,4.438634
0,34.4,2.661342,4.996415
0,34.8,2.165321,5.288537
0,35.2,1.160139,5.029146
0,35.6,0.612628,4.364549
0,36.0,0.73351,3.809714
0,36.4,0.975042,3.389805
0,36.8,1.359071,3.180754
0,37.2,1.877285,3.26355
0,37.6,2.387625,3.642355
0,38.0,2.71183,4.214523
0,38.4,2.73856,4.811917
0,38.8,2.398307,5.2295
0,39.2,1.58192,5.205636
0,39.6,0.655115,4.595647
0,40.0,0.672916,3.998322
1,0.0,1.512455,6.702316
1,0.4,0.348858,5.676452
1,0.8,0.406764,4.910426
1,1.2,0.49406,4.20789
1,1.6,0.618499,3.593788
1,2.0,0.799079,3.108206
1,2.4,1.052237,2.803994
1,2.8,1.361514,2.724043
1,3.2,1.653821,2.857944
1,3.6,1.837768,3.12597
1,4.0,1.858264,3.40758
1,4.4,1.712689,3.581094
1,4.8,1.458089,3.565564
1,5.2,1.227907,3.376439
1,5.6,1.157043,3.134892
1,6.0,1.244728,2.962302
1,6.4,1.413519,2.916415
1,6.8,1.584067,2.996667
1,7.2,1.691026,3.155323
1,7.6,1.697804,3.31822
1,8.0,1.605816,3.412528
1,8.4,1.457994,3.396661
1,8.8,1.330777,3.285463
1,9.2,1.289627,3.144006
1,9.6,1.340932,3.042128
1,10.0,1.445047,3.018413
1,10.4,1.550457,3.072896
1,10.8,1.613807,3.173931
1,11.2,1.612272,3.273362
1,11.6,1.550076,3.326304
1,12.0,1.458383,3.31081
1,12.4,1.383771,3.239602
1,12.8,1.361825,3.152375
1,13.2,1.396022,3.091271
1,13.6,1.462739,3.080186
1,14.0,1.528839,3.118193
1,14.4,1.56621,3.183689
1,14.8,1.561187,3.245157
1,15.2,1.518803,3.2749
1,15.6,1.460911,3.261422
1,16.0,1.416343,3.214747
1,16.4,1.405283,3.160072
1,16.8,1.428942,3.123366
1,17.2,1.472222,3.119069
1,17.6,1.513724,3.145608
1,18.0,1.535506,3.188171
1,18.4,1.529681,3.226209
1,18.8,1.50094,3.242719
1,19.2,1.464226,3.231825
1,19.6,1.437484,3.20105
1,20.0,1.432363,3.166623
1,20.4,1.448854,3.144674
1,20.8,1.476999,3.143783
1,21.2,1.502971,3.162191
1,21.6,1.515464,3.189781
1,22.0,1.510093,3.213249
1,22.4,1.490746,3.222223
1,22.8,1.467468,3.213828
1,23.2,1.451447,3.193542
1,23.6,1.44944,3.171869
1,24.0,1.460902,3.158847
1,24.4,1.479179,3.159489
1,24.8,1.495351,3.172147
1,25.2,1.502377,3.189961
1,25.6,1.497917,3.204373
1,26.0,1.484987,3.209099
1,26.4,1.470258,3.202842
1,26.8,1.460706,3.189505
1,27.2,1.460243,3.175892
1,27.6,1.468157,3.168242
1,28.0,1.479991,3.169434
1,28.4,1.490005,3.178065
1,28.8,1.49386,3.189517
1,29.2,1.490373,3.198319
1,29.6,1.481787,3.200693
1,30.0,1.472496,3.196141
1,30.4,1.46684,3.187403
1,30.8,1.46707,3.178881
1,31.2,1.472496,3.174441
1,31.6,1.480129,3.175702
1,32.0,1.486295,3.181541
1,32.4,1.488341,3.188871
1,32.8,1.485719,3.194216
1,33.2,1.480051,3.195317
1,33.6,1.47421,3.192066
1,34.0,1.470891,3.186364
1,34.4,1.471375,3.18105
1,34.8,1.475067,3.178511
1,35.2,1.479972,3.179633
1,35.6,1.483745,3.183555
1,36.0,1.484781,3.188228
1,36.4,1.482863,3.191451
1,36.8,1.47914,3.191888
1,37.2,1.475482,3.189601
1,37.6,1.473557,3.185894
1,38.0,1.47408,3.182595
1,38.4,1.476575,3.181169
1,38.8,1.479714,3.182086
1,39.2,1.482008,3.184704
1,39.6,1.482494,3.18767
1,40.0,1.48112,3.189599
2,0.0,4.291046,6.660485
2,0.4,3.974606,8.235978
2,0.8,2.953638,9.016951
2,1.2,0.650826,8.020645
2,1.6,0.421103,6.649696
2,2.0,0.548319,5.468853
2,2.4,0.773822,4.461365
2,2.8,1.216924,3.793968
2,3.2,1.981902,3.733469
2,3.6,2.823658,4.366268
2,4.0,3.378286,5.455184
2,4.4,3.484957,6.633507
2,4.8,3.084689,7.498994
2,5.2,2.028002,7.547407
2,5.6,0.531867,6.273004
2,6.0,0.607358,5.118675
2,6.4,0.885316,4.196391
2,6.8,1.431977,3.696416
2,7.2,2.266584,3.868918
2,7.6,3.046089,4.685248
2,8.0,3.465069,5.845232
2,8.4,3.414005,6.968269
2,8.8,2.830111,7.635449
2,9.2,1.469715,7.255592
2,9.6,0.509578,5.87406
2,10.0,0.677714,4.789699
2,10.4,1.025087,3.974562
2,10.8,1.68162,3.672067
2,11.2,2.54439,4.073876
2,11.6,3.229143,5.040647
2,12.0,3.502382,6.231669
2,12.4,3.288412,7.256413
2,12.8,2.499137,7.667161
2,13.2,0.85608,6.78755
2,13.6,0.546619,5.502382
2,14.0,0.76499,4.487505
2,14.4,1.199176,3.806374
2,14.8,1.956038,3.724858
2,15.2,2.801518,4.339357
2,15.6,3.367869,5.41975
2,16.0,3.488743,6.600989
2,16.4,3.104566,7.481993
2,16.8,2.072698,7.564665
2,17.2,0.541869,6.311986
2,17.6,0.601654,5.14986
2,18.0,0.874065,4.218949
2,18.4,1.410809,3.702389
2,18.8,2.240642,3.853552
2,19.2,3.027317,4.65442
2,19.6,3.459169,5.80956
2,20.0,3.422709,6.939402
2,20.4,2.856312,7.62695
2,20.8,1.525809,7.29037
2,21.2,0.50783,5.909051
2,21.6,0.670649,4.818717
2,22.0,1.010979,3.992757
2,22.4,1.657604,3.671111
2,22.8,2.519694,4.052496
2,23.2,3.214208,5.007016
2,23.6,3.501069,6.196888
2,24.0,3.302229,7.232446
2,24.4,2.532962,7.669326
2,24.8,0.905781,6.834219
2,25.2,0.542317,5.535525
2,25.6,0.7562,4.513821
2,26.0,1.181737,3.819221
2,26.4,1.930318,3.716835
2,26.8,2.779201,4.312883
2,27.2,3.357132,5.384491
2,27.6,3.492138,6.568335
2,28.0,3.123908,7.464445
2,28.4,2.116286,7.580546
2,28.8,0.554132,6.351611
2,29.2,0.596062,5.181221
2,29.6,0.863046,4.241859
2,30.0,1.389939,3.708971
2,30.4,2.214653,3.838774
2,30.8,3.008218,4.623906
2,31.2,3.452858,5.773868
2,31.6,3.43096,6.910157
2,32.0,2.881891,7.6176
2,32.4,1.580999,7.32349
2,32.8,0.506532,5.944256
2,33.2,0.66372,4.847952
2,33.6,0.997155,4.01139
2,34.0,1.633807,3.670801
2,34.4,2.494832,4.031631
2,34.8,3.198905,4.973593
2,35.2,3.499332,6.161974
2,35.6,3.315566,7.207971
2,36.0,2.566017,7.670405
2,36.4,0.95807,6.88072
2,36.8,0.538156,5.568823
2,37.2,0.747587,4.54041
2,37.6,1.164615,3.832596
2,38.0,1.904695,3.70945
2,38.4,2.756628,4.286832
2,38.8,3.346,5.349331
2,39.2,3.495097,6.535435
2,39.6,3.142721,7.446242
2,40.0,2.158873,7.595025
3,0.0,4.310525,7.789986
3,0.4,2.949561,8.706121
3,0.8,0.553907,7.761028
3,1.2,0.350091,6.640045
3,1.6,0.422944,5.658838
3,2.0,0.529342,4.759096
3,2.4,0.693129,3.98467
3,2.8,0.953552,3.4101
3,3.2,1.341079,3.136161
3,3.6,1.798478,3.220908
3,4.0,2.179292,3.601013
3,4.4,2.365317,4.118007
3,4.8,2.311594,4.583352
3,5.2,2.023719,4.816795
3,5.6,1.560027,4.682436
3,6.0,1.137295,4.207104
3,6.4,1.059294,3.679869
3,6.8,1.272857,3.340147
3,7.2,1.627287,3.285168
3,7.6,1.983981,3.510507
3,8.0,2.216522,3.912976
3,8.4,2.255421,4.337947
3,8.8,2.086903,4.624091
3,9.2,1.744153,4.637199
3,9.6,1.348157,4.334403
3,10.0,1.143995,3.87015
3,10.4,1.233533,3.491617
3,10.8,1.509976,3.340552
3,11.2,1.843424,3.454191
3,11.6,2.106408,3.771531
3,12.0,2.211566,4.164779
3,12.4,2.126742,4.484714
3,12.8,1.866593,4.595875
3,13.2,1.507584,4.421425
3,13.6,1.234327,4.028766
3,14.0,1.217211,3.631495
3,14.4,1.419237,3.405262
3,14.8,1.723347,3.423047
3,15.2,2.004897,3.66138
3,15.6,2.163213,4.018876
3,16.0,2.148357,4.358118
3,16.4,1.958522,4.543193
3,16.8,1.64238,4.476522
3,17.2,1.33484,4.164529
3,17.6,1.224486,3.769011
3,18.0,1.349775,3.484061
3,18.4,1.616188,3.415772
3,18.8,1.904658,3.57552
3,19.2,2.10579,3.889713
3,19.6,2.152769,4.234662
3,20.0,2.02782,4.47591
3,20.4,1.759232,4.502472
3,20.8,1.44327,4.277434
3,21.2,1.256114,3.904805
3,21.6,1.30132,3.577497
3,22.0,1.520976,3.432062
3,22.4,1.80445,3.512692
3,22.8,2.038263,3.775192
3,23.2,2.140432,4.112576
3,23.6,2.077114,4.394388
3,24.0,1.859671,4.501176
3,24.4,1.55488,4.36535
3,24.8,1.311281,4.035756
3,25.2,1.275213,3.683962
3,25.6,1.439085,3.471326
3,26.0,1.70553,3.473304
3,26.4,1.961269,3.676169
3,26.8,2.111887,3.993075
3,27.2,2.107402,4.300618
3,27.6,1.943632,4.474748
3,28.0,1.664529,4.426352
3,28.4,1.386832,4.156822
3,28.8,1.273102,3.800309
3,29.2,1.372832,3.53226
3,29.6,1.610411,3.45803
3,30.0,1.87653,3.594635
3,30.4,2.068014,3.878747
3,30.8,2.11918,4.197531
3,31.2,2.010587,4.425781
3,31.6,1.767655,4.459569
3,32.0,1.477446,4.262347
3,32.4,1.295954,3.922047
3,32.8,1.32489,3.612692
3,33.2,1.522261,3.467171
3,33.6,1.786594,3.532873
3,34.0,2.010165,3.772838
3,34.4,2.112916,4.088664
3,34.8,2.059961,4.357382
3,35.2,1.860581,4.465352
3,35.6,1.576612,4.347204
3,36.0,1.343102,4.043505
3,36.4,1.297944,3.709508
3,36.8,1.444533,3.500314
3,37.2,1.694653,3.492974
3,37.6,1.940244,3.678852
3,38.0,2.08929,3.977953
3,38.4,2.091322,4.273126
3,38.8,1.940503,4.44517
3,39.2,1.677804,4.407622
3,39.6,1.411589,4.158203
3,40.0,1.294291,3.818597
4,0.0,4.572484,8.670301
4,0.4,1.76665,9.072577
4,0.8,0.22552,8.077639
4,1.2,0.249506,7.348253
4,1.6,0.278789,6.635913
4,2.0,0.31522,5.944739
4,2.4,0.361586,5.280442
4,2.8,0.422227,4.651203
4,3.2,0.504149,4.069171
4,3.6,0.618945,3.553059
4,4.0,0.785324,3.132262
4,4.4,1.02775,2.850788
4,4.8,1.354417,2.760055
4,5.2,1.710524,2.883551
4,5.6,1.9792,3.175578
4,6.0,2.051071,3.521989
4,6.4,1.864341,3.769695
4,6.8,1.422378,3.762665
4,7.2,0.971165,3.46585
4,7.6,0.908879,3.11154
4,8.0,1.094377,2.868491
4,8.4,1.391059,2.800487
4,8.8,1.713709,2.927398
4,9.2,1.948465,3.202321
4,9.6,1.995527,3.516181
4,10.0,1.801153,3.725719
4,10.4,1.383457,3.692559
4,10.8,0.991452,3.40541
4,11.2,0.950951,3.077253
4,11.6,1.139483,2.86098
4,12.0,1.433334,2.818546
4,12.4,1.741292,2.962988
4,12.8,1.950516,3.240485
4,13.2,1.968205,3.539315
4,13.6,1.748588,3.718275
4,14.0,1.3274,3.650156
4,14.4,0.980961,3.353213
4,14.8,0.977115,3.040854
4,15.2,1.179975,2.848543
4,15.6,1.477484,2.832687
4,16.0,1.774683,2.998062
4,16.4,1.959593,3.282393
4,16.8,1.94589,3.569399
4,17.2,1.695992,3.718071
4,17.6,1.267082,3.61238
4,18.0,0.966732,3.303407
4,18.4,1.00076,3.005163
4,18.8,1.220294,2.836657
4,19.2,1.522499,2.847926
4,19.6,1.80878,3.034701
4,20.0,1.968581,3.325869
4,20.4,1.922105,3.600264
4,20.8,1.640517,3.716946
4,21.2,1.206993,3.573298
4,21.6,0.956001,3.254798
4,22.0,1.025762,2.971436
4,22.4,1.261702,2.827377
4,22.8,1.567677,2.865955
4,23.2,1.841464,3.07336
4,23.6,1.97478,3.36975
4,24.0,1.894548,3.629317
4,24.4,1.58159,3.711816
4,24.8,1.150024,3.531388
4,25.2,0.950936,3.20739
4,25.6,1.053265,2.940359
4,26.0,1.304448,2.821572
4,26.4,1.612436,2.887323
4,26.8,1.871654,3.113949
4,27.2,1.977007,3.41323
4,27.6,1.862349,3.655205
4,28.0,1.519504,3.701385
4,28.4,1.098347,3.486666
4,28.8,0.951903,3.161483
4,29.2,1.083501,2.912357
4,29.6,1.348422,2.81963
4,30.0,1.656276,2.912127
4,30.4,1.898712,3.156179
4,30.8,1.974692,3.455673
4,31.2,1.825215,3.677088
4,31.6,1.454985,3.685141
4,32.0,1.053565,3.439725
4,32.4,0.958588,3.117416
4,32.8,1.116396,2.887718
4,33.2,1.39338,2.821716
4,33.6,1.698752,2.940268
4,34.0,1.922204,3.199685
4,34.4,1.967532,3.496526
4,34.8,1.783111,3.69437
4,35.2,1.389058,3.662986
4,35.6,1.01671,3.391345
4,36.0,0.97046,3.0755
4,36.4,1.151768,2.866657
4,36.8,1.439018,2.827883
4,37.2,1.739454,2.971549
4,37.6,1.941807,3.24407
4,38.0,1.955348,3.535278
4,38.4,1.736155,3.706582
4,38.8,1.323003,3.635099
4,39.2,0.988252,3.342309
4,39.6,0.986964,3.036014
4,40.0,1.189401,2.849343
5,0.0,1.617158,8.098294
5,0.4,0.300045,6.841385
5,0.8,0.354048,5.905458
5,1.2,0.429919,5.025703
5,1.6,0.541151,4.227854
5,2.0,0.713212,3.556324
5,2.4,0.98637,3.085819
5,2.8,1.384214,2.913179
5,3.2,1.827326,3.081773
5,3.6,2.148387,3.503386
5,4.0,2.220734,3.987781
5,4.4,1.996761,4.308732
5,4.8,1.505668,4.258664
5,5.2,1.023006,3.814718
5,5.6,0.977161,3.321988
5,6.0,1.230493,3.030642
5,6.4,1.610566,3.031522
5,6.8,1.965348,3.309446
5,7.2,2.147653,3.733896
5,7.6,2.076965,4.111264
5,8.0,1.743908,4.240163
5,8.4,1.262537,3.994808
5,8.8,1.007787,3.528631
5,9.2,1.125547,3.15473
5,9.6,1.4408,3.024799
5,10.0,1.80572,3.177808
5,10.4,2.066351,3.536814
5,10.8,2.112461,3.937856
5,11.2,1.90418,4.18617
5,11.6,1.48416,4.11509
5,12.0,1.096904,3.728407
5,12.4,1.061088,3.302791
5,12.8,1.296767,3.061923
5,13.2,1.647564,3.091873
5,13.6,1.962571,3.368496
5,14.0,2.107885,3.762988
5,14.4,2.013959,4.092217
5,14.8,1.682097,4.172649
5,15.2,1.24516,3.910617
5,15.6,1.045591,3.474407
5,16.0,1.179863,3.142737
5,16.4,1.492244,3.052552
5,16.8,1.836306,3.229851
5,17.2,2.064504,3.588241
5,17.6,2.078017,3.963538
5,18.0,1.846838,4.16814
5,18.4,1.43037,4.054078
5,18.8,1.091884,3.660962
5,19.2,1.096975,3.263886
5,19.6,1.347337,3.061992
5,20.0,1.693346,3.127665
5,20.4,1.985013,3.422373
5,20.8,2.097627,3.809825
5,21.2,1.971913,4.107541
5,21.6,1.621208,4.141079
5,22.0,1.205482,3.845484
5,22.4,1.058468,3.418762
5,22.8,1.222089,3.119962
5,23.2,1.542908,3.068963
5,23.6,1.874506,3.276377
5,24.0,2.074305,3.643169
5,24.4,2.053753,4.000734
5,24.8,1.793006,4.164624
5,25.2,1.3715,4.003771
5,25.6,1.077712,3.597053
5,26.0,1.126052,3.222978
5,26.4,1.395955,3.058573
5,26.8,1.740726,3.161217
5,27.2,2.011053,3.476793
5,27.6,2.090972,3.860052
5,28.0,1.931239,4.127442
5,28.4,1.558707,4.112836
5,28.8,1.164776,3.782671
5,29.2,1.069865,3.364456
5,29.6,1.26364,3.097893
5,30.0,1.593777,3.086291
5,30.4,1.912962,3.324039
5,30.8,2.08404,3.699215
5,31.2,2.028539,4.038386
5,31.6,1.737201,4.160047
5,32.0,1.312955,3.952253
5,32.4,1.066618,3.534686
5,32.8,1.156484,3.184582
5,33.2,1.445266,3.058203
5,33.6,1.787524,3.197429
5,34.0,2.035308,3.532518
5,34.4,2.08174,3.909641
5,34.8,1.887548,4.144404
5,35.2,1.495005,4.080442
5,35.6,1.128983,3.719345
5,36.0,1.085052,3.312909
5,36.4,1.307028,3.079904
5,36.8,1.644549,3.107696
5,37.2,1.949238,3.374134
5,37.6,2.090336,3.75507
5,38.0,1.999426,4.072878
5,38.4,1.678508,4.149958
5,38.8,1.257555,3.897119
5,39.2,1.061751,3.474113
5,39.6,1.190142,3.150383
5,40.0,1.495554,3.062814
6,0.0,2.481839,6.817335
6,0.4,3.16548,7.131938
6,0.8,3.894903,7.939345
6,1.2,4.429298,9.101132
6,1.6,4.641005,10.397909
6,2.0,4.470917,11.577369
6,2.4,3.839802,12.341029
6,2.8,2.391157,12.180391
6,3.2,0.358641,10.40205
6,3.6,0.43152,8.925235
6,4.0,0.548965,7.525234
6,4.4,0.760638,6.261041
6,4.8,1.237325,5.29874
6,5.2,2.32975,5.049194
6,5.6,3.801622,5.808572
6,6.0,4.996016,7.366168
6,6.4,5.673714,9.358076
6,6.8,5.824884,11.434762
6,7.2,5.474322,13.270275
6,7.6,4.574409,14.512345
6,8.0,2.672275,14.545074
6,8.4,0.285291,12.597178
6,8.8,0.331258,11.055736
6,9.2,0.395294,9.55607
6,9.6,0.490926,8.118523
6,10.0,0.651244,6.784364
6,10.4,0.977403,5.657727
6,10.8,1.770864,5.037497
6,11.2,3.168995,5.362413
6,11.6,4.537673,6.617903
6,12.0,5.446923,8.466758
6,12.4,5.822062,10.547682
6,12.8,5.68742,12.527194
6,13.2,5.041432,14.075395
6,13.6,3.702377,14.754499
6,14.0,0.360347,13.301475
6,14.4,0.309622,11.717837
6,14.8,0.364769,10.198286
6,15.2,0.4443,8.730489
6,15.6,0.570194,7.344188
6,16.0,0.803129,6.107057
6,16.4,1.342693,5.211598
6,16.8,2.523889,5.093615
6,17.2,3.989041,5.980497
6,17.6,5.119309,7.618383
6,18.0,5.724283,9.641511
6,18.4,5.806609,11.704418
6,18.8,5.3876,13.481983
6,19.2,4.397981,14.609228
6,19.6,2.21536,14.363922
6,20.0,0.290662,12.386593
6,20.4,0.33867,10.850018
6,20.8,0.405947,9.357286
6,21.2,0.507678,7.930588
6,21.6,0.681817,6.616029
6,22.0,1.047678,5.533816
6,22.4,1.933448,5.020052
6,22.8,3.371025,5.484166
6,23.2,4.691445,6.841626
6,23.6,5.528685,8.742448
6,24.0,5.833034,10.828616
6,24.4,5.630968,12.769657
6,24.8,4.909528,14.231062
6,25.2,3.428631,14.736103
6,25.6,0.285005,13.064577
6,26.0,0.316082,11.509832
6,26.4,0.373796,9.996164
6,26.8,0.457884,8.537188
6,27.2,0.593211,7.165721
6,27.6,0.850711,5.958828
6,28.0,1.461406,5.13902
6,28.4,2.723379,5.157316
6,28.8,4.169522,6.166256
6,29.2,5.23274,7.877607
6,29.6,5.765266,9.925635
6,30.0,5.779265,11.968884
6,30.4,5.290876,13.682089
6,30.8,4.204071,14.683648
6,31.2,1.638982,14.095665
6,31.6,0.296333,12.176602
6,32.0,0.346424,10.645089
6,32.4,0.417203,9.15968
6,32.8,0.525661,7.744618
6,33.2,0.715533,6.451632
6,33.6,1.127534,5.41988
6,34.0,2.108005,5.021702
6,34.4,3.569973,5.622568
6,34.8,4.835928,7.075277
6,35.2,5.600601,9.021483
6,35.6,5.834787,11.106886
6,36.0,5.56524,13.003477
6,36.4,4.765064,14.37013
6,36.8,3.115928,14.67824
6,37.2,0.280254,12.849836
6,37.6,0.32282,11.302507
6,38.0,0.383289,9.795024
6,38.4,0.472351,8.345435
6,38.8,0.618257,6.990086
6,39.2,0.904242,5.817141
6,39.6,1.594059,5.082423
6,40.0,2.925942,5.239872
7,0.0,1.907637,8.018884
7,0.4,0.732703,6.815513
7,0.8,0.718623,5.631671
7,1.2,1.074796,4.735244
7,1.6,1.80628,4.352843
7,2.0,2.840814,4.721495
7,2.4,3.753258,5.742466
7,2.8,4.291275,7.129711
7,3.2,4.399669,8.575808
7,3.6,4.075325,9.779961
7,4.0,3.25746,10.404128
7,4.4,1.507352,9.829255
7,4.8,0.407772,8.207326
7,5.2,0.509447,6.921187
7,5.6,0.681649,5.754836
7,6.0,1.014676,4.818099
7,6.4,1.697183,4.358033
7,6.8,2.718217,4.63745
7,7.2,3.664377,5.596258
7,7.6,4.251822,6.95774
7,8.0,4.41085,8.413661
7,8.4,4.138028,9.663192
7,8.8,3.386803,10.37805
7,9.2,1.806434,10.005218
7,9.6,0.400202,8.367051
7,10.0,0.494474,7.069892
7,10.4,0.655279,5.885302
7,10.8,0.960719,4.911382
7,11.2,1.59237,4.377041
7,11.6,2.59144,4.563981
7,12.0,3.567192,5.454363
7,12.4,4.203866,6.784033
7,12.8,4.414515,8.244574
7,13.2,4.19387,9.534798
7,13.6,3.507168,10.334347
7,14.0,2.076569,10.144418
7,14.4,0.39652,8.528768
7,14.8,0.480354,7.220135
7,15.2,0.630831,6.018622
7,15.6,0.911457,5.010768
7,16.0,1.49365,4.406866
7,16.4,2.464055,4.500841
7,16.8,3.464872,5.318771
7,17.2,4.149738,6.612179
7,17.6,4.412045,8.073064
7,18.0,4.243239,9.399529
7,18.4,3.618093,10.277387
7,18.8,2.316354,10.25072
7,19.2,0.402631,8.694239
7,19.6,0.46702,7.371823
7,20.0,0.608112,6.15457
7,20.4,0.866455,5.115715
7,20.8,1.401341,4.44711
7,21.2,2.336923,4.44838
7,21.6,3.357716,5.190012
7,22.0,4.089471,6.442702
7,22.4,4.403431,7.899635
7,22.8,4.286244,9.25796
7,23.2,3.720271,10.208191
7,23.6,2.530725,10.32835
7,24.0,0.434473,8.868259
7,24.4,0.454413,7.524869
7,24.8,0.586951,6.292942
7,25.2,0.825295,5.225727
7,25.6,1.315585,4.497289
7,26.0,2.210947,4.406889
7,26.4,3.246083,5.068614
7,26.8,4.023112,6.276128
7,27.2,4.388661,7.724796
7,27.6,4.322966,9.110647
7,28.0,3.814255,10.127678
7,28.4,2.723899,10.38087
7,28.8,0.528542,9.061471
7,29.2,0.442491,7.679199
7,29.6,0.567199,6.433559
7,30.0,0.787589,5.340349
7,30.4,1.236357,4.556849
7,30.8,2.087055,4.376591
7,31.2,3.130391,4.955092
7,31.6,3.950729,6.112988
7,32.0,4.367722,7.549052
7,32.4,4.353466,8.958133
7,32.8,3.900493,10.036682
7,33.2,2.899183,10.411177
7,33.6,0.73395,9.285594
7,34.0,0.431235,7.83475
7,34.4,0.548722,6.576257
7,34.8,0.752979,5.459172
7,35.2,1.16349,4.625188
7,35.6,1.966167,4.357633
7,36.0,3.011125,4.849952
7,36.4,3.872416,5.953814
7,36.8,4.340601,7.372913
7,37.2,4.377785,8.80095
7,37.6,3.979347,9.935971
7,38.0,3.059122,10.421634
7,38.4,1.043756,9.52833
7,38.8,0.420678,7.991479
7,39.2,0.531403,6.720889
7,39.6,0.721143,5.581827
7,40.0,1.096701,4.701679
8,0.0,4.219057,6.32487
8,0.4,4.210179,7.942969
8,0.8,3.680067,9.132036
8,1.2,2.500298,9.401645
8,1.6,0.466598,7.975477
8,2.0,0.472116,6.629572
8,2.4,0.630842,5.435138
8,2.8,0.927686,4.468759
8,3.2,1.510765,3.955047
8,3.6,2.380518,4.140625
8,4.0,3.188148,4.976315
8,4.4,3.656937,6.174245
8,4.8,3.702714,7.394688
8,5.2,3.30237,8.290506
8,5.6,2.358234,8.446992
8,6.0,0.676784,7.244222
8,6.4,0.554494,5.92119
8,6.8,0.777144,4.838853
8,7.2,1.219862,4.097754
8,7.6,1.996094,3.971595
8,8.0,2.877308,4.559353
8,8.4,3.508116,5.644749
8,8.8,3.736361,6.897363
8,9.2,3.528733,7.974426
8,9.6,2.84002,8.505829
8,10.0,1.416826,7.936118
8,10.4,0.503084,6.439259
8,10.8,0.664844,5.267918
8,11.2,0.994637,4.352944
8,11.6,1.631815,3.934974
8,12.0,2.518398,4.23256
8,12.4,3.285889,5.145255
8,12.8,3.692099,6.368863
8,13.2,3.67095,7.562399
8,13.6,3.197738,8.37523
8,14.0,2.143986,8.36619
8,14.4,0.555101,7.006368
8,14.8,0.579867,5.740727
8,15.2,0.826717,4.696633
8,15.6,1.317911,4.031764
8,16.0,2.135221,4.018168
8,16.4,2.996737,4.701661
8,16.8,3.570867,5.834977
8,17.2,3.733187,7.082974
8,17.6,3.456576,8.101926
8,18.0,2.681304,8.509358
8,18.4,1.113657,7.699828
8,18.8,0.517618,6.247383
8,19.2,0.701996,5.106308
8,19.6,1.069153,4.248711
8,20.0,1.759686,3.932588
8,20.4,2.653038,4.339356
8,20.8,3.3748,5.321598
8,21.2,3.71714,6.562827
8,21.6,3.628684,7.721313
8,22.0,3.080177,8.441305
8,22.4,1.904077,8.247511
8,22.8,0.50754,6.79022
8,23.2,0.608069,5.56466
8,23.6,0.881967,4.563066
8,24.0,1.42475,3.981726
8,24.4,2.275337,4.08184
8,24.8,3.108888,4.854712
8,25.2,3.623715,6.02791
8,25.6,3.719689,7.263218
8,26.0,3.373033,8.215316
8,26.4,2.504593,8.48527
8,26.8,0.834867,7.438584
8,27.2,0.537331,6.059773
8,27.6,0.74317,4.951071
8,28.0,1.151884,4.157335
8,28.4,1.89303,3.948123
8,28.8,2.7831,4.460021
8,29.2,3.454447,5.504078
8,29.6,3.731965,6.754843
8,30.0,3.575744,7.870026
8,30.4,2.948777,8.486672
8,30.8,1.636135,8.086665
8,31.2,0.498127,6.587122
8,31.6,0.639242,5.393391
8,32.0,0.943597,4.43917
8,32.4,1.539981,3.948501
8,32.8,2.414792,4.16193
8,33.2,3.213067,5.017301
8,33.6,3.666535,6.222304
8,34.0,3.695815,7.436836
8,34.4,3.277669,8.313028
8,34.8,2.307521,8.430277
8,35.2,0.637757,7.183067
8,35.6,0.560501,5.876195
8,36.0,0.788906,4.802947
8,36.4,1.243271,4.080014
8,36.8,2.030298,3.981485
8,37.2,2.907461,4.593462
8,37.6,3.524539,5.691447
8,38.0,3.736534,6.943671
8,38.4,3.511938,8.007171
8,38.8,2.802356,8.50911
8,39.2,1.34234,7.881276
8,39.6,0.50602,6.3914
8,40.0,0.673679,5.227417
9,0.0,1.799633,4.044174
9,0.4,1.907454,4.139925
9,0.8,1.968145,4.28815
9,1.2,1.940775,4.416833
9,1.6,1.819657,4.448086
9,2.0,1.649619,4.338606
9,2.4,1.527985,4.123887
9,2.8,1.546792,3.919407
9,3.2,1.710686,3.848189
9,3.6,1.938937,3.966463
9,4.0,2.117504,4.235546
9,4.4,2.152337,4.538341
9,4.8,1.99848,4.720402
9,5.2,1.677648,4.642223
9,5.6,1.341019,4.278324
9,6.0,1.256086,3.829854
9,6.4,1.482934,3.566337
9,6.8,1.884657,3.634968
9,7.2,2.264631,4.021628
9,7.6,2.448053,4.565595
9,8.0,2.340516,5.029351
9,8.4,1.91083,5.151686
9,8.8,1.247506,4.727722
9,9.2,0.926834,3.994482
9,9.6,1.146912,3.4551
9,10.0,1.63953,3.319551
9,10.4,2.203846,3.652127
9,10.8,2.590156,4.309714
9,11.2,2.646117,5.02063
9,11.6,2.310733,5.468481
9,12.0,1.556396,5.315052
9,12.4,0.812198,4.491869
9,12.8,0.875366,3.72553
9,13.2,1.272248,3.293058
9,13.6,1.860351,3.339265
9,14.0,2.415331,3.848619
9,14.4,2.703813,4.602154
9,14.8,2.615946,5.292121
9,15.2,2.104459,5.578424
9,15.6,1.182461,5.117902
9,16.0,0.743595,4.210359
9,16.4,0.971057,3.534196
9,16.8,1.449706,3.244801
9,17.2,2.061898,3.4583
9,17.6,2.551715,4.082275
9,18.0,2.724572,4.855207
9,18.4,2.50128,5.455292
9,18.8,1.838631,5.530792
9,19.2,0.908012,4.819471
9,19.6,0.781343,3.958926
9,20.0,1.100749,3.389367
9,20.4,1.644155,3.257881
9,20.8,2.24642,3.625531
9,21.2,2.648288,4.331124
9,21.6,2.698231,5.085107
9,22.0,2.337365,5.555853
9,22.4,1.529911,5.3839
9,22.8,0.767427,4.515436
9,23.2,0.85691,3.737145
9,23.6,1.255457,3.291679
9,24.0,1.845685,3.325751
9,24.4,2.408399,3.829214
9,24.8,2.706817,4.585056
9,25.2,2.628509,5.285072
9,25.6,2.125592,5.588318
9,26.0,1.203567,5.146316
9,26.4,0.739535,4.234786
9,26.8,0.959569,3.549171
9,27.2,1.43223,3.24569
9,27.6,2.044261,3.444494
9,28.0,2.541521,4.059874
9,28.4,2.725456,4.833308
9,28.8,2.514523,5.44384
9,29.2,1.865194,5.5405
9,29.6,0.927483,4.848596
9,30.0,0.775685,3.981243
9,30.4,1.087435,3.400949
9,30.8,1.625471,3.254211
9,31.2,2.230011,3.608124
9,31.6,2.640883,4.307428
9,32.0,2.702596,5.064723
9,32.4,2.354782,5.549231
9,32.8,1.560241,5.401802
9,33.2,0.774978,4.543139
9,33.6,0.84859,3.756608
9,34.0,1.23993,3.298709
9,34.4,1.826733,3.317135
9,34.8,2.394336,3.808792
9,35.2,2.702996,4.56129
9,35.6,2.636922,5.267874
9,36.0,2.147544,5.5885
9,36.4,1.233454,5.171922
9,36.8,0.738794,4.259992
9,37.2,0.94885,3.565227
9,37.6,1.414821,3.247713
9,38.0,2.026016,3.431326
9,38.4,2.530394,4.037338
9,38.8,2.72545,4.81054
9,39.2,2.527147,5.431011
9,39.6,1.891676,5.548729
9,40.0,0.948835,4.877657
10,0.0,4.122916,6.753495
10,0.4,3.964863,8.199009
10,0.8,3.365981,9.125238
10,1.2,2.221636,9.097264
10,1.6,0.547136,7.577645
10,2.0,0.54405,6.196685
10,2.4,0.759708,5.035987
10,2.8,1.1755,4.218679
10,3.2,1.88688,4.001603
10,3.6,2.700871,4.475249
10,4.0,3.307263,5.439497
10,4.4,3.568092,6.591678
10,4.8,3.461168,7.62803
10,5.2,2.983717,8.249322
10,5.6,2.073055,8.106962
10,6.0,0.773643,6.834274
10,6.4,0.660287,5.512786
10,6.8,0.962983,4.517413
10,7.2,1.546247,4.010612
10,7.6,2.357273,4.194778
10,8.0,3.081182,4.980172
10,8.4,3.49872,6.087706
10,8.8,3.55135,7.209897
10,9.2,3.23722,8.048562
10,9.6,2.531059,8.288299
10,10.0,1.312117,7.509135
10,10.4,0.604834,6.038906
10,10.8,0.803761,4.904783
10,11.2,1.254089,4.152421
10,11.6,1.996412,4.028792
10,12.0,2.797014,4.582201
10,12.4,3.361506,5.588068
10,12.8,3.573718,6.741025
10,13.2,3.418574,7.739015
10,13.6,2.890262,8.281059
10,14.0,1.911112,8.004011
10,14.4,0.68483,6.631462
10,14.8,0.688042,5.361214
10,15.2,1.022338,4.415545
10,15.6,1.646743,3.993874
10,16.0,2.465689,4.269918
10,16.4,3.15694,5.115914
10,16.8,3.527014,6.242977
10,17.2,3.530656,7.344474
10,17.6,3.167158,8.122651
10,18.0,2.401892,8.254359
10,18.4,1.121965,7.310619
10,18.8,0.614574,5.871617
10,19.2,0.847646,4.777391
10,19.6,1.337723,4.095028
10,20.0,2.107653,4.06645
10,20.4,2.890133,4.696592
10,20.8,3.410998,5.739939
10,21.2,3.574166,6.889413
10,21.6,3.370264,7.84441
10,22.0,2.789137,8.301001
10,22.4,1.736885,7.878919
10,22.8,0.632547,6.439203
10,23.2,0.719442,5.214612
10,23.6,1.087124,4.322989
10,24.0,1.751174,3.990087
10,24.4,2.571531,4.355368
10,24.8,3.226791,5.256653
10,25.2,3.548759,6.397785
10,25.6,3.503495,7.473353
10,26.0,3.090155,8.185462
10,26.4,2.262939,8.201232
10,26.8,0.947653,7.099966
10,27.2,0.631645,5.709349
10,27.6,0.895899,4.657084
10,28.0,1.427014,4.049712
10,28.4,2.219016,4.116192
10,28.8,2.978301,4.818375
10,29.2,3.454024,5.893674
10,29.6,3.568098,7.034342
10,30.0,3.315366,7.941044
10,30.4,2.679917,8.30567
10,30.8,1.552456,7.729511
10,31.2,0.608744,6.256722
10,31.6,0.754509,5.073374
10,32.0,1.157602,4.240488
10,32.4,1.858721,3.999261
10,32.8,2.674103,4.450492
10,33.2,3.290531,5.401646
10,33.6,3.563943,6.551409
10,34.0,3.469856,7.595812
10,34.4,3.006022,8.236125
10,34.8,2.113586,8.127512
10,35.2,0.804959,6.887381
10,35.6,0.654038,5.551802
10,36.0,0.94886,4.544518
10,36.4,1.521613,4.016897
10,36.8,2.329602,4.177548
10,37.2,3.061153,4.946819
10,37.6,3.490533,6.048548
10,38.0,3.555533,7.175118
10,38.4,3.253803,8.028164
10,38.8,2.562162,8.293959
10,39.2,1.360869,7.556296
10,39.6,0.603922,6.081961
10,40.0,0.793348,4.937951
11,0.0,3.673612,6.826577
11,0.4,0.912863,6.839281
11,0.8,0.270678,6.044006
11,1.2,0.306602,5.397785
11,1.6,0.352237,4.779721
11,2.0,0.411556,4.19816
11,2.4,0.490687,3.665162
11,2.8,0.598914,3.198437
11,3.2,0.749007,2.823627
11,3.6,0.952641,2.574306
11,4.0,1.202667,2.481825
11,4.4,1.449481,2.549125
11,4.8,1.611311,2.727231
11,5.2,1.621507,2.921728
11,5.6,1.468704,3.026542
11,6.0,1.233218,2.979557
11,6.4,1.083726,2.825099
11,6.8,1.100067,2.673431
11,7.2,1.221945,2.597749
11,7.6,1.37172,2.619018
11,8.0,1.482177,2.715192
11,8.4,1.504833,2.831813
11,8.8,1.429033,2.904774
11,9.2,1.297715,2.893876
11,9.6,1.196022,2.81266
11,10.0,1.182827,2.717517
11,10.4,1.246613,2.660775
11,10.8,1.34092,2.664711
11,11.2,1.417212,2.720048
11,11.6,1.439965,2.793734
11,12.0,1.399705,2.844793
11,12.4,1.320943,2.845907
11,12.8,1.252729,2.800703
11,13.2,1.23429,2.740196
11,13.6,1.26776,2.699057
11,14.0,1.327278,2.695904
11,14.4,1.379785,2.727907
11,14.8,1.399562,2.775009
11,15.2,1.378386,2.810649
11,15.6,1.330191,2.815943
11,16.0,1.284531,2.790605
11,16.4,1.2674,2.752105
11,16.8,1.284407,2.722941
11,17.2,1.321661,2.717337
11,17.6,1.357455,2.735547
11,18.0,1.373511,2.765602
11,18.4,1.362925,2.790291
11,18.8,1.333375,2.796516
11,19.2,1.30295,2.782523
11,19.6,1.288882,2.758158
11,20.0,1.296951,2.737848
11,20.4,1.319984,2.731961
11,20.8,1.344106,2.742016
11,21.2,1.356578,2.761054
11,21.6,1.35181,2.77799
11,22.0,1.333804,2.783777
11,22.4,1.313665,2.776288
11,22.8,1.302795,2.760995
11,23.2,1.306121,2.747063
11,23.6,1.320159,2.741823
11,24.0,1.336224,2.747131
11,24.4,1.345601,2.759069
11,24.8,1.343915,2.770567
11,25.2,1.333066,2.775418
11,25.6,1.319838,2.771613
11,26.0,1.31175,2.762112
11,26.4,1.312672,2.752679
11,26.8,1.32109,2.748393
11,27.2,1.331666,2.751004
11,27.6,1.338535,2.758403
11,28.0,1.338379,2.766127
11,28.4,1.331941,2.769957
11,28.8,1.323326,2.76819
11,29.2,1.317465,2.762356
11,29.6,1.317265,2.756046
11,30.0,1.322218,2.752718
11,30.4,1.329104,2.753849
11,30.8,1.334031,2.758373
11,31.2,1.334546,2.763508
11,31.6,1.330799,2.766413
11,32.0,1.32524,2.765732
11,32.4,1.321079,2.762199
11,32.8,1.320435,2.758024
11,33.2,1.323284,2.755531
11,33.6,1.327719,2.75589
11,34.0,1.331189,2.758614
11,34.4,1.331924,2.761993
11,34.8,1.329798,2.764133
11,35.2,1.326245,2.763998
11,35.6,1.32334,2.761892
11,36.0,1.322594,2.759158
11,36.4,1.324186,2.757341
11,36.8,1.32701,2.757326
11,37.2,1.329417,2.758937
11,37.6,1.330152,2.761139
11,38.0,1.328984,2.76268
11,38.4,1.326737,2.762792
11,38.8,1.324738,2.76156
11,39.2,1.324046,2.759789
11,39.6,1.324901,2.758492
11,40.0,1.32668,2.758321
12,0.0,3.214318,7.355243
12,0.4,0.448024,6.86303
12,0.8,0.270637,6.138077
12,1.2,0.305768,5.486746
12,1.6,0.350043,4.863912
12,2.0,0.40696,4.277673
12,2.4,0.481696,3.739445
12,2.8,0.581606,3.265385
12,3.2,0.715864,2.877663
12,3.6,0.891404,2.60334
12,4.0,1.101468,2.465964
12,4.4,1.312921,2.468069
12,4.8,1.473297,2.577125
12,5.2,1.538772,2.730572
12,5.6,1.49709,2.856991
12,6.0,1.376749,2.903045
12,6.4,1.244323,2.859106
12,6.8,1.170251,2.764134
12,7.2,1.17633,2.673281
12,7.6,1.236814,2.623441
12,8.0,1.313133,2.625008
12,8.4,1.372226,2.666401
12,8.8,1.393996,2.722665
12,9.2,1.375657,2.766841
12,9.6,1.331585,2.781403
12,10.0,1.286222,2.765209
12,10.4,1.260836,2.731675
12,10.8,1.262642,2.699266
12,11.2,1.28465,2.681689
12,11.6,1.31302,2.683258
12,12.0,1.334555,2.699397
12,12.4,1.341537,2.720329
12,12.8,1.333684,2.736041
12,13.2,1.317155,2.740622
12,13.6,1.300922,2.73421
12,14.0,1.292156,2.721822
12,14.4,1.293196,2.710094
12,14.8,1.301531,2.703973
12,15.2,1.312051,2.704956
12,15.6,1.3198,2.711191
12,16.0,1.321995,2.718938
12,16.4,1.318765,2.724529
12,16.8,1.312569,2.725945
12,17.2,1.306705,2.723391
12,17.6,1.30368,2.718776
12,18.0,1.304245,2.714525
12,18.4,1.307425,2.712413
12,18.8,1.31131,2.712925
12,19.2,1.314078,2.715315
12,19.6,1.314751,2.718171
12,20.0,1.31345,2.720157
12,20.4,1.311133,2.72058
12,20.8,1.309011,2.719567
12,21.2,1.307972,2.717846
12,21.6,1.308252,2.716307
12,22.0,1.309464,2.715584
12,22.4,1.310895,2.715828
12,22.8,1.311879,2.716739
12,23.2,1.312077,2.717789
12,23.6,1.311561,2.718492
12,24.0,1.310695,2.718612
12,24.4,1.309928,2.718213
12,24.8,1.309573,2.717572
12,25.2,1.309703,2.717016
12,25.6,1.310165,2.71677
12,26.0,1.31069,2.71688
12,26.4,1.311039,2.717226
12,26.8,1.311094,2.717611
12,27.2,1.31089,2.717859
12,27.6,1.310568,2.717891
12,28.0,1.310291,2.717734
12,28.4,1.310171,2.717495
12,28.8,1.310228,2.717295
12,29.2,1.310403,2.717212
12,29.6,1.310596,2.71726
12,30.0,1.310719,2.717391
12,30.4,1.310733,2.717532
12,30.8,1.310653,2.717619
12,31.2,1.310533,2.717626
12,31.6,1.310433,2.717565
12,32.0,1.310393,2.717476
12,32.4,1.310418,2.717404
12,32.8,1.310484,2.717377
12,33.2,1.310554,2.717397
12,33.6,1.310598,2.717446
12,34.0,1.3106,2.717498
12,34.4,1.310569,2.717529
12,34.8,1.310525,2.717529
12,35.2,1.310489,2.717506
12,35.6,1.310476,2.717473
12,36.0,1.310486,2.717447
12,36.4,1.310511,2.717438
12,36.8,1.310537,2.717446
12,37.2,1.310552,2.717465
12,37.6,1.310552,2.717484
12,38.0,1.31054,2.717494
12,38.4,1.310523,2.717494
12,38.8,1.310511,2.717485
12,39.2,1.310506,2.717473
12,39.6,1.310511,2.717463
12,40.0,1.31052,2.71746
13,0.0,1.858339,6.451172
13,0.4,1.091398,5.745484
13,0.8,0.860449,4.855901
13,1.2,1.164878,4.203895
13,1.6,1.808734,3.984345
13,2.0,2.652978,4.341027
13,2.4,3.371683,5.184802
13,2.8,3.762153,6.284801
13,3.2,3.763075,7.378419
13,3.6,3.346218,8.19088
13,4.0,2.388901,8.37458
13,4.4,0.61255,7.348152
13,4.8,0.503829,6.223421
13,5.2,0.654891,5.246832
13,5.6,0.924713,4.445596
13,6.0,1.438841,3.980149
13,6.4,2.246909,4.059135
13,6.8,3.081481,4.708234
13,7.2,3.652066,5.738153
13,7.6,3.844573,6.889429
13,8.0,3.630345,7.891962
13,8.4,2.955567,8.446058
13,8.8,1.520614,8.070759
13,9.2,0.456111,6.779786
13,9.6,0.565801,5.743363
13,10.0,0.762256,4.836712
13,10.4,1.129616,4.168588
13,10.8,1.79637,3.941555
13,11.2,2.662516,4.305184
13,11.6,3.396111,5.165865
13,12.0,3.793178,6.286834
13,12.4,3.794815,7.401629
13,12.8,3.374756,8.233
13,13.2,2.41044,8.431017
13,13.6,0.608248,7.403033
13,14.0,0.498064,6.274277
13,14.4,0.645423,5.291534
13,14.8,0.907025,4.478826
13,15.2,1.405938,3.991669
13,15.6,2.203597,4.041052
13,16.0,3.045084,4.665489
13,16.4,3.632488,5.682596
13,16.8,3.844462,6.834168
13,17.2,3.650778,7.850501
13,17.6,3.001869,8.435065
13,18.0,1.620564,8.1241
13,18.4,0.4543,6.833478
13,18.8,0.558664,5.791725
13,19.2,0.749682,4.876904
13,19.6,1.105382,4.193005
13,20.0,1.756577,3.939213
13,20.4,2.620571,4.274125
13,20.8,3.367068,5.115412
13,21.2,3.782737,6.229774
13,21.6,3.804251,7.351171
13,22.0,3.40619,8.203482
13,22.4,2.476041,8.4441
13,22.8,0.668207,7.472518
13,23.2,0.492655,6.325406
13,23.6,0.636218,5.33663
13,24.0,0.889907,4.512818
13,24.4,1.37385,4.004526
13,24.8,2.160388,4.024403
13,25.2,3.00803,4.623701
13,25.6,3.611988,5.627364
13,26.0,3.843376,6.778583
13,26.4,3.670145,7.808023
13,26.8,3.04658,8.422043
13,27.2,1.716964,8.17302
13,27.6,0.453588,6.887597
13,28.0,0.551704,5.840377
13,28.4,0.737487,4.91763
13,28.8,1.081904,4.218458
13,29.2,1.717368,3.938352
13,29.6,2.578302,4.244312
13,30.0,3.337198,5.065621
13,30.4,3.771339,6.172732
13,30.8,3.812689,7.300074
13,31.2,3.436413,8.172542
13,31.6,2.539222,8.454254
13,32.0,0.741265,7.54445
13,32.4,0.487417,6.376768
13,32.8,0.627262,5.382108
13,33.2,0.873338,4.547548
13,33.6,1.342585,4.018696
13,34.0,2.117328,4.0092
13,34.4,2.970345,4.5829
13,34.8,3.590573,5.572487
13,35.2,3.841318,6.722707
13,35.6,3.688458,7.764565
13,36.0,3.089751,8.40706
13,36.4,1.809702,8.217598
13,36.8,0.454357,6.942236
13,37.2,0.544916,5.889311
13,37.6,0.725656,4.958872
13,38.0,1.059167,4.244918
13,38.4,1.678779,3.938967
13,38.8,2.535746,4.21577
13,39.2,3.306512,5.016523
13,39.6,3.758988,6.115739
13,40.0,3.820133,7.248371
14,0.0,2.125536,5.761563
14,0.4,0.858226,5.29695
14,0.8,0.515325,4.600301
14,1.2,0.609212,4.027675
14,1.6,0.758407,3.544597
14,2.0,0.971234,3.186759
14,2.4,1.257354,2.998195
14,2.8,1.58802,3.006297
14,3.2,1.889371,3.192788
14,3.6,2.084143,3.491866
14,4.0,2.126746,3.811563
14,4.4,2.005378,4.05462
14,4.8,1.737475,4.134862
14,5.2,1.390709,4.005191
14,5.6,1.127091,3.715472
14,6.0,1.083335,3.406348
14,6.4,1.216874,3.185647
14,6.8,1.445914,3.105139
14,7.2,1.699002,3.176268
14,7.6,1.90458,3.368538
14,8.0,2.007442,3.618967
14,8.4,1.980736,3.849788
14,8.8,1.825965,3.985194
14,9.2,1.57742,3.969907
14,9.6,1.322028,3.800047
14,10.0,1.184402,3.549027
14,10.4,1.213901,3.321835
14,10.8,1.36558,3.190341
14,11.2,1.575241,3.18606
14,11.6,1.77755,3.302338
14,12.0,1.914322,3.498233
14,12.4,1.948161,3.711294
14,12.8,1.867613,3.873293
14,13.2,1.688681,3.92612
14,13.6,1.463672,3.84275
14,14.0,1.286167,3.652741
14,14.4,1.237632,3.436949
14,14.8,1.319752,3.275319
14,15.2,1.484372,3.215166
14,15.6,1.672957,3.268491
14,16.0,1.827997,3.413386
14,16.4,1.905124,3.602002
14,16.8,1.882057,3.77408
14,17.2,1.761256,3.871605
14,17.6,1.573899,3.855397
14,18.0,1.386711,3.726243
14,18.4,1.283008,3.536249
14,18.8,1.301364,3.361227
14,19.2,1.418232,3.259813
14,19.6,1.584271,3.259377
14,20.0,1.745108,3.354915
14,20.4,1.852687,3.513111
14,20.8,1.875995,3.682814
14,21.2,1.806265,3.808452
14,21.6,1.65953,3.844503
14,22.0,1.481572,3.772895
14,22.4,1.344375,3.619239
14,22.8,1.307068,3.445799
14,23.2,1.374365,3.316343
14,23.6,1.510499,3.270781
14,24.0,1.666373,3.319086
14,24.4,1.79317,3.442293
14,24.8,1.853467,3.599575
14,25.2,1.828923,3.73989
14,25.6,1.723495,3.815182
14,26.0,1.566676,3.795275
14,26.4,1.41519,3.684155
14,26.8,1.333667,3.525483
14,27.2,1.351835,3.380817
14,27.6,1.452306,3.29921
14,28.0,1.593868,3.303688
14,28.4,1.729489,3.389092
14,28.8,1.817831,3.525889
14,29.2,1.832616,3.669451
14,29.6,1.767566,3.772072
14,30.0,1.639076,3.796262
14,30.4,1.488887,3.729668
14,30.8,1.376984,3.596393
14,31.2,1.349719,3.449007
14,31.6,1.410719,3.341138
14,32.0,1.530059,3.306707
14,32.4,1.66485,3.353424
14,32.8,1.77234,3.463593
14,33.2,1.820172,3.60063
14,33.6,1.793244,3.719562
14,34.0,1.696965,3.779185
14,34.4,1.559746,3.75554
14,34.8,1.431807,3.655011
14,35.2,1.366314,3.516523
14,35.6,1.386528,3.392789
14,36.0,1.477337,3.325846
14,36.4,1.602523,3.334968
14,36.8,1.720313,3.414334
14,37.2,1.79435,3.536679
14,37.6,1.802105,3.661819
14,38.0,1.739486,3.747704
14,38.4,1.62333,3.762727
14,38.8,1.492465,3.698724
14,39.2,1.398751,3.579074
14,39.6,1.379886,3.450127
14,40.0,1.437738,3.358364
15,0.0,3.657254,6.438321
15,0.4,3.236858,7.286119
15,0.8,2.192064,7.48655
15,1.2,0.494458,6.519431
15,1.6,0.503226,5.57675
15,2.0,0.645923,4.7412
15,2.4,0.888913,4.056444
15,2.8,1.328061,3.644899
15,3.2,2.01526,3.673377
15,3.6,2.753358,4.188192
15,4.0,3.268608,5.043321
15,4.4,3.422832,6.001956
15,4.8,3.160541,6.797389
15,5.2,2.383678,7.108843
15,5.6,0.816916,6.428984
15,6.0,0.523249,5.443792
15,6.4,0.674581,4.625663
15,6.8,0.939948,3.972505
15,7.2,1.417787,3.617411
15,7.6,2.131514,3.721907
15,8.0,2.850751,4.301147
15,8.4,3.316921,5.188169
15,8.8,3.411058,6.139835
15,9.2,3.080409,6.8851
15,9.6,2.203497,7.085259
15,10.0,0.635094,6.252692
15,10.4,0.540799,5.312384
15,10.8,0.705581,4.513751
15,11.2,0.995906,3.895265
15,11.6,1.513619,3.60079
15,12.0,2.24788,3.781698
15,12.4,2.942034,4.421286
15,12.8,3.356593,5.334551
15,13.2,3.389642,6.273093
15,13.6,2.98836,6.960772
15,14.0,2.000829,7.036148
15,14.4,0.539627,6.090381
15,14.8,0.560349,5.183401
15,15.2,0.739325,4.405827
15,15.6,1.057236,3.825376
15,16.0,1.615096,3.595477
15,16.4,2.363182,3.852342
15,16.8,3.026602,4.547798
15,17.2,3.387421,5.481547
15,17.6,3.358395,6.400709
15,18.0,2.883643,7.022958
15,18.4,1.772931,6.958318
15,18.8,0.502616,5.940391
15,19.2,0.581702,5.05696
15,19.6,0.776133,4.302272
15,20.0,1.12434,3.763504
15,20.4,1.721547,3.601774
15,20.8,2.476309,3.933334
15,21.2,3.103955,4.679852
15,21.6,3.409244,5.628245
15,22.0,3.317106,6.521659
15,22.4,2.765299,7.070089
15,22.8,1.518438,6.848815
15,23.2,0.495167,5.797761
15,23.6,0.604862,4.933238
15,24.0,0.81636,4.203511
15,24.4,1.197546,3.710327
15,24.8,1.832108,3.619849
15,25.2,2.586228,4.024087
15,25.6,3.173672,4.816598
15,26.0,3.421919,5.773723
15,26.4,3.265516,6.634879
15,26.8,2.632107,7.100408
15,27.2,1.242026,6.706691
15,27.6,0.501302,5.659437
15,28.0,0.629943,4.812449
15,28.4,0.860395,4.110014
15,28.8,1.277076,3.666514
15,29.2,1.945767,3.649731
15,29.6,2.691998,4.123947
15,30.0,3.235398,4.957169
15,30.4,3.425312,5.917049
15,30.8,3.2033,6.739257
15,31.2,2.482507,7.111917
15,31.6,0.965142,6.537439
15,32.0,0.513887,5.524087
15,32.4,0.657116,4.69484
15,32.8,0.908659,4.022301
15,33.2,1.362998,3.632703
15,33.6,2.061407,3.691313
15,34.0,2.792779,4.232209
15,34.4,3.288839,5.100688
15,34.8,3.419288,6.057279
15,35.2,3.130052,6.833621
15,35.6,2.314528,7.102318
15,36.0,0.733771,6.357585
15,36.4,0.529963,5.391236
15,36.8,0.686602,4.580693
15,37.2,0.96159,3.940942
15,37.6,1.455196,3.60947
15,38.0,2.177855,3.744361
15,38.4,2.887829,4.348119
15,38.8,3.33375,5.246264
15,39.2,3.403705,6.193452
15,39.6,3.04526,6.916721
15,40.0,2.125734,7.068957
16,0.0,1.360191,8.334156
16,0.4,0.384296,7.133917
16,0.8,0.459562,6.17946
16,1.2,0.572279,5.294831
16,1.6,0.752649,4.521031
16,2.0,1.067438,3.940282
16,2.4,1.608828,3.695996
16,2.8,2.32994,3.911897
16,3.2,2.984087,4.546652
16,3.6,3.373055,5.425211
16,4.0,3.420028,6.329273
16,4.4,3.093346,7.026133
16,4.8,2.308616,7.236173
16,5.2,0.852291,6.530698
16,5.6,0.538621,5.547445
16,6.0,0.68957,4.734114
16,6.4,0.954756,4.084177
16,6.8,1.423096,3.723488
16,7.2,2.111782,3.799241
16,7.6,2.812489,4.324756
16,8.0,3.291995,5.153212
16,8.4,3.443554,6.073235
16,8.8,3.231212,6.856799
16,9.2,2.599699,7.246389
16,9.6,1.327027,6.853253
16,10.0,0.517212,5.809718
16,10.4,0.635723,4.960896
16,10.8,0.860015,4.252856
16,11.2,1.258698,3.79003
16,11.6,1.894649,3.726893
16,12.0,2.620657,4.129608
16,12.4,3.18197,4.889299
16,12.8,3.43552,5.805518
16,13.2,3.333547,6.653934
16,13.6,2.837206,7.190862
16,14.0,1.791954,7.084159
16,14.4,0.539572,6.087075
16,14.8,0.589752,5.199383
16,15.2,0.780315,4.442394
16,15.6,1.116792,3.891992
16,16.0,1.686147,3.696481
16,16.4,2.413444,3.966078
16,16.8,3.044509,4.639117
16,17.2,3.396472,5.531979
16,17.6,3.402152,6.424395
16,18.0,3.029488,7.081263
16,18.4,2.178333,7.211253
16,18.8,0.712987,6.398333
16,19.2,0.551235,5.448057
16,19.6,0.71296,4.649406
16,20.0,0.996341,4.024983
16,20.4,1.49302,3.707989
16,20.8,2.197013,3.838452
16,21.2,2.881922,4.40825
16,21.6,3.327055,5.258457
16,22.0,3.438172,6.174625
16,22.4,3.181885,6.9271
16,22.8,2.493327,7.250954
16,23.2,1.133555,6.735363
16,23.6,0.522963,5.706295
16,24.0,0.655687,4.871104
16,24.4,0.894955,4.184494
16,24.8,1.320041,3.759686
16,25.2,1.978578,3.750132
16,25.6,2.697474,4.20209
16,26.0,3.22817,4.990733
16,26.4,3.442367,5.91077
16,26.8,3.297794,6.736459
16,27.2,2.750488,7.219495
16,27.6,1.619622,7.007187
16,28.0,0.52131,5.976463
16,28.4,0.606776,5.105246
16,28.8,0.809739,4.366347
16,29.2,1.169396,3.848354
16,29.6,1.765838,3.703299
16,30.0,2.495585,4.0257
16,30.4,3.101163,4.734534
16,30.8,3.415325,5.638801
16,31.2,3.379366,6.516518
16,31.6,2.959606,7.129718
16,32.0,2.037185,7.173155
16,32.4,0.616561,6.271584
16,32.8,0.56529,5.350093
16,33.2,0.737872,4.566919
16,33.6,1.040822,3.969806
16,34.0,1.566028,3.698598
16,34.4,2.281936,3.883634
16,34.8,2.948028,4.495493
16,35.2,3.357643,5.364581
16,35.6,3.427967,6.273881
16,36.0,3.12704,6.991881
16,36.4,2.378235,7.244771
16,36.8,0.947897,6.606412
16,37.2,0.532257,5.604579
16,37.6,0.676911,4.783194
16,38.0,0.932345,4.119513
16,38.4,1.384797,3.734957
16,38.8,2.063374,3.779676
16,39.2,2.771633,4.279089
16,39.6,3.270101,5.093916
16,40.0,3.444477,6.014793
17,0.0,1.609248,8.177922
17,0.4,0.37129,6.984357
17,0.8,0.442324,6.045018
17,1.2,0.548741,5.172796
17,1.6,0.716816,4.405391
17,2.0,1.005906,3.817623
17,2.4,1.504807,3.543234
17,2.8,2.190612,3.712802
17,3.2,2.830432,4.303101
17,3.6,3.209387,5.141346
17,4.0,3.233409,5.996813
17,4.4,2.855134,6.61397
17,4.8,1.954662,6.669225
17,5.2,0.618447,5.809753
17,5.6,0.591832,4.937022
17,6.0,0.784759,4.211523
17,6.4,1.125963,3.698536
17,6.8,1.692305,3.544073
17,7.2,2.393072,3.846674
17,7.6,2.973319,4.530663
17,8.0,3.254983,5.398751
17,8.4,3.167519,6.212688
17,8.8,2.657694,6.705951
17,9.2,1.55165,6.510778
17,9.6,0.539146,5.534992
17,10.0,0.637072,4.710731
17,10.4,0.864492,4.034977
17,10.8,1.266208,3.609789
17,11.2,1.892606,3.584773
17,11.6,2.584635,4.013458
17,12.0,3.090393,4.77402
17,12.4,3.269415,5.651839
17,12.8,3.066693,6.402182
17,13.2,2.412148,6.741942
17,13.6,1.09364,6.254562
17,14.0,0.544008,5.281812
17,14.4,0.690608,4.496202
17,14.8,0.958856,3.879137
17,15.2,1.427218,3.555491
17,15.6,2.099068,3.665086
17,16.0,2.759487,4.208783
17,16.4,3.179329,5.027409
17,16.8,3.25169,5.894347
17,17.2,2.928779,6.557818
17,17.6,2.109711,6.709323
17,18.0,0.713703,5.942807
17,18.4,0.574542,5.040535
17,18.8,0.753493,4.295384
17,19.2,1.070458,3.747779
17,19.6,1.607406,3.538856
17,20.0,2.304417,3.783154
17,20.4,2.913078,4.427672
17,20.8,3.238561,5.284985
17,21.2,3.200868,6.119955
17,21.6,2.750586,6.671457
17,22.0,1.739166,6.592983
17,22.4,0.557396,5.65285
17,22.8,0.61605,4.809506
17,23.2,0.82756,4.110748
17,23.6,1.201579,3.645034
17,24.0,1.802798,3.56182
17,24.4,2.501621,3.935862
17,24.8,3.041947,4.664759
17,25.2,3.266944,5.540789
17,25.6,3.115738,6.322062
17,26.0,2.527219,6.733679
17,26.4,1.298502,6.379133
17,26.8,0.536833,5.39208
17,27.2,0.665852,4.589564
17,27.6,0.915128,3.945309
17,28.0,1.353459,3.575038
17,28.4,2.007415,3.624749
17,28.8,2.684497,4.119143
17,29.2,3.143559,4.914423
17,29.6,3.263556,5.788746
17,30.0,2.994551,6.493625
17,30.4,2.251247,6.733131
17,30.8,0.857876,6.081756
17,31.2,0.559276,5.146027
17,31.6,0.72441,4.382405
17,32.0,1.018789,3.802623
17,32.4,1.525511,3.541413
17,32.8,2.214156,3.726428
17,33.2,2.847984,4.328247
17,33.6,3.216096,5.170875
17,34.0,3.227507,6.022627
17,34.4,2.834667,6.62692
17,34.8,1.912202,6.65583
17,35.2,0.601277,5.776459
17,35.6,0.596618,4.910442
17,36.0,0.793268,4.19027
17,36.4,1.14104,3.686697
17,36.8,1.71481,3.546713
17,37.2,2.415786,3.86426
17,37.6,2.988155,4.557962
17,38.0,3.258252,5.428205
17,38.4,3.157734,6.23597
17,38.8,2.632034,6.713162
17,39.2,1.500715,6.486153
17,39.6,0.537205,5.505069
17,40.0,0.642798,4.685423
18,0.0,3.52113,6.170876
18,0.4,3.432162,7.120654
18,0.8,2.920469,7.713606
18,1.2,1.818203,7.554344
18,1.6,0.525256,6.363417
18,2.0,0.605699,5.335204
18,2.4,0.838838,4.477689
18,2.8,1.278621,3.919187
18,3.2,2.005749,3.868369
18,3.6,2.81636,4.39608
18,4.0,3.405673,5.337633
18,4.4,3.630499,6.43018
18,4.8,3.450722,7.392063
18,5.2,2.816459,7.913753
18,5.6,1.483675,7.530083
18,6.0,0.49286,6.272322
18,6.4,0.618698,5.262252
18,6.8,0.863541,4.421552
18,7.2,1.324793,3.894714
18,7.6,2.069691,3.889354
18,8.0,2.872516,4.456962
18,8.4,3.436808,5.419954
18,8.8,3.631352,6.512579
18,9.2,3.419243,7.452311
18,9.6,2.744499,7.924596
18,10.0,1.338469,7.4417
18,10.4,0.496582,6.18969
18,10.8,0.632785,5.190343
18,11.2,0.889559,4.367268
18,11.6,1.372858,3.873467
18,12.0,2.133967,3.913887
18,12.4,2.927115,4.520216
18,12.8,3.465671,5.503015
18,13.2,3.629776,6.594033
18,13.6,3.385095,7.509797
18,14.0,2.668515,7.930005
18,14.4,1.190398,7.34447
18,14.8,0.502271,6.108026
18,15.2,0.647507,5.119427
18,15.6,0.91692,4.314885
18,16.0,1.422789,3.855494
18,16.4,2.198425,3.941895
18,16.8,2.980104,4.585731
18,17.2,3.492275,5.586721
18,17.6,3.625788,6.674459
18,18.0,3.348244,7.564418
18,18.4,2.588264,7.929725
18,18.8,1.043901,7.239991
18,19.2,0.509353,6.027211
18,19.6,0.662898,5.049552
18,20.0,0.945694,4.264503
18,20.4,1.47454,3.840877
18,20.8,2.262892,3.973318
18,21.2,3.031398,4.653388
18,21.6,3.5166,5.670943
18,22.0,3.619378,6.753728
18,22.4,3.308638,7.616011
18,22.8,2.503483,7.923425
18,23.2,0.905626,7.130942
18,23.6,0.517469,5.947176
18,24.0,0.678998,4.980768
18,24.4,0.975953,4.216224
18,24.8,1.528049,3.829688
18,25.2,2.327195,4.008092
18,25.6,3.080919,4.723068
18,26.0,3.538626,5.755554
18,26.4,3.610536,6.831706
18,26.8,3.266222,7.664409
18,27.2,2.413879,7.910753
18,27.6,0.783388,7.020811
18,28.0,0.526398,5.867889
18,28.4,0.695848,4.913131
18,28.8,1.007767,4.170156
18,29.2,1.583236,3.821987
18,29.6,2.391167,4.04614
18,30.0,3.128597,4.794648
18,30.4,3.558339,5.840426
18,30.8,3.59925,6.908259
18,31.2,3.22093,7.709436
18,31.6,2.319124,7.891324
18,32.0,0.683631,6.912982
18,32.4,0.536004,5.789341
18,32.8,0.713494,4.846696
18,33.2,1.041205,4.126407
18,33.6,1.640003,3.817826
18,34.0,2.454646,4.087382
18,34.4,3.174368,4.868006
18,34.8,3.575725,5.925432
18,35.2,3.585506,6.983254
18,35.6,3.172688,7.750913
18,36.0,2.218858,7.864724
18,36.4,0.608874,6.809651
18,36.8,0.546207,5.711534
18,37.2,0.731985,4.781526
18,37.6,1.076332,4.085088
18,38.0,1.698235,3.817244
18,38.4,2.517476,4.131732
18,38.8,3.218172,4.943018
18,39.2,3.59077,6.010442
18,39.6,3.56929,7.056555
18,40.0,3.121413,7.788649
19,0.0,4.634323,8.198243
19,0.4,2.930635,8.939019
19,0.8,0.327938,8.121839
19,1.2,0.280131,7.38005
19,1.6,0.312832,6.676168
19,2.0,0.353438,5.995376
19,2.4,0.404951,5.34388
19,2.8,0.471958,4.730499
19,3.2,0.561589,4.168116
19,3.6,0.684799,3.675875
19,4.0,0.856754,3.281689
19,4.4,1.091227,3.021728
19,4.8,1.381483,2.928779
19,5.2,1.681004,3.008193
19,5.6,1.919528,3.223092
19,6.0,2.040611,3.503804
19,6.4,2.018356,3.767056
19,6.8,1.855055,3.932139
19,7.2,1.583838,3.937609
19,7.6,1.293763,3.772774
19,8.0,1.126531,3.512065
19,8.4,1.141096,3.267283
19,8.8,1.284288,3.11141
19,9.2,1.490832,3.077317
19,9.6,1.699565,3.163903
19,10.0,1.853912,3.337848
19,10.4,1.914543,3.543749
19,10.8,1.866128,3.718364
19,11.2,1.718285,3.804753
19,11.6,1.510786,3.769109
19,12.0,1.320693,3.622555
19,12.4,1.231902,3.426782
19,12.8,1.267808,3.256663
19,13.2,1.393949,3.163331
19,13.6,1.560157,3.167694
19,14.0,1.715447,3.261542
19,14.4,1.816421,3.411999
19,14.8,1.836262,3.571368
19,15.2,1.768974,3.689258
19,15.6,1.631412,3.725521
19,16.0,1.466707,3.665191
19,16.4,1.339012,3.531104
19,16.8,1.299592,3.376701
19,17.2,1.353161,3.256882
19,17.6,1.469336,3.206799
19,18.0,1.606109,3.236685
19,18.4,1.721728,3.332809
19,18.8,1.78349,3.462941
19,19.2,1.774369,3.585624
19,19.6,1.696146,3.66102
19,20.0,1.571258,3.662646
19,20.4,1.442543,3.589136
19,20.8,1.36035,3.468892
19,21.2,1.354172,3.3475
19,21.6,1.418298,3.265902
19,22.0,1.524193,3.247231
19,22.4,1.635783,3.293431
19,22.8,1.719307,3.387092
19,23.2,1.7509,3.497411
19,23.6,1.721499,3.588877
19,24.0,1.639164,3.631102
19,24.4,1.529768,3.608987
19,24.8,1.432712,3.530607
19,25.2,1.385038,3.425859
19,25.6,1.401344,3.332719
19,26.0,1.470023,3.281312
19,26.4,1.564252,3.285457
19,26.8,1.653141,3.340953
19,27.2,1.709969,3.428346
19,27.6,1.718312,3.519078
19,28.0,1.675634,3.583573
19,28.4,1.59475,3.600038
19,28.8,1.50269,3.56262
19,29.2,1.433259,3.485358
19,29.6,1.411747,3.397023
19,30.0,1.442659,3.328415
19,30.4,1.511217,3.300914
19,30.8,1.592648,3.32109
19,31.2,1.660923,3.380423
19,31.6,1.695572,3.458778
19,32.0,1.686466,3.53053
19,32.4,1.636333,3.572007
19,32.8,1.561144,3.569089
19,33.2,1.487016,3.523041
19,33.6,1.441094,3.451053
19,34.0,1.43898,3.379209
19,34.4,1.478485,3.331715
19,34.8,1.543449,3.322799
19,35.2,1.611526,3.353482
19,35.6,1.661309,3.412448
19,36.0,1.67787,3.479985
19,36.4,1.65636,3.533909
19,36.8,1.603553,3.556273
19,37.2,1.536992,3.539545
19,37.6,1.480262,3.490065
19,38.0,1.453726,3.426034
19,38.4,1.465421,3.370026
19,38.8,1.508899,3.340335
19,39.2,1.567835,3.345371
19,39.6,1.622607,3.38205
19,40.0,1.656167,3.437524
20,0.0,3.867561,6.696169
20,0.4,2.818645,7.681481
20,0.8,0.772043,6.864887
20,1.2,0.427306,5.581392
20,1.6,0.5586,4.546405
20,2.0,0.780199,3.704425
20,2.4,1.154644,3.19071
20,2.8,1.677618,3.14693
20,3.2,2.169714,3.552156
20,3.6,2.431865,4.193156
20,4.0,2.376946,4.781265
20,4.4,2.000345,5.029094
20,4.8,1.392907,4.723306
20,5.2,0.989184,4.020678
20,5.6,1.101608,3.438217
20,6.0,1.492042,3.221647
20,6.4,1.95556,3.429799
20,6.8,2.285113,3.937806
20,7.2,2.353558,4.505365
20,7.6,2.127508,4.867281
20,8.0,1.649667,4.796342
20,8.4,1.157858,4.262244
20,8.8,1.074737,3.645916
20,9.2,1.353465,3.299638
20,9.6,1.784177,3.350012
20,10.0,2.161247,3.745308
20,10.4,2.325781,4.288394
20,10.8,2.213959,4.728464
20,11.2,1.838297,4.828548
20,11.6,1.334227,4.464021
20,12.0,1.084403,3.854544
20,12.4,1.244031,3.403933
20,12.8,1.627096,3.309587
20,13.2,2.032766,3.587473
20,13.6,2.278806,4.088571
20,14.0,2.269122,4.578917
20,14.4,1.990193,4.816331
20,14.8,1.517197,4.62261
20,15.2,1.139915,4.068306
20,15.6,1.164684,3.539645
20,16.0,1.481999,3.311242
20,16.4,1.895005,3.462809
20,16.8,2.208509,3.900466
20,17.2,2.293815,4.413762
20,17.6,2.11084,4.760275
20,18.0,1.696104,4.730663
20,18.4,1.243865,4.278498
20,18.8,1.121137,3.705349
20,19.2,1.35301,3.356749
20,19.6,1.750315,3.375351
20,20.0,2.114715,3.72777
20,20.4,2.287824,4.236316
20,20.8,2.200569,4.664192
20,21.2,1.86073,4.784214
20,21.6,1.387652,4.46924
20,22.0,1.121209,3.895461
20,22.4,1.246247,3.445511
20,22.8,1.604435,3.32981
20,23.2,1.999829,3.577281
20,23.6,2.251389,4.053384
20,24.0,2.258638,4.534246
20,24.4,2.00363,4.783662
20,24.8,1.553834,4.623389
20,25.2,1.171902,4.1002
20,25.6,1.168585,3.574326
20,26.0,1.464819,3.329612
20,26.4,1.868422,3.456605
20,26.8,2.185752,3.87347
20,27.2,2.284408,4.378286
20,27.6,2.119871,4.732927
20,28.0,1.723716,4.728329
20,28.4,1.273779,4.304726
20,28.8,1.127717,3.737543
20,29.2,1.339473,3.375889
20,29.6,1.726934,3.372864
20,30.0,2.093456,3.705812
20,30.4,2.277796,4.205314
20,30.8,2.206306,4.638406
20,31.2,1.882709,4.778282
20,31.6,1.416401,4.490157
20,32.0,1.132028,3.926961
20,32.4,1.23625,3.467096
20,32.8,1.583222,3.331739
20,33.2,1.978561,3.559682
20,33.6,2.239537,4.025058
20,34.0,2.261043,4.508164
20,34.4,2.021181,4.773435
20,34.8,1.58109,4.6382
20,35.2,1.188091,4.130892
20,35.6,1.162864,3.599095
20,36.0,1.445874,3.336717
20,36.4,1.846741,3.443767
20,36.8,2.171417,3.847598
20,37.2,2.283158,4.351368
20,37.6,2.133233,4.71811
20,38.0,1.748674,4.736218
20,38.4,1.295096,4.333044
20,38.8,1.127457,3.765411
20,39.2,1.323458,3.388597
20,39.6,1.705188,3.36554
20,40.0,2.076494,3.682996
21,0.0,2.823105,5.21418
21,0.4,2.45163,5.620719
21,0.8,1.705174,5.585239
21,1.2,0.777354,4.960184
21,1.6,0.681752,4.279731
21,2.0,0.873444,3.74098
21,2.4,1.198539,3.394959
21,2.8,1.66518,3.327628
21,3.2,2.179799,3.571979
21,3.6,2.582132,4.059273
21,4.0,2.760462,4.652072
21,4.4,2.665736,5.186435
21,4.8,2.269638,5.484327
21,5.2,1.53237,5.343905
21,5.6,0.774731,4.710689
21,6.0,0.748792,4.078265
21,6.4,0.973692,3.598259
21,6.8,1.347013,3.340216
21,7.2,1.844648,3.381264
21,7.6,2.335991,3.720231
21,8.0,2.668971,4.259313
21,8.4,2.756618,4.849098
21,8.8,2.562209,5.321319
21,9.2,2.054398,5.491451
21,9.6,1.218261,5.159595
21,10.0,0.709443,4.474345
21,10.4,0.811089,3.891308
21,10.8,1.086519,3.478555
21,11.2,1.510961,3.318473
21,11.6,2.025292,3.469041
21,12.0,2.475881,3.892469
21,12.4,2.729726,4.467434
21,12.8,2.722013,5.035876
21,13.2,2.422947,5.424952
21,13.6,1.795102,5.44122
21,14.0,0.935351,4.925658
21,14.4,0.714356,4.255055
21,14.8,0.890749,3.724353
21,15.2,1.218005,3.389605
21,15.6,1.686961,3.335352
21,16.0,2.197937,3.590677
21,16.4,2.591312,4.08343
21,16.8,2.758527,4.67497
21,17.2,2.652205,5.201194
21,17.6,2.243906,5.483782
21,18.0,1.49513,5.320925
21,18.4,0.763353,4.678479
21,18.8,0.756458,4.052541
21,19.2,0.987726,3.580915
21,19.6,1.367877,3.335299
21,20.0,1.8687,3.390912
21,20.4,2.355645,3.741766
21,20.8,2.678655,4.286595
21,21.2,2.753901,4.874664
21,21.6,2.545902,5.337127
21,22.0,2.022603,5.488402
21,22.4,1.177111,5.130804
21,22.8,0.706982,4.444292
21,23.2,0.820676,3.867948
21,23.6,1.102871,3.4649
21,24.0,1.533728,3.318471
21,24.4,2.048806,3.483307
21,24.8,2.492685,3.916853
21,25.2,2.735419,4.495145
21,25.6,2.714805,5.059202
21,26.0,2.401544,5.435529
21,26.4,1.757465,5.429423
21,26.8,0.905039,4.892777
21,27.2,0.718296,4.227228
21,27.6,0.902602,3.703897
21,28.0,1.236853,3.380337
21,28.4,1.710886,3.340518
21,28.8,2.219848,3.609131
21,29.2,2.604574,4.109817
21,29.6,2.75986,4.702061
21,30.0,2.640235,5.221083
21,30.4,2.217041,5.487718
21,30.8,1.453095,5.299531
21,31.2,0.750154,4.646444
21,31.6,0.763867,4.026985
21,32.0,1.001929,3.563864
21,32.4,1.389032,3.330865
21,32.8,1.892844,3.401106
21,33.2,2.375118,3.763733
21,33.6,2.687986,4.314094
21,34.0,2.75072,4.900169
21,34.4,2.528986,5.352518
21,34.8,1.989965,5.484435
21,35.2,1.136493,5.101191
21,35.6,0.705584,4.414537
21,36.0,0.830553,3.844942
21,36.4,1.119552,3.451791
21,36.8,1.556698,3.319148
21,37.2,2.072166,3.498161
21,37.6,2.509053,3.941554
21,38.0,2.740551,4.522835
21,38.4,2.706979,5.082139
21,38.8,2.379436,5.445304
21,39.2,1.719103,5.416373
21,39.6,0.876939,4.859788
21,40.0,0.722808,4.199693
22,0.0,4.426457,8.551117
22,0.4,3.46374,9.60456
22,0.8,1.475199,9.230169
22,1.2,0.361396,7.712435
22,1.6,0.441833,6.537921
22,2.0,0.567098,5.455186
22,2.4,0.780261,4.527611
22,2.8,1.174876,3.887673
22,3.2,1.836043,3.740888
22,3.6,2.600634,4.176916
22,4.0,3.173422,5.042163
22,4.4,3.400845,6.068684
22,4.8,3.239418,6.96638
22,5.2,2.651557,7.424
22,5.6,1.482066,7.02128
22,6.0,0.56118,5.790448
22,6.4,0.701124,4.796658
22,6.8,1.024014,4.046202
22,7.2,1.603007,3.723678
22,7.6,2.368716,3.982963
22,8.0,3.02624,4.739435
22,8.4,3.369891,5.745907
22,8.8,3.333073,6.715662
22,9.2,2.887413,7.348551
22,9.6,1.929261,7.274643
22,10.0,0.630469,6.154119
22,10.4,0.636223,5.087776
22,10.8,0.89957,4.24634
22,11.2,1.391039,3.765735
22,11.6,2.125362,3.839133
22,12.0,2.84748,4.46186
22,12.4,3.301514,5.420124
22,12.8,3.387033,6.432806
22,13.2,3.074556,7.205793
22,13.6,2.299756,7.403803
22,14.0,0.919413,6.566165
22,14.4,0.586375,5.398138
22,14.8,0.797812,4.481465
22,15.2,1.206018,3.864303
22,15.6,1.880361,3.751118
22,16.0,2.640928,4.217739
22,16.4,3.196308,5.099739
22,16.8,3.401959,6.126528
22,17.2,3.217465,7.007512
22,17.6,2.602309,7.428675
22,18.0,1.393089,6.959816
22,18.4,0.560874,5.727216
22,18.8,0.714715,4.745224
22,19.2,1.049815,4.013623
22,19.6,1.644697,3.722396
22,20.0,2.412656,4.015225
22,20.4,3.055861,4.793701
22,20.8,3.37841,5.805975
22,21.2,3.318772,6.764616
22,21.6,2.847683,7.367893
22,22.0,1.85247,7.237693
22,22.4,0.605411,6.083483
22,22.8,0.647141,5.03246
22,23.2,0.920731,4.20652
22,23.6,1.4283,3.753574
22,24.0,2.170774,3.861647
22,24.4,2.882751,4.510879
22,24.8,3.316956,5.480178
22,25.2,3.380021,6.487108
22,25.6,3.043411,7.236696
22,26.0,2.236777,7.388405
22,26.4,0.846023,6.487609
22,26.8,0.594262,5.339431
22,27.2,0.815095,4.43569
22,27.6,1.238033,3.84207
22,28.0,1.925251,3.762983
22,28.4,2.680936,4.259945
22,28.8,3.218459,5.158121
22,29.2,3.402114,6.184463
22,29.6,3.194253,7.047818
22,30.0,2.550993,7.431035
22,30.4,1.302371,6.894207
22,30.8,0.562566,5.664827
22,31.2,0.728825,4.694585
22,31.6,1.076547,3.982529
22,32.0,1.687054,3.723167
22,32.4,2.456128,4.049161
22,32.8,3.084364,4.84876
22,33.2,3.385635,5.865866
22,33.6,3.303105,6.812391
22,34.0,2.806265,7.384841
22,34.4,1.772985,7.196348
22,34.8,0.587165,6.014634
22,35.2,0.658545,4.977812
22,35.6,0.942693,4.167936
22,36.0,1.466466,3.743377
22,36.4,2.216057,3.886043
22,36.8,2.917037,4.560988
22,37.2,3.331132,5.54036
22,37.6,3.371674,6.540552
22,38.0,3.010738,7.265634
22,38.4,2.171401,7.369323
22,38.8,0.781098,6.409466
22,39.2,0.60281,5.281337
22,39.6,0.833037,4.390928
22,40.0,1.271042,3.821615
23,0.0,3.336392,7.89908
23,0.4,0.977547,7.546725
23,0.8,0.328186,6.44417
23,1.2,0.389451,5.560525
23,1.6,0.475926,4.73848
23,2.0,0.603719,4.007152
23,2.4,0.801492,3.416067
23,2.8,1.107075,3.042992
23,3.2,1.520037,2.970037
23,3.6,1.935432,3.204945
23,4.0,2.203457,3.640182
23,4.4,2.23017,4.097497
23,4.8,1.987401,4.379706
23,5.2,1.511483,4.3136
23,5.6,1.048797,3.88876
23,6.0,0.98175,3.407441
23,6.4,1.206732,3.101638
23,6.8,1.564442,3.060677
23,7.2,1.921729,3.285457
23,7.6,2.142534,3.675672
23,8.0,2.14426,4.069621
23,8.4,1.905212,4.29074
23,8.8,1.475087,4.195463
23,9.2,1.09097,3.801813
23,9.6,1.049419,3.372694
23,10.0,1.271098,3.113841
23,10.4,1.612446,3.108324
23,10.8,1.938967,3.346078
23,11.2,2.12436,3.723065
23,11.6,2.096395,4.08194
23,12.0,1.841572,4.256111
23,12.4,1.424944,4.1223
23,12.8,1.094474,3.73
23,13.2,1.091072,3.333098
23,13.6,1.324851,3.113984
23,14.0,1.660636,3.144239
23,14.4,1.964333,3.401035
23,14.8,2.117997,3.773593
23,15.2,2.059001,4.105216
23,15.6,1.782638,4.236033
23,16.0,1.371805,4.061505
23,16.4,1.089145,3.663964
23,16.8,1.125196,3.293403
23,17.2,1.375304,3.11171
23,17.6,1.708566,3.177623
23,18.0,1.991574,3.454868
23,18.4,2.114429,3.825102
23,18.8,2.023687,4.131065
23,19.2,1.72403,4.218767
23,19.6,1.318947,4.00353
23,20.0,1.083746,3.60096
23,20.4,1.158142,3.255709
23,20.8,1.425125,3.110991
23,21.2,1.755816,3.212105
23,21.6,2.017973,3.509184
23,22.0,2.109879,3.876395
23,22.4,1.98702,4.155737
23,22.8,1.664268,4.199386
23,23.2,1.268499,3.944953
23,23.6,1.081799,3.540328
23,24.0,1.192469,3.221273
23,24.4,1.47526,3.113768
23,24.8,1.801877,3.249235
23,25.2,2.042034,3.564422
23,25.6,2.102468,3.926523
23,26.0,1.947431,4.177105
23,26.4,1.603096,4.17551
23,26.8,1.222213,3.884713
23,27.2,1.084811,3.48217
23,27.6,1.22921,3.190956
23,28.0,1.525899,3.121048
23,28.4,1.846212,3.289612
23,28.8,2.062824,3.620489
23,29.2,2.091181,3.974643
23,29.6,1.90422,4.193795
23,30.0,1.540904,4.145982
23,30.4,1.181536,3.822826
23,30.8,1.093321,3.426864
23,31.2,1.26869,3.165377
23,31.6,1.576872,3.133333
23,32.0,1.8883,3.333344
23,32.4,2.079716,3.677033
23,32.8,2.075455,4.019985
23,33.2,1.857158,4.204849
23,33.6,1.478476,4.110358
23,34.0,1.147568,3.759823
23,34.4,1.107372,3.374869
23,34.8,1.310876,3.144985
23,35.2,1.62783,3.150819
23,35.6,1.927658,3.380265
23,36.0,2.092276,3.733568
23,36.4,2.054988,4.061843
23,36.8,1.806302,4.209576
23,37.2,1.416865,4.06867
23,37.6,1.121023,3.696455
23,38.0,1.126748,3.326646
23,38.4,1.355544,3.130095
23,38.8,1.678338,3.173506
23,39.2,1.96385,3.430048
23,39.6,2.100198,3.789544
23,40.0,2.029641,4.099562
24,0.0,2.975963,5.979167
24,0.4,1.282312,5.935394
24,0.8,0.388032,5.016953
24,1.2,0.461305,4.311082
24,1.6,0.572191,3.683865
24,2.0,0.733286,3.169218
24,2.4,0.964815,2.817149
24,2.8,1.265418,2.679095
24,3.2,1.57554,2.766006
24,3.6,1.794907,3.014686
24,4.0,1.847148,3.304339
24,4.4,1.712526,3.499114
24,4.8,1.441833,3.497306
24,5.2,1.187433,3.303345
24,5.6,1.116199,3.052375
24,6.0,1.220749,2.879222
24,6.4,1.408659,2.844154
24,6.8,1.59122,2.943381
24,7.2,1.694824,3.120023
24,7.6,1.679453,3.28758
24,8.0,1.552217,3.363709
24,8.4,1.376079,3.309979
24,8.8,1.254376,3.163671
24,9.2,1.251295,3.013388
24,9.6,1.34583,2.932477
24,10.0,1.477668,2.94856
24,10.4,1.584867,3.044055
24,10.8,1.622379,3.168415
24,11.2,1.575812,3.260076
24,11.6,1.468809,3.273764
24,12.0,1.359319,3.205875
24,12.4,1.308593,3.098946
24,12.8,1.336493,3.011713
24,13.2,1.417304,2.983759
24,13.6,1.506608,3.021721
24,14.0,1.563114,3.101953
24,14.4,1.562969,3.183126
24,14.8,1.508374,3.224993
24,15.2,1.428516,3.208068
24,15.6,1.367082,3.144983
24,16.0,1.355362,3.072307
24,16.4,1.393393,3.02717
24,16.8,1.456468,3.028418
24,17.2,1.512332,3.071111
24,17.6,1.535521,3.131524
24,18.0,1.516905,3.178956
24,18.4,1.467486,3.190357
24,18.8,1.414055,3.16211
24,19.2,1.384905,3.111709
24,19.6,1.392832,3.066588
24,20.0,1.429768,3.048436
24,20.4,1.474762,3.063495
24,20.8,1.505706,3.101698
24,21.2,1.508857,3.14274
24,21.6,1.484283,3.1661
24,22.0,1.445758,3.161133
24,22.4,1.413901,3.132353
24,22.8,1.404604,3.096258
24,23.2,1.420415,3.071492
24,23.6,1.450992,3.069169
24,24.0,1.480146,3.088473
24,24.4,1.49397,3.118286
24,24.8,1.486809,3.14318
24,25.2,1.463474,3.151072
24,25.6,1.43673,3.139166
24,26.0,1.420454,3.114972
24,26.4,1.422027,3.091636
24,26.8,1.439,3.080641
24,27.2,1.461606,3.086315
24,27.6,1.478374,3.104518
24,28.0,1.481596,3.125352
24,28.4,1.470611,3.138304
24,28.8,1.45182,3.137456
24,29.2,1.435237,3.12425
24,29.6,1.429079,3.106284
24,30.0,1.435545,3.0929
24,30.4,1.450299,3.090322
24,30.8,1.465382,3.098924
24,31.2,1.473398,3.113592
24,31.6,1.470936,3.126626
24,32.0,1.459944,3.131661
24,32.4,1.44651,3.12677
24,32.8,1.437572,3.115159
24,33.2,1.437257,3.103162
24,33.6,1.444988,3.096764
24,34.0,1.456255,3.098664
24,34.4,1.465229,3.107258
24,34.8,1.46768,3.117786
24,35.2,1.462877,3.124884
24,35.6,1.453728,3.125271
24,36.0,1.445125,3.119263
24,36.4,1.441338,3.110357
24,36.8,1.443866,3.103216
24,37.2,1.450926,3.101235
24,37.6,1.458657,3.104977
24,38.0,1.463196,3.112143
24,38.4,1.46255,3.118921
24,38.8,1.45742,3.121976
24,39.2,1.450693,3.120067
24,39.6,1.445849,3.114528
24,40.0,1.44516,3.108404
25,0.0,1.682372,9.550721
25,0.4,0.407844,7.538272
25,0.8,0.537917,6.031946
25,1.2,0.78721,4.760566
25,1.6,1.28546,3.958439
25,2.0,2.083338,3.930933
25,2.4,2.868897,4.664523
25,2.8,3.338832,5.826005
25,3.2,3.398198,7.014478
25,3.6,3.038229,7.837261
25,4.0,2.230123,7.880476
25,4.4,0.975966,6.699337
25,4.8,0.700183,5.218372
25,5.2,1.060572,4.197611
25,5.6,1.756089,3.848985
25,6.0,2.590223,4.315916
25,6.4,3.20018,5.35533
25,6.8,3.420167,6.575854
25,7.2,3.222723,7.581913
25,7.6,2.597483,7.977173
25,8.0,1.475392,7.298218
25,8.4,0.663955,5.725659
25,8.8,0.885523,4.526202
25,9.2,1.454335,3.884532
25,9.6,2.281548,4.051027
25,10.0,3.00888,4.915401
25,10.4,3.385213,6.114091
25,10.8,3.347162,7.247747
25,11.2,2.889247,7.925121
25,11.6,1.966259,7.716612
25,12.0,0.775864,6.303794
25,12.4,0.757377,4.933526
25,12.8,1.195394,4.042828
25,13.2,1.95615,3.890072
25,13.6,2.764606,4.524357
25,14.0,3.289557,5.642904
25,14.4,3.410955,6.847725
25,14.8,3.114506,7.745906
25,15.2,2.380219,7.932703
25,15.6,1.158116,6.940931
25,16.0,0.677286,5.404001
25,16.4,0.988399,4.311884
25,16.8,1.637689,3.847848
25,17.2,2.476355,4.204443
25,17.6,3.134149,5.184112
25,18.0,3.413988,6.403087
25,18.4,3.277036,7.464142
25,18.8,2.716335,7.973956
25,19.2,1.669083,7.481486
25,19.6,0.680589,5.935143
25,20.0,0.831631,4.672417
25,20.4,1.350307,3.930533
25,20.8,2.15891,3.976801
25,21.2,2.922096,4.76012
25,21.6,3.356064,5.935326
25,22.0,3.378495,7.102636
25,22.4,2.98225,7.870736
25,22.8,2.13287,7.82117
25,23.2,0.889309,6.544141
25,23.6,0.72068,5.105102
25,24.0,1.110681,4.132799
25,24.4,1.833171,3.859518
25,24.8,2.65979,4.393461
25,25.2,3.237535,5.466227
25,25.6,3.419272,6.683174
25,26.0,3.183409,7.649842
25,26.4,2.516435,7.967216
25,26.8,1.350528,7.166696
25,27.2,0.664447,5.597682
25,27.6,0.923326,4.438977
25,28.0,1.523884,3.864528
25,28.4,2.358387,4.106168
25,28.8,3.06013,5.017981
25,29.2,3.399194,6.227225
25,29.6,3.322666,7.335223
25,30.0,2.825096,7.950285
25,30.4,1.85412,7.634768
25,30.8,0.726579,6.156381
25,31.2,0.784212,4.828934
25,31.6,1.253287,3.993839
25,32.0,2.035036,3.918506
25,32.4,2.82804,4.613091
25,32.8,3.318189,5.75637
25,33.2,3.401108,6.9492
25,33.6,3.065965,7.799462
25,34.0,2.287689,7.897748
25,34.4,1.043901,6.788542
25,34.8,0.691369,5.285116
25,35.2,1.033584,4.237764
25,35.6,1.712581,3.84666
25,36.0,2.549287,4.274
25,36.4,3.177019,5.292547
25,36.8,3.418833,6.513373
25,37.2,3.243424,7.540313
25,37.6,2.641883,7.978319
25,38.0,1.546625,7.36817
25,38.4,0.667285,5.800556
25,38.8,0.86518,4.578095
25,39.2,1.415757,3.899217
25,39.6,2.237198,4.022266
25,40.0,2.978205,4.858088
26,0.0,1.091215,9.751355
26,0.4,0.215865,8.875928
26,0.8,0.235268,8.183783
26,1.2,0.258265,7.503754
26,1.6,0.285908,6.838276
26,2.0,0.319686,6.19056
26,2.4,0.361778,5.564945
26,2.8,0.415464,4.967474
26,3.2,0.485868,4.406836
26,3.6,0.581254,3.89598
26,4.0,0.715072,3.45481
26,4.4,0.90768,3.113914
26,4.8,1.180338,2.915821
26,5.2,1.52606,2.901704
26,5.6,1.875634,3.077624
26,6.0,2.123442,3.391524
26,6.4,2.184964,3.74419
26,6.8,2.013371,4.011112
26,7.2,1.595218,4.059609
26,7.6,1.058187,3.811175
26,8.0,0.851132,3.429695
26,8.4,0.965062,3.115555
26,8.8,1.21446,2.935251
26,9.2,1.542268,2.930141
26,9.6,1.871648,3.104348
26,10.0,2.100682,3.406306
26,10.4,2.149103,3.739831
26,10.8,1.972776,3.98483
26,11.2,1.563672,4.015556
26,11.6,1.059795,3.76646
26,12.0,0.874124,3.398394
26,12.4,0.99136,3.098282
26,12.8,1.243578,2.933438
26,13.2,1.570509,2.943634
26,13.6,1.891355,3.128812
26,14.0,2.10532,3.433707
26,14.4,2.135714,3.760489
26,14.8,1.941428,3.989076
26,15.2,1.519972,3.996259
26,15.6,1.032861,3.730553
26,16.0,0.881193,3.36655
26,16.4,1.012255,3.07781
26,16.8,1.272219,2.928209
26,17.2,1.601406,2.955124
26,17.6,1.915543,3.153686
26,18.0,2.114713,3.464111
26,18.4,2.125694,3.786037
26,18.8,1.910411,3.998512
26,19.2,1.472701,3.980297
26,19.6,1.00254,3.695901
26,20.0,0.886485,3.335041
26,20.4,1.032724,3.057432
26,20.8,1.301293,2.923319
26,21.2,1.632935,2.967311
26,21.6,1.94011,3.179475
26,22.0,2.12404,3.49541
26,22.4,2.114975,3.812131
26,22.8,1.877859,4.007696
26,23.2,1.423956,3.963185
26,23.6,0.974346,3.661135
26,24.0,0.89295,3.304192
26,24.4,1.053873,3.038028
26,24.8,1.330932,2.919718
26,25.2,1.664474,2.980821
26,25.6,1.963942,3.206207
26,26.0,2.132054,3.526955
26,26.4,2.102546,3.837562
26,26.8,1.84338,4.015182
26,27.2,1.374623,3.943884
26,27.6,0.949748,3.626135
26,28.0,0.901146,3.274149
26,28.4,1.075936,3.019867
26,28.8,1.361108,2.917663
26,29.2,1.695778,2.995783
26,29.6,1.986683,3.233818
26,30.0,2.138398,3.558487
26,30.4,2.088136,3.861925
26,30.8,1.806917,4.020522
26,31.2,1.325269,3.922211
26,31.6,0.929112,3.591031
26,32.0,0.911081,3.244992
26,32.4,1.09894,3.00305
26,32.8,1.391762,2.917229
26,33.2,1.72671,3.012195
26,33.6,2.008186,3.262227
26,34.0,2.142952,3.589861
26,34.4,2.071668,3.885029
26,34.8,1.768504,4.023534
26,35.2,1.276402,3.898224
26,35.6,0.912445,3.555989
26,36.0,0.922652,3.21678
26,36.4,1.122864,2.987632
26,36.8,1.422827,2.918438
26,37.2,1.757168,3.030023
26,37.6,2.028363,3.291351
26,38.0,2.145658,3.620962
26,38.4,2.053113,3.906746
26,38.8,1.728206,4.024115
26,39.2,1.228537,3.872067
26,39.6,0.899605,3.521161
26,40.0,0.935738,3.189562
27,0.0,2.946633,6.944242
27,0.4,0.357063,6.310697
27,0.8,0.307695,5.543546
27,1.2,0.359345,4.834567
27,1.6,0.428576,4.173975
27,2.0,0.52414,3.58003
27,2.4,0.659209,3.080204
27,2.8,0.849438,2.713397
27,3.2,1.098463,2.522933
27,3.6,1.368555,2.528189
27,4.0,1.577783,2.689874
27,4.4,1.649321,2.910227
27,4.8,1.557848,3.069993
27,5.2,1.35362,3.082066
27,5.6,1.170798,2.953679
27,6.0,1.127392,2.786812
27,6.4,1.209036,2.678064
27,6.8,1.341839,2.666867
27,7.2,1.455917,2.741293
27,7.6,1.500973,2.852121
27,8.0,1.460998,2.936822
27,8.4,1.36349,2.950904
27,8.8,1.270631,2.894552
27,9.2,1.237422,2.81063
27,9.6,1.270736,2.749438
27,10.0,1.339213,2.738348
27,10.4,1.402487,2.774782
27,10.8,1.429868,2.833156
27,11.2,1.411412,2.879662
27,11.6,1.361783,2.890237
27,12.0,1.312444,2.863608
27,12.4,1.291467,2.819993
27,12.8,1.305691,2.785729
27,13.2,1.341268,2.777368
27,13.6,1.376241,2.79525
27,14.0,1.392672,2.826199
27,14.4,1.384336,2.851931
27,14.8,1.358725,2.859152
27,15.2,1.332142,2.846405
27,15.6,1.319469,2.823547
27,16.0,1.32548,2.804468
27,16.4,1.343927,2.798759
27,16.8,1.363127,2.807431
27,17.2,1.372877,2.823802
27,17.6,1.369297,2.838036
27,18.0,1.356069,2.842733
27,18.4,1.341693,2.836666
27,18.8,1.334194,2.824677
27,19.2,1.336617,2.81411
27,19.6,1.346139,2.810414
27,20.0,1.356613,2.814546
27,20.4,1.362337,2.823168
27,20.8,1.360922,2.831021
27,21.2,1.354111,2.833979
27,21.6,1.346339,2.831133
27,22.0,1.34196,2.824857
27,22.4,1.342846,2.819033
27,22.8,1.347735,2.816721
27,23.2,1.353418,2.818647
27,23.6,1.356744,2.823166
27,24.0,1.356267,2.827482
27,24.4,1.352778,2.829301
27,24.8,1.348584,2.827996
27,25.2,1.346053,2.824721
27,25.6,1.346309,2.821525
27,26.0,1.348805,2.820113
27,26.4,1.351875,2.820985
27,26.8,1.35379,2.823343
27,27.2,1.353688,2.825707
27,27.6,1.351911,2.826803
27,28.0,1.349655,2.826224
27,28.4,1.348204,2.824522
27,28.8,1.348225,2.822775
27,29.2,1.349491,2.821929
27,29.6,1.351142,2.822308
27,30.0,1.352236,2.823532
27,30.4,1.352266,2.824822
27,30.8,1.351367,2.825473
27,31.2,1.350156,2.825228
27,31.6,1.349331,2.824348
27,32.0,1.34928,2.823396
27,32.4,1.349918,2.822897
27,32.8,1.350802,2.823052
27,33.2,1.351423,2.823684
27,33.6,1.351484,2.824385
27,34.0,1.351033,2.824767
27,34.4,1.350386,2.824671
27,34.8,1.349919,2.824218
27,35.2,1.349858,2.823702
27,35.6,1.350177,2.82341
27,36.0,1.350649,2.823467
27,36.4,1.350999,2.823792
27,36.8,1.351056,2.824171
27,37.2,1.350832,2.824393
27,37.6,1.350487,2.824361
27,38.0,1.350225,2.824129
27,38.4,1.350174,2.82385
27,38.8,1.350332,2.823682
27,39.2,1.350583,2.823698
27,39.6,1.350779,2.823864
27,40.0,1.350823,2.824068
28,0.0,2.067903,5.989414
28,0.4,2.366538,5.973421
28,0.8,2.734359,6.198235
28,1.2,3.067519,6.632744
28,1.6,3.284279,7.195151
28,2.0,3.339111,7.778693
28,2.4,3.211253,8.266793
28,2.8,2.885999,8.535289
28,3.2,2.331646,8.440144
28,3.6,1.482387,7.792044
28,4.0,0.755288,6.64124
28,4.4,0.830089,5.631202
28,4.8,1.201621,4.887791
28,5.2,1.877848,4.591217
28,5.6,2.746277,4.867234
28,6.0,3.516716,5.628048
28,6.4,4.02083,6.683572
28,6.8,4.220805,7.836401
28,7.2,4.127789,8.903917
28,7.6,3.752393,9.712011
28,8.0,3.063789,10.066342
28,8.4,1.877189,9.654244
28,8.8,0.494592,8.240254
28,9.2,0.545878,7.060529
28,9.6,0.711128,6.002179
28,10.0,1.008285,5.135781
28,10.4,1.563697,4.632041
28,10.8,2.39308,4.67745
28,11.2,3.237111,5.266489
28,11.6,3.860237,6.231728
28,12.0,4.18322,7.372507
28,12.4,4.205772,8.499439
28,12.8,3.94349,9.436624
28,13.2,3.388791,10.00337
28,13.6,2.444536,9.95622
28,14.0,0.807142,8.83323
28,14.4,0.500018,7.529497
28,14.8,0.632475,6.419972
28,15.2,0.863098,5.459717
28,15.6,1.29659,4.78074
28,16.0,2.032214,4.587223
28,16.4,2.907771,4.967786
28,16.8,3.638853,5.802691
28,17.2,4.087761,6.895241
28,17.6,4.231739,8.049717
28,18.0,4.08519,9.08576
28,18.4,3.6548,9.828365
28,18.8,2.894333,10.072274
28,19.2,1.559527,9.455565
28,19.6,0.476244,8.016848
28,20.0,0.569394,6.862067
28,20.4,0.751537,5.829815
28,20.8,1.084612,5.01288
28,21.2,1.696422,4.596754
28,21.6,2.551717,4.746421
28,22.0,3.368555,5.417026
28,22.4,3.940487,6.428214
28,22.8,4.208791,7.579924
28,23.2,4.17953,8.685656
28,23.6,3.866897,9.570617
28,24.0,3.254394,10.049207
28,24.4,2.211774,9.852093
28,24.8,0.597154,8.555825
28,25.2,0.518424,7.323585
28,25.6,0.664467,6.235013
28,26.0,0.921462,5.312458
28,26.4,1.405877,4.704989
28,26.8,2.187403,4.61441
28,27.2,3.055092,5.088911
28,27.6,3.74131,5.984694
28,28.0,4.13558,7.102214
28,28.4,4.226386,8.248383
28,28.8,4.029443,9.245058
28,29.2,3.546168,9.915579
28,29.6,2.711642,10.041037
28,30.0,1.224169,9.205947
28,30.4,0.481494,7.802182
28,30.8,0.595181,6.667256
28,31.2,0.796542,5.664045
28,31.6,1.170218,4.902711
28,32.0,1.837842,4.58023
28,32.4,2.708728,4.832321
28,32.8,3.491785,5.57844
28,33.2,4.010908,6.629137
28,33.6,4.224862,7.785839
28,34.0,4.144325,8.864851
28,34.4,3.780972,9.691816
28,34.8,3.107215,10.07425
28,35.2,1.950123,9.708888
28,35.6,0.504285,8.308968
28,36.0,0.539196,7.120809
28,36.4,0.699792,6.055136
28,36.8,0.987039,5.174987
28,37.2,1.525702,4.646226
28,37.6,2.345378,4.660164
28,38.0,3.196122,5.223565
28,38.4,3.834219,6.173734
28,38.8,4.173666,7.310056
28,39.2,4.211896,8.442272
28,39.6,3.964707,9.394039
28,40.0,3.426836,9.985813
29,0.0,4.305168,9.376965
29,0.4,1.984404,9.637475
29,0.8,0.256319,8.442075
29,1.2,0.288206,7.575853
29,1.6,0.3289,6.734929
29,2.0,0.381948,5.926874
29,2.4,0.453569,5.163125
29,2.8,0.554521,4.461708
29,3.2,0.704039,3.852424
29,3.6,0.934491,3.385183
29,4.0,1.281357,3.133518
29,4.4,1.725195,3.162576
29,4.8,2.148055,3.46236
29,5.2,2.413496,3.931896
29,5.6,2.441575,4.419588
29,6.0,2.20015,4.755821
29,6.4,1.682364,4.76696
29,6.8,1.036388,4.355292
29,7.2,0.832873,3.796438
29,7.6,1.004108,3.366407
29,8.0,1.340433,3.150915
29,8.4,1.770034,3.208419
29,8.8,2.166631,3.520029
29,9.2,2.401339,3.981757
29,9.6,2.401198,4.443857
29,10.0,2.137335,4.740445
29,10.4,1.609903,4.705243
29,10.8,1.005576,4.270684
29,11.2,0.856815,3.730121
29,11.6,1.047004,3.327473
29,12.0,1.396704,3.14744
29,12.4,1.826895,3.241286
29,12.8,2.205699,3.577914
29,13.2,2.410743,4.045641
29,13.6,2.376591,4.49225
29,14.0,2.078221,4.751725
29,14.4,1.523984,4.661769
29,14.8,0.95689,4.19174
29,15.2,0.872615,3.664437
29,15.6,1.088325,3.288496
29,16.0,1.45413,3.144821
29,16.4,1.885195,3.275992
29,16.8,2.245606,3.638173
29,17.2,2.420084,4.111873
29,17.6,2.350434,4.542054
29,18.0,2.015283,4.76205
29,18.4,1.434141,4.614512
29,18.8,0.915078,4.113405
29,19.2,0.891192,3.601233
29,19.6,1.131756,3.25317
29,20.0,1.512923,3.146794
29,20.4,1.942625,3.314766
29,20.8,2.28269,3.700678
29,21.2,2.425546,4.177891
29,21.6,2.319775,4.588829
29,22.0,1.947457,4.766266
29,22.4,1.343682,4.560198
29,22.8,0.884222,4.035809
29,23.2,0.913844,3.541107
29,23.6,1.177813,3.222409
29,24.0,1.572777,3.15407
29,24.4,1.998372,3.357782
29,24.8,2.316037,3.76502
29,25.2,2.426323,4.242777
29,25.6,2.284043,4.631295
29,26.0,1.874722,4.763055
29,26.4,1.255042,4.498875
29,26.8,0.864311,3.959577
29,27.2,0.940426,3.484361
29,27.6,1.226465,3.196546
29,28.0,1.633314,3.166746
29,28.4,2.051971,3.404828
29,28.8,2.345309,3.830772
29,29.2,2.4222,4.305976
29,29.6,2.243114,4.668823
29,30.0,1.797295,4.751885
29,30.4,1.170694,4.431445
29,30.8,0.854266,3.885217
29,31.2,0.970641,3.431235
29,31.6,1.277565,3.17578
29,32.0,1.694138,3.184766
29,32.4,2.103051,3.455603
29,32.8,2.370309,3.897514
29,33.2,2.413087,4.367014
29,33.6,2.196957,4.700918
29,34.0,1.71554,4.732445
29,34.4,1.093192,4.359179
29,34.8,0.852759,3.813094
29,35.2,1.004241,3.381955
29,35.6,1.330919,3.160257
29,36.0,1.754842,3.208013
29,36.4,2.151286,3.509772
29,36.8,2.39088,3.964816
29,37.2,2.398927,4.425435
29,37.6,2.145567,4.727119
29,38.0,1.630004,4.70455
29,38.4,1.024904,4.283524
29,38.8,0.858514,3.743481
29,39.2,1.041037,3.336744
29,39.6,1.386296,3.150092
29,40.0,1.815013,3.236329
30,0.0,3.68896,5.687403
30,0.4,3.705676,6.683723
30,0.8,3.420907,7.485804
30,1.2,2.822896,7.905143
30,1.6,1.798913,7.683312
30,2.0,0.590597,6.638773
30,2.4,0.583877,5.698571
30,2.8,0.754061,4.891259
30,3.2,1.04394,4.264978
30,3.6,1.523307,3.940289
30,4.0,2.164034,4.022363
30,4.4,2.782915,4.489626
30,4.8,3.215379,5.21268
30,5.2,3.394407,6.028683
30,5.6,3.308844,6.774548
30,6.0,2.957076,7.288849
30,6.4,2.307004,7.390849
30,6.8,1.268736,6.83852
30,7.2,0.619879,5.831013
30,7.6,0.728863,4.997788
30,8.0,0.994036,4.33977
30,8.4,1.443221,3.964312
30,8.8,2.06938,3.986391
30,9.2,2.703147,4.404897
30,9.6,3.167886,5.100798
30,10.0,3.38423,5.913097
30,10.4,3.336216,6.678178
30,10.8,3.023174,7.235131
30,11.2,2.420276,7.408444
30,11.6,1.437659,6.964058
30,12.0,0.634382,5.962123
30,12.4,0.70269,5.106155
30,12.8,0.94703,4.418571
30,13.2,1.367132,3.995046
30,13.6,1.975657,3.957636
30,14.0,2.620982,4.325612
30,14.4,3.116506,4.991816
30,14.8,3.369711,5.797714
30,15.2,3.358941,6.579176
30,15.6,3.083757,7.175421
30,16.0,2.525437,7.415068
30,16.4,1.601459,7.074214
30,16.8,0.667483,6.098258
30,17.2,0.679056,5.217605
30,17.6,0.903538,4.502547
30,18.0,1.29516,4.033648
30,18.4,1.882704,3.93716
30,18.8,2.535655,4.252323
30,19.2,3.060203,4.885616
30,19.6,3.349922,5.681844
30,20.0,3.376441,6.476514
30,20.4,3.138818,7.108712
30,20.8,2.623442,7.410337
30,21.2,1.758124,7.167972
30,21.6,0.726824,6.240255
30,22.0,0.658205,5.331999
30,22.4,0.863339,4.591333
30,22.8,1.227435,4.079817
30,23.2,1.791153,3.925116
30,23.6,2.447585,4.185446
30,24.0,2.999104,4.782662
30,24.4,3.32486,5.565933
30,24.8,3.388711,6.37063
30,25.2,3.18845,7.035496
30,25.6,2.714659,7.394974
30,26.0,1.906138,7.245451
30,26.4,0.818244,6.387762
30,26.8,0.640596,5.449252
30,27.2,0.826216,4.684575
30,27.6,1.163994,4.1332
30,28.0,1.701619,3.921585
30,28.4,2.357249,4.125373
30,28.8,2.933374,4.683418
30,29.2,3.294542,5.450438
30,29.6,3.395743,6.261968
30,30.0,3.232722,6.956262
30,30.4,2.799404,7.369665
30,30.8,2.045095,7.307263
30,31.2,0.942064,6.538085
30,31.6,0.627103,5.569379
30,32.0,0.791967,4.781945
30,32.4,1.104793,4.193415
30,32.8,1.614674,3.926583
30,33.2,2.265173,4.07247
30,33.6,2.863215,4.588349
30,34.0,3.258995,5.335818
30,34.4,3.397526,6.150975
30,34.8,3.271687,6.871487
30,35.2,2.877944,7.335051
30,35.6,2.175143,7.354234
30,36.0,1.091293,6.686098
30,36.4,0.619259,5.692536
30,36.8,0.760424,4.883139
30,37.2,1.049717,4.260061
30,37.6,1.530825,3.940054
30,38.0,2.171924,4.027075
30,38.4,2.788864,4.497913
30,38.8,3.218261,5.222535
30,39.2,3.39405,6.038096
30,39.6,3.305382,6.781637
30,40.0,2.950499,7.291738
31,0.0,1.430964,9.496071
31,0.4,0.308286,7.692872
31,0.8,0.385571,6.33321
31,1.2,0.508834,5.087062
31,1.6,0.725599,4.039172
31,2.0,1.131124,3.363371
31,2.4,1.769289,3.293505
31,2.8,2.402052,3.84652
31,3.2,2.732159,4.727761
31,3.6,2.63148,5.52039
31,4.0,2.063266,5.781508
31,4.4,1.115299,5.124265
31,4.8,0.805443,4.078434
31,5.2,1.142826,3.405932
31,5.6,1.752323,3.319258
31,6.0,2.371288,3.841989
31,6.4,2.703664,4.695331
31,6.8,2.616825,5.473341
31,7.2,2.073273,5.742812
31,7.6,1.154391,5.124034
31,8.0,0.8162,4.089766
31,8.4,1.141637,3.415105
31,8.8,1.745575,3.321822
31,9.2,2.363334,3.836703
31,9.6,2.698367,4.684824
31,10.0,2.61643,5.462308
31,10.4,2.079577,5.737537
31,10.8,1.165944,5.130397
31,11.2,0.817282,4.097259
31,11.6,1.138384,3.419258
31,12.0,1.740268,3.320805
31,12.4,2.358791,3.831189
31,12.8,2.696606,4.677546
31,13.2,2.618257,5.4567
31,13.6,2.085408,5.737378
31,14.0,1.173384,5.13789
31,14.4,0.816782,4.104142
31,14.8,1.134794,3.422602
31,15.2,1.735196,3.319215
31,15.6,2.3548,3.825646
31,16.0,2.695417,4.670797
31,16.4,2.620438,5.451972
31,16.8,2.091146,5.738032
31,17.2,1.180172,5.145556
31,17.6,0.81604,4.11094
31,18.0,1.131159,3.425838
31,18.4,1.730165,3.317559
31,18.8,2.350888,3.820113
31,19.2,2.694304,4.664135
31,19.6,2.622657,5.447368
31,20.0,2.096848,5.738782
31,20.4,1.186882,5.153228
31,20.8,0.815285,4.117742
31,21.2,1.127531,3.429084
31,21.6,1.725141,3.315921
31,22.0,2.346976,3.814599
31,22.4,2.693185,4.657484
31,22.8,2.624862,5.442763
31,23.2,2.102523,5.739503
31,23.6,1.193609,5.160875
31,24.0,0.814555,4.124561
31,24.4,1.123917,3.432358
31,24.8,1.720121,3.314317
31,25.2,2.34305,3.809104
31,25.6,2.692045,4.650832
31,26.0,2.627043,5.438135
31,26.4,2.108172,5.740178
31,26.8,1.200368,5.168493
31,27.2,0.813857,4.131401
31,27.6,1.12032,3.435665
31,28.0,1.715102,3.312748
31,28.4,2.339107,3.803629
31,28.8,2.690881,4.644178
31,29.2,2.629198,5.43348
31,29.6,2.113795,5.740801
31,30.0,1.20716,5.176078
31,30.4,0.813194,4.138262
31,30.8,1.11674,3.439006
31,31.2,1.710085,3.311216
31,31.6,2.335149,3.798174
31,32.0,2.689694,4.637521
31,32.4,2.631328,5.428798
31,32.8,2.119392,5.741372
31,33.2,1.213985,5.183631
31,33.6,0.812565,4.145143
31,34.0,1.113176,3.442379
31,34.4,1.70507,3.30972
31,34.8,2.331174,3.79274
31,35.2,2.688483,4.630862
31,35.6,2.633433,5.424089
31,36.0,2.124964,5.741892
31,36.4,1.220843,5.191151
31,36.8,0.811972,4.152046
31,37.2,1.109629,3.445785
31,37.6,1.700057,3.30826
31,38.0,2.327183,3.787327
31,38.4,2.687248,4.6242
31,38.8,2.635511,5.419353
31,39.2,2.130511,5.742361
31,39.6,1.227732,5.198636
31,40.0,0.811415,4.158969
32,0.0,2.483689,8.978738
32,0.4,0.267978,7.958335
32,0.8,0.289899,7.187344
32,1.2,0.327559,6.441102
32,1.6,0.375446,5.723506
32,2.0,0.437984,5.04331
32,2.4,0.522231,4.413484
32,2.8,0.639565,3.853802
32,3.2,0.80733,3.394503
32,3.6,1.045487,3.078259
32,4.0,1.355949,2.949948
32,4.4,1.691411,3.025849
32,4.8,1.966343,3.268061
32,5.2,2.107746,3.593269
32,5.6,2.080445,3.898081
32,6.0,1.883437,4.079851
32,6.4,1.554242,4.05837
32,6.8,1.215552,3.825709
32,7.2,1.063989,3.500436
32,7.6,1.134839,3.227487
32,8.0,1.338666,3.084129
32,8.4,1.597114,3.100029
32,8.8,1.8329,3.259504
32,9.2,1.977859,3.50542
32,9.6,1.991763,3.756952
32,10.0,1.866095,3.929194
32,10.4,1.62642,3.953019
32,10.8,1.352514,3.80696
32,11.2,1.180856,3.554878
32,11.6,1.187407,3.311717
32,12.0,1.3318,3.161951
32,12.4,1.544891,3.144557
32,12.8,1.756444,3.256577
32,13.2,1.902341,3.45631
32,13.6,1.940119,3.676771
32,14.0,1.855865,3.843431
32,14.4,1.666646,3.892583
32,14.8,1.431799,3.796273
32,15.2,1.257276,3.59206
32,15.6,1.226077,3.371657
32,16.0,1.328554,3.218481
32,16.4,1.50841,3.177785
32,16.8,1.701691,3.255793
32,17.2,1.847658,3.422048
32,17.6,1.902531,3.619874
32,18.0,1.848058,3.782268
32,18.4,1.694562,3.849041
32,18.8,1.488168,3.787987
32,19.2,1.315308,3.620048
32,19.6,1.258241,3.418916
32,20.0,1.327799,3.264243
32,20.4,1.480517,3.205679
32,20.8,1.658372,3.256747
32,21.2,1.803646,3.396027
32,21.6,1.871754,3.575295
32,22.0,1.840817,3.733677
32,22.4,1.715491,3.813701
32,22.8,1.532135,3.780105
32,23.2,1.363036,3.641944
32,23.6,1.287015,3.458238
32,24.0,1.329207,3.30363
32,24.4,1.458336,3.230799
32,24.8,1.622223,3.259353
32,25.2,1.766013,3.375538
32,25.6,1.844704,3.538469
32,26.0,1.833324,3.692625
32,26.4,1.731617,3.782902
32,26.8,1.568155,3.771789
32,27.2,1.404167,3.659256
32,27.6,1.313903,3.491949
32,28.0,1.332629,3.338806
32,28.4,1.440458,3.254411
32,28.8,1.59113,3.263563
32,29.2,1.732623,3.359229
32,29.6,1.819847,3.507119
32,30.0,1.825191,3.656611
32,30.4,1.744052,3.754844
32,30.8,1.598481,3.76266
32,31.2,1.440632,3.672828
32,31.6,1.33968,3.521319
32,32.0,1.337956,3.370934
32,32.4,1.426102,3.277185
32,32.8,1.563926,3.269325
32,33.2,1.702304,3.34633
32,33.6,1.796357,3.479976
32,34.0,1.816234,3.624262
32,34.4,1.753442,3.728558
32,34.8,1.62439,3.752558
32,35.2,1.473524,3.683188
32,35.6,1.364742,3.547091
32,36.0,1.345086,3.400676
32,36.4,1.414796,3.299483
32,36.8,1.539924,3.276573
32,37.2,1.674377,3.336361
32,37.6,1.773766,3.456279
32,38.0,1.806376,3.594777
32,38.4,1.760203,3.703504
32,38.8,1.646664,3.741433
32,39.2,1.503492,3.690701
32,39.6,1.389278,3.569729
32,40.0,1.353909,3.428408
33,0.0,2.163671,7.090343
33,0.4,0.417752,6.248317
33,0.8,0.460152,5.459626
33,1.2,0.56477,4.734707
33,1.6,0.726515,4.099188
33,2.0,0.99854,3.612956
33,2.4,1.467386,3.385798
33,2.8,2.137954,3.54242
33,3.2,2.796789,4.09034
33,3.6,3.203248,4.887047
33,4.0,3.230527,5.714069
33,4.4,2.793353,6.308783
33,4.8,1.653758,6.29096
33,5.2,0.484056,5.450263
33,5.6,0.56711,4.723171
33,6.0,0.729986,4.089542
33,6.4,1.004553,3.606606
33,6.8,1.477309,3.385001
33,7.2,2.14994,3.548634
33,7.6,2.806224,4.102237
33,8.0,3.20707,4.901385
33,8.4,3.227303,5.726815
33,8.8,2.781177,6.314954
33,9.2,1.625186,6.281823
33,9.6,0.483481,5.437211
33,10.0,0.569265,4.711639
33,10.4,0.733476,4.079933
33,10.8,1.010623,3.600326
33,11.2,1.487298,3.384314
33,11.6,2.161926,3.554962
33,12.0,2.815588,4.114208
33,12.4,3.210786,4.915737
33,12.8,3.22395,5.739501
33,13.2,2.768814,6.320964
33,13.6,1.596243,6.272316
33,14.0,0.483105,5.424207
33,14.4,0.571438,4.700133
33,14.8,0.736997,4.070367
33,15.2,1.016751,3.59412
33,15.6,1.49735,3.38374
33,16.0,2.173906,3.561404
33,16.4,2.824875,4.126248
33,16.8,3.214394,4.930096
33,17.2,3.220468,5.752121
33,17.6,2.756262,6.326805
33,18.0,1.566943,6.262435
33,18.4,0.48291,5.411246
33,18.8,0.573627,4.688653
33,19.2,0.74055,4.060842
33,19.6,1.022937,3.587988
33,20.0,1.507465,3.383279
33,20.4,2.185877,3.56796
33,20.8,2.834084,4.138358
33,21.2,3.217892,4.944461
33,21.6,3.216855,5.764673
33,22.0,2.74352,6.332476
33,22.4,1.537292,6.25218
33,22.8,0.48288,5.398327
33,23.2,0.575833,4.677198
33,23.6,0.744134,4.051361
33,24.0,1.029182,3.581931
33,24.4,1.517643,3.382932
33,24.8,2.197839,3.574629
33,25.2,2.843216,4.150536
33,25.6,3.221279,4.958831
33,26.0,3.213111,5.777156
33,26.4,2.730587,6.337973
33,26.8,1.507301,6.241549
33,27.2,0.483001,5.385447
33,27.6,0.578056,4.665768
33,28.0,0.74775,4.041922
33,28.4,1.035487,3.57595
33,28.8,1.527882,3.3827
33,29.2,2.209791,3.581411
33,29.6,2.852268,4.162782
33,30.0,3.224557,4.973204
33,30.4,3.209236,5.789568
33,30.8,2.717459,6.343294
33,31.2,1.476981,6.230541
33,31.6,0.483259,5.372605
33,32.0,0.580296,4.654365
33,32.4,0.751398,4.032526
33,32.8,1.041851,3.570046
33,33.2,1.538182,3.382582
33,33.6,2.221731,3.588304
33,34.0,2.861241,4.175094
33,34.4,3.227724,4.98758
33,34.8,3.205229,5.801908
33,35.2,2.704136,6.348436
33,35.6,1.446346,6.219159
33,36.0,0.483641,5.359798
33,36.4,0.582553,4.642988
33,36.8,0.755079,4.023175
33,37.2,1.048276,3.564219
33,37.6,1.548542,3.38258
33,38.0,2.233656,3.595309
33,38.4,2.870132,4.187471
33,38.8,3.230779,5.001957
33,39.2,3.201089,5.814174
33,39.6,2.690614,6.353398
33,40.0,1.415416,6.207403
34,0.0,1.179642,6.610582
34,0.4,0.392462,5.697816
34,0.8,0.465446,4.965748
34,1.2,0.571406,4.297116
34,1.6,0.730198,3.722737
34,2.0,0.978743,3.29577
34,2.4,1.356821,3.095362
34,2.8,1.83527,3.18873
34,3.2,2.27212,3.556535
34,3.6,2.514899,4.080454
34,4.0,2.47532,4.587088
34,4.4,2.104918,4.875491
34,4.8,1.37471,4.724342
34,5.2,0.759012,4.143719
34,5.6,0.807249,3.603083
34,6.0,1.068657,3.228759
34,6.4,1.472357,3.098529
34,6.8,1.950565,3.263934
34,7.2,2.347033,3.679523
34,7.6,2.524005,4.210666
34,8.0,2.407375,4.677477
34,8.4,1.95182,4.874486
34,8.8,1.166931,4.591916
34,9.2,0.738169,3.989993
34,9.6,0.862192,3.487377
34,10.0,1.161155,3.16873
34,10.4,1.594935,3.113552
34,10.8,2.067795,3.352494
34,11.2,2.417467,3.813171
34,11.6,2.523198,4.345584
34,12.0,2.322838,4.762726
34,12.4,1.772918,4.852786
34,12.8,0.973195,4.440085
34,13.2,0.744919,3.844993
34,13.6,0.926005,3.383414
34,14.0,1.263031,3.126177
34,14.4,1.720832,3.148627
34,14.8,2.176953,3.456356
34,15.2,2.47176,3.952174
34,15.6,2.502187,4.473518
34,16.0,2.214856,4.826839
34,16.4,1.570364,4.794889
34,16.8,0.834073,4.277932
34,17.2,0.773525,3.709328
34,17.6,0.999768,3.293198
34,18.0,1.373803,3.103002
34,18.4,1.846842,3.20367
34,18.8,2.274797,3.573334
34,19.2,2.507853,4.093084
34,19.6,2.459607,4.59022
34,20.0,2.082227,4.864836
34,20.4,1.351356,4.69877
34,20.8,0.760059,4.117897
34,21.2,0.817024,3.583758
34,21.6,1.083551,3.218355
34,22.0,1.49202,3.10013
34,22.4,1.969758,3.277556
34,22.8,2.358982,3.700781
34,23.2,2.524615,4.232579
34,23.6,2.39469,4.691944
34,24.0,1.924251,4.872488
34,24.4,1.133265,4.568009
34,24.8,0.737631,3.965459
34,25.2,0.8721,3.469377
34,25.6,1.177327,3.160468
34,26.0,1.615552,3.117965
34,26.4,2.086436,3.368632
34,26.8,2.427577,3.835817
34,27.2,2.521144,4.367266
34,27.6,2.306662,4.774867
34,28.0,1.741031,4.845799
34,28.4,0.945857,4.413622
34,28.8,0.748388,3.821943
34,29.2,0.937495,3.367534
34,29.6,1.280732,3.120988
34,30.0,1.741707,3.15636
34,30.4,2.193949,3.474828
34,30.8,2.479003,3.975387
34,31.2,2.496664,4.493651
34,31.6,2.194685,4.835021
34,32.0,1.535043,4.781638
34,32.4,0.817533,4.25114
34,32.8,0.779804,3.687881
34,33.2,1.012905,3.279742
34,33.6,1.392852,3.101112
34,34.0,1.86743,3.214606
34,34.4,2.28969,3.593724
34,34.8,2.511978,4.116296
34,35.2,2.450451,4.608143
34,35.6,2.05791,4.868301
34,36.0,1.314633,4.679375
34,36.4,0.753331,4.09215
34,36.8,0.825368,3.564074
34,37.2,1.098345,3.207591
34,37.6,1.51211,3.101644
34,38.0,1.989528,3.291455
34,38.4,2.371425,3.722627
34,38.8,2.525458,4.255234
34,39.2,2.381775,4.707032
34,39.6,1.895724,4.870549
34,40.0,1.099306,4.543754
35,0.0,4.56317,9.36068
35,0.4,0.221171,9.085538
35,0.8,0.168733,8.379229
35,1.2,0.184024,7.699165
35,1.6,0.2021,7.031231
35,2.0,0.223735,6.377796
35,2.4,0.249997,5.741934
35,2.8,0.282381,5.127705
35,3.2,0.32302,4.540574
35,3.6,0.37499,3.988027
35,4.0,0.442711,3.480464
35,4.4,0.532291,3.032344
35,4.8,0.651059,2.663133
35,5.2,0.804076,2.396226
35,5.6,0.984552,2.251789
35,6.0,1.162336,2.231176
35,6.4,1.288958,2.302665
35,6.8,1.325897,2.405776
35,7.2,1.27362,2.476891
35,7.6,1.180373,2.482928
35,8.0,1.113482,2.438541
35,8.4,1.104395,2.384456
35,8.8,1.137525,2.352217
35,9.2,1.181616,2.351151
35,9.6,1.211449,2.372323
35,10.0,1.215906,2.398154
35,10.4,1.199504,2.413351
35,10.8,1.176993,2.4126
35,11.2,1.162662,2.401
35,11.6,1.161902,2.388102
35,12.0,1.170905,2.381178
35,12.4,1.181907,2.382089
35,12.8,1.188516,2.388017
35,13.2,1.188513,2.394315
35,13.6,1.183817,2.397483
35,14.0,1.178336,2.396732
35,14.4,1.175271,2.393629
35,14.8,1.175553,2.390543
35,15.2,1.178025,2.389121
35,15.6,1.18071,2.389629
35,16.0,1.182111,2.391221
35,16.4,1.181857,2.392722
35,16.8,1.180574,2.393353
35,17.2,1.179255,2.393032
35,17.6,1.178621,2.392215
35,18.0,1.178808,2.391487
35,18.4,1.179472,2.391213
35,18.8,1.180115,2.391404
35,19.2,1.180398,2.39182
35,19.6,1.180277,2.392171
35,20.0,1.179936,2.392288
35,20.4,1.179623,2.392177
35,20.8,1.179499,2.391966
35,21.2,1.179573,2.391798
35,21.6,1.179747,2.39175
35,22.0,1.179898,2.391812
35,22.4,1.179952,2.391919
35,22.8,1.179908,2.391999
35,23.2,1.17982,2.392018
35,23.6,1.179747,2.391983
35,24.0,1.179725,2.39193
35,24.4,1.179749,2.391892
35,24.8,1.179794,2.391885
35,25.2,1.179829,2.391904
35,25.6,1.179838,2.39193
35,26.0,1.179824,2.391948
35,26.4,1.179802,2.391951
35,26.8,1.179785,2.39194
35,27.2,1.179782,2.391927
35,27.6,1.179789,2.391919
35,28.0,1.179801,2.391918
35,28.4,1.179808,2.391924
35,28.8,1.17981,2.39193
35,29.2,1.179805,2.391934
35,29.6,1.1798,2.391934
35,30.0,1.179796,2.391931
35,30.4,1.179796,2.391928
35,30.8,1.179798,2.391926
35,31.2,1.179801,2.391926
35,31.6,1.179803,2.391928
35,32.0,1.179803,2.391929
35,32.4,1.179801,2.39193
35,32.8,1.1798,2.39193
35,33.2,1.179799,2.391929
35,33.6,1.179799,2.391928
35,34.0,1.1798,2.391928
35,34.4,1.179801,2.391928
35,34.8,1.179801,2.391929
35,35.2,1.179801,2.391929
35,35.6,1.179801,2.391929
35,36.0,1.1798,2.391929
35,36.4,1.1798,2.391929
35,36.8,1.1798,2.391929
35,37.2,1.1798,2.391929
35,37.6,1.1798,2.391929
35,38.0,1.1798,2.391929
35,38.4,1.1798,2.391929
35,38.8,1.1798,2.391929
35,39.2,1.1798,2.391929
35,39.6,1.1798,2.391929
35,40.0,1.1798,2.391929
36,0.0,3.646645,6.241946
36,0.4,2.911908,7.253844
36,0.8,1.209819,6.839438
36,1.2,0.460047,5.476132
36,1.6,0.61387,4.4338
36,2.0,0.895319,3.628711
36,2.4,1.391546,3.246126
36,2.8,2.046306,3.443505
36,3.2,2.575768,4.1214
36,3.6,2.758956,4.970165
36,4.0,2.512336,5.612151
36,4.4,1.795538,5.640314
36,4.8,0.861638,4.800011
36,5.2,0.816536,3.886892
36,5.6,1.201376,3.338272
36,6.0,1.8118,3.325237
36,6.4,2.409154,3.851619
36,6.8,2.725318,4.667582
36,7.2,2.637049,5.414926
36,7.6,2.097652,5.701937
36,8.0,1.144503,5.150247
36,8.4,0.761809,4.16523
36,8.8,1.041137,3.475605
36,9.2,1.588863,3.264831
36,9.6,2.225148,3.624109
36,10.0,2.657685,4.377296
36,10.4,2.71451,5.189442
36,10.8,2.33421,5.67879
36,11.2,1.491193,5.441254
36,11.6,0.769716,4.477902
36,12.0,0.911808,3.666935
36,12.4,1.378689,3.272137
36,12.8,2.017642,3.443784
36,13.2,2.547078,4.095794
36,13.6,2.742104,4.929247
36,14.0,2.515093,5.572947
36,14.4,1.826552,5.627017
36,14.8,0.895322,4.822569
36,15.2,0.815659,3.905482
36,15.6,1.191022,3.347586
36,16.0,1.796597,3.320983
36,16.4,2.396559,3.835933
36,16.8,2.720567,4.647491
36,17.2,2.642357,5.399243
36,17.6,2.114572,5.700678
36,18.0,1.167484,5.170487
36,18.4,0.760705,4.184122
36,18.8,1.032183,3.486382
36,19.2,1.575062,3.263451
36,19.6,2.212501,3.611265
36,20.0,2.651771,4.359022
36,20.4,2.717583,5.173673
36,20.8,2.34722,5.67413
36,21.2,1.513477,5.456184
36,21.6,0.77364,4.498815
36,22.0,0.904749,3.680705
36,22.4,1.36609,3.274938
36,22.8,2.003946,3.434245
36,23.2,2.538683,4.078599
36,23.6,2.742164,4.911922
36,24.0,2.524686,5.56379
36,24.4,1.846309,5.634883
36,24.8,0.90843,4.845001
36,25.2,0.810827,3.921949
36,25.6,1.180102,3.354548
36,26.0,1.782484,3.315362
36,26.4,2.38585,3.820573
36,26.8,2.717595,4.629323
36,27.2,2.648627,5.386369
36,27.6,2.130911,5.701798
36,28.0,1.188284,5.191067
36,28.4,0.759077,4.202942
36,28.8,1.023197,3.497097
36,29.2,1.561372,3.262121
36,29.6,2.199951,3.598561
36,30.0,2.645904,4.34093
36,30.4,2.720618,5.158058
36,30.8,2.360037,5.669466
36,31.2,1.535485,5.470837
36,31.6,0.777901,4.519843
36,32.0,0.897792,3.694632
36,32.4,1.353583,3.277984
36,32.8,1.990215,3.424926
36,33.2,2.530153,4.061503
36,33.6,2.742049,4.894541
36,34.0,2.534074,5.554402
36,34.4,1.865853,5.642325
36,34.8,0.922139,4.867451
36,35.2,0.806152,3.938571
36,35.6,1.169299,3.361759
36,36.0,1.768374,3.310002
36,36.4,2.37501,3.805357
36,36.8,2.714438,4.611134
36,37.2,2.654693,5.373296
36,37.6,2.147026,5.702525
36,38.0,1.209344,5.211371
36,38.4,0.757717,4.221904
36,38.8,1.014336,3.508031
36,39.2,1.547736,3.261067
36,39.6,2.187306,3.58605
36,40.0,2.63986,4.322874
37,0.0,4.747253,5.445823
37,0.4,4.419257,7.815172
37,0.8,3.239972,9.137057
37,1.2,0.585814,8.138206
37,1.6,0.369632,6.691886
37,2.0,0.47814,5.439999
37,2.4,0.663529,4.350621
37,2.8,1.010714,3.564729
37,3.2,1.613392,3.318839
37,3.6,2.318438,3.732347
37,4.0,2.79266,4.596097
37,4.4,2.851302,5.522569
37,4.8,2.431016,6.076304
37,5.2,1.482683,5.779896
37,5.6,0.714104,4.655982
37,6.0,0.903708,3.759236
37,6.4,1.418621,3.335409
37,6.8,2.120017,3.56141
37,7.2,2.683682,4.321579
37,7.6,2.871272,5.263732
37,8.0,2.59741,5.965238
37,8.4,1.810626,5.964768
37,8.8,0.802488,4.975698
37,9.2,0.812832,3.975244
37,9.6,1.244855,3.394433
37,10.0,1.920229,3.432742
37,10.4,2.555197,4.070899
37,10.8,2.862181,5.002313
37,11.2,2.723658,5.815948
37,11.6,2.088402,6.063853
37,12.0,1.01089,5.313858
37,12.4,0.746768,4.221835
37,12.8,1.092885,3.503698
37,13.2,1.717542,3.353477
37,13.6,2.400134,3.844512
37,14.0,2.817855,4.732687
37,14.4,2.810795,5.623239
37,14.8,2.321734,6.079194
37,15.2,1.317237,5.62895
37,15.6,0.715528,4.496627
37,16.0,0.964479,3.659085
37,16.4,1.520264,3.327655
37,16.8,2.222636,3.650574
37,17.2,2.739102,4.463475
37,17.6,2.859684,5.396288
37,18.0,2.511699,6.021473
37,18.4,1.644176,5.871133
37,18.8,0.745354,4.799585
37,19.2,0.859752,3.854676
37,19.6,1.336512,3.356505
37,20.0,2.029054,3.496863
37,20.4,2.627914,4.204061
37,20.8,2.871186,5.145034
37,21.2,2.660054,5.902213
37,21.6,1.943581,6.020766
37,22.0,0.882294,5.129992
37,22.4,0.779146,4.084625
37,22.8,1.172361,3.438463
37,23.2,1.827229,3.389995
37,23.6,2.487242,3.96366
37,24.0,2.846215,4.879285
37,24.4,2.76838,5.732495
37,24.8,2.200808,6.08066
37,25.2,1.143811,5.46461
37,25.6,0.72708,4.344338
37,26.0,1.031092,3.569521
37,26.4,1.625949,3.334873
37,26.8,2.321238,3.751126
37,27.2,2.78594,4.608706
37,27.6,2.837892,5.52289
37,28.0,2.414061,6.06111
37,28.4,1.468461,5.750918
37,28.8,0.719128,4.631844
37,29.2,0.913563,3.744088
37,29.6,1.433956,3.334119
37,30.0,2.135485,3.574713
37,30.4,2.692025,4.342825
37,30.8,2.869543,5.283577
37,31.2,2.584741,5.973782
37,31.6,1.786169,5.95132
37,32.0,0.792047,4.948093
37,32.4,0.819706,3.956101
37,32.8,1.258595,3.387661
37,33.2,1.937078,3.441736
37,33.6,2.566894,4.090997
37,34.0,2.864209,5.024473
37,34.4,2.71458,5.830058
37,34.8,2.066932,6.058799
37,35.2,0.988867,5.285689
37,35.6,0.751182,4.200137
37,36.0,1.104691,3.492736
37,36.4,1.734385,3.358096
37,36.8,2.414016,3.862296
37,37.2,2.822891,4.755319
37,37.6,2.804988,5.640777
37,38.0,2.303925,6.080861
37,38.4,1.289863,5.604897
37,38.8,0.716322,4.472616
37,39.2,0.974296,3.644481
37,39.6,1.536328,3.327718
37,40.0,2.238178,3.665337
38,0.0,1.717073,7.596297
38,0.4,0.802289,6.012194
38,0.8,1.056774,4.706143
38,1.2,1.960371,4.270735
38,1.6,3.179954,5.042144
38,2.0,4.07111,6.685544
38,2.4,4.377262,8.616383
38,2.8,4.050948,10.233146
38,3.2,2.970085,10.841958
38,3.6,0.520284,9.138052
38,4.0,0.467382,7.264507
38,4.4,0.681086,5.649825
38,4.8,1.175124,4.482155
38,5.2,2.221423,4.301548
38,5.6,3.430444,5.321489
38,6.0,4.211196,7.099006
38,6.4,4.383154,9.03418
38,6.8,3.908996,10.517017
38,7.2,2.594591,10.78354
38,7.6,0.393751,8.722777
38,8.0,0.497888,6.932257
38,8.4,0.745449,5.375987
38,8.8,1.332422,4.351846
38,9.2,2.467081,4.413415
38,9.6,3.62509,5.624816
38,10.0,4.293435,7.479988
38,10.4,4.343365,9.376147
38,10.8,3.734183,10.694687
38,11.2,2.169188,10.577727
38,11.6,0.394793,8.359647
38,12.0,0.532566,6.607967
38,12.4,0.821748,5.120738
38,12.8,1.514243,4.264383
38,13.2,2.712586,4.5701
38,13.6,3.800134,5.95237
38,14.0,4.352288,7.862484
38,14.4,4.279358,9.696891
38,14.8,3.52736,10.822054
38,15.2,1.641597,10.235811
38,15.6,0.41306,8.007041
38,16.0,0.572258,6.292881
38,16.4,0.912749,4.887843
38,16.8,1.719112,4.223427
38,17.2,2.952287,4.768304
38,17.6,3.954124,6.299729
38,18.0,4.387632,8.242156
38,18.4,4.190606,9.991693
38,18.8,3.284109,10.890759
38,19.2,1.011474,9.737581
38,19.6,0.436218,7.660647
38,20.0,0.618064,5.988544
38,20.4,1.021573,4.681783
38,20.8,1.943235,4.231025
38,21.2,3.181463,5.004228
38,21.6,4.086061,6.662471
38,22.0,4.399383,8.614666
38,22.4,4.076286,10.25557
38,22.8,2.997667,10.890298
38,23.2,0.527821,9.202331
38,23.6,0.462659,7.320375
38,24.0,0.671385,5.696876
38,24.4,1.151351,4.507618
38,24.8,2.181049,4.287502
38,25.2,3.396354,5.27377
38,25.6,4.195287,7.036188
38,26.0,4.387441,8.975655
38,26.4,3.935149,10.483144
38,26.8,2.657386,10.806726
38,27.2,0.398448,8.785313
38,27.6,0.492552,6.986911
38,28.0,0.734002,5.420267
38,28.4,1.304597,4.370638
38,28.8,2.426132,4.391655
38,29.2,3.594077,5.572647
38,29.6,4.281393,7.416497
38,30.0,4.351639,9.320703
38,30.4,3.765336,10.668463
38,30.8,2.246087,10.620435
38,31.2,0.392708,8.418955
38,31.6,0.526485,6.66122
38,32.0,0.808139,5.161689
38,32.4,1.482383,4.275768
38,32.8,2.672076,4.541109
38,33.2,3.77249,5.896483
38,33.6,4.34414,7.799043
38,34.0,4.291684,9.645292
38,34.4,3.564087,10.804718
38,34.8,1.737463,10.303425
38,35.2,0.409584,8.065141
38,35.6,0.565276,6.344508
38,36.0,0.896489,4.92479
38,36.4,1.683628,4.2269
38,36.8,2.913094,4.73267
38,37.2,3.930056,6.24086
38,37.6,4.383394,8.179484
38,38.0,4.207089,9.944739
38,38.4,3.327276,10.883822
38,38.8,1.118078,9.829351
38,39.2,0.432138,7.71776
38,39.6,0.609978,6.038265
38,40.0,1.002131,4.713936
39,0.0,4.887306,7.004447
39,0.4,3.030344,8.052983
39,0.8,0.247799,7.363208
39,1.2,0.253784,6.717653
39,1.6,0.282115,6.092161
39,2.0,0.316843,5.486549
39,2.4,0.360188,4.905719
39,2.8,0.415407,4.356418
39,3.2,0.487344,3.848131
39,3.6,0.583156,3.394404
39,4.0,0.712739,3.014463
39,4.4,0.886732,2.733894
39,4.8,1.107123,2.58031
39,5.2,1.349745,2.568676
39,5.6,1.558937,2.681866
39,6.0,1.672358,2.865131
39,6.4,1.652222,3.040224
39,6.8,1.502942,3.129969
39,7.2,1.288852,3.092248
39,7.6,1.132373,2.956741
39,8.0,1.111431,2.805727
39,8.4,1.197605,2.705303
39,8.8,1.331601,2.684256
39,9.2,1.459174,2.739589
39,9.6,1.535147,2.841691
39,10.0,1.532975,2.944694
39,10.4,1.454868,3.003045
39,10.8,1.337507,2.991677
39,11.2,1.241992,2.921609
39,11.6,1.214235,2.833027
39,12.0,1.254611,2.767469
39,12.4,1.333402,2.748495
39,12.8,1.41413,2.777902
39,13.2,1.465236,2.838716
39,13.6,1.468207,2.902636
39,14.0,1.423947,2.941287
39,14.4,1.354453,2.938714
39,14.8,1.294522,2.899576
39,15.2,1.271937,2.845808
39,15.6,1.291691,2.802995
39,16.0,1.338806,2.787936
39,16.4,1.390223,2.803682
39,16.8,1.424565,2.840498
39,17.2,1.428979,2.880774
39,17.6,1.403485,2.906533
39,18.0,1.361327,2.907322
39,18.4,1.323242,2.884979
39,18.8,1.306512,2.851968
39,19.2,1.316084,2.824092
39,19.6,1.344329,2.81279
39,20.0,1.37701,2.821048
39,20.4,1.399976,2.84337
39,20.8,1.404378,2.868835
39,21.2,1.389732,2.885996
39,21.6,1.363957,2.887915
39,22.0,1.33965,2.875117
39,22.4,1.327721,2.854793
39,22.8,1.332133,2.83672
39,23.2,1.349019,2.828516
39,23.6,1.369697,2.832672
39,24.0,1.384962,2.846156
39,24.4,1.388779,2.862241
39,24.8,1.380457,2.873636
39,25.2,1.364679,2.875718
39,25.6,1.349156,2.868426
39,26.0,1.340833,2.855922
39,26.4,1.342651,2.844257
39,26.8,1.352695,2.838438
39,27.2,1.365715,2.840389
39,27.6,1.375797,2.848488
39,28.0,1.378866,2.85862
39,28.4,1.374215,2.866154
39,28.8,1.364572,2.868006
39,29.2,1.354674,2.863895
39,29.6,1.348951,2.856221
39,30.0,1.349511,2.848724
39,30.4,1.355446,2.844668
39,30.8,1.363606,2.845472
39,31.2,1.370225,2.850304
39,31.6,1.372577,2.856665
39,32.0,1.370033,2.861621
39,32.4,1.364159,2.863124
39,32.8,1.357862,2.860841
39,33.2,1.353971,2.856148
39,33.6,1.353963,2.85135
39,34.0,1.357443,2.84856
39,34.4,1.362534,2.848797
39,34.8,1.366855,2.851658
39,35.2,1.368598,2.855637
39,35.6,1.367246,2.858882
39,36.0,1.363683,2.860037
39,36.4,1.359688,2.858795
39,36.8,1.357068,2.855936
39,37.2,1.356839,2.852877
39,37.6,1.358861,2.85098
39,38.0,1.362023,2.850959
39,38.4,1.36483,2.852639
39,38.8,1.366089,2.855118
39,39.2,1.365399,2.857233
39,39.6,1.363248,2.858089
39,40.0,1.360723,2.857432
40,0.0,1.527289,8.065952
40,0.4,0.256826,6.974894
40,0.8,0.294403,6.155796
40,1.2,0.343606,5.370531
40,1.6,0.41017,4.630859
40,2.0,0.503842,3.955073
40,2.4,0.641373,3.3727
40,2.8,0.849136,2.931345
40,3.2,1.151655,2.697668
40,3.6,1.519649,2.724625
40,4.0,1.831765,2.983544
40,4.4,1.948376,3.341815
40,4.8,1.792518,3.606692
40,5.2,1.389334,3.593963
40,5.6,1.016712,3.290309
40,6.0,1.001523,2.95347
40,6.4,1.217939,2.768271
40,6.8,1.518173,2.797583
40,7.2,1.772181,3.016434
40,7.6,1.858898,3.311057
40,8.0,1.715581,3.518138
40,8.4,1.379402,3.491613
40,8.8,1.083384,3.234294
40,9.2,1.07078,2.949307
40,9.6,1.265029,2.799028
40,10.0,1.533844,2.841567
40,10.4,1.752375,3.04821
40,10.8,1.812285,3.310489
40,11.2,1.663387,3.47943
40,11.6,1.356016,3.432591
40,12.0,1.109378,3.191599
40,12.4,1.114888,2.93886
40,12.8,1.303498,2.816897
40,13.2,1.553355,2.874882
40,13.6,1.745031,3.077956
40,14.0,1.78039,3.318573
40,14.4,1.620836,3.456872
40,14.8,1.330446,3.389137
40,15.2,1.122365,3.155249
40,15.6,1.148538,2.926667
40,16.0,1.337583,2.829634
40,16.4,1.573817,2.903504
40,16.8,1.742556,3.106358
40,17.2,1.754651,3.329767
40,17.6,1.582716,3.440805
40,18.0,1.305024,3.352643
40,18.4,1.130494,3.122553
40,18.8,1.177345,2.914414
40,19.2,1.369225,2.84044
40,19.6,1.59419,2.930025
40,20.0,1.741835,3.133845
40,20.4,1.731422,3.341851
40,20.8,1.54677,3.427227
40,21.2,1.28066,3.319513
40,21.6,1.137127,3.092327
40,22.0,1.20392,2.902932
40,22.4,1.399387,2.85091
40,22.8,1.613943,2.955728
40,23.2,1.741283,3.160604
40,23.6,1.708862,3.35367
40,24.0,1.511946,3.414133
40,24.4,1.25791,3.288032
40,24.8,1.143918,3.064035
40,25.2,1.229607,2.89272
40,25.6,1.428543,2.861933
40,26.0,1.632723,2.981286
40,26.4,1.739973,3.186661
40,26.8,1.68595,3.364501
40,27.2,1.477782,3.400406
40,27.6,1.237204,3.257347
40,28.0,1.151756,3.037462
40,28.4,1.255135,2.884121
40,28.8,1.456905,2.87403
40,29.2,1.650245,3.00704
40,29.6,1.737306,3.211938
40,30.0,1.6621,3.37383
40,30.4,1.444152,3.385393
40,30.8,1.218903,3.227061
40,31.2,1.16114,3.01256
40,31.6,1.280887,2.877384
40,32.0,1.484526,2.887513
40,32.4,1.666263,3.033138
40,32.8,1.732875,3.236292
40,33.2,1.636987,3.381259
40,33.6,1.411141,3.368721
40,34.0,1.203306,3.197037
40,34.4,1.172338,2.989374
40,34.8,1.307047,2.872702
40,35.2,1.511363,2.902555
40,35.6,1.680549,3.059598
40,36.0,1.726388,3.259531
40,36.4,1.610463,3.386471
40,36.8,1.378973,3.350205
40,37.2,1.19065,3.167293
40,37.6,1.185472,2.968002
40,38.0,1.333668,2.870221
40,38.4,1.537308,2.919237
40,38.8,1.692898,3.086353
40,39.2,1.717643,3.281438
40,39.6,1.582506,3.389208
40,40.0,1.347961,3.329797
41,0.0,3.324466,5.198654
41,0.4,2.217854,5.771507
41,0.8,0.63201,5.168631
41,1.2,0.432648,4.435037
41,1.6,0.518294,3.82505
41,2.0,0.640203,3.302136
41,2.4,0.807049,2.897754
41,2.8,1.022566,2.647209
41,3.2,1.264963,2.570495
41,3.6,1.482098,2.649032
41,4.0,1.618007,2.822617
41,4.4,1.642887,3.009946
41,4.8,1.563313,3.135666
41,5.2,1.421972,3.156016
41,5.6,1.288862,3.078678
41,6.0,1.225306,2.95707
41,6.4,1.242958,2.852005
41,6.8,1.312615,2.800281
41,7.2,1.395015,2.809231
41,7.6,1.457302,2.862754
41,8.0,1.480415,2.93159
41,8.4,1.462355,2.985688
41,8.8,1.416988,3.005599
41,9.2,1.36764,2.989195
41,9.6,1.335984,2.950241
41,10.0,1.331786,2.909306
41,10.4,1.350802,2.88325
41,10.8,1.38039,2.87927
41,11.2,1.406773,2.894443
41,11.6,1.420324,2.91901
41,12.0,1.418152,2.94138
41,12.4,1.40401,2.952945
41,12.8,1.385832,2.951047
41,13.2,1.371827,2.939052
41,13.6,1.366918,2.923821
41,14.0,1.371266,2.91214
41,14.4,1.381231,2.907977
41,14.8,1.391703,2.911495
41,15.2,1.398419,2.919776
41,15.6,1.399435,2.928577
41,16.0,1.395439,2.934259
41,16.4,1.388997,2.935131
41,16.8,1.383187,2.931775
41,17.2,1.38024,2.926374
41,17.6,1.380782,2.921507
41,18.0,1.383901,2.919025
41,18.4,1.387834,2.919453
41,18.8,1.390845,2.922047
41,19.2,1.391908,2.925343
41,19.6,1.390976,2.927878
41,20.0,1.38881,2.92878
41,20.4,1.386524,2.928005
41,20.8,1.385063,2.926192
41,21.2,1.384854,2.924276
41,21.6,1.385734,2.923047
41,22.0,1.387136,2.922864
41,22.4,1.388394,2.923596
41,22.8,1.38903,2.924769
41,23.2,1.388911,2.925825
41,23.6,1.388232,2.926363
41,24.0,1.387376,2.926266
41,24.4,1.386721,2.925699
41,24.8,1.386493,2.924982
41,25.2,1.386699,2.924432
41,25.6,1.387171,2.924238
41,26.0,1.387667,2.924408
41,26.4,1.387983,2.924803
41,26.8,1.388028,2.925219
41,27.2,1.387836,2.925485
41,27.6,1.38753,2.925524
41,28.0,1.387257,2.925364
41,28.4,1.387119,2.925108
41,28.8,1.387146,2.924879
41,29.2,1.387295,2.924763
41,29.6,1.387481,2.924784
41,30.0,1.387623,2.924908
41,30.4,1.387672,2.925064
41,30.8,1.387627,2.925183
41,31.2,1.387524,2.925225
41,31.6,1.387416,2.925188
41,32.0,1.387347,2.925102
41,32.4,1.387338,2.925011
41,32.8,1.38738,2.924954
41,33.2,1.387447,2.924945
41,33.6,1.387506,2.92498
41,34.0,1.387536,2.925036
41,34.4,1.38753,2.925086
41,34.8,1.387497,2.925111
41,35.2,1.387457,2.925106
41,35.6,1.387426,2.925079
41,36.0,1.387415,2.925045
41,36.4,1.387425,2.925019
41,36.8,1.387448,2.92501
41,37.2,1.387471,2.925018
41,37.6,1.387486,2.925037
41,38.0,1.387488,2.925057
41,38.4,1.387479,2.925069
41,38.8,1.387464,2.925071
41,39.2,1.387451,2.925063
41,39.6,1.387445,2.925051
41,40.0,1.387446,2.925041
42,0.0,1.524231,4.742523
42,0.4,1.523672,4.360651
42,0.8,1.729443,4.173231
42,1.2,2.03877,4.26541
42,1.6,2.315096,4.598665
42,2.0,2.453706,5.044514
42,2.4,2.406057,5.437512
42,2.8,2.17066,5.615356
42,3.2,1.794111,5.457457
42,3.6,1.422111,4.968817
42,4.0,1.300098,4.380222
42,4.4,1.501492,3.991349
42,4.8,1.9002,3.967472
42,5.2,2.311091,4.306419
42,5.6,2.574939,4.866616
42,6.0,2.612227,5.444343
42,6.4,2.405675,5.828247
42,6.8,1.976993,5.828755
42,7.2,1.431496,5.343773
42,7.6,1.113995,4.575271
42,8.0,1.248307,3.958655
42,8.4,1.677123,3.741328
42,8.8,2.196544,3.987323
42,9.2,2.595314,4.575017
42,9.6,2.751,5.281392
42,10.0,2.628309,5.863267
42,10.4,2.233748,6.088672
42,10.8,1.615121,5.765539
42,11.2,1.063275,4.941261
42,11.6,1.047676,4.133308
42,12.0,1.420166,3.688445
42,12.4,1.975336,3.742489
42,12.8,2.485319,4.241975
42,13.2,2.773596,4.977467
42,13.6,2.773796,5.69322
42,14.0,2.480473,6.137424
42,14.4,1.913299,6.077396
42,14.8,1.211662,5.389511
42,15.2,0.942251,4.462319
42,15.6,1.191199,3.80871
42,16.0,1.704592,3.622569
42,16.4,2.278832,3.945247
42,16.8,2.692255,4.618956
42,17.2,2.830618,5.393398
42,17.6,2.668421,6.007687
42,18.0,2.214616,6.213895
42,18.4,1.518709,5.803574
42,18.8,0.963244,4.882701
42,19.2,1.021597,4.060171
42,19.6,1.437668,3.634807
42,20.0,2.018569,3.728895
42,20.4,2.532665,4.270309
42,20.8,2.808571,5.035401
42,21.2,2.787187,5.761364
42,21.6,2.466359,6.191918
42,22.0,1.866347,6.089867
42,22.4,1.150119,5.344645
42,22.8,0.92847,4.40827
42,23.2,1.207893,3.772547
42,23.6,1.737898,3.61682
42,24.0,2.313371,3.970018
42,24.4,2.715418,4.663139
42,24.8,2.836686,5.441664
42,25.2,2.655421,6.043572
42,25.6,2.181652,6.22035
42,26.0,1.471011,5.767275
42,26.4,0.944312,4.828705
42,26.8,1.034547,4.021442
42,27.2,1.466877,3.622704
42,27.6,2.052077,3.746591
42,28.0,2.557185,4.308853
42,28.4,2.81746,5.08055
42,28.8,2.778771,5.798096
42,29.2,2.440724,6.205581
42,29.6,1.825327,6.067231
42,30.0,1.116777,5.290841
42,30.4,0.933218,4.362342
42,30.8,1.231797,3.74914
42,31.2,1.771114,3.623134
42,31.6,2.342271,4.001449
42,32.0,2.730568,4.706784
42,32.4,2.83505,5.482724
42,32.8,2.636924,6.067637
42,33.2,2.147214,6.213887
42,33.6,1.429025,5.723147
42,34.0,0.934498,4.776068
42,34.4,1.051344,3.986697
42,34.8,1.497335,3.615401
42,35.2,2.084454,3.76792
42,35.6,2.579139,4.348657
42,36.0,2.823451,5.124412
42,36.4,2.767842,5.8314
42,36.8,2.413463,6.214469
42,37.2,1.784434,6.039954
42,37.6,1.087591,5.236145
42,38.0,0.940563,4.317986
42,38.4,1.256904,3.728116
42,38.8,1.804386,3.631816
42,39.2,2.37018,4.034292
42,39.6,2.744294,4.750559
42,40.0,2.831982,5.522679
43,0.0,2.954336,7.977185
43,0.4,1.431682,7.65321
43,0.8,0.437578,6.478374
43,1.2,0.534514,5.539532
43,1.6,0.696201,4.704333
43,2.0,0.976385,4.045953
43,2.4,1.473184,3.703937
43,2.8,2.185936,3.828624
43,3.2,2.880849,4.413307
43,3.6,3.327714,5.288674
43,4.0,3.429158,6.226205
43,4.4,3.150086,6.980869
43,4.8,2.4177,7.266731
43,5.2,0.995146,6.642351
43,5.6,0.533081,5.602363
43,6.0,0.682519,4.757235
43,6.4,0.951434,4.083075
43,6.8,1.430731,3.71374
43,7.2,2.134181,3.804158
43,7.6,2.839194,4.361427
43,8.0,3.307473,5.223834
43,8.4,3.433967,6.164736
43,8.8,3.182276,6.940242
43,9.2,2.486433,7.269762
43,9.6,1.107603,6.7217
43,10.0,0.527262,5.664915
43,10.4,0.669125,4.81084
43,10.8,0.927458,4.121544
43,11.2,1.389485,3.725726
43,11.6,2.082474,3.781941
43,12.0,2.796425,4.311027
43,12.4,3.285652,5.159425
43,12.8,3.437038,6.102579
43,13.2,3.212448,6.89765
43,13.6,2.55194,7.268835
43,14.0,1.223514,6.797206
43,14.4,0.522618,5.728092
43,14.8,0.656227,4.86519
43,15.2,0.904451,4.161369
43,15.6,1.349462,3.739907
43,16.0,2.030867,3.762029
43,16.4,2.752532,4.262154
43,16.8,3.26221,5.095468
43,17.2,3.438343,6.039734
43,17.6,3.240628,6.853108
43,18.0,2.614404,7.264075
43,18.4,1.339879,6.86775
43,18.8,0.519528,5.791964
43,19.2,0.643807,4.920256
43,19.6,0.882375,4.202498
43,20.0,1.310684,3.756239
43,20.4,1.979461,3.744448
43,20.8,2.707575,4.214876
43,21.2,3.237166,5.032037
43,21.6,3.437891,5.976279
43,22.0,3.266844,6.80671
43,22.4,2.673957,7.255658
43,22.8,1.45448,6.93262
43,23.2,0.518535,5.856631
43,23.6,0.631845,4.976012
43,24.0,0.86119,4.244877
43,24.4,1.273165,3.77467
43,24.8,1.92836,3.729222
43,25.2,2.661616,4.169259
43,25.6,3.210538,4.96921
43,26.0,3.435689,5.912295
43,26.4,3.291123,6.758553
43,26.8,2.730721,7.243747
43,27.2,1.5659,6.991452
43,27.6,0.520406,5.922243
43,28.0,0.620328,5.032433
43,28.4,0.840858,4.288454
43,28.8,1.236912,3.795148
43,29.2,1.877665,3.716369
43,29.6,2.614723,4.12537
43,30.0,3.182347,4.907064
43,30.4,3.431744,5.847861
43,30.8,3.313487,6.708727
43,31.2,2.784803,7.228501
43,31.6,1.673328,7.044132
43,32.0,0.526215,5.989014
43,32.4,0.609243,5.089496
43,32.8,0.82134,4.33318
43,33.2,1.201925,3.817615
43,33.6,1.827477,3.705904
43,34.0,2.566966,4.083271
43,34.4,3.152618,4.845673
43,34.8,3.426064,5.783056
43,35.2,3.333957,6.657325
43,35.6,2.836301,7.210068
43,36.0,1.776367,7.090712
43,36.4,0.537423,6.05723
43,36.8,0.598583,5.14718
43,37.2,0.802601,4.379008
43,37.6,1.168196,3.842015
43,38.0,1.77789,3.697834
43,38.4,2.51842,4.043023
43,38.8,3.121376,4.785114
43,39.2,3.418656,5.717958
43,39.6,3.352551,6.604435
43,40.0,2.885304,7.188589
44,0.0,1.099438,7.331188
44,0.4,0.672127,6.039741
44,0.8,0.951361,5.035131
44,1.2,1.591079,4.470741
44,1.6,2.645059,4.655575
44,2.0,3.693877,5.589227
44,2.4,4.388095,6.999087
44,2.8,4.633633,8.564222
44,3.2,4.426423,9.972222
44,3.6,3.732231,10.892597
44,4.0,2.258765,10.81177
44,4.4,0.36813,9.15699
44,4.8,0.44189,7.808091
44,5.2,0.566572,6.546344
44,5.6,0.788558,5.435548
44,6.0,1.250867,4.637871
44,6.4,2.152747,4.469026
44,6.8,3.266761,5.100669
44,7.2,4.139788,6.342966
44,7.6,4.584416,7.880793
44,8.0,4.575186,9.397264
44,8.4,4.105017,10.577529
44,8.8,3.051838,11.030465
44,9.2,0.660778,9.863635
44,9.6,0.402885,8.393367
44,10.0,0.503912,7.088759
44,10.4,0.672762,5.899376
44,10.8,1.002359,4.933215
44,11.2,1.700824,4.445317
44,11.6,2.783761,4.730226
44,12.0,3.802773,5.740017
44,12.4,4.4446,7.18746
44,12.8,4.634841,8.751589
44,13.2,4.371723,10.12038
44,13.6,3.608555,10.955154
44,14.0,1.970136,10.683266
44,14.4,0.372048,8.992388
44,14.8,0.453752,7.652841
44,15.2,0.58624,6.40452
44,15.6,0.826612,5.319496
44,16.0,1.333332,4.578044
44,16.4,2.284298,4.503308
44,16.8,3.389333,5.222186
44,17.2,4.216327,6.516568
44,17.6,4.606982,8.068186
44,18.0,4.544057,9.561519
44,18.4,4.01551,10.67908
44,18.8,2.866544,11.006187
44,19.2,0.463082,9.637818
44,19.6,0.412696,8.234079
44,20.0,0.519405,6.940084
44,20.4,0.7006,5.76962
44,20.8,1.0612,4.843265
44,21.2,1.815683,4.43573
44,21.6,2.917401,4.816916
44,22.0,3.901703,5.89544
44,22.4,4.491044,7.373397
44,22.8,4.627366,8.930574
44,23.2,4.309435,10.255041
44,23.6,3.475491,10.998045
44,24.0,1.645581,10.512818
44,24.4,0.379079,8.829416
44,24.8,0.46627,7.498833
44,25.2,0.60732,6.26489
44,25.6,0.868244,5.208039
44,26.0,1.422903,4.52791
44,26.4,2.418097,4.549272
44,26.8,3.507574,5.351905
44,27.2,4.286557,6.693787
44,27.6,4.623138,8.25475
44,28.0,4.506471,9.720543
44,28.4,3.917881,10.769942
44,28.8,2.661443,10.958551
44,29.2,0.389029,9.44791
44,29.6,0.423015,8.075804
44,30.0,0.535882,6.793083
44,30.4,0.730784,5.643113
44,30.8,1.125834,4.76053
44,31.2,1.936218,4.437889
44,31.6,3.048964,4.913653
44,32.0,3.994803,6.05651
44,32.4,4.531036,7.560434
44,32.8,4.613531,9.106298
44,33.2,4.240144,10.381701
44,33.6,3.330657,11.025176
44,34.0,1.277157,10.297556
44,34.4,0.387323,8.66753
44,34.8,0.4795,7.346142
44,35.2,0.629967,6.127633
44,35.6,0.913879,5.101645
44,36.0,1.519633,4.488072
44,36.4,2.553134,4.60668
44,36.8,3.621053,5.489292
44,37.2,4.350416,6.874083
44,37.6,4.632902,8.439968
44,38.0,4.462363,9.87378
44,38.4,3.811641,10.849249
44,38.8,2.432475,10.884255
44,39.2,0.369513,9.275062
44,39.6,0.433869,7.918594
44,40.0,0.553442,6.647877
45,0.0,2.676457,9.797391
45,0.4,0.2689,8.739089
45,0.8,0.298091,7.881848
45,1.2,0.338676,7.048235
45,1.6,0.391356,6.244338
45,2.0,0.462281,5.480367
45,2.4,0.562403,4.772596
45,2.8,0.712509,4.148777
45,3.2,0.952399,3.658774
45,3.6,1.340755,3.386758
45,4.0,1.884953,3.426871
45,4.4,2.447253,3.795816
45,4.8,2.84418,4.397718
45,5.2,2.966707,5.072695
45,5.6,2.76388,5.634538
45,6.0,2.173964,5.865802
45,6.4,1.086605,5.480046
45,6.8,0.597747,4.728626
45,7.2,0.727755,4.110097
45,7.6,0.974351,3.632214
45,8.0,1.374214,3.379135
45,8.4,1.925326,3.442709
45,8.8,2.481314,3.83165
45,9.2,2.861728,4.443862
45,9.6,2.963144,5.116961
45,10.0,2.736318,5.663321
45,10.4,2.115566,5.861939
45,10.8,1.006146,5.426858
45,11.2,0.601232,4.681872
45,11.6,0.741142,4.071521
45,12.0,0.996637,3.606104
45,12.4,1.408597,3.372531
45,12.8,1.966235,3.459911
45,13.2,2.515184,3.868735
45,13.6,2.878564,4.490841
45,14.0,2.958454,5.161424
45,14.4,2.707022,5.691335
45,14.8,2.054102,5.855613
45,15.2,0.929681,5.37202
45,15.6,0.60604,4.635679
45,16.0,0.75502,4.033623
45,16.4,1.019702,3.581111
45,16.8,1.443766,3.367524
45,17.2,2.007108,3.478721
45,17.6,2.548116,3.906876
45,18.0,2.894006,4.538066
45,18.4,2.952165,5.205219
45,18.8,2.675827,5.717617
45,19.2,1.989878,5.846019
45,19.6,0.860036,5.31622
45,20.0,0.612023,4.590033
45,20.4,0.769412,3.99643
45,20.8,1.043567,3.557274
45,21.2,1.479688,3.364139
45,21.6,2.047869,3.499115
45,22.0,2.580061,3.946022
45,22.4,2.908031,4.585473
45,22.8,2.944261,5.248275
45,23.2,2.642697,5.742076
45,23.6,1.922832,5.833026
45,24.0,0.798628,5.260157
45,24.4,0.618982,4.544922
45,24.8,0.784331,3.959968
45,25.2,1.06825,3.53463
45,25.6,1.516326,3.362393
45,26.0,2.088447,3.521068
45,26.4,2.610976,3.98612
45,26.8,2.920624,4.633001
45,27.2,2.93473,5.290524
45,27.6,2.607593,5.764625
45,28.0,1.852914,5.816506
45,28.4,0.746321,5.204423
45,28.8,0.626771,4.500338
45,29.2,0.799794,3.924261
45,29.6,1.093767,3.513216
45,30.0,1.553639,3.362304
45,30.4,2.12877,3.544551
45,30.8,2.640818,4.027118
45,31.2,2.931766,4.680587
45,31.6,2.923555,5.331898
45,32.0,2.570473,5.785172
45,32.4,1.780102,5.79634
45,32.8,0.70332,5.149441
45,33.2,0.635278,4.45628
45,33.6,0.815818,3.889337
45,34.0,1.120132,3.49307
45,34.4,1.59158,3.363882
45,34.8,2.168767,3.569532
45,35.2,2.66955,4.06896
45,35.6,2.941442,4.72817
45,36.0,2.910724,5.372326
45,36.4,2.531289,5.803622
45,36.8,1.704413,5.772417
45,37.2,0.669222,5.095461
45,37.6,0.644424,4.412754
45,38.0,0.832422,3.855223
45,38.4,1.147357,3.474229
45,38.8,1.630099,3.367139
45,39.2,2.208371,3.595978
45,39.6,2.697134,4.111592
45,40.0,2.949638,4.775686
46,0.0,2.869526,8.708581
46,0.4,2.20363,8.541999
46,0.8,0.89126,7.584117
46,1.2,0.636882,6.391838
46,1.6,0.892331,5.417119
46,2.0,1.472481,4.780122
46,2.4,2.596071,4.823358
46,2.8,3.884873,5.672087
46,3.2,4.850663,7.109996
46,3.6,5.340341,8.837097
46,4.0,5.349599,10.562567
46,4.4,4.881465,12.002525
46,4.8,3.825773,12.814448
46,5.2,1.232159,12.169537
46,5.6,0.316527,10.626899
46,6.0,0.368671,9.345057
46,6.4,0.44166,8.106673
46,6.8,0.551899,6.933624
46,7.2,0.739876,5.871029
46,7.6,1.12539,5.032202
46,8.0,1.981055,4.69764
46,8.4,3.267769,5.161445
46,8.8,4.430224,6.345221
46,9.2,5.160122,7.967287
46,9.6,5.404256,9.729029
46,10.0,5.17457,11.346555
46,10.4,4.43863,12.521215
46,10.8,2.889708,12.790781
46,11.2,0.298429,11.272757
46,11.6,0.34092,9.97367
46,12.0,0.402271,8.711851
46,12.4,0.491149,7.502846
46,12.8,0.632829,6.377503
46,13.2,0.89639,5.406035
46,13.6,1.482995,4.775227
46,14.0,2.612659,4.828794
46,14.4,3.899866,5.686812
46,14.8,4.860168,7.130424
46,15.2,5.34372,8.859466
46,15.6,5.347015,10.583304
46,16.0,4.87257,12.017902
46,16.4,3.807306,12.818979
46,16.8,1.172764,12.141683
46,17.2,0.317071,10.611115
46,17.6,0.369411,9.329714
46,18.0,0.442729,8.091965
46,18.4,0.55359,6.919917
46,18.8,0.742984,5.859138
46,19.2,1.13233,5.024329
46,19.6,1.995054,4.698228
46,20.0,3.283672,5.172002
46,20.4,4.441955,6.36292
46,20.8,5.165993,7.988447
46,21.2,5.40429,9.750119
46,21.6,5.168845,11.364152
46,22.0,4.425948,12.531254
46,22.4,2.861047,12.784491
46,22.8,0.298512,11.256696
46,23.2,0.341552,9.958092
46,23.6,0.403154,8.696799
46,24.0,0.492478,7.488582
46,24.4,0.635078,6.36456
46,24.8,0.900962,5.395746
46,25.2,1.49346,4.771072
46,25.6,2.628678,4.834619
46,26.0,3.914081,5.701436
46,26.4,4.868982,7.150331
46,26.8,5.346604,8.881018
46,27.2,5.344163,10.603065
46,27.6,4.863648,12.03229
46,28.0,3.789095,12.822674
46,28.4,1.11491,12.113662
46,28.8,0.317617,10.595335
46,29.2,0.370154,9.314378
46,29.6,0.443803,8.077267
46,30.0,0.555293,6.906225
46,30.4,0.74612,5.847278
46,30.8,1.139344,5.01653
46,31.2,2.009125,4.698941
46,31.6,3.299549,5.182667
46,32.0,4.453618,6.380684
46,32.4,5.171792,8.009626
46,32.8,5.404254,9.771188
46,33.2,5.163046,11.381684
46,33.6,4.413159,12.541167
46,34.0,2.831984,12.777866
46,34.4,0.298658,11.240654
46,34.8,0.342187,9.942518
46,35.2,0.404041,8.681754
46,35.6,0.493815,7.474329
46,36.0,0.637343,6.351639
46,36.4,0.905579,5.385504
46,36.8,1.504018,4.767022
46,37.2,2.644717,4.840567
46,37.6,3.928243,5.716147
46,38.0,4.877724,7.170279
46,38.4,5.349418,8.902568
46,38.8,5.341241,10.622784
46,39.2,4.854643,12.046586
46,39.6,3.770711,12.826182
46,40.0,1.056976,12.085194
47,0.0,4.187268,5.395844
47,0.4,4.169296,7.307835
47,0.8,3.554583,8.655026
47,1.2,2.218785,8.826282
47,1.6,0.431934,7.207325
47,2.0,0.506407,5.85665
47,2.4,0.708832,4.696753
47,2.8,1.095862,3.873968
47,3.2,1.762987,3.646777
47,3.6,2.526042,4.116502
47,4.0,3.061015,5.062781
47,4.4,3.214154,6.13163
47,4.8,2.949782,6.952141
47,5.2,2.236227,7.133194
47,5.6,1.05452,6.245313
47,6.0,0.687097,4.949898
47,6.4,0.989871,4.028249
47,6.8,1.589098,3.643187
47,7.2,2.357544,3.959229
47,7.6,2.963676,4.820514
47,8.0,3.210196,5.889314
47,8.4,3.044759,6.79684
47,8.8,2.443512,7.162369
47,9.2,1.344496,6.546883
47,9.6,0.668727,5.21165
47,10.0,0.896123,4.201216
47,10.4,1.427441,3.67082
47,10.8,2.185188,3.82916
47,11.2,2.853067,4.592774
47,11.6,3.189382,5.646429
47,12.0,3.11938,6.623178
47,12.4,2.621778,7.147993
47,12.8,1.63538,6.794938
47,13.2,0.68916,5.492563
47,13.6,0.81704,4.398244
47,14.0,1.279321,3.735603
47,14.4,2.007642,3.731342
47,14.8,2.724704,4.380306
47,15.2,3.147449,5.399785
47,15.6,3.172085,6.426556
47,16.0,2.774783,7.088777
47,16.4,1.907189,6.977675
47,16.8,0.779594,5.796694
47,17.2,0.75225,4.616482
47,17.6,1.146838,3.835894
47,18.0,1.829253,3.668672
47,18.4,2.580189,4.187305
47,18.8,3.084547,5.153518
47,19.2,3.202993,6.211126
47,19.6,2.903775,6.989927
47,20.0,2.151471,7.095677
47,20.4,0.96644,6.119729
47,20.8,0.702697,4.853484
47,21.2,1.030769,3.96886
47,21.6,1.654775,3.643139
47,22.0,2.421911,4.017916
47,22.4,3.001185,4.912001
47,22.8,3.212233,5.981275
47,23.2,3.009639,6.856553
47,23.6,2.367214,7.154103
47,24.0,1.231842,6.434718
47,24.4,0.672857,5.108003
47,24.8,0.930802,4.131095
47,25.2,1.48877,3.655696
47,25.6,2.252922,3.876057
47,26.0,2.898148,4.679621
47,26.4,3.19993,5.741369
47,26.8,3.092985,6.693496
47,27.2,2.555631,7.159122
47,27.6,1.523801,6.706071
47,28.0,0.674861,5.380909
47,28.4,0.846048,4.319046
47,28.8,1.335077,3.7061
47,29.2,2.076952,3.765298
47,29.6,2.776584,4.460743
47,30.0,3.166244,5.495768
47,30.4,3.154213,6.505393
47,30.8,2.718271,7.116771
47,31.2,1.804681,6.914588
47,31.6,0.733909,5.6757
47,32.0,0.775704,4.529381
47,32.4,1.196356,3.792889
47,32.8,1.898333,3.688689
47,33.2,2.638095,4.259681
47,33.6,3.11144,5.248838
47,34.0,3.193569,6.296746
47,34.4,2.856467,7.032692
47,34.8,2.060016,7.057251
47,35.2,0.882277,5.993214
47,35.6,0.71996,4.759325
47,36.0,1.073898,3.913548
47,36.4,1.721772,3.648559
47,36.8,2.484837,4.080642
47,37.2,3.035947,5.004956
47,37.6,3.21121,6.071976
47,38.0,2.971227,6.912138
47,38.4,2.286756,7.138097
47,38.8,1.122673,6.315814
47,39.2,0.681567,5.007079
47,39.6,0.967765,4.064839
47,40.0,1.551969,3.646283
48,0.0,2.496736,6.555293
48,0.4,1.280793,6.240015
48,0.8,0.520316,5.368832
48,1.2,0.612879,4.654321
48,1.6,0.790048,4.046627
48,2.0,1.075329,3.604583
48,2.4,1.513226,3.419547
48,2.8,2.057236,3.558979
48,3.2,2.549133,3.991803
48,3.6,2.847962,4.59922
48,4.0,2.886525,5.225324
48,4.4,2.637245,5.701371
48,4.8,2.063077,5.839233
48,5.2,1.13403,5.424499
48,5.6,0.666136,4.682866
48,6.0,0.790123,4.068419
48,6.4,1.064866,3.619765
48,6.8,1.494894,3.423796
48,7.2,2.035658,3.550273
48,7.6,2.531271,3.972486
48,8.0,2.838443,4.574397
48,8.4,2.887477,5.201211
48,8.8,2.650084,5.6849
48,9.2,2.090549,5.838862
48,9.6,1.172453,5.447939
48,10.0,0.667994,4.706498
48,10.4,0.78328,4.087229
48,10.8,1.053009,3.631623
48,11.2,1.477617,3.425431
48,11.6,2.016765,3.540594
48,12.0,2.516695,3.954171
48,12.4,2.831875,4.552322
48,12.8,2.890364,5.180979
48,13.2,2.663253,5.672498
48,13.6,2.115876,5.841316
48,14.0,1.206611,5.471444
48,14.4,0.669359,4.730207
48,14.8,0.776429,4.106157
48,15.2,1.041305,3.643698
48,15.6,1.460508,3.427389
48,16.0,1.997881,3.531246
48,16.4,2.501968,3.936092
48,16.8,2.825071,4.530342
48,17.2,2.892964,5.160674
48,17.6,2.676066,5.659816
48,18.0,2.140704,5.8432
48,18.4,1.241,5.494384
48,18.8,0.671377,4.754094
48,19.2,0.769728,4.125268
48,19.6,1.029789,3.656062
48,20.0,1.443554,3.429735
48,20.4,1.978956,3.522262
48,20.8,2.48702,3.918241
48,21.2,2.817963,4.508407
48,21.6,2.89523,5.140216
48,22.0,2.688509,5.646768
48,22.4,2.16507,5.844452
48,22.8,1.27562,5.516709
48,23.2,0.674133,4.778163
48,23.6,0.763182,4.144559
48,24.0,1.01846,3.668712
48,24.4,1.426759,3.432468
48,24.8,1.959998,3.513645
48,25.2,2.471855,3.900622
48,25.6,2.810551,4.486522
48,26.0,2.897162,5.119613
48,26.4,2.700584,5.633361
48,26.8,2.188978,5.845078
48,27.2,1.31038,5.538383
48,27.6,0.67769,4.802419
48,28.0,0.756792,4.164028
48,28.4,1.007316,3.681644
48,28.8,1.410127,3.435585
48,29.2,1.941014,3.505399
48,29.6,2.456478,3.883242
48,30.0,2.802837,4.464693
48,30.4,2.898759,5.09887
48,30.8,2.712293,5.619602
48,31.2,2.212432,5.845089
48,31.6,1.345195,5.559381
48,32.0,0.682112,4.826866
48,32.4,0.750559,4.183672
48,32.8,0.996355,3.694855
48,33.2,1.393662,3.439085
48,33.6,1.922011,3.497527
48,34.0,2.440891,3.866107
48,34.4,2.794822,4.442928
48,34.8,2.900023,5.077994
48,35.2,2.723636,5.605498
48,35.6,2.235435,5.844495
48,36.0,1.37999,5.579676
48,36.4,0.687471,4.851508
48,36.8,0.744487,4.203489
48,37.2,0.985577,3.708339
48,37.6,1.377368,3.442966
48,38.0,1.902997,3.490031
48,38.4,2.425102,3.849221
48,38.8,2.78651,4.421233
48,39.2,2.900955,5.056992
48,39.6,2.734617,5.591058
48,40.0,2.257992,5.843307
49,0.0,1.991358,5.419974
49,0.4,1.888281,5.319089
49,0.8,1.81002,5.176412
49,1.2,1.790909,5.025285
49,1.6,1.853504,4.91113
49,2.0,1.995505,4.87723
49,2.4,2.187178,4.949503
49,2.8,2.380152,5.126609
49,3.2,2.523516,5.379308
49,3.6,2.57715,5.657235
49,4.0,2.515672,5.897346
49,4.4,2.325534,6.030214
49,4.8,2.0027,5.984695
49,5.2,1.570543,5.70158
49,5.6,1.175074,5.199238
49,6.0,1.078411,4.653331
49,6.4,1.287116,4.238747
49,6.8,1.719129,4.067847
49,7.2,2.281726,4.208403
49,7.6,2.815675,4.638124
49,8.0,3.190153,5.262414
49,8.4,3.34553,5.959115
49,8.8,3.265179,6.60117
49,9.2,2.939691,7.058384
49,9.6,2.329462,7.179982
49,10.0,1.320789,6.750881
49,10.4,0.601983,5.877025
49,10.8,0.678016,5.134193
49,11.2,0.880427,4.509946
49,11.6,1.220039,4.070208
49,12.0,1.745907,3.918897
49,12.4,2.38387,4.118952
49,12.8,2.955519,4.626666
49,13.2,3.33188,5.327607
49,13.6,3.465136,6.087466
49,14.0,3.34712,6.771639
49,14.4,2.969846,7.24288
49,14.8,2.282153,7.337065
49,15.2,1.14469,6.808871
49,15.6,0.565496,5.914789
49,16.0,0.667373,5.171225
49,16.4,0.866122,4.539489
49,16.8,1.196931,4.087204
49,17.2,1.71328,3.917911
49,17.6,2.349724,4.099288
49,18.0,2.929163,4.593106
49,18.4,3.317864,5.287148
49,18.8,3.464581,6.047405
49,19.2,3.360115,6.739174
49,19.6,2.997402,7.225706
49,20.0,2.329252,7.345526
49,20.4,1.214597,6.856751
49,20.8,0.56567,5.958014
49,21.2,0.659197,5.208979
49,21.6,0.852609,4.569913
49,22.0,1.174476,4.105412
49,22.4,1.680903,3.918274
49,22.8,2.315108,4.080683
49,23.2,2.901891,4.560079
49,23.6,3.302823,5.24666
49,24.0,3.463059,6.006801
49,24.4,3.372236,6.705709
49,24.8,3.024099,7.207082
49,25.2,2.37522,7.351943
49,25.6,1.285542,6.902774
49,26.0,0.567346,6.001681
49,26.4,0.651255,5.247039
49,26.8,0.839466,4.600839
49,27.2,1.152592,4.124439
49,27.6,1.648938,3.919693
49,28.0,2.280336,4.063026
49,28.4,2.874052,4.527663
49,28.8,3.287066,5.206388
49,29.2,3.460801,5.966018
49,29.6,3.383611,6.671669
49,30.0,3.049941,7.187432
49,30.4,2.419893,7.356647
49,30.8,1.356409,6.946732
49,31.2,0.570778,6.045832
49,31.6,0.643544,5.285396
49,32.0,0.826683,4.632251
49,32.4,1.131274,4.144267
49,32.8,1.617409,3.922162
49,33.2,2.24544,4.046331
49,33.6,2.845659,4.495879
49,34.0,3.270597,5.166352
49,34.4,3.457806,5.925076
49,34.8,3.394241,6.637076
49,35.2,3.074939,7.166783
49,35.6,2.463311,7.359686
49,36.0,1.426708,6.988481
49,36.4,0.576334,6.090531
49,36.8,0.636065,5.324046
49,37.2,0.814247,4.664136
49,37.6,1.110514,4.164876
49,38.0,1.586339,3.925676
49,38.4,2.21045,4.03061
49,38.8,2.81673,4.464748
49,39.2,3.253419,5.126575
49,39.6,3.454075,5.883996
49,40.0,3.404129,6.601953
50,0.0,1.266235,7.566602
50,0.4,0.182349,6.565076
50,0.8,0.206064,5.830791
50,1.2,0.23593,5.12209
50,1.6,0.274323,4.446164
50,2.0,0.324756,3.81315
50,2.4,0.392352,3.237486
50,2.8,0.484027,2.739541
50,3.2,0.606819,2.346187
50,3.6,0.760593,2.085973
50,4.0,0.92372,1.97215
50,4.4,1.049333,1.978761
50,4.8,1.096527,2.039273
50,5.2,1.071913,2.08472
50,5.6,1.027115,2.088643
50,6.0,1.00605,2.068987
50,6.4,1.011809,2.051921
50,6.8,1.026265,2.047978
50,7.2,1.034951,2.053165
50,7.6,1.034739,2.059185
50,8.0,1.030271,2.061335
50,8.4,1.026891,2.060051
50,8.8,1.026451,2.057994
50,9.2,1.02776,2.057015
50,9.6,1.029,2.057255
50,10.0,1.02933,2.057923
50,10.4,1.028979,2.058328
50,10.8,1.028544,2.058317
50,11.2,1.028375,2.05811
50,11.6,1.028456,2.057953
50,12.0,1.028603,2.057932
50,12.4,1.028677,2.057992
50,12.8,1.028664,2.05805
50,13.2,1.028617,2.058065
50,13.6,1.028587,2.058049
50,14.0,1.028586,2.058029
50,14.4,1.0286,2.058021
50,14.8,1.028612,2.058025
50,15.2,1.028614,2.058032
50,15.6,1.02861,2.058035
50,16.0,1.028606,2.058035
50,16.4,1.028604,2.058032
50,16.8,1.028605,2.058031
50,17.2,1.028607,2.058031
50,17.6,1.028608,2.058032
50,18.0,1.028607,2.058032
50,18.4,1.028607,2.058032
50,18.8,1.028607,2.058032
50,19.2,1.028607,2.058032
50,19.6,1.028607,2.058032
50,20.0,1.028607,2.058032
50,20.4,1.028607,2.058032
50,20.8,1.028607,2.058032
50,21.2,1.028607,2.058032
50,21.6,1.028607,2.058032
50,22.0,1.028607,2.058032
50,22.4,1.028607,2.058032
50,22.8,1.028607,2.058032
50,23.2,1.028607,2.058032
50,23.6,1.028607,2.058032
50,24.0,1.028607,2.058032
50,24.4,1.028607,2.058032
50,24.8,1.028607,2.058032
50,25.2,1.028607,2.058032
50,25.6,1.028607,2.058032
50,26.0,1.028607,2.058032
50,26.4,1.028607,2.058032
50,26.8,1.028607,2.058032
50,27.2,1.028607,2.058032
50,27.6,1.028607,2.058032
50,28.0,1.028607,2.058032
50,28.4,1.028607,2.058032
50,28.8,1.028607,2.058032
50,29.2,1.028607,2.058032
50,29.6,1.028607,2.058032
50,30.0,1.028607,2.058032
50,30.4,1.028607,2.058032
50,30.8,1.028607,2.058032
50,31.2,1.028607,2.058032
50,31.6,1.028607,2.058032
50,32.0,1.028607,2.058032
50,32.4,1.028607,2.058032
50,32.8,1.028607,2.058032
50,33.2,1.028607,2.058032
50,33.6,1.028607,2.058032
50,34.0,1.028607,2.058032
50,34.4,1.028607,2.058032
50,34.8,1.028607,2.058032
50,35.2,1.028607,2.058032
50,35.6,1.028607,2.058032
50,36.0,1.028607,2.058032
50,36.4,1.028607,2.058032
50,36.8,1.028607,2.058032
50,37.2,1.028607,2.058032
50,37.6,1.028607,2.058032
50,38.0,1.028607,2.058032
50,38.4,1.028607,2.058032
50,38.8,1.028607,2.058032
50,39.2,1.028607,2.058032
50,39.6,1.028607,2.058032
50,40.0,1.028607,2.058032
51,0.0,1.575488,9.525823
51,0.4,0.393248,7.469874
51,0.8,0.523579,5.940501
51,1.2,0.769166,4.649545
51,1.6,1.260743,3.837356
51,2.0,2.045743,3.815177
51,2.4,2.806131,4.560712
51,2.8,3.235496,5.715513
51,3.2,3.238471,6.848146
51,3.6,2.803598,7.532233
51,4.0,1.897654,7.314042
51,4.4,0.793731,5.926838
51,4.8,0.810788,4.611015
51,5.2,1.299157,3.833296
51,5.6,2.083248,3.848716
51,6.0,2.827438,4.614664
51,6.4,3.23607,5.768698
51,6.8,3.219757,6.881789
51,7.2,2.767405,7.529631
51,7.6,1.84483,7.258988
51,8.0,0.777446,5.848631
51,8.4,0.828508,4.557083
51,8.8,1.334063,3.814126
51,9.2,2.125628,3.872759
51,9.6,2.85745,4.668166
51,10.0,3.245214,5.829982
51,10.4,3.206814,6.929119
51,10.8,2.731945,7.541305
51,11.2,1.78436,7.210581
51,11.6,0.756359,5.770302
51,12.0,0.845891,4.503565
51,12.4,1.369616,3.796202
51,12.8,2.168112,3.898179
51,13.2,2.887057,4.722582
51,13.6,3.253767,5.891585
51,14.0,3.193111,6.976027
51,14.4,2.695344,7.551455
51,14.8,1.722369,7.159053
51,15.2,0.739145,5.69332
51,15.6,0.864128,4.451381
51,16.0,1.405997,3.780471
51,16.4,2.21036,3.925533
51,16.8,2.91572,4.777911
51,17.2,3.261212,5.952991
51,17.6,3.178284,7.021649
51,18.0,2.657499,7.559123
51,18.4,1.659339,7.103889
51,18.8,0.725922,5.61778
51,19.2,0.88328,4.400627
51,19.6,1.44318,3.767006
51,20.0,2.252299,3.954808
51,20.4,2.94339,4.834096
51,20.8,3.267516,6.014115
51,21.2,3.162312,7.065879
51,21.6,2.618393,7.56419
51,22.0,1.595445,7.045096
51,22.4,0.716334,5.543668
51,22.8,0.903351,4.351353
51,23.2,1.481128,3.755829
51,23.6,2.293873,3.985961
51,24.0,2.970049,4.891077
51,24.4,3.272677,6.074897
51,24.8,3.145192,7.108657
51,25.2,2.578016,7.566583
51,25.6,1.530883,6.982741
51,26.0,0.710001,5.470946
51,26.4,0.924344,4.303605
51,26.8,1.519795,3.746952
51,27.2,2.33503,4.018943
51,27.6,2.995681,4.948796
51,28.0,3.276694,6.13528
51,28.4,3.126922,7.149924
51,28.8,2.536354,7.566231
51,29.2,1.465901,6.916933
51,29.6,0.706563,5.39957
51,30.0,0.946264,4.257433
51,30.4,1.559136,3.740385
51,30.8,2.37572,4.053704
51,31.2,3.020272,5.007193
51,31.6,3.279567,6.195208
51,32.0,3.107501,7.189623
51,32.4,2.493394,7.563063
51,32.8,1.400806,6.847827
51,33.2,0.705686,5.329493
51,33.6,0.969119,4.212887
51,34.0,1.599099,3.736131
51,34.4,2.415896,4.090195
51,34.8,3.04381,5.06621
51,35.2,3.281295,6.254621
51,35.6,3.086926,7.227695
51,36.0,2.449124,7.557008
51,36.4,1.335973,6.775631
51,36.8,0.707077,5.260673
51,37.2,0.992915,4.170018
51,37.6,1.639631,3.734192
51,38.0,2.455511,4.128363
51,38.4,3.066282,5.125787
51,38.8,3.281878,6.313465
51,39.2,3.065194,7.26408
51,39.6,2.403531,7.547992
51,40.0,1.271845,6.700612
52,0.0,1.46196,4.126888
52,0.4,1.776281,4.015821
52,0.8,2.21593,4.199133
52,1.2,2.613356,4.649142
52,1.6,2.825639,5.241344
52,2.0,2.771248,5.799197
52,2.4,2.398349,6.115458
52,2.8,1.63447,5.937624
52,3.2,0.76856,5.140821
52,3.6,0.770116,4.355605
52,4.0,1.075251,3.788907
52,4.4,1.612263,3.570858
52,4.8,2.307717,3.815858
52,5.2,2.911707,4.465851
52,5.6,3.233212,5.328721
52,6.0,3.196147,6.166929
52,6.4,2.756467,6.719828
52,6.8,1.783428,6.649578
52,7.2,0.584174,5.702894
52,7.6,0.623543,4.83175
52,8.0,0.843531,4.11855
52,8.4,1.235317,3.655848
52,8.8,1.854617,3.597896
52,9.2,2.551069,4.006428
52,9.6,3.070524,4.762037
52,10.0,3.269032,5.648269
52,10.4,3.093374,6.419476
52,10.8,2.485679,6.798164
52,11.2,1.256813,6.388519
52,11.6,0.548387,5.377982
52,12.0,0.686592,4.561537
52,12.4,0.95621,3.920274
52,12.8,1.428559,3.582432
52,13.2,2.103902,3.690733
52,13.6,2.763461,4.241709
52,14.0,3.180355,5.069901
52,14.4,3.251905,5.944705
52,14.8,2.935077,6.613143
52,15.2,2.140705,6.770982
52,15.6,0.770607,6.014011
52,16.0,0.580108,5.076396
52,16.4,0.763926,4.311977
52,16.8,1.09431,3.758876
52,17.2,1.649526,3.565416
52,17.6,2.350959,3.839486
52,18.0,2.944711,4.511499
52,18.4,3.247255,5.383609
52,18.8,3.187417,6.216136
52,19.2,2.720119,6.745652
52,19.6,1.703598,6.624587
52,20.0,0.566739,5.652753
52,20.4,0.631812,4.791221
52,20.8,0.858532,4.087628
52,21.2,1.261591,3.641831
52,21.6,1.890587,3.607777
52,22.0,2.583681,4.038209
52,22.4,3.089117,4.806136
52,22.8,3.269434,5.692598
52,23.2,3.073628,6.450958
52,23.6,2.440468,6.800634
52,24.0,1.177566,6.338399
52,24.4,0.550917,5.33294
52,24.8,0.696922,4.523796
52,25.2,0.974644,3.89429
52,25.6,1.459157,3.576336
52,26.0,2.14034,3.709043
52,26.4,2.791966,4.279093
52,26.8,3.192824,5.115494
52,27.2,3.245494,5.986077
52,27.6,2.907431,6.636611
52,28.0,2.083157,6.757707
52,28.4,0.721078,5.958137
52,28.8,0.586719,5.03383
52,29.2,0.776544,4.277596
52,29.6,1.116802,3.738881
52,30.0,1.683638,3.567866
52,30.4,2.386025,3.865499
52,30.8,2.968154,4.553118
52,31.2,3.253305,5.429176
52,31.6,3.173964,6.252914
52,32.0,2.683645,6.758921
52,32.4,1.63151,6.591762
52,32.8,0.557674,5.604265
52,33.2,0.640477,4.751086
52,33.6,0.874002,4.057375
52,34.0,1.288516,3.628924
52,34.4,1.926736,3.618921
52,34.8,2.615759,4.070886
52,35.2,3.106833,4.850538
52,35.6,3.268848,5.736583
52,36.0,3.052769,6.481383
52,36.4,2.393622,6.801022
52,36.8,1.099283,6.285982
52,37.2,0.554369,5.288304
52,37.6,0.707556,4.486504
52,38.0,0.993633,3.86911
52,38.4,1.490335,3.571456
52,38.8,2.176691,3.728528
52,39.2,2.819786,4.317181
52,39.6,3.204374,5.161179
52,40.0,3.238074,6.026884
53,0.0,3.364575,8.084287
53,0.4,1.637653,7.986211
53,0.8,0.371255,6.677482
53,1.2,0.447038,5.679867
53,1.6,0.567044,4.771138
53,2.0,0.759425,4.002615
53,2.4,1.080791,3.469053
53,2.8,1.569123,3.2985
53,3.2,2.122166,3.546021
53,3.6,2.542334,4.108472
53,4.0,2.700681,4.78422
53,4.4,2.551939,5.343619
53,4.8,2.083313,5.551356
53,5.2,1.326989,5.189494
53,5.6,0.819213,4.405096
53,6.0,0.931087,3.743562
53,6.4,1.301189,3.370409
53,6.8,1.822523,3.390413
53,7.2,2.322942,3.7888
53,7.6,2.62664,4.412048
53,8.0,2.647964,5.0457
53,8.4,2.361457,5.461578
53,8.8,1.763073,5.42988
53,9.2,1.021522,4.8231
53,9.6,0.83807,4.065364
53,10.0,1.085365,3.527714
53,10.4,1.538141,3.332603
53,10.8,2.072679,3.542093
53,11.2,2.494975,4.06879
53,11.6,2.670398,4.722149
53,12.0,2.548208,5.279069
53,12.4,2.114835,5.510292
53,12.8,1.396487,5.201393
53,13.2,0.850556,4.444664
53,13.6,0.925704,3.775482
53,14.0,1.280333,3.386209
53,14.4,1.793739,3.384294
53,14.8,2.297556,3.763519
53,15.2,2.613056,4.376804
53,15.6,2.650024,5.012265
53,16.0,2.381004,5.442852
53,16.4,1.800975,5.439503
53,16.8,1.05536,4.860784
53,17.2,0.835563,4.098797
53,17.6,1.068638,3.547917
53,18.0,1.512714,3.333606
53,18.4,2.047192,3.52378
53,18.8,2.478639,4.038348
53,19.2,2.667795,4.690037
53,19.6,2.560792,5.256555
53,20.0,2.143148,5.508938
53,20.4,1.435568,5.229934
53,20.8,0.860775,4.482398
53,21.2,0.914255,3.802669
53,21.6,1.258572,3.396973
53,22.0,1.767247,3.374988
53,22.4,2.276168,3.738126
53,22.8,2.603624,4.344581
53,23.2,2.655096,4.984093
53,23.6,2.401261,5.429917
53,24.0,1.836007,5.452785
53,24.4,1.085478,4.898854
53,24.8,0.831941,4.132069
53,25.2,1.051795,3.567938
53,25.6,1.487612,3.33471
53,26.0,2.022033,3.505824
53,26.4,2.462512,4.008417
53,26.8,2.665222,4.658458
53,27.2,2.573106,5.234379
53,27.6,2.170711,5.507368
53,28.0,1.473999,5.257659
53,28.4,0.872163,4.520427
53,28.8,0.903208,3.830351
53,29.2,1.237186,3.408503
53,29.6,1.740818,3.366507
53,30.0,2.254451,3.713296
53,30.4,2.593661,4.312515
53,30.8,2.659549,4.955621
53,31.2,2.42082,5.416169
53,31.6,1.870373,5.464739
53,32.0,1.116979,4.93646
53,32.4,0.829262,4.165832
53,32.8,1.035432,3.588719
53,33.2,1.462771,3.336781
53,33.6,1.996652,3.488662
53,34.0,2.445826,3.978844
53,34.4,2.661966,4.626724
53,34.8,2.584699,5.211516
53,35.2,2.197539,5.50457
53,35.6,1.512382,5.284021
53,36.0,0.885414,4.55876
53,36.4,0.892769,3.858653
53,36.8,1.216225,3.420951
53,37.2,1.714419,3.358974
53,37.6,2.232304,3.689075
53,38.0,2.583042,4.280557
53,38.4,2.663281,4.926721
53,38.8,2.439637,5.40145
53,39.2,1.904103,5.475234
53,39.6,1.149863,4.973467
53,40.0,0.827654,4.200094
54,0.0,4.50002,9.10679
54,0.4,2.698208,9.836333
54,0.8,0.278816,8.482679
54,1.2,0.320112,7.390081
54,1.6,0.382496,6.344088
54,2.0,0.472552,5.363318
54,2.4,0.611708,4.482892
54,2.8,0.844038,3.769356
54,3.2,1.242457,3.343742
54,3.6,1.821139,3.347702
54,4.0,2.400166,3.792038
54,4.4,2.754856,4.50712
54,4.8,2.769587,5.236748
54,5.2,2.396151,5.694489
54,5.6,1.582266,5.557692
54,6.0,0.74121,4.727046
54,6.4,0.786633,3.949182
54,6.8,1.117548,3.431481
54,7.2,1.649986,3.306798
54,7.6,2.249816,3.636389
54,8.0,2.680777,4.294907
54,8.4,2.795834,5.043017
54,8.8,2.536197,5.602681
54,9.2,1.853463,5.664652
54,9.6,0.882217,4.975765
54,10.0,0.734896,4.138386
54,10.4,1.007498,3.539587
54,10.8,1.489507,3.295353
54,11.2,2.094377,3.506462
54,11.6,2.590786,4.096312
54,12.0,2.799647,4.846345
54,12.4,2.645669,5.485778
54,12.8,2.084153,5.716032
54,13.2,1.11354,5.222743
54,13.6,0.704065,4.343622
54,14.0,0.912959,3.673345
54,14.4,1.339449,3.318279
54,14.8,1.9308,3.40513
54,15.2,2.479421,3.909992
54,15.6,2.776948,4.642166
54,16.0,2.72554,5.339702
54,16.4,2.280107,5.712726
54,16.8,1.395181,5.436428
54,17.2,0.709192,4.565004
54,17.6,0.833554,3.829945
54,18.0,1.202937,3.374711
54,18.4,1.763924,3.335526
54,18.8,2.348872,3.740724
54,19.2,2.728334,4.435578
54,19.6,2.776633,5.170053
54,20.0,2.442659,5.66153
54,20.4,1.675453,5.593089
54,20.8,0.779122,4.803354
54,21.2,0.769368,4.006439
54,21.6,1.081787,3.462437
54,22.0,1.599157,3.299771
54,22.4,2.202438,3.593221
54,22.8,2.654958,4.232035
54,23.2,2.799692,4.982728
54,23.6,2.573369,5.569478
54,24.0,1.92901,5.686604
54,24.4,0.945414,5.05399
54,24.8,0.722618,4.200447
54,25.2,0.976487,3.578517
54,25.6,1.441607,3.298807
54,26.0,2.044224,3.47176
54,26.4,2.558397,4.036897
54,26.8,2.795416,4.783491
54,27.2,2.673608,5.443267
54,27.6,2.148698,5.720552
54,28.0,1.198494,5.294173
54,28.4,0.700771,4.410633
54,28.8,0.886688,3.719694
54,29.2,1.295476,3.332308
54,29.6,1.879058,3.379989
54,30.0,2.44078,3.855354
54,30.4,2.764573,4.577988
54,30.8,2.744457,5.289244
54,31.2,2.334108,5.701614
54,31.6,1.484108,5.491783
54,32.0,0.722255,4.637226
54,32.4,0.811942,3.882771
54,32.8,1.16361,3.39874
54,33.2,1.712261,3.320726
54,33.6,2.304904,3.692359
54,34.0,2.708126,4.371765
54,34.4,2.786766,5.113479
54,34.8,2.486605,5.636987
54,35.2,1.757643,5.628845
54,35.6,0.819665,4.880532
54,36.0,0.752773,4.064923
54,36.4,1.047383,3.495613
54,36.8,1.54922,3.295737
54,37.2,2.154335,3.552514
54,37.6,2.627355,4.170267
54,38.0,2.801257,4.921842
54,38.4,2.607716,5.533624
54,38.8,2.000971,5.703242
54,39.2,1.016879,5.131302
54,39.6,0.712584,4.264035
54,40.0,0.946957,3.619842
55,0.0,3.284931,6.497575
55,0.4,0.693939,6.327047
55,0.8,0.325878,5.531733
55,1.2,0.381095,4.844073
55,1.6,0.456105,4.202737
55,2.0,0.562155,3.62653
55,2.4,0.718559,3.145889
55,2.8,0.954481,2.809418
55,3.2,1.290218,2.681556
55,3.6,1.674492,2.802751
55,4.0,1.96136,3.124026
55,4.4,2.000327,3.494411
55,4.8,1.702803,3.700162
55,5.2,1.131642,3.544855
55,5.6,0.852361,3.15292
55,6.0,0.989503,2.838459
55,6.4,1.288229,2.711078
55,6.8,1.645204,2.81491
55,7.2,1.918291,3.108555
55,7.6,1.963186,3.453538
55,8.0,1.694656,3.65066
55,8.4,1.169688,3.516838
55,8.8,0.883706,3.148814
55,9.2,1.003164,2.843558
55,9.6,1.292835,2.71963
55,10.0,1.641634,2.821726
55,10.4,1.908173,3.109175
55,10.8,1.950635,3.445998
55,11.2,1.685923,3.636832
55,11.6,1.173322,3.504095
55,12.0,0.893149,3.142648
55,12.4,1.010685,2.84234
55,12.8,1.298823,2.722388
55,13.2,1.644782,2.826804
55,13.6,1.906991,3.113848
55,14.0,1.944985,3.447323
55,14.4,1.677412,3.63274
55,14.8,1.167967,3.495821
55,15.2,0.896007,3.13586
55,15.6,1.016228,2.839094
55,16.0,1.305266,2.723289
55,16.4,1.650115,2.831347
55,16.8,1.908701,3.119861
55,17.2,1.941542,3.451533
55,17.6,1.668905,3.631773
55,18.0,1.159726,3.488961
55,18.4,0.896748,3.128868
55,18.8,1.021132,2.835185
55,19.2,1.311892,2.723603
55,19.6,1.656197,2.835757
55,20.0,1.911365,3.126364
55,20.4,1.938784,3.456719
55,20.8,1.660313,3.631808
55,21.2,1.150543,3.482526
55,21.6,0.896853,3.121819
55,22.0,1.025854,2.831085
55,22.4,1.318603,2.723769
55,22.8,1.662526,2.840171
55,23.2,1.91431,3.133056
55,23.6,1.936189,3.462216
55,24.0,1.651614,3.632111
55,24.4,1.141101,3.476177
55,24.8,0.896833,3.114772
55,25.2,1.030553,2.826964
55,25.6,1.325361,2.72394
55,26.0,1.66892,2.844636
55,26.4,1.917296,3.139829
55,26.8,1.933571,3.467784
55,27.2,1.642804,3.632419
55,27.6,1.131648,3.469801
55,28.0,0.896867,3.107749
55,28.4,1.035281,2.822883
55,28.8,1.332149,2.724173
55,29.2,1.675314,2.849165
55,29.6,1.920237,3.14664
55,30.0,1.930863,3.473336
55,30.4,1.633885,3.632638
55,30.8,1.122281,3.463359
55,31.2,0.897016,3.100759
55,31.6,1.040059,2.818866
55,32.0,1.338962,2.724488
55,32.4,1.681682,2.853764
55,32.8,1.923099,3.153473
55,33.2,1.928041,3.478839
55,33.6,1.624858,3.632735
55,34.0,1.113038,3.456842
55,34.4,0.897298,3.093806
55,34.8,1.044891,2.81492
55,35.2,1.345796,2.724891
55,35.6,1.688013,2.858433
55,36.0,1.92587,3.160322
55,36.4,1.925098,3.48428
55,36.8,1.615726,3.632696
55,37.2,1.103936,3.450246
55,37.6,0.89772,3.086893
55,38.0,1.049781,2.811049
55,38.4,1.352649,2.725385
55,38.8,1.694305,2.863172
55,39.2,1.928547,3.167182
55,39.6,1.92203,3.489654
55,40.0,1.606492,3.632515
56,0.0,1.207847,9.549051
56,0.4,0.188478,8.721225
56,0.8,0.203731,8.092336
56,1.2,0.221478,7.473069
56,1.6,0.242349,6.865108
56,2.0,0.267194,6.27059
56,2.4,0.297182,5.692279
56,2.8,0.333957,5.133813
56,3.2,0.379876,4.600085
56,3.6,0.438395,4.097826
56,4.0,0.51464,3.636486
56,4.4,0.616124,3.229524
56,4.8,0.753026,2.895907
56,5.2,0.935532,2.660449
56,5.6,1.162972,2.548723
56,6.0,1.405669,2.571779
56,6.4,1.602303,2.707488
56,6.8,1.68766,2.896427
56,7.2,1.624289,3.056536
56,7.6,1.424925,3.109873
56,8.0,1.185791,3.026716
56,8.4,1.06175,2.865623
56,8.8,1.095263,2.7192
56,9.2,1.223114,2.642862
56,9.6,1.381129,2.654841
56,10.0,1.512284,2.742186
56,10.4,1.568561,2.864788
56,10.8,1.525416,2.967541
56,11.2,1.397036,3.00109
56,11.6,1.247301,2.94929
56,12.0,1.162571,2.845431
56,12.4,1.177196,2.746365
56,12.8,1.263216,2.69398
56,13.2,1.374625,2.703959
56,13.6,1.466508,2.766934
56,14.0,1.503157,2.853198
56,14.4,1.46881,2.923196
56,14.8,1.377646,2.943736
56,15.2,1.275752,2.906116
56,15.6,1.218168,2.833297
56,16.0,1.228333,2.763671
56,16.4,1.290428,2.727603
56,16.8,1.371399,2.736918
56,17.2,1.436847,2.784132
56,17.6,1.460352,2.846591
56,18.0,1.432109,2.895314
56,18.4,1.365198,2.907532
56,18.8,1.293586,2.878795
56,19.2,1.254239,2.825994
56,19.6,1.262921,2.776234
56,20.0,1.309198,2.751465
56,20.4,1.368801,2.760154
56,20.8,1.415648,2.796083
56,21.2,1.430359,2.841823
56,21.6,1.407116,2.876013
56,22.0,1.357361,2.882926
56,22.4,1.306289,2.860566
56,22.8,1.27938,2.821693
56,23.2,1.287208,2.785874
56,23.6,1.32221,2.768977
56,24.0,1.366301,2.776876
56,24.4,1.399824,2.804353
56,24.8,1.408704,2.837985
56,25.2,1.389728,2.862027
56,25.6,1.352545,2.865598
56,26.0,1.315871,2.848101
56,26.4,1.297527,2.81928
56,26.8,1.304568,2.793432
56,27.2,1.331215,2.782018
56,27.6,1.363865,2.789004
56,28.0,1.387789,2.810026
56,28.4,1.392862,2.834774
56,28.8,1.37752,2.851662
56,29.2,1.349694,2.853174
56,29.6,1.323284,2.839477
56,30.0,1.310856,2.818048
56,30.4,1.317079,2.799396
56,30.8,1.337407,2.791783
56,31.2,1.361567,2.797815
56,31.6,1.378573,2.813871
56,32.0,1.381211,2.832067
56,32.4,1.368924,2.843896
56,32.8,1.348107,2.844184
56,33.2,1.329075,2.833485
56,33.6,1.320732,2.81754
56,34.0,1.326123,2.8041
56,34.4,1.341629,2.799103
56,34.8,1.359473,2.804207
56,35.2,1.371506,2.816441
56,35.6,1.37263,2.829796
56,36.0,1.362873,2.838049
56,36.4,1.347318,2.83765
56,36.8,1.333612,2.829318
56,37.2,1.328077,2.817461
56,37.6,1.332663,2.807798
56,38.0,1.344474,2.804584
56,38.4,1.357625,2.808833
56,38.8,1.366095,2.818128
56,39.2,1.366315,2.827909
56,39.6,1.358623,2.833637
56,40.0,1.347018,2.832893
57,0.0,4.918283,8.812155
57,0.4,1.756401,9.435941
57,0.8,0.188943,8.177795
57,1.2,0.211147,7.340745
57,1.6,0.238694,6.525623
57,2.0,0.273542,5.738201
57,2.4,0.31865,4.986585
57,2.8,0.378533,4.282434
57,3.2,0.460076,3.642833
57,3.6,0.573204,3.092771
57,4.0,0.729289,2.666628
57,4.4,0.931437,2.402502
57,4.8,1.154507,2.320163
57,5.2,1.339714,2.391787
57,5.6,1.428534,2.53939
57,6.0,1.402999,2.667901
57,6.4,1.300268,2.711042
57,6.8,1.197089,2.66582
57,7.2,1.155345,2.583675
57,7.6,1.178254,2.520341
57,8.0,1.231705,2.502054
57,8.4,1.279446,2.524279
57,8.8,1.299396,2.563871
57,9.2,1.288849,2.59508
57,9.6,1.261546,2.603378
57,10.0,1.23701,2.59071
57,10.4,1.227891,2.570009
57,10.8,1.23448,2.55467
57,11.2,1.248541,2.551173
57,11.6,1.260509,2.557878
57,12.0,1.26473,2.568301
57,12.4,1.261181,2.575842
57,12.8,1.253956,2.5773
57,13.2,1.247976,2.573646
57,13.6,1.246083,2.568313
57,14.0,1.24809,2.564623
57,14.4,1.251791,2.564054
57,14.8,1.254734,2.565999
57,15.2,1.255581,2.5687
57,15.6,1.254486,2.570503
57,16.0,1.252592,2.570708
57,16.4,1.251138,2.569669
57,16.8,1.25077,2.568298
57,17.2,1.251369,2.56742
57,17.6,1.252336,2.567359
57,18.0,1.25305,2.56791
57,18.4,1.253207,2.568603
57,18.8,1.252883,2.569029
57,19.2,1.25239,2.569038
57,19.6,1.252039,2.568747
57,20.0,1.251976,2.568397
57,20.4,1.25215,2.568191
57,20.8,1.252401,2.568197
57,21.2,1.252572,2.56835
57,21.6,1.252597,2.568527
57,22.0,1.252504,2.568626
57,22.4,1.252376,2.568617
57,22.8,1.252293,2.568537
57,23.2,1.252284,2.568448
57,23.6,1.252334,2.568401
57,24.0,1.252398,2.568408
57,24.4,1.252439,2.56845
57,24.8,1.252441,2.568494
57,25.2,1.252415,2.568517
57,25.6,1.252382,2.568512
57,26.0,1.252363,2.56849
57,26.4,1.252362,2.568468
57,26.8,1.252376,2.568457
57,27.2,1.252393,2.56846
57,27.6,1.252402,2.568472
57,28.0,1.252402,2.568483
57,28.4,1.252395,2.568488
57,28.8,1.252386,2.568486
57,29.2,1.252382,2.56848
57,29.6,1.252382,2.568474
57,30.0,1.252386,2.568472
57,30.4,1.25239,2.568473
57,30.8,1.252392,2.568476
57,31.2,1.252392,2.568479
57,31.6,1.25239,2.56848
57,32.0,1.252388,2.56848
57,32.4,1.252387,2.568478
57,32.8,1.252387,2.568477
57,33.2,1.252388,2.568476
57,33.6,1.252389,2.568476
57,34.0,1.25239,2.568477
57,34.4,1.25239,2.568478
57,34.8,1.252389,2.568478
57,35.2,1.252388,2.568478
57,35.6,1.252388,2.568478
57,36.0,1.252388,2.568477
57,36.4,1.252389,2.568477
57,36.8,1.252389,2.568477
57,37.2,1.252389,2.568477
57,37.6,1.252389,2.568478
57,38.0,1.252389,2.568478
57,38.4,1.252389,2.568478
57,38.8,1.252389,2.568477
57,39.2,1.252389,2.568477
57,39.6,1.252389,2.568477
57,40.0,1.252389,2.568477
58,0.0,1.538209,7.216408
58,0.4,0.460781,6.019284
58,0.8,0.567028,5.065881
58,1.2,0.763821,4.252333
58,1.6,1.110395,3.679494
58,2.0,1.676873,3.507633
58,2.4,2.351817,3.825869
58,2.8,2.881462,4.52795
58,3.2,3.104131,5.38744
58,3.6,2.961443,6.142827
58,4.0,2.410818,6.508341
58,4.4,1.344105,6.122483
58,4.8,0.614219,5.105197
58,5.2,0.758971,4.279603
58,5.6,1.095294,3.695875
58,6.0,1.653006,3.506841
58,6.4,2.327571,3.807384
58,6.8,2.865709,4.498148
58,7.2,3.100895,5.355429
58,7.6,2.97233,6.118609
58,8.0,2.438514,6.503599
58,8.4,1.39241,6.15238
58,8.8,0.616146,5.137952
58,9.2,0.75056,4.305235
58,9.6,1.079872,3.710717
58,10.0,1.630054,3.505218
58,10.4,2.30475,3.789117
58,10.8,2.851329,4.469557
58,11.2,3.098586,5.325294
58,11.6,2.983371,6.096383
58,12.0,2.465098,6.50009
58,12.4,1.438135,6.181543
58,12.8,0.618539,5.170948
58,13.2,0.742305,4.331126
58,13.6,1.064735,3.726022
58,14.0,1.607284,3.504208
58,14.4,2.281773,3.771349
58,14.8,2.836586,4.441195
58,15.2,3.095842,5.295076
58,15.6,2.993928,6.073736
58,16.0,2.491051,6.495723
58,16.4,1.483488,6.209459
58,16.8,0.622017,5.20427
58,17.2,0.734248,4.357292
58,17.6,1.049887,3.741805
58,18.0,1.584702,3.503828
58,18.4,2.258635,3.754091
58,18.8,2.821466,4.413063
58,19.2,3.09265,5.264768
58,19.6,3.003997,6.050655
58,20.0,2.516388,6.490497
58,20.4,1.528401,6.236097
58,20.8,0.626713,5.237939
58,21.2,0.726387,4.383727
58,21.6,1.035326,3.758056
58,22.0,1.562315,3.504077
58,22.4,2.235346,3.737353
58,22.8,2.805973,4.385173
58,23.2,3.089009,5.234379
58,23.6,3.01358,6.027152
58,24.0,2.541115,6.484427
58,24.4,1.572796,6.26144
58,24.8,0.632762,5.271973
58,25.2,0.718723,4.410425
58,25.6,1.02105,3.774768
58,26.0,1.540135,3.504951
58,26.4,2.211919,3.721142
58,26.8,2.790111,4.357536
58,27.2,3.084922,5.203922
58,27.6,3.022678,6.00324
58,28.0,2.56524,6.477532
58,28.4,1.616612,6.28548
58,28.8,0.640313,5.306391
58,29.2,0.711257,4.437384
58,29.6,1.007054,3.791933
58,30.0,1.518171,3.506451
58,30.4,2.188364,3.705464
58,30.8,2.773885,4.330162
58,31.2,3.080391,5.173408
58,31.6,3.031293,5.978932
58,32.0,2.58877,6.46983
58,32.4,1.659798,6.308213
58,32.8,0.64952,5.34121
58,33.2,0.703988,4.464598
58,33.6,0.993337,3.809543
58,34.0,1.496431,3.508574
58,34.4,2.164695,3.690328
58,34.8,2.757302,4.303061
58,35.2,3.075416,5.142849
58,35.6,3.039428,5.95424
58,36.0,2.611712,6.461337
58,36.4,1.702315,6.32964
58,36.8,0.66054,5.376445
58,37.2,0.696921,4.492062
58,37.6,0.979894,3.827589
58,38.0,1.474924,3.511317
58,38.4,2.140921,3.675741
58,38.8,2.740365,4.276246
58,39.2,3.069999,5.112255
58,39.6,3.047084,5.929177
58,40.0,2.634073,6.45207
59,0.0,2.540358,7.83738
59,0.4,2.209781,7.563695
59,0.8,1.889923,6.966978
59,1.2,1.745641,6.244628
59,1.6,1.897845,5.719346
59,2.0,2.291362,5.633382
59,2.4,2.742178,6.016035
59,2.8,3.076868,6.717817
59,3.2,3.205461,7.514178
59,3.6,3.10465,8.17218
59,4.0,2.784515,8.476723
59,4.4,2.27458,8.244883
59,4.8,1.664568,7.384184
59,5.2,1.273643,6.139642
59,5.6,1.437528,5.14455
59,6.0,2.038925,4.835355
59,6.4,2.762145,5.28568
59,6.8,3.310668,6.261032
59,7.2,3.559445,7.432861
59,7.6,3.493129,8.48429
59,8.0,3.130091,9.126753
59,8.4,2.483311,9.085593
59,8.8,1.570412,8.097523
59,9.2,0.889598,6.393971
59,9.6,1.075441,5.042432
59,10.0,1.739727,4.444022
59,10.4,2.611271,4.767304
59,10.8,3.319319,5.780774
59,11.2,3.690285,7.105584
59,11.6,3.704683,8.381562
59,12.0,3.38778,9.287271
59,12.4,2.755356,9.518279
59,12.8,1.78681,8.743796
59,13.2,0.828492,6.94262
59,13.6,0.89426,5.383722
59,14.0,1.455699,4.487054
59,14.4,2.323905,4.516291
59,14.8,3.132235,5.358892
59,15.2,3.628712,6.644943
59,15.6,3.760254,7.996793
59,16.0,3.547267,9.077769
59,16.4,3.013396,9.578741
59,16.8,2.147485,9.176137
59,17.2,1.029817,7.600135
59,17.6,0.790208,5.851174
59,18.0,1.215383,4.695133
59,18.4,2.012658,4.395443
59,18.8,2.884368,4.997614
59,19.2,3.501364,6.177902
59,19.6,3.75735,7.549031
59,20.0,3.658676,8.759868
59,20.4,3.233017,9.494936
59,20.8,2.484398,9.441575
59,21.2,1.396,8.258401
59,21.6,0.750398,6.387082
59,22.0,1.023378,5.011572
59,22.4,1.709076,4.387483
59,22.8,2.602515,4.705881
59,23.2,3.328821,5.732384
59,23.6,3.710993,7.079988
59,24.0,3.730745,8.382858
59,24.4,3.414826,9.31558
59,24.8,2.779401,9.570014
59,25.2,1.800269,8.807957
59,25.6,0.817069,6.990872
59,26.0,0.879249,5.416488
59,26.4,1.432418,4.495769
59,26.8,2.298307,4.498498
59,27.2,3.114327,5.324349
59,27.6,3.621538,6.605176
59,28.0,3.763319,7.961894
59,28.4,3.559395,9.056417
59,28.8,3.033956,9.579017
59,29.2,2.176986,9.206827
59,29.6,1.054425,7.657827
59,30.0,0.783575,5.894011
59,30.4,1.197013,4.717872
59,30.8,1.986234,4.390057
59,31.2,2.861632,4.969727
59,31.6,3.4885,6.13889
59,32.0,3.755189,7.509784
59,32.4,3.66642,8.730003
59,32.8,3.249996,9.48334
59,33.2,2.511122,9.45776
59,33.6,1.43026,8.310557
59,34.0,0.750909,6.435686
59,34.4,1.009254,5.042824
59,34.8,1.684228,4.392129
59,35.2,2.577318,4.684712
59,35.6,3.312165,5.695963
59,36.0,3.705074,7.039598
59,36.4,3.735079,8.348565
59,36.8,3.428588,9.296459
59,37.2,2.802614,9.575228
59,37.6,1.833819,8.847918
59,38.0,0.830025,7.045625
59,38.4,0.869155,5.454498
59,38.8,1.410624,4.510343
59,39.2,2.271814,4.485222
59,39.6,3.094233,5.291853
59,40.0,3.611914,6.564946
60,0.0,2.667557,5.39542
60,0.4,3.066233,5.974861
60,0.8,3.280794,6.690384
60,1.2,3.267898,7.379963
60,1.6,3.0115,7.874741
60,2.0,2.488755,7.991656
60,2.4,1.637555,7.502707
60,2.8,0.769126,6.356052
60,3.2,0.791505,5.30569
60,3.6,1.145363,4.541175
60,4.0,1.787753,4.238798
60,4.4,2.604242,4.525421
60,4.8,3.308395,5.300373
60,5.2,3.731892,6.347956
60,5.6,3.834451,7.440146
60,6.0,3.620481,8.359556
60,6.4,3.081287,8.884741
60,6.8,2.120483,8.727553
60,7.2,0.68826,7.510569
60,7.6,0.578519,6.286438
60,8.0,0.778787,5.265788
60,8.4,1.155954,4.511594
60,8.8,1.813551,4.228437
60,9.2,2.635258,4.537492
60,9.6,3.333956,5.329962
60,10.0,3.747206,6.387357
60,10.4,3.838182,7.481198
60,10.8,3.612106,8.393926
60,11.2,3.058886,8.90282
60,11.6,2.075814,8.714037
60,12.0,0.656687,7.466545
60,12.4,0.58248,6.254164
60,12.8,0.786696,5.239191
60,13.2,1.170906,4.495589
60,13.6,1.836561,4.229076
60,14.0,2.658593,4.554705
60,14.4,3.35044,5.358177
60,14.8,3.754436,6.419823
60,15.2,3.836046,7.511422
60,15.6,3.600773,8.415643
60,16.0,3.037243,8.909002
60,16.4,2.037869,8.693488
60,16.8,0.636206,7.425189
60,17.2,0.58673,6.222058
60,17.6,0.794767,5.212827
60,18.0,1.186122,4.480006
60,18.4,1.859717,4.230247
60,18.8,2.681798,4.572334
60,19.2,3.366662,5.386609
60,19.6,3.761383,6.452308
60,20.0,3.833636,7.541479
60,20.4,3.589166,8.437004
60,20.8,3.01525,8.91459
60,21.2,1.999269,8.67189
60,21.6,0.618143,7.384472
60,22.0,0.591082,6.190082
60,22.4,0.802989,5.186689
60,22.8,1.201598,4.46484
60,23.2,1.883011,4.231942
60,23.6,2.704872,4.59037
60,24.0,3.38263,5.415255
60,24.4,3.768054,6.484812
60,24.8,3.830959,7.571371
60,25.2,3.577284,8.458015
60,25.6,2.992902,8.919585
60,26.0,1.959999,8.649229
60,26.4,0.60235,7.34438
60,26.8,0.595533,6.158236
60,27.2,0.811364,5.160782
60,27.6,1.217337,4.450098
60,28.0,1.906437,4.234159
60,28.4,2.72781,4.608808
60,28.8,3.398341,5.444108
60,29.2,3.774448,6.517329
60,29.6,3.828013,7.601094
60,30.0,3.565126,8.478668
60,30.4,2.970195,8.923977
60,30.8,1.92005,8.625488
60,31.2,0.588669,7.304888
60,31.6,0.600082,6.126521
60,32.0,0.819896,5.135111
60,32.4,1.233341,4.435785
60,32.8,1.929985,4.236898
60,33.2,2.750605,4.627643
60,33.6,3.413793,5.473164
60,34.0,3.780566,6.549855
60,34.4,3.8248,7.630641
60,34.8,3.552693,8.498959
60,35.2,2.947122,8.927756
60,35.6,1.879415,8.600652
60,36.0,0.576929,7.265965
60,36.4,0.604727,6.094938
60,36.8,0.828589,5.10968
60,37.2,1.249609,4.421908
60,37.6,1.953649,4.240158
60,38.0,2.773252,4.64687
60,38.4,3.428986,5.502416
60,38.8,3.786408,6.582382
60,39.2,3.82132,7.660008
60,39.6,3.539982,8.51888
60,40.0,2.92368,8.930914
61,0.0,2.517856,8.11446
61,0.4,0.278573,6.926995
61,0.8,0.307162,6.013838
61,1.2,0.365264,5.152727
61,1.6,0.445924,4.356977
61,2.0,0.561826,3.65509
61,2.4,0.731688,3.090958
61,2.8,0.972456,2.723402
61,3.2,1.268641,2.600792
61,3.6,1.546195,2.710008
61,4.0,1.713121,2.958021
61,4.4,1.72027,3.209921
61,4.8,1.580923,3.342533
61,5.2,1.374386,3.298262
61,5.6,1.227215,3.127066
61,6.0,1.214871,2.947403
61,6.4,1.30711,2.849149
61,6.8,1.433614,2.85925
61,7.2,1.531007,2.951573
61,7.6,1.560797,3.068279
61,8.0,1.518727,3.148417
61,8.4,1.43453,3.156281
61,8.8,1.358156,3.098722
61,9.2,1.329565,3.017203
61,9.6,1.354141,2.95758
61,10.0,1.408291,2.944701
61,10.4,1.460085,2.975935
61,10.8,1.485372,3.028344
61,11.2,1.476297,3.0726
61,11.6,1.442536,3.087755
61,12.0,1.405018,3.070774
61,12.4,1.383764,3.035794
61,12.8,1.386773,3.003721
61,13.2,1.407925,2.989992
61,13.6,1.433351,2.998032
61,14.0,1.449856,3.020034
61,14.4,1.450883,3.042713
61,14.8,1.438462,3.054621
61,15.2,1.421018,3.05156
61,15.6,1.408234,3.037625
61,16.0,1.405784,3.021729
61,16.4,1.413045,3.012172
61,16.8,1.424641,3.01258
61,17.2,1.434056,3.020999
61,17.6,1.43701,3.031856
61,18.0,1.433133,3.039315
61,18.4,1.425515,3.040217
61,18.8,1.418617,3.035233
61,19.2,1.415788,3.027883
61,19.6,1.417735,3.022261
61,20.0,1.42264,3.020869
61,20.4,1.427538,3.023661
61,20.8,1.429994,3.028519
61,21.2,1.429206,3.032662
61,21.6,1.426122,3.03414
61,22.0,1.42268,3.032672
61,22.4,1.420667,3.029503
61,22.8,1.420845,3.026515
61,23.2,1.42274,3.025168
61,23.6,1.425107,3.025851
61,24.0,1.426683,3.027868
61,24.4,1.426818,3.029983
61,24.8,1.425694,3.03112
61,25.2,1.424089,3.03088
61,25.6,1.422891,3.029622
61,26.0,1.422627,3.028151
61,26.4,1.423269,3.027239
61,26.8,1.424336,3.027246
61,27.2,1.425223,3.028007
61,27.6,1.425518,3.029013
61,28.0,1.425175,3.029718
61,28.4,1.424477,3.029821
61,28.8,1.423834,3.029376
61,29.2,1.423558,3.0287
61,29.6,1.423723,3.02817
61,30.0,1.424171,3.028027
61,30.4,1.424628,3.028275
61,30.8,1.424864,3.028722
61,31.2,1.4248,3.02911
61,31.6,1.42452,3.029255
61,32.0,1.424201,3.029128
61,32.4,1.424009,3.028838
61,32.8,1.424019,3.028559
61,33.2,1.42419,3.028429
61,33.6,1.424409,3.028486
61,34.0,1.424558,3.02867
61,34.4,1.424575,3.028867
61,34.8,1.424474,3.028975
61,35.2,1.424326,3.028957
61,35.6,1.424213,3.028843
61,36.0,1.424186,3.028707
61,36.4,1.424243,3.02862
61,36.8,1.424341,3.028618
61,37.2,1.424424,3.028687
61,37.6,1.424453,3.02878
61,38.0,1.424424,3.028846
61,38.4,1.42436,3.028858
61,38.8,1.4243,3.028818
61,39.2,1.424273,3.028756
61,39.6,1.424287,3.028706
61,40.0,1.424328,3.028691
62,0.0,2.923642,5.970167
62,0.4,1.400343,5.951668
62,0.8,0.444788,4.821795
62,1.2,0.565786,3.960768
62,1.6,0.777046,3.277449
62,2.0,1.11418,2.876629
62,2.4,1.558219,2.859172
62,2.8,1.951297,3.193474
62,3.2,2.11687,3.684653
62,3.6,1.974722,4.06416
62,4.0,1.552495,4.082835
62,4.4,1.104943,3.688055
62,4.8,1.041992,3.215242
62,5.2,1.287023,2.960434
62,5.6,1.64105,3.018227
62,6.0,1.925085,3.332929
62,6.4,2.001313,3.724903
62,6.8,1.82125,3.969461
62,7.2,1.449537,3.890753
62,7.6,1.146343,3.525613
62,8.0,1.160642,3.160284
62,8.4,1.404932,3.01003
62,8.8,1.710486,3.131437
62,9.2,1.917726,3.442647
62,9.6,1.921676,3.766941
62,10.0,1.704587,3.908998
62,10.4,1.369715,3.754388
62,10.8,1.172524,3.40786
62,11.2,1.251791,3.12379
62,11.6,1.5009,3.059149
62,12.0,1.765085,3.231036
62,12.4,1.905881,3.534545
62,12.8,1.847607,3.795769
62,13.2,1.603151,3.848021
62,13.6,1.312134,3.637192
62,14.0,1.204883,3.316488
62,14.4,1.334703,3.105942
62,14.8,1.582993,3.114906
62,15.2,1.805013,3.324325
62,15.6,1.884078,3.611179
62,16.0,1.772017,3.807565
62,16.4,1.513289,3.779193
62,16.8,1.276349,3.531698
62,17.2,1.246794,3.246426
62,17.6,1.413932,3.106117
62,18.0,1.653108,3.178358
62,18.4,1.830157,3.412275
62,18.8,1.850845,3.672224
62,19.2,1.693923,3.800969
62,19.6,1.436244,3.702191
62,20.0,1.261481,3.43727
62,20.4,1.297726,3.196112
62,20.8,1.489787,3.123218
62,21.2,1.711139,3.248299
62,21.6,1.840403,3.493572
62,22.0,1.80636,3.71646
62,22.4,1.614997,3.776045
62,22.8,1.374633,3.619586
62,23.2,1.265795,3.355227
62,23.6,1.35583,3.164942
62,24.0,1.560994,3.155621
62,24.4,1.756344,3.322411
62,24.8,1.835874,3.565977
62,25.2,1.75186,3.742634
62,25.6,1.538423,3.734175
62,26.0,1.330793,3.535266
62,26.4,1.286843,3.287283
62,26.8,1.418678,3.152365
62,27.2,1.625682,3.201156
62,27.6,1.787917,3.397767
62,28.0,1.817069,3.626954
62,28.4,1.68949,3.749951
62,28.8,1.468213,3.678033
62,29.2,1.305895,3.453488
62,29.6,1.321764,3.234961
62,30.0,1.483547,3.15748
62,30.4,1.68186,3.257153
62,30.8,1.805262,3.471124
62,31.2,1.784978,3.674056
62,31.6,1.622244,3.738428
62,32.0,1.408525,3.611404
62,32.4,1.29969,3.378275
62,32.8,1.367488,3.19933
62,33.2,1.547603,3.178871
62,33.6,1.727677,3.320526
62,34.0,1.808145,3.539132
62,34.4,1.74117,3.705208
62,34.8,1.55388,3.70914
62,35.2,1.362925,3.53882
62,35.6,1.310698,3.313068
62,36.0,1.42085,3.180872
62,36.4,1.608042,3.214555
62,36.8,1.761594,3.387881
62,37.2,1.796785,3.598531
62,37.6,1.687875,3.718976
62,38.0,1.488692,3.66434
62,38.4,1.333768,3.465069
62,38.8,1.336592,3.260584
62,39.2,1.47865,3.179399
62,39.6,1.662237,3.262014
62,40.0,1.782485,3.455652
63,0.0,4.217567,7.196334
63,0.4,3.112733,8.506578
63,0.8,0.582919,7.538621
63,1.2,0.392736,6.129543
63,1.6,0.519979,4.925565
63,2.0,0.745407,3.923328
63,2.4,1.168559,3.301098
63,2.8,1.824699,3.291329
63,3.2,2.452822,3.893747
63,3.6,2.749452,4.794631
63,4.0,2.583983,5.556309
63,4.4,1.904157,5.700347
63,4.8,0.903533,4.863597
63,5.2,0.81336,3.871629
63,5.6,1.22451,3.29766
63,6.0,1.875642,3.336993
63,6.4,2.476251,3.963038
63,6.8,2.736931,4.853112
63,7.2,2.536939,5.571552
63,7.6,1.827652,5.644329
63,8.0,0.870004,4.762947
63,8.4,0.840906,3.803224
63,8.8,1.275884,3.276705
63,9.2,1.935363,3.373654
63,9.6,2.513987,4.037114
63,10.0,2.736824,4.928464
63,10.4,2.494153,5.608258
63,10.8,1.74073,5.600854
63,11.2,0.828504,4.664049
63,11.6,0.867386,3.73599
63,12.0,1.328695,3.258509
63,12.4,1.995469,3.413627
63,12.8,2.550646,4.113474
63,13.2,2.734696,5.004232
63,13.6,2.448095,5.64242
63,14.0,1.649624,5.550685
63,14.4,0.796467,4.567096
63,14.8,0.896169,3.671971
63,15.2,1.383331,3.245319
63,15.6,2.054735,3.457976
63,16.0,2.584449,4.191467
63,16.4,2.728986,5.078262
63,16.8,2.397987,5.671104
63,17.2,1.555712,5.491879
63,17.6,0.774719,4.472568
63,18.0,0.927502,3.611563
63,18.4,1.439658,3.237453
63,18.8,2.112781,3.506626
63,19.2,2.615097,4.270729
63,19.6,2.719488,5.150002
63,20.0,2.343722,5.69365
63,20.4,1.459983,5.424429
63,20.8,0.762141,4.38071
63,21.2,0.961353,3.554974
63,21.6,1.497479,3.234979
63,22.0,2.169342,3.559366
63,22.4,2.642474,4.350944
63,22.8,2.706154,5.219092
63,23.2,2.285261,5.709662
63,23.6,1.363674,5.348755
63,24.0,0.757387,4.291621
63,24.4,0.997681,3.502396
63,24.8,1.556565,3.237915
63,25.2,2.224183,3.615961
63,25.6,2.666495,4.431798
63,26.0,2.68895,5.285198
63,26.4,2.222575,5.718776
63,26.8,1.268404,5.265589
63,27.2,0.759202,4.205338
63,27.6,1.036454,3.454017
63,28.0,1.616671,3.246247
63,28.4,2.277086,3.676161
63,28.8,2.687086,4.512978
63,29.2,2.667849,5.347983
63,29.6,2.155651,5.720633
63,30.0,1.176185,5.175992
63,30.4,0.766521,4.121886
63,30.8,1.077641,3.410026
63,31.2,1.677532,3.259931
63,31.6,2.327845,3.739707
63,32.0,2.70418,4.594166
63,32.4,2.64282,5.407111
63,32.8,2.08449,5.714883
63,33.2,1.089321,5.081335
63,33.6,0.778486,4.041304
63,34.0,1.121205,3.370605
63,34.4,1.738875,3.278896
63,34.8,2.376273,3.80633
63,35.2,2.717719,4.675044
63,35.6,2.613833,5.462241
63,36.0,2.009124,5.701191
63,36.4,1.01018,4.983213
63,36.8,0.79444,3.963656
63,37.2,1.167095,3.335926
63,37.6,1.800417,3.303046
63,38.0,2.422196,3.875752
63,38.4,2.72765,4.755292
63,38.8,2.580857,5.51303
63,39.2,1.929627,5.679241
63,39.6,0.940853,4.883287
63,40.0,0.813892,3.889034
64,0.0,1.809618,8.168789
64,0.4,0.279212,7.172151
64,0.8,0.316151,6.415141
64,1.2,0.363766,5.685911
64,1.6,0.42677,4.993288
64,2.0,0.513378,4.350804
64,2.4,0.638033,3.78018
64,2.8,0.826125,3.317607
64,3.2,1.114698,3.021283
64,3.6,1.519628,2.962604
64,4.0,1.962853,3.172443
64,4.4,2.289613,3.587561
64,4.8,2.37222,4.064062
64,5.2,2.136867,4.4136
64,5.6,1.538024,4.420086
64,6.0,0.843352,3.979805
64,6.4,0.785054,3.479377
64,6.8,1.003367,3.117648
64,7.2,1.357403,2.963073
64,7.6,1.794669,3.070192
64,8.0,2.178266,3.41464
64,8.4,2.362617,3.880626
64,8.8,2.256503,4.29596
64,9.2,1.804385,4.456017
64,9.6,1.061709,4.170722
64,10.0,0.758234,3.64928
64,10.4,0.908192,3.230543
64,10.8,1.214222,2.991985
64,11.2,1.632057,3.000797
64,11.6,2.053496,3.267108
64,12.0,2.324024,3.705703
64,12.4,2.331774,4.161129
64,12.8,2.011982,4.439557
64,13.2,1.34046,4.328262
64,13.6,0.783082,3.834027
64,14.0,0.831534,3.366154
64,14.4,1.087265,3.053473
64,14.8,1.471482,2.966375
64,15.2,1.909429,3.14367
64,15.6,2.251157,3.534582
64,16.0,2.363956,4.00464
64,16.4,2.169664,4.37185
64,16.8,1.620129,4.425491
64,17.2,0.902031,4.029098
64,17.6,0.777644,3.521991
64,18.0,0.977885,3.145108
64,18.4,1.319089,2.968005
64,18.8,1.752396,3.04947
64,19.2,2.147389,3.374496
64,19.6,2.355211,3.834912
64,20.0,2.279546,4.2627
64,20.4,1.862745,4.45613
64,20.8,1.130705,4.215383
64,21.2,0.758555,3.695301
64,21.6,0.886765,3.263281
64,22.0,1.18007,3.00477
64,22.4,1.590416,2.9886
64,22.8,2.018126,3.232952
64,23.2,2.308442,3.661155
64,23.6,2.344001,4.122685
64,24.0,2.057078,4.42663
64,24.4,1.414312,4.359471
64,24.8,0.80301,3.883454
64,25.2,0.815284,3.404301
64,25.6,1.057518,3.074235
64,26.0,1.43139,2.963367
64,26.4,1.870089,3.116543
64,26.8,2.227301,3.492175
64,27.2,2.365503,3.96201
64,27.6,2.202295,4.347382
64,28.0,1.686621,4.439556
64,28.4,0.95127,4.078935
64,28.8,0.768651,3.564853
64,29.2,0.952759,3.173025
64,29.6,1.282014,2.974156
64,30.0,1.711015,3.030563
64,30.4,2.116433,3.336159
64,30.8,2.346714,3.79039
64,31.2,2.300302,4.22933
64,31.6,1.917291,4.453911
64,32.0,1.20133,4.257613
64,32.4,0.762273,3.742256
64,32.8,0.866461,3.297397
64,33.2,1.147005,3.019584
64,33.6,1.54907,2.978686
64,34.0,1.98167,3.200477
64,34.4,2.290751,3.61704
64,34.8,2.353506,4.083067
64,35.2,2.098931,4.410616
64,35.6,1.487022,4.386451
64,36.0,0.829861,3.933462
64,36.4,0.800592,3.443717
64,36.8,1.028939,3.096913
64,37.2,1.391949,2.962726
64,37.6,1.830036,3.091423
64,38.0,2.201501,3.450633
64,38.4,2.364413,3.91868
64,38.8,2.231827,4.320386
64,39.2,1.750257,4.449269
64,39.6,1.007632,4.12774
64,40.0,0.762194,3.60882
65,0.0,3.902863,4.506959
65,0.4,3.423468,6.122116
65,0.8,2.022194,6.626315
65,1.2,0.390023,5.507134
65,1.6,0.465083,4.579915
65,2.0,0.610935,3.775201
65,2.4,0.848428,3.161628
65,2.8,1.220582,2.851608
65,3.2,1.681087,2.930594
65,3.6,2.048088,3.332252
65,4.0,2.153328,3.838177
65,4.4,1.929561,4.170015
65,4.8,1.42492,4.081376
65,5.2,1.002909,3.598252
65,5.6,1.043212,3.133801
65,6.0,1.351912,2.93338
65,6.4,1.737564,3.063775
65,6.8,2.014411,3.440229
65,7.2,2.046939,3.857886
65,7.6,1.793718,4.073703
65,8.0,1.344614,3.908438
65,8.4,1.054869,3.465444
65,8.8,1.147163,3.091402
65,9.2,1.455405,2.979798
65,9.6,1.799584,3.165854
65,10.0,2.007879,3.540009
65,10.4,1.972556,3.897064
65,10.8,1.679688,4.01615
65,11.2,1.267396,3.778013
65,11.6,1.084563,3.356584
65,12.0,1.233364,3.056605
65,12.4,1.54845,3.025282
65,12.8,1.855927,3.262099
65,13.2,2.000511,3.633171
65,13.6,1.900257,3.931412
65,14.0,1.571335,3.958033
65,14.4,1.204467,3.658836
65,14.8,1.118186,3.263733
65,15.2,1.316873,3.035101
65,15.6,1.634973,3.078831
65,16.0,1.902917,3.35851
65,16.4,1.984095,3.718778
65,16.8,1.821746,3.952725
65,17.2,1.466767,3.888863
65,17.6,1.160719,3.544964
65,18.0,1.161842,3.185867
65,18.4,1.40156,3.029542
65,18.8,1.714917,3.143094
65,19.2,1.938085,3.455666
65,19.6,1.955069,3.79438
65,20.0,1.734734,3.956368
65,20.4,1.369134,3.806213
65,20.8,1.138505,3.436909
65,21.2,1.216631,3.123935
65,21.6,1.487535,3.04122
65,22.0,1.786767,3.218063
65,22.4,1.959479,3.551896
65,22.8,1.911788,3.856857
65,23.2,1.639885,3.93947
65,23.6,1.283826,3.711677
65,24.0,1.137954,3.337132
65,24.4,1.281768,3.079362
65,24.8,1.573244,3.070399
65,25.2,1.8485,3.302237
65,25.6,1.965587,3.644392
65,26.0,1.853805,3.902928
65,26.4,1.540052,3.900767
65,26.8,1.216522,3.609263
65,27.2,1.157584,3.248509
65,27.6,1.355524,3.053422
65,28.0,1.656314,3.116418
65,28.4,1.898047,3.393131
65,28.8,1.955358,3.729744
65,29.2,1.781707,3.929525
65,29.6,1.440028,3.840819
65,30.0,1.171439,3.504149
65,30.4,1.195047,3.173777
65,30.8,1.435553,3.046914
65,31.2,1.734023,3.177768
65,31.6,1.933531,3.487578
65,32.0,1.92824,3.804269
65,32.4,1.697182,3.934157
65,32.8,1.346164,3.762209
65,33.2,1.150302,3.40162
65,33.6,1.247652,3.115318
65,34.0,1.519066,3.059973
65,34.4,1.803603,3.252183
65,34.8,1.95341,3.581947
65,35.2,1.884243,3.864267
65,35.6,1.603204,3.915311
65,36.0,1.265462,3.669433
65,36.4,1.152434,3.306407
65,36.8,1.31257,3.075027
65,37.2,1.602975,3.091977
65,37.6,1.86246,3.336758
65,38.0,1.956548,3.672318
65,38.4,1.824032,3.906261
65,38.8,1.504243,3.872881
65,39.2,1.204098,3.568303
65,39.6,1.175583,3.222466
65,40.0,1.386845,3.0542
66,0.0,4.203537,7.562092
66,0.4,2.636687,8.280713
66,0.8,0.373264,7.263728
66,1.2,0.330102,6.365437
66,1.6,0.387387,5.535678
66,2.0,0.465499,4.761944
66,2.4,0.575736,4.067291
66,2.8,0.735798,3.487625
66,3.2,0.966688,3.07448
66,3.6,1.270922,2.882194
66,4.0,1.598547,2.928092
66,4.4,1.860929,3.161589
66,4.8,1.987839,3.480356
66,5.2,1.95383,3.766276
66,5.6,1.774801,3.915119
66,6.0,1.511379,3.867308
66,6.4,1.281768,3.650286
66,6.8,1.203255,3.381797
66,7.2,1.281907,3.18071
66,7.6,1.45053,3.108649
66,8.0,1.634449,3.172046
66,8.4,1.769515,3.331671
66,8.8,1.815531,3.520441
66,9.2,1.763103,3.666198
66,9.6,1.634158,3.714076
66,10.0,1.481102,3.648237
66,10.4,1.372987,3.504364
66,10.8,1.355054,3.351626
66,11.2,1.421343,3.252238
66,11.6,1.532359,3.236804
66,12.0,1.641012,3.30092
66,12.4,1.708699,3.412549
66,12.8,1.714945,3.525758
66,13.2,1.661337,3.596881
66,13.6,1.571004,3.599995
66,14.0,1.48257,3.538036
66,14.4,1.433958,3.442041
66,14.8,1.4419,3.354692
66,15.2,1.495916,3.309461
66,15.6,1.569014,3.318913
66,16.0,1.63153,3.373703
66,16.4,1.66142,3.448805
66,16.8,1.650234,3.513735
66,17.2,1.604868,3.543766
66,17.6,1.545176,3.529243
66,18.0,1.496559,3.479421
66,18.4,1.478403,3.41767
66,18.8,1.495068,3.369906
66,19.2,1.535921,3.353402
66,19.6,1.58239,3.371318
66,20.0,1.616229,3.413452
66,20.4,1.625798,3.461431
66,20.8,1.609351,3.496097
66,21.2,1.575092,3.504752
66,21.6,1.537908,3.485916
66,22.0,1.513151,3.44944
66,22.4,1.509829,3.411552
66,22.8,1.527135,3.38741
66,23.2,1.556068,3.385114
66,23.6,1.584207,3.403453
66,24.0,1.600819,3.43343
66,24.4,1.600521,3.462374
66,24.8,1.584762,3.479004
66,25.2,1.5609,3.477709
66,25.6,1.539093,3.460468
66,26.0,1.52796,3.435545
66,26.4,1.531009,3.413552
66,26.8,1.545647,3.40289
66,27.2,1.564976,3.406667
66,27.6,1.581025,3.422076
66,28.0,1.587874,3.442072
66,28.4,1.583645,3.458429
66,28.8,1.570885,3.465
66,29.2,1.555318,3.459991
66,29.6,1.543382,3.446376
66,30.0,1.539538,3.430322
66,30.4,1.544577,3.418404
66,30.8,1.555666,3.414934
66,31.2,1.567882,3.420499
66,31.6,1.576352,3.432107
66,32.0,1.578105,3.444678
66,32.4,1.573025,3.453189
66,32.8,1.563673,3.45462
66,33.2,1.554108,3.449007
66,33.6,1.54815,3.439185
66,34.0,1.547851,3.429417
66,34.4,1.552815,3.423553
66,34.8,1.560597,3.423548
66,35.2,1.567886,3.428876
66,35.6,1.571871,3.436973
66,36.0,1.57128,3.444416
66,36.4,1.566735,3.448328
66,36.8,1.560362,3.447467
66,37.2,1.554839,3.442585
66,37.6,1.552282,3.435966
66,38.0,1.553442,3.43038
66,38.4,1.557524,3.427935
66,38.8,1.562655,3.429314
66,39.2,1.566726,3.433634
66,39.6,1.568232,3.438937
66,40.0,1.566805,3.44305
67,0.0,2.013533,7.540455
67,0.4,0.865184,6.641177
67,0.8,0.660677,5.596443
67,1.2,0.894574,4.762247
67,1.6,1.358499,4.224501
67,2.0,2.120084,4.181769
67,2.4,2.970826,4.696452
67,2.8,3.620886,5.623491
67,3.2,3.941235,6.741341
67,3.6,3.906593,7.82233
67,4.0,3.507603,8.637459
67,4.4,2.664362,8.91058
67,4.8,1.001644,8.12946
67,5.2,0.474333,6.893274
67,5.6,0.595739,5.871972
67,6.0,0.803433,4.982513
67,6.4,1.190139,4.337628
67,6.8,1.872598,4.132641
67,7.2,2.732831,4.492551
67,7.6,3.462897,5.321264
67,8.0,3.885273,6.407846
67,8.4,3.954871,7.523736
67,8.8,3.665296,8.44225
67,9.2,2.970594,8.910689
67,9.6,1.603221,8.515579
67,10.0,0.457296,7.212982
67,10.4,0.553172,6.162138
67,10.8,0.729304,5.225856
67,11.2,1.049253,4.491665
67,11.6,1.640712,4.135752
67,12.0,2.480091,4.32995
67,12.4,3.275298,5.040124
67,12.8,3.79694,6.074548
67,13.2,3.971356,7.205317
67,13.6,3.788921,8.205978
67,14.0,3.224993,8.837859
67,14.4,2.115047,8.763849
67,14.8,0.496124,7.552069
67,15.2,0.516374,6.461724
67,15.6,0.667108,5.486084
67,16.0,0.932762,4.678272
67,16.4,1.432977,4.188411
67,16.8,2.222562,4.213137
67,17.2,3.062835,4.787271
67,17.6,3.678093,5.749565
67,18.0,3.956963,6.875646
67,18.4,3.880127,7.938174
67,18.8,3.435343,8.706221
67,19.2,2.523896,8.890198
67,19.6,0.781166,7.953547
67,20.0,0.484926,6.769565
67,20.4,0.614382,5.760338
67,20.8,0.836649,4.891849
67,21.2,1.253234,4.287094
67,21.6,1.969326,4.145423
67,22.0,2.829524,4.568408
67,22.4,3.529487,5.43877
67,22.8,3.911667,6.540451
67,23.2,3.93985,7.645096
67,23.6,3.607223,8.525391
67,24.0,2.856179,8.920684
67,24.4,1.369698,8.378365
67,24.8,0.461441,7.085454
67,25.2,0.569234,6.046367
67,25.6,0.756989,5.127577
67,26.0,1.101756,4.426625
67,26.4,1.729714,4.128479
67,26.8,2.580922,4.388906
67,27.2,3.352515,5.14807
67,27.6,3.835487,6.205475
67,28.0,3.968537,7.332701
67,28.4,3.744057,8.303394
67,28.8,3.130219,8.874247
67,29.2,1.926767,8.682023
67,29.6,0.466813,7.414044
67,30.0,0.530266,6.342399
67,30.4,0.69041,5.381519
67,30.8,0.976093,4.601076
67,31.2,1.511784,4.16188
67,31.6,2.324252,4.253545
67,32.0,3.149468,4.883355
67,32.4,3.728626,5.87651
67,32.8,3.966336,7.006788
67,33.2,3.847916,8.04727
67,33.6,3.357138,8.764563
67,34.0,2.372949,8.853051
67,34.4,0.620934,7.7845
67,34.8,0.496664,6.647083
67,35.2,0.6342,5.650535
67,35.6,0.872423,4.804628
67,36.0,1.320766,4.242936
67,36.4,2.068191,4.166143
67,36.8,2.923814,4.650407
67,37.2,3.591644,5.559409
67,37.6,3.933245,6.67309
67,38.0,3.919994,7.763445
67,38.4,3.5437,8.602125
67,38.8,2.732763,8.918744
67,39.2,1.125847,8.219881
67,39.6,0.469242,6.959687
67,40.0,0.586254,5.93215
68,0.0,3.289722,6.795911
68,0.4,0.62637,6.495476
68,0.8,0.305577,5.654727
68,1.2,0.357006,4.931513
68,1.6,0.426274,4.256055
68,2.0,0.522622,3.646816
68,2.4,0.660642,3.132255
68,2.8,0.859327,2.754348
68,3.2,1.126955,2.563018
68,3.6,1.424294,2.584794
68,4.0,1.655493,2.779211
68,4.4,1.726458,3.034933
68,4.8,1.601193,3.210484
68,5.2,1.33688,3.198251
68,5.6,1.117605,3.015726
68,6.0,1.096455,2.807202
68,6.4,1.225935,2.689612
68,6.8,1.406358,2.702846
68,7.2,1.549406,2.823552
68,7.6,1.589326,2.979695
68,8.0,1.506628,3.082106
68,8.4,1.347644,3.070606
68,8.8,1.218784,2.95986
68,9.2,1.201763,2.830248
68,9.6,1.28335,2.756957
68,10.0,1.402046,2.769882
68,10.4,1.494118,2.852421
68,10.8,1.514611,2.954292
68,11.2,1.454697,3.016522
68,11.6,1.3511,3.004003
68,12.0,1.271337,2.930051
68,12.4,1.262754,2.845734
68,12.8,1.318686,2.799899
68,13.2,1.398853,2.812406
68,13.6,1.458586,2.870375
68,14.0,1.467778,2.938101
68,14.4,1.423726,2.976222
68,14.8,1.354546,2.964141
68,15.2,1.304262,2.913223
68,15.6,1.301335,2.857477
68,16.0,1.340877,2.828994
68,16.4,1.395456,2.84033
68,16.8,1.434104,2.881291
68,17.2,1.437056,2.926513
68,17.6,1.404777,2.949766
68,18.0,1.358204,2.939056
68,18.4,1.326351,2.903636
68,18.8,1.326593,2.866598
68,19.2,1.354831,2.849112
68,19.6,1.392015,2.858835
68,20.0,1.416848,2.887738
68,20.4,1.416598,2.917903
68,20.8,1.39313,2.93193
68,21.2,1.361719,2.922951
68,21.6,1.341574,2.898252
68,22.0,1.343347,2.873646
68,22.4,1.363542,2.86309
68,22.8,1.388812,2.871088
68,23.2,1.404626,2.891401
68,23.6,1.402927,2.911458
68,24.0,1.386005,2.919778
68,24.4,1.36484,2.912533
68,24.8,1.352169,2.895329
68,25.2,1.354502,2.879021
68,25.6,1.36891,2.872789
68,26.0,1.38602,2.879163
68,26.4,1.395987,2.893371
68,26.8,1.393804,2.906652
68,27.2,1.381695,2.911471
68,27.6,1.367466,2.905786
68,28.0,1.359561,2.893834
68,28.4,1.361926,2.883065
68,28.8,1.372164,2.879493
68,29.2,1.383699,2.884451
68,29.6,1.389907,2.894342
68,30.0,1.387735,2.903093
68,30.4,1.379128,2.905793
68,30.8,1.369591,2.901425
68,31.2,1.364714,2.893149
68,31.6,1.366852,2.88607
68,32.0,1.374094,2.884107
68,32.4,1.381836,2.887891
68,32.8,1.38565,2.894743
68,33.2,1.383715,2.900481
68,33.6,1.377634,2.901919
68,34.0,1.371264,2.898619
68,34.4,1.368297,2.892908
68,34.8,1.370109,2.888279
68,35.2,1.375207,2.887268
68,35.6,1.38038,2.890111
68,36.0,1.382683,2.894836
68,36.4,1.381063,2.898578
68,36.8,1.376791,2.899283
68,37.2,1.372553,2.896823
68,37.6,1.370779,2.892897
68,38.0,1.372253,2.889887
68,38.4,1.375824,2.889423
68,38.8,1.379264,2.891532
68,39.2,1.380627,2.894777
68,39.6,1.379323,2.897202
68,40.0,1.376337,2.897494
69,0.0,2.968613,7.597561
69,0.4,0.858201,7.088354
69,0.8,0.395603,6.015821
69,1.2,0.485968,5.12283
69,1.6,0.624729,4.323501
69,2.0,0.853545,3.677746
69,2.4,1.242324,3.294198
69,2.8,1.81043,3.304476
69,3.2,2.390359,3.729493
69,3.6,2.754914,4.42002
69,4.0,2.77648,5.134746
69,4.4,2.391348,5.592458
69,4.8,1.51406,5.456405
69,5.2,0.672166,4.64512
69,5.6,0.755005,3.919002
69,6.0,1.062357,3.413022
69,6.4,1.563308,3.25017
69,6.8,2.166397,3.513979
69,7.2,2.639644,4.119861
69,7.6,2.810553,4.854603
69,8.0,2.599838,5.452252
69,8.4,1.937634,5.60396
69,8.8,0.874532,4.997676
69,9.2,0.681402,4.19103
69,9.6,0.915797,3.585029
69,10.0,1.337702,3.266485
69,10.4,1.923753,3.357033
69,10.8,2.477049,3.844795
69,11.2,2.783944,4.557303
69,11.6,2.734794,5.244709
69,12.0,2.267486,5.618906
69,12.4,1.300569,5.334388
69,12.8,0.653902,4.493358
69,13.2,0.799721,3.80379
69,13.6,1.142017,3.35185
69,14.0,1.675711,3.267426
69,14.4,2.272543,3.607527
69,14.8,2.698278,4.256317
69,15.2,2.801581,4.986495
69,15.6,2.512315,5.525445
69,16.0,1.753063,5.552234
69,16.4,0.748894,4.82978
69,16.8,0.711773,4.060465
69,17.2,0.980059,3.498532
69,17.6,1.439549,3.249991
69,18.0,2.038491,3.422248
69,18.4,2.558578,3.969131
69,18.8,2.803905,4.697292
69,19.2,2.680673,5.34889
69,19.6,2.125002,5.627047
69,20.0,1.085364,5.187084
69,20.4,0.658261,4.348757
69,20.8,0.850217,3.696681
69,21.2,1.229037,3.30391
69,21.6,1.790782,3.30035
69,22.0,2.372315,3.712384
69,22.4,2.745253,4.39584
69,22.8,2.778702,5.111791
69,23.2,2.408267,5.580786
69,23.6,1.549738,5.469052
69,24.0,0.680498,4.668337
69,24.4,0.749197,3.936682
69,24.8,1.051312,3.423192
69,25.2,1.547061,3.24905
69,25.6,2.150239,3.501271
69,26.0,2.62996,4.100092
69,26.4,2.810629,4.834636
69,26.8,2.611323,5.439968
69,27.2,1.963157,5.608913
69,27.6,0.898146,5.022491
69,28.0,0.677657,4.210773
69,28.4,0.906921,3.598625
69,28.8,1.323269,3.270197
69,29.2,1.90674,3.348668
69,29.6,2.464264,3.827172
69,30.0,2.779914,4.536611
69,30.4,2.741493,5.228416
69,30.8,2.286852,5.61566
69,31.2,1.332917,5.353879
69,31.6,0.655053,4.515209
69,32.0,0.792806,3.820244
69,32.4,1.129848,3.360044
69,32.8,1.658978,3.263909
69,33.2,2.257298,3.593037
69,33.6,2.690367,4.236021
69,34.0,2.803758,4.967465
69,34.4,2.526197,5.515737
69,34.8,1.781431,5.561761
69,35.2,0.76358,4.854169
69,35.6,0.706834,4.079243
69,36.0,0.970184,3.510571
69,36.4,1.424197,3.25145
69,36.8,2.02177,3.411773
69,37.2,2.547208,3.9504
69,37.6,2.801792,4.676836
69,38.0,2.689571,5.334346
69,38.4,2.147139,5.62743
69,38.8,1.115934,5.210134
69,39.2,0.656502,4.369586
69,39.6,0.842412,3.711879
69,40.0,1.215786,3.310085
70,0.0,1.350836,7.94718
70,0.4,0.434809,6.477851
70,0.8,0.544174,5.363607
70,1.2,0.737895,4.412172
70,1.6,1.069346,3.7355
70,2.0,1.580021,3.487871
70,2.4,2.157724,3.726106
70,2.8,2.602026,4.323618
70,3.2,2.796602,5.061122
70,3.6,2.713467,5.707727
70,4.0,2.362511,6.046553
70,4.4,1.774992,5.886645
70,4.8,1.13496,5.179085
70,5.2,0.955123,4.338151
70,5.6,1.209348,3.759879
70,6.0,1.68508,3.594914
70,6.4,2.208181,3.870426
70,6.8,2.592337,4.454578
70,7.2,2.738014,5.139524
70,7.6,2.62216,5.708412
70,8.0,2.25656,5.958998
70,8.4,1.684387,5.724182
70,8.8,1.125144,5.010866
70,9.2,1.017697,4.231651
70,9.6,1.299242,3.729591
70,10.0,1.780346,3.6441
70,10.4,2.277147,3.974978
70,10.8,2.616908,4.575739
70,11.2,2.71628,5.238938
70,11.6,2.559668,5.753339
70,12.0,2.162583,5.924477
70,12.4,1.582294,5.603677
70,12.8,1.087301,4.859349
70,13.2,1.059544,4.12419
70,13.6,1.381009,3.693331
70,14.0,1.873496,3.686417
70,14.4,2.347903,4.074492
70,14.8,2.645966,4.695843
70,15.2,2.699462,5.341475
70,15.6,2.500001,5.803654
70,16.0,2.067384,5.894083
70,16.4,1.477791,5.484654
70,16.8,1.053341,4.713374
70,17.2,1.102319,4.022624
70,17.6,1.463972,3.664012
70,18.0,1.965559,3.734736
70,18.4,2.415563,4.177208
70,18.8,2.671498,4.816196
70,19.2,2.679058,5.44137
70,19.6,2.436285,5.84805
70,20.0,1.967926,5.8542
70,20.4,1.375916,5.357903
70,20.8,1.031834,4.572027
70,21.2,1.151553,3.930227
70,21.6,1.550241,3.646335
70,22.0,2.055845,3.79287
70,22.4,2.477887,4.28493
70,22.8,2.690585,4.936131
70,23.2,2.652187,5.535585
70,23.6,2.366358,5.881753
70,24.0,1.863963,5.799885
70,24.4,1.281231,5.222437
70,24.8,1.024909,4.436487
70,25.2,1.208508,3.848947
70,25.6,1.639714,3.642112
70,26.0,2.143292,3.86161
70,26.4,2.533664,4.397429
70,26.8,2.702051,5.054468
70,27.2,2.617829,5.622121
70,27.6,2.289611,5.902279
70,28.0,1.756356,5.729338
70,28.4,1.197935,5.08026
70,28.8,1.03222,4.308154
70,29.2,1.273096,3.780081
70,29.6,1.731521,3.65191
70,30.0,2.226846,3.940583
70,30.4,2.582176,4.513784
70,30.8,2.70542,5.169927
70,31.2,2.575666,5.699455
70,31.6,2.206035,5.908097
70,32.0,1.646654,5.642244
70,32.4,1.129463,4.934469
70,32.8,1.052555,4.188281
70,33.2,1.344749,3.724552
70,33.6,1.824517,3.675672
70,34.0,2.305572,4.028939
70,34.4,2.622972,4.632828
70,34.8,2.700511,5.281237
70,35.2,2.52566,5.766298
70,35.6,2.115907,5.898137
70,36.0,1.537038,5.539258
70,36.4,1.078009,4.788304
70,36.8,1.084556,4.077975
70,37.2,1.422675,3.683013
70,37.6,1.917476,3.712986
70,38.0,2.378664,4.125611
70,38.4,2.65576,4.753319
70,38.8,2.687285,5.387158
70,39.2,2.467895,5.82149
70,39.6,2.019711,5.871614
70,40.0,1.430339,5.421878
71,0.0,2.334551,9.390199
71,0.4,0.287408,8.220793
71,0.8,0.328834,7.291486
71,1.2,0.384389,6.395524
71,1.6,0.461365,5.54542
71,2.0,0.57462,4.762393
71,2.4,0.755296,4.08553
71,2.8,1.069831,3.592384
71,3.2,1.611442,3.420027
71,3.6,2.330239,3.691105
71,4.0,2.959193,4.36281
71,4.4,3.274844,5.242828
71,4.8,3.172796,6.075236
71,5.2,2.553876,6.551455
71,5.6,1.092718,6.183009
71,6.0,0.500296,5.263065
71,6.4,0.627821,4.510694
71,6.8,0.84522,3.886394
71,7.2,1.230273,3.487303
71,7.6,1.854032,3.462347
71,8.0,2.575002,3.888261
71,8.4,3.112297,4.659214
71,8.8,3.290284,5.553663
71,9.2,3.023586,6.301031
71,9.6,2.16717,6.554541
71,10.0,0.593327,5.821441
71,10.4,0.536288,4.988839
71,10.8,0.690947,4.274145
71,11.2,0.955374,3.71415
71,11.6,1.422322,3.428607
71,12.0,2.110033,3.561807
71,12.4,2.795876,4.128608
71,12.8,3.220569,4.971076
71,13.2,3.251652,5.847007
71,13.6,2.805502,6.468624
71,14.0,1.648004,6.424734
71,14.4,0.488399,5.50855
71,14.8,0.581821,4.726038
71,15.2,0.766957,4.055974
71,15.6,1.090648,3.575002
71,16.0,1.644438,3.422545
71,16.4,2.365834,3.716046
71,16.8,2.983357,4.403341
71,17.2,3.280193,5.287336
71,17.6,3.155577,6.110032
71,18.0,2.505918,6.558566
71,18.4,1.000462,6.13306
71,18.8,0.504559,5.223646
71,19.2,0.636069,4.476289
71,19.6,0.859445,3.860297
71,20.0,1.25547,3.476035
71,20.4,1.889685,3.472951
71,20.8,2.607903,3.919785
71,21.2,3.130414,4.702586
71,21.6,3.288175,5.596453
71,22.0,2.997174,6.328641
71,22.4,2.102732,6.545167
71,22.8,0.560447,5.773886
71,23.2,0.542216,4.950994
71,23.6,0.70083,4.242124
71,24.0,0.972848,3.692328
71,24.4,1.451979,3.424438
71,24.8,2.146508,3.580368
71,25.2,2.824575,4.165553
71,25.6,3.232018,5.01575
71,26.0,3.241654,5.886314
71,26.4,2.768506,6.486551
71,26.8,1.56222,6.393441
71,27.2,0.487701,5.467311
71,27.6,0.588929,4.689912
71,28.0,0.77893,4.026857
71,28.4,1.112057,3.558413
71,28.8,1.677909,3.426191
71,29.2,2.40116,3.741979
71,29.6,3.006719,4.444368
71,30.0,3.284517,5.331713
71,30.4,3.13712,6.143957
71,30.8,2.455911,6.563641
71,31.2,0.912225,6.08151
71,31.6,0.50916,5.184454
71,32.0,0.644525,4.442194
71,32.4,0.874086,3.834752
71,32.8,1.281306,3.465714
71,33.2,1.925573,3.484699
71,33.6,2.640293,3.95215
71,34.0,3.147621,4.746236
71,34.4,3.284979,5.63886
71,34.8,2.969369,6.355045
71,35.2,2.035536,6.53304
71,35.6,0.535676,5.727727
71,36.0,0.548313,4.913378
71,36.4,0.710979,4.210478
71,36.8,0.990838,3.671184
71,37.2,1.482232,3.421338
71,37.6,2.182938,3.600015
71,38.0,2.852581,4.20316
71,38.4,3.242486,5.060481
71,38.8,3.230501,5.92498
71,39.2,2.729851,6.502875
71,39.6,1.473502,6.358699
71,40.0,0.48842,5.426468
72,0.0,2.25776,4.94567
72,0.4,2.418021,5.241024
72,0.8,2.458401,5.564441
72,1.2,2.343096,5.796502
72,1.6,2.067697,5.815733
72,2.0,1.677582,5.533993
72,2.4,1.343139,4.989626
72,2.8,1.316188,4.427502
72,3.2,1.628748,4.118131
72,3.6,2.144561,4.213138
72,4.0,2.65042,4.69816
72,4.4,2.964795,5.417199
72,4.8,2.99996,6.153376
72,5.2,2.72314,6.671338
72,5.6,2.101049,6.714101
72,6.0,1.137613,6.013616
72,6.4,0.735373,4.956932
72,6.8,0.971928,4.154965
72,7.2,1.481772,3.745681
72,7.6,2.194751,3.887349
72,8.0,2.849875,4.532127
72,8.4,3.233037,5.458741
72,8.8,3.267794,6.398091
72,9.2,2.933888,7.073978
72,9.6,2.182166,7.17776
72,10.0,0.956917,6.335785
72,10.4,0.634681,5.195923
72,10.8,0.866541,4.321466
72,11.2,1.318878,3.78923
72,11.6,2.00659,3.785188
72,12.0,2.708558,4.323115
72,12.4,3.17549,5.209416
72,12.8,3.30221,6.178272
72,13.2,3.063072,6.954076
72,13.6,2.424695,7.241216
72,14.0,1.278304,6.658999
72,14.4,0.611442,5.466224
72,14.8,0.786323,4.527257
72,15.2,1.173256,3.885091
72,15.6,1.810512,3.729201
72,16.0,2.538001,4.136545
72,16.4,3.082959,4.955474
72,16.8,3.303828,5.929255
72,17.2,3.162999,6.783422
72,17.6,2.63737,7.232087
72,18.0,1.632375,6.920977
72,18.4,0.633389,5.75563
72,18.8,0.719561,4.753193
72,19.2,1.04683,4.015905
72,19.6,1.621362,3.71431
72,20.0,2.353522,3.979324
72,20.4,2.967015,4.712345
72,20.8,3.27992,5.671716
72,21.2,3.236278,6.58446
72,21.6,2.81718,7.170478
72,22.0,1.954423,7.102501
72,22.4,0.751034,6.072118
72,22.8,0.665462,4.996314
72,23.2,0.938736,4.177443
72,23.6,1.444692,3.74076
72,24.0,2.159845,3.855648
72,24.4,2.829267,4.485194
72,24.8,3.230821,5.410907
72,25.2,3.283463,6.362777
72,25.6,2.966725,7.063847
72,26.0,2.234657,7.207247
72,26.4,1.010167,6.410398
72,26.8,0.626158,5.25487
72,27.2,0.84721,4.365517
72,27.6,1.284595,3.807356
72,28.0,1.962439,3.769079
72,28.4,2.671859,4.279013
72,28.8,3.156944,5.15193
72,29.2,3.304862,6.123616
72,29.6,3.087829,6.918731
72,30.0,2.475321,7.244248
72,30.4,1.358688,6.724306
72,30.8,0.611196,5.529161
72,31.2,0.77026,4.576231
72,31.6,1.143284,3.911501
72,32.0,1.767333,3.722266
72,32.4,2.497738,4.098627
72,32.8,3.058974,4.899896
72,33.2,3.300678,5.872125
72,33.6,3.1817,6.741114
72,34.0,2.680391,7.222565
72,34.4,1.707999,6.968672
72,34.8,0.649042,5.82386
72,35.2,0.70633,4.80623
72,35.6,1.021081,4.049563
72,36.0,1.580539,3.71666
72,36.4,2.310765,3.948573
72,36.8,2.937996,4.659905
72,37.2,3.271101,5.613409
72,37.6,3.2491,6.536599
72,38.0,2.853225,7.150267
72,38.4,2.02081,7.132334
72,38.8,0.796729,6.146987
72,39.2,0.655204,5.052912
72,39.6,0.91687,4.217402
72,40.0,1.407287,3.752257
73,0.0,2.533279,8.378114
73,0.4,1.014259,7.377436
73,0.8,0.560073,5.871562
73,1.2,0.789322,4.722887
73,1.6,1.252788,3.974834
73,2.0,2.010779,3.896867
73,2.4,2.801666,4.522375
73,2.8,3.319029,5.587124
73,3.2,3.448421,6.741821
73,3.6,3.171266,7.635979
73,4.0,2.457512,7.899695
73,4.4,1.197676,7.060608
73,4.8,0.621708,5.607999
73,5.2,0.867604,4.521513
73,5.6,1.395135,3.897149
73,6.0,2.190503,3.980119
73,6.4,2.9409,4.726451
73,6.8,3.37914,5.838912
73,7.2,3.42195,6.965851
73,7.6,3.056324,7.756986
73,8.0,2.236502,7.828185
73,8.4,0.916657,6.72286
73,8.8,0.652166,5.346448
73,9.2,0.954417,4.337972
73,9.6,1.551173,3.850761
73,10.0,2.368666,4.093139
73,10.4,3.066777,4.947407
73,10.8,3.422556,6.092766
73,11.2,3.378017,7.176986
73,11.6,2.921409,7.848195
73,12.0,1.985978,7.701759
73,12.4,0.722435,6.384076
73,12.8,0.696624,5.098738
73,13.2,1.055263,4.178482
73,13.6,1.719019,3.839928
73,14.0,2.540469,4.23528
73,14.4,3.176118,5.181954
73,14.8,3.447221,6.343764
73,15.2,3.315108,7.369083
73,15.6,2.764884,7.902125
73,16.0,1.705358,7.511844
73,16.4,0.633384,6.070769
73,16.8,0.752384,4.865771
73,17.2,1.171358,4.04636
73,17.6,1.895168,3.864843
73,18.0,2.702698,4.403529
73,18.4,3.267989,5.426514
73,18.8,3.453053,6.588395
73,19.2,3.233009,7.538498
73,19.6,2.585295,7.913928
73,20.0,1.399282,7.255398
73,20.4,0.614173,5.782161
73,20.8,0.819118,4.649411
73,21.2,1.303229,3.944732
73,21.6,2.075523,3.924665
73,22.0,2.852738,4.594603
73,22.4,3.341776,5.677512
73,22.8,3.440032,6.823182
73,23.2,3.131374,7.681503
73,23.6,2.380714,7.878252
73,24.0,1.090566,6.940533
73,24.4,0.630962,5.511242
73,24.8,0.897682,4.45216
73,25.2,1.450373,3.876226
73,25.6,2.255842,4.017713
73,26.0,2.988537,4.805062
73,26.4,3.39709,5.931393
73,26.8,3.408141,7.044648
73,27.2,3.00965,7.794187
73,27.6,2.148794,7.789145
73,28.0,0.833206,6.597593
73,28.4,0.666932,5.254676
73,28.8,0.989418,4.276969
73,29.2,1.611056,3.842668
73,29.6,2.432108,4.141648
73,30.0,3.10854,5.031379
73,30.4,3.433709,6.184627
73,30.8,3.357329,7.24929
73,31.2,2.867014,7.872383
73,31.6,1.8873,7.640271
73,32.0,0.679215,6.266757
73,32.4,0.715662,5.012167
73,32.8,1.095702,4.127061
73,33.2,1.782371,3.844881
73,33.6,2.600767,4.293657
73,34.0,3.211612,5.269985
73,34.4,3.451525,6.433711
73,34.8,3.287466,7.433556
73,35.2,2.702288,7.911565
73,35.6,1.596289,7.426154
73,36.0,0.620479,5.9633
73,36.4,0.775371,4.78499
73,36.8,1.217525,4.005694
73,37.2,1.960542,3.882646
73,37.6,2.758832,4.470602
73,38.0,3.29696,5.517301
73,38.4,3.450497,6.675162
73,38.8,3.198307,7.593799
73,39.2,2.513852,7.90674
73,39.6,1.285081,7.146524
73,40.0,0.617317,5.681783
74,0.0,2.917478,6.258157
74,0.4,1.196148,6.128551
74,0.8,0.385164,5.31705
74,1.2,0.447934,4.675212
74,1.6,0.53759,4.0866
74,2.0,0.663746,3.571902
74,2.4,0.845717,3.16384
74,2.8,1.10386,2.907895
74,3.2,1.432209,2.848106
74,3.6,1.765514,2.990735
74,4.0,2.003619,3.279889
74,4.4,2.06924,3.611499
74,4.8,1.928519,3.861183
74,5.2,1.593229,3.91063
74,5.6,1.182897,3.706045
74,6.0,0.982983,3.36848
74,6.4,1.059644,3.080989
74,6.8,1.284321,2.931365
74,7.2,1.570278,2.955162
74,7.6,1.829067,3.137284
74,8.0,1.975104,3.410182
74,8.4,1.954926,3.673508
74,8.8,1.755781,3.819002
74,9.2,1.4232,3.763163
74,9.6,1.124692,3.518219
74,10.0,1.055855,3.226804
74,10.4,1.188712,3.018495
74,10.8,1.427003,2.955252
74,11.2,1.687788,3.050925
74,11.6,1.884682,3.267808
74,12.0,1.949411,3.526255
74,12.4,1.849601,3.726838
74,12.8,1.596801,3.776109
74,13.2,1.281569,3.631144
74,13.6,1.095324,3.365356
74,14.0,1.129096,3.119835
74,14.4,1.310781,2.98593
74,14.8,1.556939,3.001779
74,15.2,1.78437,3.156879
74,15.6,1.915347,3.393444
74,16.0,1.900227,3.623251
74,16.4,1.727677,3.75086
74,16.8,1.440932,3.704685
74,17.2,1.179785,3.493969
74,17.6,1.107163,3.234704
74,18.0,1.219431,3.044933
74,18.4,1.435102,2.986638
74,18.8,1.67415,3.07416
74,19.2,1.855201,3.273201
74,19.6,1.914192,3.510208
74,20.0,1.820852,3.693063
74,20.4,1.587853,3.73628
74,20.8,1.300692,3.602544
74,21.2,1.128469,3.357597
74,21.6,1.156463,3.128914
74,22.0,1.3262,3.004355
74,22.4,1.558468,3.02122
74,22.8,1.772762,3.169362
74,23.2,1.894889,3.393541
74,23.6,1.877686,3.609603
74,24.0,1.711439,3.727096
74,24.4,1.440018,3.679916
74,24.8,1.19585,3.478989
74,25.2,1.127983,3.232737
74,25.6,1.235914,3.053011
74,26.0,1.443819,3.000047
74,26.4,1.673438,3.087221
74,26.8,1.845749,3.280592
74,27.2,1.899146,3.508491
74,27.6,1.805143,3.681743
74,28.0,1.578006,3.718732
74,28.4,1.303042,3.586136
74,28.8,1.140998,3.348971
74,29.2,1.170771,3.129115
74,29.6,1.337524,3.011448
74,30.0,1.564093,3.031787
74,30.4,1.771278,3.179104
74,30.8,1.886876,3.398478
74,31.2,1.865587,3.607218
74,31.6,1.699334,3.717282
74,32.0,1.43371,3.666019
74,32.4,1.199592,3.467233
74,32.8,1.138147,3.227304
74,33.2,1.247039,3.054378
74,33.6,1.452592,3.00677
74,34.0,1.677394,3.096412
74,34.4,1.8437,3.28861
74,34.8,1.891632,3.512006
74,35.2,1.794328,3.678708
74,35.6,1.567883,3.709434
74,36.0,1.299279,3.574305
74,36.4,1.145698,3.33999
74,36.8,1.179867,3.125745
74,37.2,1.347162,3.013951
74,37.6,1.571367,3.038751
74,38.0,1.773912,3.187737
74,38.4,1.883939,3.4054
74,38.8,1.857728,3.609428
74,39.2,1.688861,3.713126
74,39.6,1.425182,3.656506
74,40.0,1.198336,3.456767
75,0.0,1.473914,9.103202
75,0.4,0.346133,7.535471
75,0.8,0.430933,6.29999
75,1.2,0.567645,5.16765
75,1.6,0.817633,4.221357
75,2.0,1.327969,3.653777
75,2.4,2.196257,3.761305
75,2.8,3.07837,4.5934
75,3.2,3.57328,5.844647
75,3.6,3.516931,7.076974
75,4.0,2.788735,7.773783
75,4.4,0.904064,7.080656
75,4.8,0.485215,5.767866
75,5.2,0.66124,4.705325
75,5.6,1.005634,3.897988
75,6.0,1.689476,3.605563
75,6.4,2.626836,4.063693
75,6.8,3.365837,5.136616
75,7.2,3.621203,6.437038
75,7.6,3.281699,7.498054
75,8.0,2.128013,7.710376
75,8.4,0.448882,6.412516
75,8.8,0.552385,5.26213
75,9.2,0.787906,4.293817
75,9.6,1.26729,3.680795
75,10.0,2.111222,3.720115
75,10.4,3.011962,4.496919
75,10.8,3.55036,5.727817
75,11.2,3.546439,6.980984
75,11.6,2.887474,7.750722
75,12.0,1.118668,7.226105
75,12.4,0.474384,5.869515
75,12.8,0.640879,4.791669
75,13.2,0.963964,3.953534
75,13.6,1.613339,3.602467
75,14.0,2.545424,3.993747
75,14.4,3.317611,5.026031
75,14.8,3.621257,6.324298
75,15.2,3.338846,7.427331
75,15.6,2.279842,7.750338
75,16.0,0.4642,6.52522
75,16.4,0.537856,5.357918
75,16.8,0.760024,4.368936
75,17.2,1.20989,3.713085
75,17.6,2.026659,3.684987
75,18.0,2.942515,4.404072
75,18.4,3.523145,5.611195
75,18.8,3.570961,6.881338
75,19.2,2.978374,7.718278
75,19.6,1.340492,7.358856
75,20.0,0.464471,5.972214
75,20.4,0.621659,4.879796
75,20.8,0.924945,4.012829
75,21.2,1.539837,3.605513
75,21.6,2.462567,3.928992
75,22.0,3.265581,4.917568
75,22.4,3.616741,6.210079
75,22.8,3.390292,7.350798
75,23.2,2.419149,7.775715
75,23.6,0.501048,6.643883
75,24.0,0.524065,5.454953
75,24.4,0.733851,4.446543
75,24.8,1.155743,3.750413
75,25.2,1.942964,3.656016
75,25.6,2.87023,4.315135
75,26.0,3.491693,5.495096
75,26.4,3.590586,6.778407
75,26.8,3.061954,7.677157
75,27.2,1.55419,7.473513
75,27.6,0.455804,6.076007
75,28.0,0.603493,4.969598
75,28.4,0.888416,4.075638
75,28.8,1.469199,3.614591
75,29.2,2.378604,3.869638
75,29.6,3.209861,4.81153
75,30.0,3.607708,6.094715
75,30.4,3.436223,7.268911
75,30.8,2.547172,7.787777
75,31.2,0.574026,6.771748
75,31.6,0.510979,5.553174
75,32.0,0.709259,4.526478
75,32.4,1.104783,3.792532
75,32.8,1.860527,3.633268
75,33.2,2.795331,4.230377
75,33.6,3.456071,5.379836
75,34.0,3.60539,6.672557
75,34.4,3.138648,7.628007
75,34.8,1.753377,7.568619
75,35.2,0.449043,6.181023
75,35.6,0.586306,5.060977
75,36.0,0.854215,4.141736
75,36.4,1.401609,3.629562
75,36.8,2.293894,3.815878
75,37.2,3.150583,4.708215
75,37.6,3.594207,5.978537
75,38.0,3.476797,7.182104
75,38.4,2.66498,7.787652
75,38.8,0.697843,6.911025
75,39.2,0.498581,5.652526
75,39.6,0.686127,4.608592
75,40.0,1.056914,3.839189
76,0.0,3.744385,4.073816
76,0.4,3.322422,4.999629
76,0.8,2.227367,5.45622
76,1.2,0.427632,5.037183
76,1.6,0.403412,4.560906
76,2.0,0.460116,4.119082
76,2.4,0.53304,3.710216
76,2.8,0.628977,3.344585
76,3.2,0.758057,3.037011
76,3.6,0.933418,2.80836
76,4.0,1.165031,2.684696
76,4.4,1.441198,2.688447
76,4.8,1.709508,2.819667
76,5.2,1.889296,3.040917
76,5.6,1.906833,3.279081
76,6.0,1.715893,3.438088
76,6.4,1.326616,3.421804
76,6.8,0.957642,3.219032
76,7.2,0.896004,2.973296
76,7.6,1.025944,2.786882
76,8.0,1.242332,2.699395
76,8.4,1.498975,2.731179
76,8.8,1.733094,2.875249
76,9.2,1.867748,3.088538
76,9.6,1.839062,3.296948
76,10.0,1.613744,3.409135
76,10.4,1.234534,3.346927
76,10.8,0.950561,3.13606
76,11.2,0.943735,2.912639
76,11.6,1.092834,2.757041
76,12.0,1.317562,2.704506
76,12.4,1.567577,2.769087
76,12.8,1.774363,2.934165
76,13.2,1.863984,3.148021
76,13.6,1.781374,3.331955
76,14.0,1.508346,3.396412
76,14.4,1.134059,3.283888
76,14.8,0.935569,3.061659
76,15.2,0.985064,2.857112
76,15.6,1.159006,2.731837
76,16.0,1.394434,2.715083
76,16.4,1.636438,2.812753
76,16.8,1.812539,2.997578
76,17.2,1.853186,3.208909
76,17.6,1.712802,3.363437
76,18.0,1.393819,3.375369
76,18.4,1.046149,3.216843
76,18.8,0.935179,2.991523
76,19.2,1.032221,2.80848
76,19.6,1.229138,2.715371
76,20.0,1.472282,2.735079
76,20.4,1.700792,2.864026
76,20.8,1.840456,3.064036
76,21.2,1.827792,3.266178
76,21.6,1.628259,3.383759
76,22.0,1.274638,3.339669
76,22.4,0.982358,3.145533
76,22.8,0.951612,2.926351
76,23.2,1.087146,2.76835
76,23.6,1.303458,2.709472
76,24.0,1.549087,2.76547
76,24.4,1.757166,2.922284
76,24.8,1.854346,3.131142
76,25.2,1.784726,3.315935
76,25.6,1.527683,3.388715
76,26.0,1.160515,3.288976
76,26.4,0.946766,3.073038
76,26.8,0.982669,2.867565
76,27.2,1.149433,2.737989
76,27.6,1.380785,2.714954
76,28.0,1.622399,2.805963
76,28.4,1.802745,2.985901
76,28.8,1.851865,3.196144
76,29.2,1.72282,3.354796
76,29.6,1.41424,3.375982
76,30.0,1.063244,3.226332
76,30.4,0.937277,3.002491
76,30.8,1.02569,2.816518
76,31.2,1.218039,2.718345
76,31.6,1.459319,2.731998
76,32.0,1.689667,2.855557
76,32.4,1.835179,3.052747
76,32.8,1.831457,3.256141
76,33.2,1.642174,3.379773
76,33.6,1.2944,3.345014
76,34.0,0.992289,3.15647
76,34.4,0.949068,2.936311
76,34.8,1.078514,2.77439
76,35.2,1.291636,2.710067
76,35.6,1.536908,2.760303
76,36.0,1.748389,2.912764
76,36.4,1.852505,3.120378
76,36.8,1.792137,3.308182
76,37.2,1.544259,3.388375
76,37.6,1.17805,3.297316
76,38.0,0.951136,3.084152
76,38.4,0.977356,2.876306
76,38.8,1.139465,2.742184
76,39.2,1.368632,2.713504
76,39.6,1.611185,2.799138
76,40.0,1.796212,2.975724
77,0.0,2.834192,6.653885
77,0.4,3.329682,7.098751
77,0.8,3.738057,7.76608
77,1.2,3.968266,8.55294
77,1.6,3.972558,9.333394
77,2.0,3.718562,9.966227
77,2.4,3.142966,10.277485
77,2.8,2.000916,9.965687
77,3.2,0.459546,8.677724
77,3.6,0.517476,7.571509
77,4.0,0.653477,6.546788
77,4.4,0.89251,5.65233
77,4.8,1.377935,5.022563
77,5.2,2.28819,4.902177
77,5.6,3.414911,5.421303
77,6.0,4.360131,6.457401
77,6.4,4.95202,7.801048
77,6.8,5.171023,9.245695
77,7.2,5.038768,10.601793
77,7.6,4.561061,11.684299
77,8.0,3.663672,12.268874
77,8.4,1.861812,11.884862
77,8.8,0.343028,10.405999
77,9.2,0.395766,9.24012
77,9.6,0.469077,8.114541
77,10.0,0.57713,7.048108
77,10.4,0.753969,6.078226
77,10.8,1.090044,5.291212
77,11.2,1.779453,4.883738
77,11.6,2.852536,5.085041
77,12.0,3.925682,5.886711
77,12.4,4.702951,7.103169
77,12.8,5.106782,8.521944
77,13.2,5.147641,9.945259
77,13.6,4.844974,11.188693
77,14.0,4.177017,12.056716
77,14.4,2.958245,12.256769
77,14.8,0.420603,11.027357
77,15.2,0.36716,9.819584
77,15.6,0.429198,8.672159
77,16.0,0.517258,7.572963
77,16.4,0.653237,6.548125
77,16.8,0.892061,5.653423
77,17.2,1.376994,5.023139
77,17.6,2.286687,4.901898
77,18.0,3.413419,5.42019
77,18.4,4.35906,6.455716
77,18.8,4.951466,7.799087
77,19.2,5.170969,9.243728
77,19.6,5.039184,10.600073
77,20.0,4.561972,11.683091
77,20.4,3.665303,12.268561
77,20.8,1.865763,11.886623
77,21.2,0.342972,10.407626
77,21.6,0.395681,9.241699
77,22.0,0.468957,8.116054
77,22.4,0.576946,7.04952
77,22.8,0.753648,6.079463
77,23.2,1.089393,5.292094
77,23.6,1.778187,4.883914
77,24.0,2.850961,5.08432
77,24.4,3.924373,5.885274
77,24.8,4.702136,7.10131
77,25.2,5.106482,8.519947
77,25.6,5.147822,9.943384
77,26.0,4.845627,11.187192
77,26.4,4.178232,12.05589
77,26.8,2.960573,12.257201
77,27.2,0.421948,11.029368
77,27.6,0.367087,9.821188
77,28.0,0.429098,8.673707
77,28.4,0.517111,7.574431
77,28.8,0.652999,6.549464
77,29.2,0.891611,5.654516
77,29.6,1.376053,5.023717
77,30.0,2.285183,4.901621
77,30.4,3.411926,5.419077
77,30.8,4.357987,6.454032
77,31.2,4.950911,7.797125
77,31.6,5.170913,9.24176
77,32.0,5.039599,10.598352
77,32.4,4.562882,11.681882
77,32.8,3.666931,12.268246
77,33.2,1.869711,11.888381
77,33.6,0.342916,10.409253
77,34.0,0.395596,9.243277
77,34.4,0.468837,8.117567
77,34.8,0.576762,7.050932
77,35.2,0.753328,6.0807
77,35.6,1.088741,5.292977
77,36.0,1.776923,4.88409
77,36.4,2.849386,5.0836
77,36.8,3.923064,5.883839
77,37.2,4.701321,7.099452
77,37.6,5.106181,8.51795
77,38.0,5.148004,9.941508
77,38.4,4.846279,11.185691
77,38.8,4.179446,12.055063
77,39.2,2.962898,12.257631
77,39.6,0.42331,11.031384
77,40.0,0.367015,9.822791
78,0.0,1.442354,9.982208
78,0.4,0.278905,8.496229
78,0.8,0.327864,7.355035
78,1.2,0.396325,6.264537
78,1.6,0.497974,5.248965
78,2.0,0.661492,4.353188
78,2.4,0.94839,3.666665
78,2.8,1.448698,3.349754
78,3.2,2.119748,3.547186
78,3.6,2.697183,4.197786
78,4.0,2.958715,5.056956
78,4.4,2.809929,5.81162
78,4.8,2.18363,6.105647
78,5.2,1.012485,5.515298
78,5.6,0.644081,4.530415
78,6.0,0.876704,3.788553
78,6.4,1.324631,3.378833
78,6.8,1.975644,3.464235
78,7.2,2.595099,4.034457
78,7.6,2.933702,4.872869
78,8.0,2.876129,5.67576
78,8.4,2.359763,6.099317
78,8.8,1.27931,5.721057
78,9.2,0.628472,4.713931
78,9.6,0.812197,3.921542
78,10.0,1.21118,3.427615
78,10.4,1.832361,3.402342
78,10.8,2.483033,3.88441
78,11.2,2.893538,4.690463
78,11.6,2.923623,5.52761
78,12.0,2.509638,6.06148
78,12.4,1.549527,5.887304
78,12.8,0.639563,4.907925
78,13.2,0.756062,4.067009
78,13.6,1.108453,3.49721
78,14.0,1.690626,3.36333
78,14.4,2.359994,3.748761
78,14.8,2.836641,4.509554
78,15.2,2.952026,5.366576
78,15.6,2.636083,5.993501
78,16.0,1.800951,6.005668
78,16.4,0.701054,5.115117
78,16.8,0.70802,4.223598
78,17.2,1.016536,3.586003
78,17.6,1.553274,3.347807
78,18.0,2.228013,3.629822
78,18.4,2.763717,4.332937
78,18.8,2.961776,5.195719
78,19.2,2.740471,5.899378
78,19.6,2.025269,6.076809
78,20.0,0.842091,5.335951
78,20.4,0.668545,4.390195
78,20.8,0.935028,3.692183
78,21.2,1.422833,3.355811
78,21.6,2.089508,3.529696
78,22.0,2.675703,4.163396
78,22.4,2.953305,5.018083
78,22.8,2.823864,5.782866
78,23.2,2.22163,6.104775
78,23.6,1.066024,5.558356
78,24.0,0.63985,4.56613
78,24.4,0.863241,3.813918
78,24.8,1.301285,3.386824
78,25.2,1.9472,3.450192
78,25.6,2.573783,4.003638
78,26.0,2.927062,4.83665
78,26.4,2.887082,5.647486
78,26.8,2.391455,6.094366
78,27.2,1.333583,5.757639
78,27.6,0.627973,4.751528
78,28.0,0.800404,3.949465
78,28.4,1.189928,3.439818
78,28.8,1.804016,3.392752
78,29.2,2.459428,3.856268
78,29.6,2.883558,4.654351
78,30.0,2.930765,5.496578
78,30.4,2.536548,6.050256
78,30.8,1.601359,5.914667
78,31.2,0.646799,4.947901
78,31.6,0.745884,4.097242
78,32.0,1.089358,3.513362
78,32.4,1.662931,3.358372
78,32.8,2.334439,3.723756
78,33.2,2.823416,4.47407
78,33.6,2.955431,5.33335
78,34.0,2.658517,5.976777
78,34.4,1.847714,6.023439
78,34.8,0.721972,5.157992
78,35.2,0.699467,4.255895
78,35.6,0.99955,3.605752
78,36.0,1.526764,3.347533
78,36.4,2.20096,3.608392
78,36.8,2.747415,4.298639
78,37.2,2.961531,5.160908
78,37.6,2.758662,5.87792
78,38.0,2.066433,6.085643
78,38.4,0.880705,5.380662
78,38.8,0.661874,4.42438
78,39.2,0.920032,3.715163
78,39.6,1.397951,3.360162
78,40.0,2.061476,3.512225
79,0.0,1.425678,9.994628
79,0.4,0.242042,8.825269
79,0.8,0.271602,7.934656
79,1.2,0.308888,7.067169
79,1.6,0.35723,6.229606
79,2.0,0.422113,5.432109
79,2.4,0.513103,4.690615
79,2.8,0.647848,4.031718
79,3.2,0.859184,3.501957
79,3.6,1.196271,3.179107
79,4.0,1.672597,3.154952
79,4.4,2.173833,3.453848
79,4.8,2.520273,3.980523
79,5.2,2.591243,4.559844
79,5.6,2.325972,4.980177
79,6.0,1.672137,4.998976
79,6.4,0.836014,4.457654
79,6.8,0.742176,3.831186
79,7.2,0.968307,3.366398
79,7.6,1.351423,3.139798
79,8.0,1.851367,3.230041
79,8.4,2.314077,3.620689
79,8.8,2.572903,4.183364
79,9.2,2.532997,4.72855
79,9.6,2.141592,5.036015
79,10.0,1.358815,4.857912
79,10.4,0.729755,4.218651
79,10.8,0.804955,3.644724
79,11.2,1.086907,3.253761
79,11.6,1.521728,3.134053
79,12.0,2.029867,3.339499
79,12.4,2.435573,3.810087
79,12.8,2.595582,4.38982
79,13.2,2.436418,4.877007
79,13.6,1.907031,5.040528
79,14.0,1.040684,4.65188
79,14.4,0.716032,3.997022
79,14.8,0.887595,3.480496
79,15.2,1.225372,3.1754
79,15.6,1.702561,3.170384
79,16.0,2.195185,3.483304
79,16.4,2.525639,4.013809
79,16.8,2.578026,4.585165
79,17.2,2.293356,4.985377
79,17.6,1.620601,4.971878
79,18.0,0.813291,4.410736
79,18.4,0.753651,3.794147
79,18.8,0.989761,3.342725
79,19.2,1.382876,3.135784
79,19.6,1.885907,3.248247
79,20.0,2.339182,3.65537
79,20.4,2.579908,4.222995
79,20.8,2.517768,4.759108
79,21.2,2.100775,5.041561
79,21.6,1.295932,4.823106
79,22.0,0.721367,4.174752
79,22.4,0.819289,3.61142
79,22.8,1.111889,3.235944
79,23.2,1.55578,3.137738
79,23.6,2.062829,3.364557
79,24.0,2.455415,3.848272
79,24.4,2.595414,4.428417
79,24.8,2.412697,4.901235
79,25.2,1.856058,5.033382
79,25.6,0.987199,4.606877
79,26.0,0.72032,3.956681
79,26.4,0.905657,3.451914
79,26.8,1.25415,3.164699
79,27.2,1.737767,3.182152
79,27.6,2.224647,3.514299
79,28.0,2.538913,4.053746
79,28.4,2.569849,4.620465
79,28.8,2.260382,5.000553
79,29.2,1.560459,4.949573
79,29.6,0.785814,4.364358
79,30.0,0.764424,3.757499
79,30.4,1.011597,3.319721
79,30.8,1.414974,3.132882
79,31.2,1.920583,3.267686
79,31.6,2.363776,3.690963
79,32.0,2.585959,4.262939
79,32.4,2.501174,4.789135
79,32.8,2.057978,5.045354
79,33.2,1.232869,4.785974
79,33.6,0.715943,4.131522
79,34.0,0.834315,3.578942
79,34.4,1.137605,3.219407
79,34.8,1.590181,3.14297
79,35.2,2.095257,3.390842
79,35.6,2.474079,3.886935
79,36.0,2.59376,4.466554
79,36.4,2.387253,4.923932
79,36.8,1.803161,5.023473
79,37.2,0.937883,4.560936
79,37.6,0.72617,3.917026
79,38.0,0.924431,3.424332
79,38.4,1.283618,3.155449
79,38.8,1.773007,3.195436
79,39.2,2.253273,3.546287
79,39.6,2.550847,4.093823
79,40.0,2.560091,4.654911
