id,t,x0,x1
0,0.0,2.629732,6.444636
0,0.4,1.027849,6.047921
0,0.8,1.828148,5.862895
0,1.2,0.64031,5.062165
0,1.6,1.438753,4.565852
0,2.0,0.915026,4.025412
0,2.4,0.927525,3.491273
0,2.8,1.20558,3.162728
0,3.2,1.626121,3.12925
0,3.6,2.054358,3.399472
0,4.0,2.331419,3.86817
0,4.4,2.357993,4.359175
0,4.8,2.095166,4.670777
0,5.2,1.552018,4.605441
0,5.6,0.979119,4.116271
0,6.0,0.911089,3.567816
0,6.4,1.152462,3.201494
0,6.8,1.554028,3.11726
0,7.2,1.98968,3.341405
0,7.6,2.298059,3.786081
0,8.0,2.368469,4.283784
0,8.4,2.1543,4.635898
0,8.8,1.65405,4.642056
0,9.2,1.049023,4.207782
0,9.6,0.896156,3.647063
0,10.0,1.101164,3.244019
0,10.4,1.483222,3.110049
0,10.8,1.924025,3.287473
0,11.2,2.261963,3.706201
0,11.6,2.374996,4.207879
0,12.0,2.208031,4.596803
0,12.4,1.751118,4.670619
0,12.8,1.130106,4.298614
0,13.2,0.88588,3.730242
0,13.6,1.05277,3.292113
0,14.0,1.413771,3.109457
0,14.4,1.856381,3.238822
0,14.8,2.221394,3.628445
0,15.2,2.375865,4.130156
0,15.6,2.255408,4.551498
0,16.0,1.842885,4.689013
0,16.4,1.221328,4.385435
0,16.8,0.883953,3.816777
0,17.2,1.009113,3.346302
0,17.6,1.346964,3.116866
0,18.0,1.78721,3.197183
0,18.4,2.175754,3.554125
0,18.8,2.369827,4.051041
0,19.2,2.295051,4.499436
0,19.6,1.927745,4.695653
0,20.0,1.319437,4.464078
0,20.4,0.894825,3.905572
0,20.8,0.972021,3.406667
0,21.2,1.283991,3.133104
0,21.6,1.717184,3.163877
0,22.0,2.124861,3.484438
0,22.4,2.356128,3.971187
0,22.8,2.326075,4.440635
0,23.2,2.004606,4.689867
0,23.6,1.420845,4.531362
0,24.0,0.921915,3.995703
0,24.4,0.942236,3.472966
0,24.8,1.225158,3.158048
0,25.2,1.646749,3.139097
0,25.6,2.068961,3.419755
0,26.0,2.334898,3.891045
0,26.4,2.348706,4.375702
0,26.8,2.073572,4.672378
0,27.2,1.522731,4.58626
0,27.6,0.966441,4.086765
0,28.0,0.919064,3.544841
0,28.4,1.169859,3.190825
0,28.8,1.576066,3.122087
0,29.2,2.008636,3.359738
0,29.6,2.306995,3.810866
0,30.0,2.364041,4.305647
0,30.4,2.135607,4.644918
0,30.8,1.623293,4.629524
0,31.2,1.027698,4.17856
0,31.6,0.901237,3.621912
0,32.0,1.117332,3.230457
0,32.4,1.505376,3.112033
0,32.8,1.944645,3.304124
0,33.2,2.273393,3.731068
0,33.6,2.373139,4.231624
0,34.0,2.191538,4.609247
0,34.4,1.721142,4.662195
0,34.8,1.103756,4.2701
0,35.2,0.888622,3.703651
0,35.6,1.067685,3.276396
0,36.0,1.435451,3.108927
0,36.4,1.87785,3.253535
0,36.8,2.234625,3.652642
0,37.2,2.376198,4.154768
0,37.6,2.241189,4.566383
0,38.0,1.81463,4.684309
0,38.4,1.191735,4.358702
0,38.8,0.883446,3.789197
0,39.2,1.022266,3.328563
0,39.6,1.367662,3.113621
0,40.0,1.809133,3.209472
1,0.0,4.771426,8.671531
1,0.4,4.132986,10.223621
1,0.8,2.784252,10.686883
1,1.2,1.865536,9.652767
1,1.6,1.316997,8.225688
1,2.0,1.42547,7.294779
1,2.4,0.754984,5.940189
1,2.8,0.947175,4.849742
1,3.2,1.391727,4.179116
1,3.6,2.209088,4.192871
1,4.0,3.061228,4.91875
1,4.4,3.618483,6.093775
1,4.8,3.761366,7.369697
1,5.2,3.463343,8.389528
1,5.6,2.661199,8.753103
1,6.0,1.085779,7.831047
1,6.4,1.498134,7.132051
1,6.8,0.709954,5.794482
1,7.2,0.931374,4.716465
1,7.6,1.454058,4.101398
1,8.0,2.318512,4.208059
1,8.4,3.164008,5.019223
1,8.8,3.682442,6.245237
1,9.2,3.774886,7.530384
1,9.6,3.419181,8.513023
1,10.0,2.536546,8.776029
1,10.4,0.922742,7.678283
1,10.8,1.685869,7.151186
1,11.2,0.773573,5.894213
1,11.6,0.944939,4.80953
1,12.0,1.41226,4.15695
1,12.4,2.243349,4.199723
1,12.8,3.092649,4.951653
1,13.2,3.63722,6.141565
1,13.6,3.764108,7.419149
1,14.0,3.448196,8.426253
1,14.4,2.621758,8.757962
1,14.8,1.024773,7.777156
1,15.2,1.572034,7.157379
1,15.6,0.715711,5.834733
1,16.0,0.932121,4.751079
1,16.4,1.435325,4.119667
1,16.8,2.288616,4.200998
1,17.2,3.13729,4.990068
1,17.6,3.666851,6.203728
1,18.0,3.773085,7.487896
1,18.4,3.432937,8.48205
1,18.8,2.572224,8.773802
1,19.2,0.956537,7.719707
1,19.6,1.654979,7.173243
1,20.0,0.74742,5.887632
1,20.4,0.941262,4.801246
1,20.8,1.414174,4.150647
1,21.2,2.24893,4.198211
1,21.6,3.098881,4.955359
1,22.0,3.641943,6.149095
1,22.4,3.766337,7.428406
1,22.8,3.447303,8.434712
1,23.2,2.616349,8.762059
1,23.6,1.015257,7.771712
1,24.0,1.585324,7.165063
1,24.4,0.718055,5.845569
1,24.8,0.932892,4.760701
1,25.2,1.43055,4.125067
1,25.6,2.280566,4.199567
1,26.0,3.129879,4.982495
1,26.4,3.662351,6.192575
1,26.8,3.772293,7.47623
1,27.2,3.436362,8.473267
1,27.6,2.581571,8.772553
1,28.0,0.967233,7.73088
1,28.4,1.643659,7.175798
1,28.8,0.740505,5.882497
1,29.2,0.939713,4.795906
1,29.6,1.416004,4.147032
1,30.0,2.252893,4.197982
1,30.4,3.102943,4.958516
1,30.8,3.644758,6.154516
1,31.2,3.767349,7.434595
1,31.6,3.446164,8.439926
1,32.0,2.612167,8.763893
1,32.4,1.008733,7.766894
1,32.8,1.593802,7.168321
1,33.2,0.720227,5.851562
1,33.6,0.933624,4.766186
1,34.0,1.42804,4.128305
1,34.4,2.276112,4.199021
1,34.8,3.125671,4.978454
1,35.2,3.659707,6.18643
1,35.6,3.771691,7.469661
1,36.0,3.438112,8.468173
1,36.4,2.58663,8.771543
1,36.8,0.973435,7.736866
1,37.2,1.636721,7.176207
1,37.6,0.736823,5.878784
1,38.0,0.938763,4.79218
1,38.4,1.41738,4.14458
1,38.8,2.255722,4.197943
1,39.2,3.105791,4.960851
1,39.6,3.646686,6.158394
1,40.0,3.767988,7.438949
2,0.0,2.277461,8.237701
2,0.4,1.192485,7.20004
2,0.8,1.355174,6.5005
2,1.2,0.791851,5.393131
2,1.6,0.941546,4.476261
2,2.0,1.373245,3.921787
2,2.4,2.166515,3.967598
2,2.8,3.008228,4.664546
2,3.2,3.553647,5.781929
2,3.6,3.658637,6.981894
2,4.0,3.266164,7.893467
2,4.4,2.217476,8.043515
2,4.8,1.072717,6.978416
2,5.2,1.408383,6.357389
2,5.6,0.728964,5.254477
2,6.0,0.935541,4.352451
2,6.4,1.447386,3.855026
2,6.8,2.291499,3.996961
2,7.2,3.12366,4.783164
2,7.6,3.620747,5.951938
2,8.0,3.661694,7.15484
2,8.4,3.190768,8.011619
2,8.8,2.006855,8.011767
2,9.2,0.711199,6.733526
2,9.6,1.874659,6.297774
2,10.0,1.054141,5.52078
2,10.4,0.91515,4.594055
2,10.8,1.284061,3.97218
2,11.2,2.0359,3.917954
2,11.6,2.896234,4.528143
2,12.0,3.498441,5.60314
2,12.4,3.672396,6.812948
2,12.8,3.358101,7.792039
2,13.2,2.430704,8.09547
2,13.6,0.979766,7.130169
2,14.0,1.656478,6.757221
2,14.4,0.674058,5.610671
2,14.8,0.996136,4.677768
2,15.2,1.286765,4.054999
2,15.6,1.981819,3.959349
2,16.0,2.815956,4.507451
2,16.4,3.425798,5.526771
2,16.8,3.62703,6.701935
2,17.2,3.353191,7.676516
2,17.6,2.4919,8.022701
2,18.0,0.91004,7.102677
2,18.4,1.750783,6.795958
2,18.8,0.71019,5.687534
2,19.2,1.069049,4.778051
2,19.6,1.276224,4.145644
2,20.0,1.907332,3.993099
2,20.4,2.716023,4.463885
2,20.8,3.342489,5.419241
2,21.2,3.583501,6.561027
2,21.6,3.364004,7.542708
2,22.0,2.585938,7.955753
2,22.4,0.964298,7.151284
2,22.8,1.700755,6.816101
2,23.2,0.679118,5.672718
2,23.6,1.047813,4.752612
2,24.0,1.27678,4.120975
2,24.4,1.925186,3.982059
2,24.8,2.741825,4.472798
2,25.2,3.365109,5.44553
2,25.6,3.596469,6.597242
2,26.0,3.363282,7.578638
2,26.4,2.564269,7.976321
2,26.8,0.936773,7.138243
2,27.2,1.737126,6.828545
2,27.6,0.694488,5.701084
2,28.0,1.078944,4.791934
2,28.4,1.274766,4.158275
2,28.8,1.896907,3.997776
2,29.2,2.701902,4.457639
2,29.6,3.330708,5.403942
2,30.0,3.577426,6.541059
2,30.4,3.365674,7.523856
2,30.8,2.599162,7.946338
2,31.2,0.98329,7.162167
2,31.6,1.675437,6.808249
2,32.0,0.670398,5.655043
2,32.4,1.027289,4.728256
2,32.8,1.277358,4.097476
2,33.2,1.942199,3.971554
2,33.6,2.766262,4.481193
2,34.0,3.3865,5.470347
2,34.4,3.608776,6.631487
2,34.8,3.362685,7.612674
2,35.2,2.543717,7.995814
2,35.6,0.918753,7.128735
2,36.0,1.758469,6.832493
2,36.4,0.705559,5.716515
2,36.8,1.094389,4.813551
2,37.2,1.272598,4.178051
2,37.6,1.880678,4.005177
2,38.0,2.679764,4.447915
2,38.4,3.312186,5.379984
2,38.8,3.567857,6.50975
2,39.2,3.368253,7.494274
2,39.6,2.619734,7.931445
2,40.0,1.017186,7.180426
3,0.0,2.28613,5.924227
3,0.4,1.938946,5.85184
3,0.8,1.47299,5.48645
3,1.2,1.124908,4.895435
3,1.6,1.168782,4.339985
3,2.0,1.541102,4.026682
3,2.4,2.136197,4.089689
3,2.8,2.757591,4.54311
3,3.2,3.205992,5.271593
3,3.6,3.380676,6.100673
3,4.0,3.24637,6.839391
3,4.4,2.770289,7.280151
3,4.8,1.833469,7.146206
3,5.2,0.705517,6.211088
3,5.6,1.442915,5.588113
3,6.0,1.035713,4.937681
3,6.4,1.087274,4.331406
3,6.8,1.470879,3.975658
3,7.2,2.088619,4.009587
3,7.6,2.745625,4.456552
3,8.0,3.228971,5.200401
3,8.4,3.431275,6.061549
3,8.8,3.317545,6.844538
3,9.2,2.858622,7.339656
3,9.6,1.941518,7.272045
3,10.0,0.747384,6.366055
3,10.4,1.551096,5.796161
3,10.8,1.017231,5.132838
3,11.2,0.98671,4.458489
3,11.6,1.313394,4.004682
3,12.0,1.900087,3.920318
3,12.4,2.589139,4.270043
3,12.8,3.147227,4.965256
3,13.2,3.436505,5.832156
3,13.6,3.410589,6.674515
3,14.0,3.046768,7.286335
3,14.4,2.267354,7.417721
3,14.8,0.930745,6.699034
3,15.2,1.507941,6.144778
3,15.6,0.806651,5.331021
3,16.0,0.8748,4.57832
3,16.4,1.175448,4.040601
3,16.8,1.73527,3.853664
3,17.2,2.446813,4.114722
3,17.6,3.068795,4.762963
3,18.0,3.433931,5.63056
3,18.4,3.482799,6.519347
3,18.8,3.195188,7.223566
3,19.2,2.515691,7.506991
3,19.6,1.238608,7.00524
3,20.0,1.257141,6.246898
3,20.4,0.753112,5.359788
3,20.8,0.86367,4.599423
3,21.2,1.1586,4.051316
3,21.6,1.711924,3.849825
3,22.0,2.423702,4.096388
3,22.4,3.053256,4.735156
3,22.8,3.42893,5.599975
3,23.2,3.488848,6.49279
3,23.6,3.212741,7.208002
3,24.0,2.548004,7.51125
3,24.4,1.291081,7.043177
3,24.8,1.184916,6.238639
3,25.2,0.810757,5.370875
3,25.6,0.871468,4.6123
3,26.0,1.156416,4.062149
3,26.4,1.703025,3.854936
3,26.8,2.411333,4.093634
3,27.2,3.041893,4.72533
3,27.6,3.421321,5.585545
3,28.0,3.486269,6.476899
3,28.4,3.216125,7.194301
3,28.8,2.55953,7.504635
3,29.2,1.315689,7.052125
3,29.6,1.137181,6.222932
3,30.0,0.859635,5.37507
3,30.4,0.875066,4.618425
3,30.8,1.155325,4.067277
3,31.2,1.698759,3.857322
3,31.6,2.405428,4.092266
3,32.0,3.036482,4.720592
3,32.4,3.417722,5.578633
3,32.8,3.485084,6.469316
3,33.2,3.217788,7.187798
3,33.6,2.565069,7.501536
3,34.0,1.327505,7.056474
3,34.4,1.112965,6.215506
3,34.8,0.887429,5.379341
3,35.2,0.876519,4.623623
3,35.6,1.153519,4.071165
3,36.0,1.694566,3.858547
3,36.4,2.400232,4.0902
3,36.8,3.032091,4.715805
3,37.2,3.415159,5.572312
3,37.6,3.484755,6.462852
3,38.0,3.219985,7.182731
3,38.4,2.570608,7.499879
3,38.8,1.338351,7.061652
3,39.2,1.091204,6.210276
3,39.6,0.914421,5.385537
3,40.0,0.877667,4.630552
4,0.0,3.382381,4.167137
4,0.4,3.214728,5.264125
4,0.8,2.429568,5.868863
4,1.2,0.88236,5.445411
4,1.6,1.902986,5.341689
4,2.0,0.714627,4.729206
4,2.4,1.472132,4.313229
4,2.8,0.908986,3.854229
4,3.2,0.89575,3.365443
4,3.6,1.146574,3.05109
4,4.0,1.541714,2.997571
4,4.4,1.962469,3.227973
4,4.8,2.246358,3.656668
4,5.2,2.274943,4.115586
4,5.6,1.990044,4.397619
4,6.0,1.395924,4.292453
4,6.4,0.871145,3.802779
4,6.8,0.906476,3.322333
4,7.2,1.179289,3.029613
4,7.6,1.586258,3.005715
4,8.0,2.00245,3.263477
4,8.4,2.265714,3.706134
4,8.8,2.264211,4.159171
4,9.2,1.944459,4.41231
4,9.6,1.324709,4.259036
4,10.0,0.85048,3.751017
4,10.4,0.922167,3.282688
4,10.8,1.213652,3.012602
4,11.2,1.629797,3.017754
4,11.6,2.038941,3.300599
4,12.0,2.280518,3.754175
4,12.4,2.24922,4.198461
4,12.8,1.895984,4.420689
4,13.2,1.256561,4.22062
4,13.6,0.839409,3.701178
4,14.0,0.940688,3.246678
4,14.4,1.248476,2.999492
4,14.8,1.671611,3.032632
4,15.2,2.071936,3.338251
4,15.6,2.291445,3.800135
4,16.0,2.231083,4.233538
4,16.4,1.845979,4.423729
4,16.8,1.193057,4.179262
4,17.2,0.835896,3.654025
4,17.6,0.961421,3.214489
4,18.0,1.283285,2.990181
4,18.4,1.71123,3.049927
4,18.8,2.101221,3.375855
4,19.2,2.29859,3.843491
4,19.6,2.210173,4.264117
4,20.0,1.795187,4.42161
4,20.4,1.135413,4.136025
4,20.8,0.837977,3.609434
4,21.2,0.98391,3.185693
4,21.6,1.318056,2.984251
4,22.0,1.748855,3.069348
4,22.4,2.127188,3.413378
4,22.8,2.302347,3.884479
4,23.2,2.186718,4.290593
4,23.6,1.743679,4.414767
4,24.0,1.083637,4.091451
4,24.4,0.843666,3.566688
4,24.8,1.007865,3.159456
4,25.2,1.353145,2.981116
4,25.6,1.785204,3.090779
4,26.0,2.150661,3.451263
4,26.4,2.303283,3.923942
4,26.8,2.160751,4.31385
4,27.2,1.690897,4.403721
4,27.6,1.036906,4.045604
4,28.0,0.851474,3.524865
4,28.4,1.033236,3.134885
4,28.8,1.389129,2.980275
4,29.2,1.82118,3.114322
4,29.6,2.172525,3.490212
4,30.0,2.301874,3.962924
4,30.4,2.132051,4.334826
4,30.8,1.63591,4.388791
4,31.2,0.994291,3.998245
4,31.6,0.860558,3.483132
4,32.0,1.06016,3.11129
4,32.4,1.426627,2.981448
4,32.8,1.857587,3.140232
4,33.2,2.193471,3.530958
4,33.6,2.29838,4.002352
4,34.0,2.100212,4.354209
4,34.4,1.577724,4.369994
4,34.8,0.955265,3.949106
4,35.2,0.870604,3.440969
4,35.6,1.088834,3.088312
4,36.0,1.466084,2.98458
4,36.4,1.894936,3.168797
4,36.8,2.213865,3.574039
4,37.2,2.292838,4.042819
4,37.6,2.064779,4.3723
4,38.0,1.51566,4.347127
4,38.4,0.919967,3.898154
4,38.8,0.881692,3.398339
4,39.2,1.119381,3.066001
4,39.6,1.507602,2.989795
4,40.0,1.933246,3.200157
5,0.0,1.169085,5.72176
5,0.4,1.152807,4.906009
5,0.8,1.646484,4.451301
5,1.2,2.504852,4.611515
5,1.6,3.37379,5.392161
5,2.0,3.952946,6.573956
5,2.4,4.135251,7.87255
5,2.8,3.894896,8.994824
5,3.2,3.172242,9.612754
5,3.6,1.606126,9.171234
5,4.0,1.874271,8.248052
5,4.4,0.728592,6.97255
5,4.8,1.601793,6.225938
5,5.2,1.268021,5.494028
5,5.6,1.378615,4.841804
5,6.0,1.943262,4.596639
5,6.4,2.768951,4.944806
5,6.8,3.510077,5.818599
5,7.2,3.941334,6.988006
5,7.6,3.986566,8.179591
5,8.0,3.614427,9.105389
5,8.4,2.716598,9.410312
5,8.8,0.931762,8.445148
5,9.2,2.192034,8.404536
5,9.6,0.868309,7.301611
5,10.0,1.492693,6.604633
5,10.4,0.91876,5.608713
5,10.8,1.068372,4.739911
5,11.2,1.670391,4.30626
5,11.6,2.613496,4.546169
5,12.0,3.511338,5.425447
5,12.4,4.075681,6.693084
5,12.8,4.220501,8.050211
5,13.2,3.92868,9.19507
5,13.6,3.131998,9.785318
5,14.0,1.392942,9.202146
5,14.4,1.503623,8.599315
5,14.8,1.636697,7.634528
5,15.2,0.671382,6.383475
5,15.6,1.075293,5.406461
5,16.0,1.262403,4.674664
5,16.4,1.917815,4.413975
5,16.8,2.834297,4.811016
5,17.2,3.628977,5.770597
5,17.6,4.07573,7.034744
5,18.0,4.111179,8.31297
5,18.4,3.712044,9.306107
5,18.8,2.766283,9.645673
5,19.2,0.928767,8.657178
5,19.6,2.408588,8.771477
5,20.0,0.899628,7.732064
5,20.4,1.641793,7.228592
5,20.8,0.756395,6.089555
5,21.2,0.94383,5.096949
5,21.6,1.34394,4.43205
5,22.0,2.165994,4.350697
5,22.4,3.134097,4.96336
5,22.8,3.868702,6.090572
5,23.2,4.206717,7.443343
5,23.6,4.115048,8.72143
5,24.0,3.565486,9.611589
5,24.4,2.365892,9.680526
5,24.8,1.511043,8.609171
5,25.2,1.634986,7.636955
5,25.6,0.671049,6.384942
5,26.0,1.076373,5.408181
5,26.4,1.262224,4.676208
5,26.8,1.916603,4.414639
5,27.2,2.832611,4.810464
5,27.6,3.627497,5.769
5,28.0,4.074805,7.032514
5,28.4,4.110949,8.310596
5,28.8,3.712635,9.304152
5,29.2,2.768144,9.644988
5,29.6,0.928422,8.657986
5,30.0,2.410008,8.773209
5,30.4,0.899724,7.734395
5,30.8,1.643086,7.232246
5,31.2,0.755971,6.092723
5,31.6,0.94438,5.099955
5,32.0,1.342607,4.434041
5,32.4,2.163237,4.350699
5,32.8,3.131181,4.961274
5,33.2,3.866608,6.087038
5,33.6,4.205794,7.439185
5,34.0,4.115423,8.717566
5,34.4,3.567402,9.609069
5,34.8,2.370662,9.681208
5,35.2,1.516428,8.614203
5,35.6,1.631342,7.635629
5,36.0,0.670896,6.382936
5,36.4,1.074422,5.405601
5,36.8,1.262242,4.673726
5,37.2,1.918252,4.413357
5,37.6,2.835093,4.810977
5,38.0,3.62979,5.771135
5,38.4,4.076352,7.035717
5,38.8,4.111506,8.314157
5,39.2,3.711992,9.30726
5,39.6,2.765641,9.646387
5,40.0,0.928945,8.657279
6,0.0,1.622282,7.74
6,0.4,1.669581,7.004006
6,0.8,0.856766,5.947764
6,1.2,1.718232,5.566401
6,1.6,0.814401,4.79196
6,2.0,0.865703,4.026311
6,2.4,1.052629,3.471467
6,2.8,1.466234,3.246556
6,3.2,1.96985,3.418184
6,3.6,2.371198,3.904945
6,4.0,2.530803,4.513977
6,4.4,2.394422,5.014236
6,4.8,1.955085,5.172072
6,5.2,1.290635,4.804432
6,5.6,0.897997,4.103387
6,6.0,1.031881,3.528796
6,6.4,1.416799,3.264556
6,6.8,1.912022,3.39041
6,7.2,2.328306,3.843575
6,7.6,2.517076,4.442175
6,8.0,2.416103,4.959482
6,8.4,2.014498,5.163497
6,8.8,1.370682,4.860597
6,9.2,0.916475,4.175605
6,9.6,1.007822,3.579329
6,10.0,1.369929,3.278008
6,10.4,1.859664,3.362508
6,10.8,2.291174,3.786614
6,11.2,2.507386,4.37794
6,11.6,2.438252,4.912691
6,12.0,2.068931,5.159059
6,12.4,1.443266,4.914399
6,12.8,0.936966,4.247264
6,13.2,0.985445,3.630532
6,13.6,1.325079,3.293702
6,14.0,1.808331,3.337681
6,14.4,2.253666,3.732399
6,14.8,2.496219,4.315289
6,15.2,2.457866,4.865532
6,15.6,2.119687,5.151404
6,16.0,1.514114,4.96318
6,16.4,0.96365,4.319303
6,16.8,0.965843,3.684156
6,17.2,1.28198,3.313098
6,17.6,1.756939,3.316523
6,18.0,2.214363,3.680401
6,18.4,2.482392,4.25276
6,18.8,2.474464,4.81617
6,19.2,2.167331,5.139137
6,19.6,1.584317,5.006496
6,20.0,0.997585,4.392094
6,20.4,0.94895,3.740671
6,20.8,1.240277,3.336351
6,21.2,1.70513,3.29891
6,21.6,2.172953,3.630252
6,22.0,2.465787,4.189893
6,22.4,2.488229,4.764286
6,22.8,2.212345,5.122316
6,23.2,1.65402,5.0446
6,23.6,1.038843,4.465804
6,24.0,0.934478,3.800209
6,24.4,1.199697,3.363352
6,24.8,1.652806,3.284667
6,25.2,2.129427,3.581775
6,25.6,2.446501,4.126584
6,26.0,2.499382,4.709947
6,26.4,2.255019,5.101246
6,26.8,1.723078,5.077744
6,27.2,1.087124,4.540242
6,27.6,0.922379,3.862731
6,28.0,1.160234,3.394023
6,28.4,1.600133,3.273854
6,28.8,2.08391,3.535132
6,29.2,2.424591,4.063037
6,29.6,2.507947,4.653373
6,30.0,2.295334,5.076134
6,30.4,1.79107,5.105861
6,30.8,1.14186,4.614661
6,31.2,0.913086,3.927993
6,31.6,1.122257,3.428361
6,32.0,1.547555,3.266815
6,32.4,2.036657,3.490872
6,32.8,2.400034,3.999768
6,33.2,2.513702,4.594906
6,33.6,2.33293,5.047041
6,34.0,1.857318,5.128523
6,34.4,1.202162,4.687709
6,34.8,0.907581,3.995544
6,35.2,1.086445,3.466375
6,35.6,1.495731,3.264069
6,36.0,1.988014,3.449787
6,36.4,2.372771,3.937525
6,36.8,2.516274,4.534982
6,37.2,2.367239,5.013971
6,37.6,1.920997,5.14512
6,38.0,1.266843,4.757684
6,38.4,0.907198,4.064786
6,38.8,1.053582,3.508022
6,39.2,1.445369,3.266092
6,39.6,1.938383,3.412675
6,40.0,2.342761,3.877053
7,0.0,1.727731,4.473582
7,0.4,1.569657,4.292808
7,0.8,1.517472,4.066998
7,1.2,1.626171,3.918981
7,1.6,1.857126,3.944015
7,2.0,2.107167,4.159628
7,2.4,2.259417,4.494471
7,2.8,2.228412,4.812284
7,3.2,1.974723,4.946943
7,3.6,1.528775,4.749825
7,4.0,1.137323,4.240778
7,4.4,1.152283,3.730976
7,4.8,1.502929,3.484135
7,5.2,2.024693,3.629914
7,5.6,2.492906,4.133892
7,6.0,2.714544,4.811871
7,6.4,2.590554,5.406606
7,6.8,2.06127,5.620685
7,7.2,1.127332,5.13733
7,7.6,0.814953,4.321574
7,8.0,0.964519,3.668694
7,8.4,1.396103,3.343415
7,8.8,2.009847,3.476498
7,9.2,2.567112,4.035218
7,9.6,2.847293,4.812144
7,10.0,2.746307,5.523126
7,10.4,2.200811,5.842915
7,10.8,1.152876,5.389385
7,11.2,0.867486,4.561133
7,11.6,0.902485,3.847423
7,12.0,1.243786,3.409179
7,12.4,1.813395,3.394183
7,12.8,2.410861,3.833064
7,13.2,2.789072,4.563884
7,13.6,2.812013,5.320585
7,14.0,2.414727,5.793854
7,14.4,1.514371,5.61553
7,14.8,0.681052,4.720029
7,15.2,0.876783,3.960605
7,15.6,1.164014,3.462677
7,16.0,1.700923,3.363452
7,16.4,2.312333,3.726922
7,16.8,2.742903,4.421696
7,17.2,2.835337,5.194086
7,17.6,2.519007,5.742177
7,18.0,1.715802,5.711254
7,18.4,0.739499,4.880579
7,18.8,0.96204,4.132704
7,19.2,1.112337,3.592932
7,19.6,1.564059,3.391618
7,20.0,2.150915,3.632411
7,20.4,2.625706,4.237302
7,20.8,2.804015,4.98392
7,21.2,2.600664,5.589023
7,21.6,1.949672,5.725679
7,22.0,0.924437,5.073281
7,22.4,0.963775,4.31811
7,22.8,1.017093,3.704034
7,23.2,1.411329,3.389267
7,23.6,1.994149,3.510835
7,24.0,2.530683,4.042195
7,24.4,2.804813,4.787158
7,24.8,2.710572,5.471101
7,25.2,2.185316,5.778258
7,25.6,1.179682,5.343432
7,26.0,0.816978,4.501294
7,26.4,0.908487,3.795673
7,26.8,1.278688,3.383593
7,27.2,1.865085,3.407418
7,27.6,2.456837,3.881466
7,28.0,2.811664,4.629869
7,28.4,2.80262,5.380404
7,28.8,2.366257,5.819059
7,29.2,1.41906,5.570298
7,29.6,0.688832,4.666006
7,30.0,0.87077,3.913113
7,30.4,1.187732,3.433475
7,30.8,1.743256,3.365886
7,31.2,2.355016,3.761913
7,31.6,2.768661,4.476555
7,32.0,2.835088,5.249433
7,32.4,2.486441,5.774413
7,32.8,1.641086,5.689412
7,33.2,0.704546,4.823513
7,33.6,0.925509,4.067156
7,34.0,1.129725,3.541508
7,34.4,1.615006,3.378176
7,34.8,2.21304,3.66614
7,35.2,2.672164,4.306653
7,35.6,2.818097,5.064688
7,36.0,2.572007,5.649841
7,36.4,1.864066,5.725242
7,36.8,0.844032,4.997443
7,37.2,0.988857,4.255626
7,37.6,1.059559,3.674661
7,38.0,1.463996,3.398868
7,38.4,2.041831,3.556747
7,38.8,2.55409,4.106403
7,39.2,2.795858,4.845346
7,39.6,2.668233,5.498569
7,40.0,2.108369,5.749691
8,0.0,3.107678,4.46269
8,0.4,3.643871,5.810132
8,0.8,3.695697,7.18238
8,1.2,3.257097,8.163343
8,1.6,2.23812,8.269422
8,2.0,0.842574,6.978938
8,2.4,1.623862,6.309667
8,2.8,0.98519,5.28465
8,3.2,1.06953,4.354708
8,3.6,1.615102,3.924582
8,4.0,2.40182,4.192457
8,4.4,3.073406,5.047603
8,4.8,3.400793,6.174938
8,5.2,3.314927,7.214229
8,5.6,2.786292,7.789717
8,6.0,1.702411,7.43499
8,6.4,0.641655,6.004673
8,6.8,1.035499,4.926779
8,7.2,1.26829,4.179907
8,7.6,1.903678,4.003719
8,8.0,2.657913,4.496398
8,8.4,3.201732,5.458717
8,8.8,3.376447,6.55938
8,9.2,3.138002,7.442234
8,9.6,2.442307,7.721272
8,10.0,1.173878,6.897161
8,10.4,1.072284,5.767445
8,10.8,0.927323,4.68881
8,11.2,1.321224,3.999267
8,11.6,2.061057,3.965452
8,12.0,2.834682,4.614862
8,12.4,3.329096,5.686388
8,12.8,3.422343,6.824021
8,13.2,3.083689,7.65803
8,13.6,2.251124,7.773311
8,14.0,0.89993,6.666101
8,14.4,1.353969,5.776839
8,14.8,1.046549,4.811121
8,15.2,1.337858,4.127735
8,15.6,2.004032,4.040597
8,16.0,2.742555,4.607336
8,16.4,3.241408,5.602522
8,16.8,3.363257,6.689966
8,17.2,3.069901,7.512991
8,17.6,2.3088,7.677382
8,18.0,1.009467,6.691606
8,18.4,1.204754,5.692721
8,18.8,0.996618,4.682307
8,19.2,1.371871,4.033763
8,19.6,2.092483,4.02655
8,20.0,2.838301,4.677994
8,20.4,3.308388,5.730476
8,20.8,3.38465,6.834939
8,21.2,3.035107,7.626938
8,21.6,2.195786,7.694653
8,22.0,0.879006,6.56158
8,22.4,1.317799,5.643785
8,22.8,1.089475,4.719131
8,23.2,1.421883,4.110352
8,23.6,2.100279,4.108137
8,24.0,2.808901,4.732174
8,24.4,3.258226,5.740092
8,24.8,3.3288,6.796044
8,25.2,2.985397,7.54535
8,25.6,2.166576,7.587674
8,26.0,0.893258,6.472548
8,26.4,1.236612,5.503456
8,26.8,1.105147,4.595461
8,27.2,1.505749,4.062726
8,27.6,2.214191,4.161956
8,28.0,2.899722,4.865043
8,28.4,3.297108,5.904851
8,28.8,3.307068,6.940139
8,29.2,2.897635,7.612833
8,29.6,1.992964,7.506402
8,30.0,0.782072,6.250696
8,30.4,1.21573,5.263704
8,30.8,1.217002,4.460463
8,31.2,1.686997,4.087943
8,31.6,2.390584,4.342595
8,32.0,2.998567,5.129487
8,32.4,3.294583,6.163351
8,32.8,3.204134,7.106842
8,33.2,2.693808,7.602935
8,33.6,1.669027,7.217263
8,34.0,0.667645,5.836485
8,34.4,0.954032,4.742763
8,34.8,1.310449,4.040948
8,35.2,2.026425,3.975715
8,35.6,2.795352,4.590252
8,36.0,3.300084,5.636896
8,36.4,3.410833,6.765161
8,36.8,3.094299,7.608728
8,37.2,2.293254,7.760002
8,37.6,0.948925,6.710262
8,38.0,1.307106,5.789283
8,38.4,1.008983,4.788536
8,38.8,1.323324,4.094334
8,39.2,2.008619,4.012084
8,39.6,2.760549,4.595232
8,40.0,3.263942,5.610277
9,0.0,2.172356,7.264967
9,0.4,0.671069,6.43573
9,0.8,2.989691,6.836918
9,1.2,1.135544,6.611821
9,1.6,2.297035,6.746092
9,2.0,0.945461,6.12269
9,2.4,2.250373,6.212752
9,2.8,0.778656,5.634866
9,3.2,2.046683,5.558683
9,3.6,0.780104,5.037975
9,4.0,1.477683,4.67877
9,4.4,0.760511,4.14409
9,4.8,0.793278,3.618902
9,5.2,0.935925,3.216276
9,5.6,1.211678,2.9878
9,6.0,1.56459,2.978166
9,6.4,1.903688,3.180314
9,6.8,2.123255,3.51995
9,7.2,2.154571,3.879696
9,7.6,1.972908,4.127712
9,8.0,1.59658,4.142561
9,8.4,1.160976,3.879378
9,8.8,0.975522,3.492809
9,9.2,1.078737,3.177193
9,9.6,1.333793,3.023076
9,10.0,1.652136,3.067654
9,10.4,1.935061,3.289343
9,10.8,2.09104,3.608899
9,11.2,2.066815,3.914145
9,11.6,1.849633,4.085479
9,12.0,1.479084,4.025775
9,12.4,1.125469,3.738124
9,12.8,1.03116,3.388571
9,13.2,1.171402,3.131536
9,13.6,1.436875,3.041462
9,14.0,1.73826,3.139823
9,14.4,1.977829,3.388314
9,14.8,2.076949,3.699227
9,15.2,1.996272,3.960816
9,15.6,1.736597,4.061837
9,16.0,1.365626,3.929754
9,16.4,1.08855,3.617236
9,16.8,1.076088,3.297494
9,17.2,1.257107,3.094501
9,17.6,1.535299,3.065839
9,18.0,1.819187,3.214863
9,18.4,2.015202,3.486827
9,18.8,2.057754,3.78599
9,19.2,1.920649,4.000823
9,19.6,1.620707,4.029515
9,20.0,1.261983,3.830578
9,20.4,1.068996,3.505027
9,20.8,1.127968,3.219235
9,21.2,1.345321,3.071617
9,21.6,1.631233,3.102923
9,22.0,1.891859,3.297496
9,22.4,2.040816,3.585614
9,22.8,2.025762,3.865124
9,23.2,1.833519,4.026028
9,23.6,1.501371,3.97976
9,24.0,1.176199,3.724781
9,24.4,1.07113,3.400884
9,24.8,1.190833,3.155535
9,25.2,1.437718,3.065759
9,25.6,1.723332,3.154709
9,26.0,1.953318,3.387832
9,26.4,2.051154,3.682602
9,26.8,1.977685,3.932499
9,27.2,1.73352,4.031351
9,27.6,1.383297,3.910192
9,28.0,1.115378,3.615086
9,28.4,1.094359,3.306845
9,28.8,1.264692,3.108377
9,29.2,1.533026,3.078212
9,29.6,1.809009,3.220838
9,30.0,2.000979,3.483893
9,30.4,2.044161,3.774547
9,30.8,1.912389,3.984149
9,31.2,1.622295,4.013677
9,31.6,1.274456,3.822601
9,32.0,1.082967,3.506114
9,32.4,1.136459,3.225567
9,32.8,1.348017,3.079542
9,33.2,1.628581,3.109159
9,33.6,1.885243,3.299578
9,34.0,2.032598,3.582553
9,34.4,2.018603,3.857578
9,34.8,1.830111,4.016294
9,35.2,1.504124,3.971663
9,35.6,1.18416,3.721783
9,36.0,1.078268,3.40247
9,36.4,1.194805,3.159543
9,36.8,1.438489,3.070212
9,37.2,1.721191,3.15781
9,37.6,1.949194,3.388348
9,38.0,2.046449,3.680175
9,38.4,1.973929,3.927715
9,38.8,1.732294,4.025756
9,39.2,1.385796,3.906127
9,39.6,1.120049,3.614043
9,40.0,1.098014,3.308113
10,0.0,1.49947,7.878576
10,0.4,1.679038,7.629432
10,0.8,1.854047,6.892103
10,1.2,0.546095,5.759748
10,1.6,1.82747,5.1967
10,2.0,1.193253,4.722801
10,2.4,0.956989,4.029963
10,2.8,1.229892,3.543789
10,3.2,1.79799,3.481931
10,3.6,2.445008,3.915701
10,4.0,2.884001,4.694353
10,4.4,2.945194,5.533418
10,4.8,2.54207,6.088806
10,5.2,1.537496,5.922418
10,5.6,0.648608,4.936993
10,6.0,0.963577,4.150885
10,6.4,1.160174,3.611986
10,6.8,1.680751,3.462078
10,7.2,2.331745,3.808208
10,7.6,2.822855,4.538244
10,8.0,2.959724,5.385433
10,8.4,2.649394,6.017052
10,8.8,1.772717,6.020936
10,9.2,0.687306,5.098973
10,9.6,1.161671,4.369141
10,10.0,1.145754,3.821306
10,10.4,1.513915,3.547578
10,10.8,2.092065,3.710934
10,11.2,2.621054,4.284441
10,11.6,2.872797,5.061039
10,12.0,2.729442,5.74508
10,12.4,2.10093,5.980279
10,12.8,0.961305,5.348815
10,13.2,1.112481,4.616512
10,13.6,0.976504,3.936645
10,14.0,1.301905,3.50432
10,14.4,1.899209,3.519003
10,14.8,2.530302,4.019161
10,15.2,2.918758,4.826108
10,15.6,2.914219,5.644297
10,16.0,2.431673,6.120738
10,16.4,1.327431,5.798141
10,16.8,0.849974,4.885029
10,17.2,0.931289,4.111727
10,17.6,1.165798,3.577447
10,18.0,1.711438,3.45037
10,18.4,2.372485,3.827671
10,18.8,2.855376,4.582942
10,19.2,2.972241,5.440417
10,19.6,2.632985,6.061127
10,20.0,1.710957,6.021451
10,20.4,0.653603,5.06446
10,20.8,1.102002,4.311014
10,21.2,1.143831,3.760451
10,21.6,1.556672,3.518369
10,22.0,2.15905,3.732645
10,22.4,2.680799,4.352422
10,22.8,2.90183,5.152326
10,23.2,2.712544,5.825742
10,23.6,2.017342,6.00214
10,24.0,0.865525,5.276584
10,24.4,1.187448,4.577322
10,24.8,1.034291,3.945054
10,25.2,1.33644,3.538386
10,25.6,1.909778,3.561723
10,26.0,2.514967,4.050861
10,26.4,2.88495,4.832547
10,26.8,2.871695,5.618799
10,27.2,2.389695,6.06345
10,27.6,1.306769,5.722205
10,28.0,0.834098,4.814009
10,28.4,0.917621,4.04365
10,28.8,1.198794,3.534575
10,29.2,1.774457,3.454728
10,29.6,2.437237,3.88201
10,30.0,2.894216,4.667912
10,30.4,2.970739,5.525792
10,30.8,2.580186,6.109313
10,31.2,1.584282,5.97844
10,31.6,0.634742,4.987329
10,32.0,0.991896,4.203336
10,32.4,1.144707,3.652558
10,32.8,1.636603,3.469719
10,33.2,2.279023,3.775385
10,33.6,2.785099,4.475922
10,34.0,2.950961,5.315349
10,34.4,2.679281,5.967624
10,34.8,1.8592,6.033033
10,35.2,0.738476,5.16452
10,35.6,1.221454,4.463208
10,36.0,1.126258,3.902387
10,36.4,1.438376,3.572358
10,36.8,1.992657,3.65986
10,37.2,2.543866,4.173091
10,37.6,2.849039,4.929566
10,38.0,2.775583,5.645429
10,38.4,2.237392,5.978175
10,38.8,1.140693,5.501578
10,39.2,0.955371,4.677138
10,39.6,0.914209,3.938128
10,40.0,1.261641,3.47645
11,0.0,2.096161,6.311563
11,0.4,1.196045,5.738293
11,0.8,0.790012,4.809659
11,1.2,0.959727,4.062335
11,1.6,1.408445,3.657107
11,2.0,2.065651,3.738803
11,2.4,2.699503,4.290766
11,2.8,3.090848,5.125685
11,3.2,3.146904,5.99384
11,3.6,2.836948,6.630068
11,4.0,2.107728,6.735182
11,4.4,0.950104,5.965994
11,4.8,1.112105,5.158458
11,5.2,0.939051,4.37577
11,5.6,1.22066,3.826426
11,6.0,1.776284,3.691675
11,6.4,2.426618,4.041218
11,6.8,2.92435,4.756099
11,7.2,3.125528,5.61178
11,7.6,2.980664,6.354846
11,8.0,2.456578,6.713015
11,8.4,1.467997,6.351499
11,8.8,0.677979,5.3115
11,9.2,0.874361,4.456129
11,9.6,1.143268,3.850812
11,10.0,1.688327,3.651514
11,10.4,2.357153,3.949901
11,10.8,2.895313,4.644402
11,11.2,3.141817,5.51312
11,11.6,3.040765,6.300757
11,12.0,2.561769,6.735565
11,12.4,1.620733,6.486856
11,12.8,0.675793,5.454456
11,13.2,0.93291,4.603817
11,13.6,1.102233,3.961903
11,14.0,1.58355,3.683841
11,14.4,2.230681,3.887608
11,14.8,2.796149,4.5094
11,15.2,3.09683,5.346388
11,15.6,3.061886,6.150595
11,16.0,2.661459,6.658293
11,16.4,1.827751,6.560034
11,16.8,0.771922,5.622338
11,17.2,1.047428,4.80514
11,17.6,1.065927,4.128256
11,18.0,1.452254,3.750903
11,18.4,2.055542,3.823483
11,18.8,2.647913,4.335999
11,19.2,3.019547,5.117871
11,19.6,3.074733,5.933174
11,20.0,2.779099,6.527363
11,20.4,2.083691,6.614541
11,20.8,0.988655,5.877508
11,21.2,0.994704,5.02
11,21.6,0.950593,4.25069
11,22.0,1.295664,3.758862
11,22.4,1.891142,3.709799
11,22.8,2.535747,4.140354
11,23.2,2.990665,4.903087
11,23.6,3.133514,5.7633
11,24.0,2.923877,6.464029
11,24.4,2.323028,6.725103
11,24.8,1.249634,6.199406
11,25.2,0.807536,5.21669
11,25.6,0.883396,4.378695
11,26.0,1.186623,3.806707
11,26.4,1.75579,3.657511
11,26.8,2.423563,4.005262
11,27.2,2.937267,4.730131
11,27.6,3.149473,5.603645
11,28.0,3.010835,6.368831
11,28.4,2.488954,6.750577
11,28.8,1.493995,6.408789
11,29.2,0.669521,5.35997
11,29.6,0.884613,4.502413
11,30.0,1.12612,3.882788
11,30.4,1.653135,3.657167
11,30.8,2.317681,3.926082
11,31.2,2.866374,4.59945
11,31.6,3.130869,5.460566
11,32.0,3.050921,6.255972
11,32.4,2.596729,6.716304
11,32.8,1.689066,6.517399
11,33.2,0.69839,5.507891
11,33.6,0.976399,4.668771
11,34.0,1.093721,4.017485
11,34.4,1.54236,3.708137
11,34.8,2.174054,3.869417
11,35.2,2.747116,4.455055
11,35.6,3.06977,5.272677
11,36.0,3.063603,6.078665
11,36.4,2.697798,6.613046
11,36.8,1.911645,6.575533
11,37.2,0.831918,5.696278
11,37.6,1.05664,4.880275
11,38.0,1.035165,4.178371
11,38.4,1.398065,3.760806
11,38.8,1.993718,3.787406
11,39.2,2.602141,4.266346
11,39.6,3.003089,5.036824
11,40.0,3.091146,5.864818
12,0.0,2.978462,4.870562
12,0.4,2.522537,5.524386
12,0.8,1.435307,5.425918
12,1.2,0.703089,4.605549
12,1.6,1.069281,3.991544
12,2.0,0.992753,3.489594
12,2.4,1.25005,3.175907
12,2.8,1.676793,3.17036
12,3.2,2.108339,3.482954
12,3.6,2.36322,3.989846
12,4.0,2.328604,4.48285
12,4.4,1.954657,4.718487
12,4.8,1.276541,4.466873
12,5.2,0.842467,3.854375
12,5.6,0.972343,3.337322
12,6.0,1.336535,3.08599
12,6.4,1.823585,3.186827
12,6.8,2.25027,3.604512
12,7.2,2.441601,4.171393
12,7.6,2.305044,4.651719
12,8.0,1.800093,4.781411
12,8.4,1.045463,4.353182
12,8.8,0.836134,3.720472
12,9.2,1.034721,3.251311
12,9.6,1.439934,3.074042
12,10.0,1.933458,3.255617
12,10.4,2.320822,3.726683
12,10.8,2.444189,4.298017
12,11.2,2.226425,4.724667
12,11.6,1.637251,4.739271
12,12.0,0.917439,4.203784
12,12.4,0.865482,3.592902
12,12.8,1.116266,3.183427
12,13.2,1.553006,3.087522
12,13.6,2.037773,3.346346
12,14.0,2.373423,3.85794
12,14.4,2.422389,4.416206
12,14.8,2.120813,4.769798
12,15.2,1.456488,4.654353
12,15.6,0.83685,4.046046
12,16.0,0.896254,3.465699
12,16.4,1.207259,3.121947
12,16.8,1.67659,3.11546
12,17.2,2.145186,3.45416
12,17.6,2.42066,4.002624
12,18.0,2.386721,4.538194
12,18.4,1.990869,4.801694
12,18.8,1.257447,4.539414
12,19.2,0.804804,3.894151
12,19.6,0.94341,3.355409
12,20.0,1.30549,3.081969
12,20.4,1.796708,3.162975
12,20.8,2.23789,3.571053
12,21.2,2.448606,4.142379
12,21.6,2.33171,4.641324
12,22.0,1.843709,4.802116
12,22.4,1.078399,4.401182
12,22.8,0.825112,3.760193
12,23.2,1.010675,3.273215
12,23.6,1.406896,3.072262
12,24.0,1.902011,3.230618
12,24.4,2.303853,3.688684
12,24.8,2.448701,4.262512
12,25.2,2.255,4.708908
12,25.6,1.688664,4.760157
12,26.0,0.949249,4.252227
12,26.4,0.856576,3.633227
12,26.8,1.089633,3.204364
12,27.2,1.51611,3.081859
12,27.6,2.004334,3.315884
12,28.0,2.357217,3.814948
12,28.4,2.430607,4.378263
12,28.8,2.156627,4.756645
12,29.2,1.516065,4.684314
12,29.6,0.858044,4.095832
12,30.0,0.885517,3.504854
12,30.4,1.177688,3.139822
12,30.8,1.637252,3.104816
12,31.2,2.111952,3.418763
12,31.6,2.407077,3.956542
12,32.0,2.399724,4.500513
12,32.4,2.034104,4.794028
12,32.8,1.320143,4.578589
12,33.2,0.808311,3.940082
12,33.6,0.926206,3.387017
12,34.0,1.274199,3.091219
12,34.4,1.760472,3.145757
12,34.8,2.21163,3.534113
12,35.2,2.44284,4.100462
12,35.6,2.351342,4.612634
12,36.0,1.890964,4.806526
12,36.4,1.129674,4.446229
12,36.8,0.815415,3.800683
12,37.2,0.987879,3.296595
12,37.6,1.374596,3.072528
12,38.0,1.870136,3.207402
12,38.4,2.28547,3.651459
12,38.8,2.451269,4.226384
12,39.2,2.281383,4.690952
12,39.6,1.738451,4.777534
12,40.0,0.984845,4.299837
13,0.0,3.330891,4.150103
13,0.4,3.265258,5.229275
13,0.8,2.751365,5.954865
13,1.2,1.713504,5.981202
13,1.6,0.609277,5.140193
13,2.0,1.225238,4.572893
13,2.4,0.861517,3.976992
13,2.8,0.965278,3.473157
13,3.2,1.273689,3.189769
13,3.6,1.69308,3.19564
13,4.0,2.095345,3.47915
13,4.4,2.346707,3.93424
13,4.8,2.371749,4.404047
13,5.2,2.146548,4.717911
13,5.6,1.684318,4.71406
13,6.0,1.133736,4.3213
13,6.4,0.930392,3.780159
13,6.8,1.087943,3.363835
13,7.2,1.427035,3.185377
13,7.6,1.839907,3.29231
13,8.0,2.18815,3.639196
13,8.4,2.358359,4.101278
13,8.8,2.296574,4.518764
13,9.2,1.991944,4.726398
13,9.6,1.484309,4.583449
13,10.0,1.024177,4.109634
13,10.4,0.975605,3.605798
13,10.8,1.206292,3.273333
13,11.2,1.581309,3.201325
13,11.6,1.981184,3.405742
13,12.0,2.26938,3.807929
13,12.4,2.355292,4.266976
13,12.8,2.203583,4.620154
13,13.2,1.817257,4.707708
13,13.6,1.285094,4.423963
13,14.0,0.964495,3.906483
13,14.4,1.042917,3.455335
13,14.8,1.338236,3.214962
13,15.2,1.737439,3.250888
13,15.6,2.108282,3.542834
13,16.0,2.326413,3.983472
13,16.4,2.32414,4.420311
13,16.8,2.081748,4.689622
13,17.2,1.620983,4.641689
13,17.6,1.114736,4.234593
13,18.0,0.961319,3.717367
13,18.4,1.137412,3.335638
13,18.8,1.484212,3.19639
13,19.2,1.888697,3.336886
13,19.6,2.212883,3.700522
13,20.0,2.352047,4.157895
13,20.4,2.259265,4.549568
13,20.8,1.928579,4.713642
13,21.2,1.414439,4.521559
13,21.6,1.00303,4.032094
13,22.0,1.001692,3.548645
13,22.4,1.255281,3.250359
13,22.8,1.639152,3.218277
13,23.2,2.028707,3.455423
13,23.6,2.291206,3.872335
13,24.0,2.344762,4.323827
13,24.4,2.160126,4.647058
13,24.8,1.746421,4.685803
13,25.2,1.218845,4.354434
13,25.6,0.959524,3.833966
13,26.0,1.076279,3.407643
13,26.4,1.391659,3.204294
13,26.8,1.794539,3.27969
13,27.2,2.149463,3.5999
13,27.6,2.338855,4.048763
13,28.0,2.303107,4.470901
13,28.4,2.027733,4.703092
13,28.8,1.54443,4.601975
13,29.2,1.066018,4.159018
13,29.6,0.972667,3.651629
13,30.0,1.179386,3.299837
13,30.4,1.541621,3.20029
13,30.8,1.942635,3.378042
13,31.2,2.245147,3.763679
13,31.6,2.352853,4.221269
13,32.0,2.225824,4.58981
13,32.4,1.863355,4.709054
13,32.8,1.338567,4.463344
13,33.2,0.979311,3.956536
13,33.6,1.026081,3.492247
13,34.0,1.304522,3.228349
13,34.4,1.697792,3.236826
13,34.8,2.076561,3.506932
13,35.2,2.312804,3.938412
13,35.6,2.333196,4.381657
13,36.0,2.1143,4.673352
13,36.4,1.672346,4.660959
13,36.8,1.154956,4.283255
13,37.2,0.958943,3.763387
13,37.6,1.111999,3.36325
13,38.0,1.44662,3.19797
13,38.4,1.851222,3.312557
13,38.8,2.188368,3.659422
13,39.2,2.347995,4.114236
13,39.6,2.278229,4.519062
13,40.0,1.969694,4.711382
14,0.0,4.079538,7.408197
14,0.4,3.411172,8.431407
14,0.8,2.210823,8.53242
14,1.2,0.833692,7.349048
14,1.6,1.95398,7.018836
14,2.0,0.871036,6.064669
14,2.4,0.984073,5.149583
14,2.8,0.979513,4.347894
14,3.2,1.327626,3.848366
14,3.6,1.886208,3.790316
14,4.0,2.466142,4.180251
14,4.4,2.874453,4.870915
14,4.8,3.019991,5.653285
14,5.2,2.882554,6.311875
14,5.6,2.461845,6.634928
14,6.0,1.753283,6.406299
14,6.4,0.956132,5.538654
14,6.8,0.863765,4.623578
14,7.2,1.130137,3.968379
14,7.6,1.641489,3.720138
14,8.0,2.256922,3.951549
14,8.4,2.760731,4.562308
14,8.8,3.019291,5.352427
14,9.2,2.992659,6.101939
14,9.6,2.678473,6.595005
14,10.0,2.071844,6.613377
14,10.4,1.217639,5.961421
14,10.8,0.803409,4.97319
14,11.2,0.970758,4.185056
14,11.6,1.401533,3.749297
14,12.0,2.007682,3.788218
14,12.4,2.5858,4.270195
14,12.8,2.956394,5.02071
14,13.2,3.048018,5.820543
14,13.6,2.849704,6.450356
14,14.0,2.360667,6.693265
14,14.4,1.576569,6.326129
14,14.8,0.842221,5.361615
14,15.2,0.880019,4.475861
14,15.6,1.20357,3.881853
14,16.0,1.752326,3.720899
14,16.4,2.365533,4.035859
14,16.8,2.832566,4.698917
14,17.2,3.040395,5.501373
14,17.6,2.960342,6.22275
14,18.0,2.591978,6.647222
14,18.4,1.928173,6.553945
14,18.8,1.069752,5.780536
14,19.2,0.829034,4.820335
14,19.6,1.03483,4.086376
14,20.0,1.500475,3.727845
14,20.4,2.114697,3.849637
14,20.8,2.664148,4.389689
14,21.2,2.988169,5.16096
14,21.6,3.029858,5.943455
14,22.0,2.78273,6.519492
14,22.4,2.244478,6.671959
14,22.8,1.422478,6.183713
14,23.2,0.803657,5.189592
14,23.6,0.907816,4.340518
14,24.0,1.282858,3.810938
14,24.4,1.862751,3.736749
14,24.8,2.466639,4.128925
14,25.2,2.894395,4.836358
14,25.6,3.052125,5.644079
14,26.0,2.920183,6.331571
14,26.4,2.498723,6.682529
14,26.8,1.77944,6.473607
14,27.2,0.949217,5.598805
14,27.6,0.854994,4.6714
14,28.0,1.105674,3.996115
14,28.4,1.605863,3.719979
14,28.8,2.221951,3.924494
14,29.2,2.737693,4.518479
14,29.6,3.0127,5.304795
14,30.0,3.00311,6.063411
14,30.4,2.705733,6.578106
14,30.8,2.116338,6.631022
14,31.2,1.267357,6.019189
14,31.6,0.798554,5.025161
14,32.0,0.952443,4.220685
14,32.4,1.370731,3.760775
14,32.8,1.972161,3.772073
14,33.2,2.558092,4.23332
14,33.6,2.943351,4.974972
14,34.0,3.051297,5.778471
14,34.4,2.869135,6.424033
14,34.8,2.396461,6.694877
14,35.2,1.627016,6.367173
14,35.6,0.862722,5.4195
14,36.0,0.873617,4.523129
14,36.4,1.178893,3.908728
14,36.8,1.715913,3.71911
14,37.2,2.33059,4.007247
14,37.6,2.809972,4.653921
14,38.0,3.034399,5.453031
14,38.4,2.97174,6.184226
14,38.8,2.621089,6.631735
14,39.2,1.975995,6.575622
14,39.6,1.115758,5.840353
14,40.0,0.819494,4.869629
15,0.0,2.815863,6.290006
15,0.4,1.849256,6.356223
15,0.8,0.6644,5.335771
15,1.2,1.4339,4.663142
15,1.6,1.183184,4.128223
15,2.0,1.341037,3.706585
15,2.4,1.798189,3.643079
15,2.8,2.339507,4.012828
15,3.2,2.709982,4.686491
15,3.6,2.74645,5.402203
15,4.0,2.36351,5.834939
15,4.4,1.477629,5.595145
15,4.8,0.707906,4.651825
15,5.2,0.900537,3.861235
15,5.6,1.315724,3.419734
15,6.0,1.978779,3.495833
15,6.4,2.624521,4.092044
15,6.8,2.973661,4.977144
15,7.2,2.893015,5.814
15,7.6,2.299268,6.208767
15,8.0,1.081769,5.66349
15,8.4,1.146108,4.89639
15,8.8,0.881942,4.100846
15,9.2,1.161903,3.538417
15,9.6,1.744482,3.429787
15,10.0,2.418897,3.859461
15,10.4,2.880584,4.666718
15,10.8,2.951203,5.543643
15,11.2,2.546472,6.122297
15,11.6,1.53955,5.943943
15,12.0,0.649259,4.916937
15,12.4,0.93709,4.093802
15,12.8,1.194967,3.556394
15,13.2,1.762586,3.462237
15,13.6,2.417419,3.891279
15,14.0,2.861766,4.684011
15,14.4,2.921077,5.537472
15,14.8,2.51086,6.08832
15,15.2,1.508664,5.88442
15,15.6,0.660805,4.867509
15,16.0,0.919352,4.045987
15,16.4,1.213434,3.523522
15,16.8,1.803909,3.46176
15,17.2,2.461427,3.926209
15,17.6,2.889339,4.741508
15,18.0,2.92171,5.596518
15,18.4,2.475751,6.121655
15,18.8,1.423867,5.852946
15,19.2,0.716034,4.84879
15,19.6,0.935053,4.03932
15,20.0,1.226359,3.526762
15,20.4,1.814045,3.473078
15,20.8,2.465055,3.94064
15,21.2,2.885395,4.753024
15,21.6,2.911168,5.599935
15,22.0,2.459633,6.112669
15,22.4,1.404907,5.828598
15,22.8,0.729285,4.831841
15,23.2,0.930525,4.024278
15,23.6,1.232838,3.516914
15,24.0,1.827416,3.473731
15,24.4,2.478786,3.952352
15,24.8,2.893609,4.771472
15,25.2,2.910683,5.618347
15,25.6,2.447622,6.122262
15,26.0,1.377495,5.816981
15,26.4,0.758729,4.831253
15,26.8,0.931421,4.026723
15,27.2,1.231879,3.518583
15,27.6,1.825284,3.473726
15,28.0,2.476535,3.950536
15,28.4,2.892205,4.768507
15,28.8,2.910666,5.61531
15,29.2,2.449474,6.120583
15,29.6,1.381881,5.818694
15,30.0,0.753657,4.831018
15,30.4,0.931459,4.026076
15,30.8,1.23229,3.518263
15,31.2,1.825917,3.473904
15,31.6,2.477093,3.951166
15,32.0,2.892457,4.769348
15,32.4,2.910505,5.616043
15,32.8,2.448811,6.120815
15,33.2,1.380607,5.81793
15,33.6,0.755003,4.830818
15,34.0,0.93138,4.025992
15,34.4,1.232297,3.518183
15,34.8,1.825975,3.473872
15,35.2,2.477177,3.951202
15,35.6,2.892525,4.769436
15,36.0,2.910535,5.616157
15,36.4,2.448774,6.120911
15,36.8,1.380482,5.817929
15,37.2,0.755176,4.830866
15,37.6,0.931385,4.02606
15,38.0,1.23226,3.518221
15,38.4,1.825917,3.473861
15,38.8,2.477118,3.951142
15,39.2,2.892497,4.76936
15,39.6,2.910546,5.616079
15,40.0,2.448838,6.120879
16,0.0,1.278536,5.414863
16,0.4,0.730534,4.497055
16,0.8,0.845906,3.742563
16,1.2,1.123333,3.257324
16,1.6,1.576848,3.147383
16,2.0,2.05084,3.4301
16,2.4,2.358811,3.966466
16,2.8,2.395255,4.530798
16,3.2,2.133097,4.879275
16,3.6,1.60609,4.794171
16,4.0,1.06502,4.244524
16,4.4,0.990231,3.630513
16,4.8,1.26235,3.256961
16,5.2,1.694908,3.243494
16,5.6,2.109922,3.574429
16,6.0,2.342479,4.096461
16,6.4,2.310257,4.590439
16,6.8,1.999898,4.829316
16,7.2,1.474202,4.633028
16,7.6,1.045665,4.064789
16,8.0,1.066331,3.518955
16,8.4,1.377947,3.241277
16,8.8,1.808827,3.322103
16,9.2,2.177582,3.708697
16,9.6,2.341005,4.228936
16,10.0,2.237892,4.66318
16,10.4,1.870337,4.795422
16,10.8,1.342082,4.486667
16,11.2,1.027883,3.902304
16,11.6,1.139192,3.420758
16,12.0,1.491969,3.237906
16,12.4,1.917742,3.409116
16,12.8,2.237851,3.845228
16,13.2,2.331754,4.35738
16,13.6,2.157251,4.725259
16,14.0,1.734077,4.745038
16,14.4,1.222729,4.333003
16,14.8,1.031364,3.752421
16,15.2,1.221629,3.342022
16,15.6,1.608054,3.255684
16,16.0,2.018779,3.510714
16,16.4,2.284335,3.98485
16,16.8,2.307117,4.476351
16,17.2,2.062103,4.766052
16,17.6,1.591495,4.667421
16,18.0,1.128007,4.171954
16,18.4,1.057986,3.616412
16,18.8,1.315751,3.285817
16,19.2,1.725204,3.296877
16,19.6,2.109483,3.627023
16,20.0,2.314381,4.125531
16,20.4,2.264467,4.581684
16,20.8,1.950893,4.780019
16,21.2,1.447366,4.560441
16,21.6,1.065645,4.009407
16,22.0,1.105466,3.497149
16,22.4,1.420071,3.254061
16,22.8,1.84036,3.360863
16,23.2,2.187371,3.755332
16,23.6,2.326609,4.26349
16,24.0,2.203203,4.669131
16,24.4,1.824823,4.763722
16,24.8,1.31061,4.427621
16,25.2,1.038129,3.852315
16,25.6,1.171747,3.39859
16,26.0,1.531807,3.248706
16,26.4,1.949411,3.446122
16,26.8,2.249433,3.891636
16,27.2,2.319467,4.393518
16,27.6,2.12318,4.733362
16,28.0,1.687269,4.714289
16,28.4,1.193262,4.276298
16,28.8,1.042813,3.706182
16,29.2,1.254663,3.323751
16,29.6,1.647814,3.270412
16,30.0,2.048909,3.550378
16,30.4,2.293576,4.031982
16,30.8,2.291984,4.510921
16,31.2,2.024645,4.769834
16,31.6,1.543269,4.630855
16,32.0,1.105843,4.115608
16,32.4,1.074024,3.574677
16,32.8,1.351224,3.273859
16,33.2,1.764706,3.31774
16,33.6,2.136584,3.670274
16,34.0,2.319209,4.172609
16,34.4,2.244407,4.612202
16,34.8,1.908865,4.775967
16,35.2,1.399999,4.516231
16,35.6,1.053737,3.954578
16,36.0,1.127018,3.461488
16,36.4,1.457983,3.25004
16,36.8,1.878391,3.388445
16,37.2,2.20997,3.801521
16,37.6,2.325713,4.308793
16,38.0,2.177335,4.693151
16,38.4,1.778617,4.749624
16,38.8,1.268091,4.37682
16,39.2,1.037004,3.800761
16,39.6,1.198836,3.370487
16,40.0,1.571411,3.253567
17,0.0,3.537733,4.233681
17,0.4,4.099156,5.736475
17,0.8,4.155635,7.257947
17,1.2,3.737238,8.455691
17,1.6,2.78315,8.948039
17,2.0,0.950642,8.074999
17,2.4,2.213809,8.064918
17,2.8,0.83047,6.98343
17,3.2,1.688137,6.435759
17,3.6,0.928227,5.523125
17,4.0,0.921621,4.616089
17,4.4,1.299303,4.025103
17,4.8,1.980849,3.948838
17,5.2,2.738942,4.444957
17,5.6,3.290258,5.346103
17,6.0,3.501988,6.391484
17,6.4,3.339441,7.304713
17,6.8,2.770922,7.79185
17,7.2,1.649846,7.456281
17,7.6,0.640942,6.206575
17,8.0,1.247669,5.350191
17,8.4,1.136834,4.612655
17,8.8,1.467977,4.140851
17,9.2,2.091445,4.144762
17,9.6,2.761271,4.654251
17,10.0,3.230362,5.507467
17,10.4,3.381744,6.461682
17,10.8,3.178574,7.255351
17,11.2,2.58099,7.602805
17,11.6,1.448056,7.115622
17,12.0,0.744782,5.935894
17,12.4,1.0136,5.01288
17,12.8,1.153231,4.298846
17,13.2,1.671411,3.985994
17,13.6,2.39621,4.222748
17,14.0,3.039183,4.939831
17,14.4,3.399394,5.914689
17,14.8,3.406995,6.882832
17,15.2,3.037357,7.56882
17,15.6,2.217272,7.648572
17,16.0,0.888824,6.698931
17,16.4,1.433647,5.971741
17,16.8,0.951099,5.079576
17,17.2,1.08735,4.316424
17,17.6,1.59995,3.951028
17,18.0,2.339021,4.145312
17,18.4,3.014667,4.845326
17,18.8,3.41025,5.829619
17,19.2,3.449573,6.830233
17,19.6,3.109193,7.569633
17,20.0,2.323909,7.727603
17,20.4,0.967535,6.856517
17,20.8,1.407513,6.118421
17,21.2,0.866165,5.153841
17,21.6,1.019357,4.341019
17,22.0,1.526642,3.922217
17,22.4,2.277237,4.070535
17,22.8,2.984853,4.749476
17,23.2,3.416484,5.73983
17,23.6,3.488562,6.770334
17,24.0,3.178391,7.561278
17,24.4,2.428617,7.796078
17,24.8,1.070115,7.016134
17,25.2,1.350318,6.224322
17,25.6,0.801883,5.20057
17,26.0,0.980161,4.360217
17,26.4,1.483734,3.910373
17,26.8,2.238672,4.02993
17,27.2,2.963837,4.693814
17,27.6,3.416548,5.685057
17,28.0,3.508303,6.730821
17,28.4,3.216513,7.550225
17,28.8,2.488308,7.828849
17,29.2,1.140837,7.107525
17,29.6,1.30651,6.262702
17,30.0,0.783203,5.217503
17,30.4,0.968733,4.369128
17,30.8,1.469676,3.909053
17,31.2,2.224678,4.018117
17,31.6,2.954965,4.675548
17,32.0,3.414652,5.665661
17,32.4,3.513309,6.715368
17,32.8,3.22823,7.543545
17,33.2,2.508083,7.836699
17,33.6,1.167387,7.136768
17,34.0,1.287617,6.269041
17,34.4,0.781306,5.219586
17,34.8,0.967483,4.370322
17,35.2,1.468027,3.909038
17,35.6,2.222952,4.016808
17,36.0,2.953811,4.673396
17,36.4,3.414323,5.663302
17,36.8,3.513818,6.713406
17,37.2,3.229566,7.542594
17,37.6,2.510436,7.837471
17,38.0,1.17067,7.140165
17,38.4,1.285118,6.269491
17,38.8,0.781274,5.219666
17,39.2,0.967452,4.370367
17,39.6,1.467971,3.909048
17,40.0,2.222896,4.016773
18,0.0,3.508251,6.100529
18,0.4,2.152481,6.615242
18,0.8,0.659153,5.762568
18,1.2,2.72146,6.036049
18,1.6,1.018471,5.756987
18,2.0,2.058336,5.795271
18,2.4,0.722481,5.101974
18,2.8,1.936092,4.929722
18,3.2,0.846966,4.453545
18,3.6,1.08819,3.932318
18,4.0,0.853738,3.424142
18,4.4,1.009126,3.034742
18,4.8,1.327649,2.871772
18,5.2,1.702554,2.975911
18,5.6,1.994652,3.29352
18,6.0,2.08574,3.684017
18,6.4,1.921379,3.966707
18,6.8,1.520508,3.970377
18,7.2,1.088041,3.65274
18,7.6,0.99112,3.249778
18,8.0,1.176812,2.979995
18,8.4,1.493081,2.934785
18,8.8,1.814703,3.121291
18,9.2,2.0111,3.454003
18,9.6,1.99574,3.783784
18,10.0,1.745391,3.943301
18,10.4,1.33489,3.810433
18,10.8,1.046087,3.454416
18,11.2,1.083443,3.118058
18,11.6,1.32415,2.953032
18,12.0,1.641417,3.014465
18,12.4,1.906391,3.269074
18,12.8,2.007676,3.602805
18,13.2,1.888895,3.859909
18,13.6,1.563108,3.890601
18,14.0,1.184287,3.643227
18,14.4,1.050457,3.28551
18,14.8,1.190853,3.025958
18,15.2,1.472264,2.966419
18,15.6,1.772074,3.122723
18,16.0,1.965778,3.422743
18,16.4,1.967174,3.731188
18,16.8,1.750355,3.892616
18,17.2,1.378999,3.790299
18,17.6,1.092788,3.469543
18,18.0,1.101402,3.146644
18,18.4,1.317869,2.977396
18,18.8,1.618222,3.022511
18,19.2,1.877358,3.256291
18,19.6,1.985357,3.573628
18,20.0,1.884097,3.826462
18,20.4,1.582718,3.870179
18,20.8,1.21838,3.6477
18,21.2,1.069491,3.304614
18,21.6,1.190857,3.04524
18,22.0,1.458628,2.976159
18,22.4,1.751916,3.118069
18,22.8,1.948032,3.40516
18,23.2,1.959772,3.707827
18,23.6,1.758765,3.874575
18,24.0,1.402161,3.788586
18,24.4,1.112598,3.482924
18,24.8,1.105207,3.163064
18,25.2,1.309504,2.987971
18,25.6,1.603017,3.022286
18,26.0,1.862186,3.245078
18,26.4,1.976843,3.556004
18,26.8,1.886875,3.810338
18,27.2,1.598083,3.864613
18,27.6,1.23782,3.656502
18,28.0,1.07692,3.319323
18,28.4,1.18622,3.056736
18,28.8,1.446666,2.979197
18,29.2,1.738182,3.111223
18,29.6,1.938507,3.391271
18,30.0,1.9589,3.69295
18,30.4,1.768559,3.866281
18,30.8,1.419503,3.792693
18,31.2,1.124155,3.495994
18,31.6,1.10424,3.175642
18,32.0,1.300261,2.994029
18,32.4,1.590295,3.019252
18,32.8,1.851517,3.234251
18,33.2,1.972903,3.542073
18,33.6,1.892223,3.79986
18,34.0,1.612179,3.863966
18,34.4,1.252572,3.666869
18,34.8,1.080394,3.332636
18,35.2,1.179914,3.065608
18,35.6,1.435223,2.979943
18,36.0,1.726622,3.103611
18,36.4,1.931799,3.378634
18,36.8,1.960269,3.68097
18,37.2,1.778816,3.861309
18,37.6,1.43489,3.798797
18,38.0,1.13295,3.509018
18,38.4,1.101611,3.186945
18,38.8,1.290706,2.998566
18,39.2,1.578429,3.015288
18,39.6,1.842398,3.223595
18,40.0,1.97052,3.529439
19,0.0,1.996911,8.377744
19,0.4,1.362488,7.460932
19,0.8,3.001802,8.119512
19,1.2,1.795776,7.68134
19,1.6,1.915451,7.154629
19,2.0,0.919998,6.198781
19,2.4,2.703544,6.625506
19,2.8,0.868477,6.10782
19,3.2,2.703251,6.51332
19,3.6,0.86826,6.029113
19,4.0,2.591201,6.367417
19,4.4,0.853315,5.844678
19,4.8,2.383971,6.043822
19,5.2,0.822066,5.471055
19,5.6,2.04607,5.412787
19,6.0,0.780216,4.814381
19,6.4,1.459185,4.38054
19,6.8,0.865077,3.839455
19,7.2,0.888701,3.300592
19,7.6,1.161808,2.977069
19,8.0,1.562297,2.951191
19,8.4,1.949864,3.21924
19,8.8,2.165819,3.65691
19,9.2,2.115546,4.066614
19,9.6,1.7762,4.232649
19,10.0,1.247218,4.000338
19,10.4,0.952654,3.520134
19,10.8,1.068537,3.124996
19,11.2,1.387122,2.968627
19,11.6,1.769179,3.09946
19,12.0,2.05765,3.452503
19,12.4,2.12965,3.867952
19,12.8,1.932869,4.145795
19,13.2,1.495585,4.102144
19,13.6,1.0638,3.717582
19,14.0,1.013923,3.280742
19,14.4,1.246866,3.019855
19,14.8,1.605189,3.026949
19,15.2,1.940812,3.289594
19,15.6,2.110855,3.687123
19,16.0,2.033961,4.036138
19,16.4,1.699521,4.14336
19,16.8,1.230293,3.894007
19,17.2,1.004026,3.453102
19,17.6,1.1342,3.107654
19,18.0,1.449323,2.997928
19,18.4,1.807934,3.158802
19,18.8,2.058148,3.513476
19,19.2,2.090405,3.900722
19,19.6,1.864026,4.127704
19,20.0,1.42729,4.031039
19,20.4,1.055159,3.636679
19,20.8,1.054837,3.231194
19,21.2,1.306458,3.014832
19,21.6,1.662047,3.065012
19,22.0,1.971994,3.352179
19,22.4,2.103045,3.745197
19,22.8,1.986012,4.059627
19,23.2,1.624329,4.110759
19,23.6,1.176684,3.817545
19,24.0,1.017411,3.385463
19,24.4,1.183215,3.076923
19,24.8,1.510596,3.013147
19,25.2,1.856834,3.21156
19,25.6,2.073997,3.579413
19,26.0,2.064387,3.94863
19,26.4,1.799279,4.128292
19,26.8,1.351737,3.973317
19,27.2,1.035403,3.56071
19,27.6,1.08808,3.180421
19,28.0,1.364235,3.007202
19,28.4,1.720708,3.101854
19,28.8,2.006649,3.416163
19,29.2,2.098306,3.807072
19,29.6,1.938324,4.08729
19,30.0,1.546251,4.080098
19,30.4,1.123653,3.743162
19,30.8,1.030717,3.320152
19,31.2,1.232578,3.04861
19,31.6,1.572499,3.031341
19,32.0,1.905313,3.267043
19,32.4,2.088234,3.646923
19,32.8,2.035371,3.995959
19,33.2,1.73051,4.125254
19,33.6,1.277138,3.912008
19,34.0,1.022469,3.486762
19,34.4,1.124547,3.134049
19,34.8,1.423565,3.005151
19,35.2,1.778211,3.143532
19,35.6,2.037667,3.482314
19,36.0,2.088514,3.867383
19,36.4,1.885144,4.109282
19,36.8,1.466188,4.041764
19,37.2,1.07966,3.667753
19,37.6,1.050126,3.258931
19,38.0,1.285002,3.026574
19,38.4,1.634375,3.055925
19,38.8,1.950308,3.326394
19,39.2,2.096852,3.714138
19,39.6,1.999969,4.038247
19,40.0,1.656979,4.113371
20,0.0,4.394918,8.944874
20,0.4,2.754099,9.586303
20,0.8,1.575689,8.77601
20,1.2,2.205033,8.634495
20,1.6,0.373354,7.421399
20,2.0,1.300767,6.666145
20,2.4,1.409826,6.033132
20,2.8,0.689259,5.151273
20,3.2,0.984993,4.470223
20,3.6,0.944995,3.876179
20,4.0,1.210477,3.479906
20,4.4,1.652476,3.387066
20,4.8,2.143076,3.629865
20,5.2,2.516146,4.124983
20,5.6,2.662846,4.715159
20,6.0,2.539702,5.217578
20,6.4,2.130546,5.441269
20,6.8,1.444525,5.197907
20,7.2,0.852611,4.523598
20,7.6,0.885085,3.888087
20,8.0,1.168811,3.465502
20,8.4,1.623541,3.353612
20,8.8,2.132585,3.589703
20,9.2,2.525371,4.091575
20,9.6,2.688064,4.699185
20,10.0,2.575646,5.226047
20,10.4,2.171199,5.477253
20,10.8,1.476405,5.256178
20,11.2,0.845937,4.576458
20,11.6,0.869266,3.927022
20,12.0,1.1404,3.484957
20,12.4,1.586665,3.347946
20,12.8,2.098664,3.560912
20,13.2,2.505296,4.049408
20,13.6,2.686874,4.656595
20,14.0,2.594753,5.196653
20,14.4,2.211234,5.474979
20,14.8,1.533307,5.293068
20,15.2,0.867499,4.630044
20,15.6,0.860543,3.970724
20,16.0,1.114196,3.510238
20,16.4,1.548759,3.347328
20,16.8,2.060957,3.534518
20,17.2,2.480316,4.006262
20,17.6,2.681172,4.609973
20,18.0,2.610699,5.161122
20,18.4,2.250212,5.465876
20,18.8,1.593326,5.325072
20,19.2,0.897629,4.685306
20,19.6,0.85299,4.016919
20,20.0,1.088102,3.53794
20,20.4,1.510106,3.348632
20,20.8,2.021519,3.508851
20,21.2,2.453336,3.962461
20,21.6,2.673839,4.561604
20,22.0,2.625618,5.123177
20,22.4,2.288761,5.454087
20,22.8,1.654339,5.354929
20,23.2,0.933962,4.74305
20,23.6,0.845242,4.065734
20,24.0,1.061481,3.5678
20,24.4,1.47045,3.351443
20,24.8,1.980364,3.483516
20,25.2,2.424571,3.917765
20,25.6,2.665234,4.51149
20,26.0,2.639922,5.083096
20,26.4,2.327227,5.440131
20,26.8,1.716292,5.38315
20,27.2,0.976424,4.803597
20,27.6,0.836668,4.117262
20,28.0,1.03419,3.599823
20,28.4,1.429844,3.355813
20,28.8,1.937562,3.458622
20,29.2,2.394046,3.872299
20,29.6,2.655342,4.459746
20,30.0,2.65356,5.040961
20,30.4,2.365498,5.424014
20,30.8,1.778852,5.409533
20,31.2,1.024976,4.866542
20,31.6,0.82714,4.171192
20,32.0,1.006572,3.633915
20,32.4,1.3888,3.361999
20,32.8,1.893532,3.434714
20,33.2,2.361908,3.826703
20,33.6,2.644033,4.406913
20,34.0,2.666155,4.997058
20,34.4,2.402975,5.40562
20,34.8,1.841132,5.433383
20,35.2,1.079086,4.930602
20,35.6,0.817257,4.226783
20,36.0,0.979451,3.669842
20,36.4,1.348225,3.370378
20,36.8,1.849003,3.412668
20,37.2,2.328438,3.782033
20,37.6,2.631108,4.353905
20,38.0,2.677094,4.951873
20,38.4,2.438722,5.384796
20,38.8,1.901852,5.453698
20,39.2,1.137604,4.993785
20,39.6,0.808438,4.28303
20,40.0,0.953945,3.707272
21,0.0,1.802695,6.27148
21,0.4,1.28643,5.657806
21,0.8,1.091114,4.909791
21,1.2,1.343218,4.355757
21,1.6,1.92127,4.208255
21,2.0,2.637195,4.557278
21,2.4,3.230715,5.307092
21,2.8,3.549626,6.260705
21,3.2,3.545785,7.197588
21,3.6,3.201951,7.890958
21,4.0,2.456521,8.075995
21,4.4,1.110503,7.341856
21,4.8,1.359801,6.563523
21,5.2,0.759514,5.544569
21,5.6,0.909828,4.686149
21,6.0,1.328529,4.134698
21,6.4,2.033594,4.069839
21,6.8,2.81953,4.547385
21,7.2,3.414649,5.422651
21,7.6,3.692133,6.470735
21,8.0,3.623201,7.45704
21,8.4,3.193937,8.142388
21,8.8,2.317408,8.232969
21,9.2,0.871818,7.291118
21,9.6,1.659031,6.750647
21,10.0,0.850154,5.80808
21,10.4,0.891185,4.910238
21,10.8,1.202152,4.267583
21,11.2,1.82498,4.057372
21,11.6,2.607511,4.389104
21,12.0,3.266113,5.166256
21,12.4,3.63273,6.178405
21,12.8,3.659549,7.193195
21,13.2,3.334807,7.976273
21,13.6,2.604655,8.26051
21,14.0,1.239812,7.621891
21,14.4,1.358657,6.784907
21,14.8,0.726768,5.719946
21,15.2,0.879019,4.82776
21,15.6,1.235661,4.21096
21,16.0,1.89244,4.04804
21,16.4,2.682942,4.431981
21,16.8,3.323981,5.247747
21,17.2,3.661755,6.278161
21,17.6,3.656107,7.289246
21,18.0,3.295519,8.0448
21,18.4,2.516404,8.269356
21,18.8,1.087732,7.519624
21,19.2,1.464669,6.833014
21,19.6,0.716846,5.771756
21,20.0,0.876325,4.872462
21,20.4,1.211925,4.238415
21,20.8,1.852055,4.047381
21,21.2,2.640879,4.40234
21,21.6,3.29391,5.198189
21,22.0,3.649065,6.220846
21,22.4,3.662149,7.236795
21,22.8,3.321791,8.010624
21,23.2,2.57018,8.271496
21,23.6,1.173637,7.585476
21,24.0,1.409033,6.817222
21,24.4,0.715529,5.749088
21,24.8,0.875372,4.852241
21,25.2,1.221319,4.225214
21,25.6,1.869385,4.046284
21,26.0,2.659608,4.414178
21,26.4,3.307815,5.219274
21,26.8,3.655535,6.245952
21,27.2,3.660433,7.260402
21,27.6,3.311143,8.026797
21,28.0,2.547389,8.272264
21,28.4,1.135372,7.55823
21,28.8,1.432975,6.827191
21,29.2,0.714054,5.760446
21,29.6,0.875087,4.862146
21,30.0,1.216266,4.231421
21,30.4,1.860583,4.046359
21,30.8,2.65033,4.407856
21,31.2,3.301104,5.208504
21,31.6,3.65261,6.233384
21,32.0,3.661613,7.248797
21,32.4,3.316764,8.019112
21,32.8,2.559043,8.272448
21,33.2,1.154428,7.572429
21,33.6,1.421148,6.823087
21,34.0,0.714387,5.755324
21,34.4,0.875091,4.857638
21,34.8,1.218486,4.228555
21,35.2,1.864534,4.046246
21,35.6,2.654531,4.41064
21,36.0,3.304172,5.213326
21,36.4,3.653983,6.239058
21,36.8,3.661134,7.254065
21,37.2,3.314278,8.022647
21,37.6,2.553832,8.272463
21,38.0,1.145806,7.566119
21,38.4,1.426485,6.825103
21,38.8,0.714142,5.757734
21,39.2,0.875058,4.859749
21,39.6,1.217427,4.229887
21,40.0,1.862671,4.046279
22,0.0,3.519109,9.01213
22,0.4,1.358737,8.720747
22,0.8,2.779942,9.24411
22,1.2,1.817712,8.471703
22,1.6,1.564328,7.465369
22,2.0,1.602029,6.641558
22,2.4,0.668296,5.538789
22,2.8,1.35221,4.833346
22,3.2,1.123803,4.228321
22,3.6,1.323303,3.776301
22,4.0,1.812459,3.698332
22,4.4,2.386118,4.061821
22,4.8,2.800687,4.745433
22,5.2,2.907079,5.513105
22,5.6,2.63868,6.083432
22,6.0,1.928826,6.130275
22,6.4,0.880621,5.346795
22,6.8,1.000278,4.53618
22,7.2,1.066383,3.885498
22,7.6,1.498526,3.569162
22,8.0,2.131184,3.735793
22,8.4,2.702721,4.343358
22,8.8,2.995965,5.177112
22,9.2,2.915018,5.953291
22,9.6,2.40437,6.352991
22,10.0,1.362513,5.980522
22,10.4,0.73385,4.986272
22,10.8,0.898847,4.167809
22,11.2,1.208594,3.632896
22,11.6,1.795136,3.542255
22,12.0,2.459047,3.96168
22,12.4,2.927058,4.741891
22,12.8,3.04626,5.615287
22,13.2,2.755454,6.274492
22,13.6,1.97659,6.360861
22,14.0,0.818568,5.515655
22,14.4,1.205305,4.778734
22,14.8,1.050189,4.113696
22,15.2,1.33938,3.67519
22,15.6,1.89673,3.661791
22,16.0,2.497185,4.11085
22,16.4,2.893146,4.86541
22,16.8,2.950772,5.666878
22,17.2,2.6106,6.217678
22,17.6,1.792482,6.165743
22,18.0,0.755131,5.256461
22,18.4,1.028392,4.456696
22,18.8,1.122788,3.85018
22,19.2,1.570108,3.587813
22,19.6,2.194724,3.803403
22,20.0,2.733254,4.434583
22,20.4,2.984626,5.259971
22,20.8,2.861373,5.996158
22,21.2,2.306093,6.323031
22,21.6,1.231241,5.847212
22,22.0,0.840463,4.911101
22,22.4,0.899884,4.110151
22,22.8,1.241657,3.60096
22,23.2,1.848468,3.550999
22,23.6,2.509627,4.009462
22,24.0,2.955793,4.811757
22,24.4,3.04458,5.684159
22,24.8,2.717931,6.315795
22,25.2,1.891033,6.339462
22,25.6,0.763697,5.434163
22,26.0,1.184878,4.685178
22,26.4,1.089866,4.051467
22,26.8,1.409781,3.666457
22,27.2,1.975282,3.713284
22,27.6,2.551234,4.204135
22,28.0,2.903908,4.967188
22,28.4,2.913399,5.740864
22,28.8,2.522609,6.22641
22,29.2,1.647318,6.06612
22,29.6,0.702245,5.10434
22,30.0,0.931725,4.280603
22,30.4,1.164793,3.709985
22,30.8,1.702066,3.548349
22,31.2,2.358002,3.889809
22,31.6,2.858519,4.617357
22,32.0,3.031235,5.478862
22,32.4,2.806687,6.175465
22,32.8,2.117618,6.364794
22,33.2,0.949113,5.65151
22,33.6,1.139294,4.884191
22,34.0,0.961705,4.147116
22,34.4,1.258075,3.648144
22,34.8,1.8331,3.586246
22,35.2,2.473417,4.016822
22,35.6,2.914802,4.787743
22,36.0,3.011506,5.634945
22,36.4,2.702919,6.254825
22,36.8,1.909684,6.291034
22,37.2,0.793516,5.419634
22,37.6,1.143378,4.657965
22,38.0,1.079316,4.015881
22,38.4,1.424287,3.642205
22,38.8,2.006345,3.712878
22,39.2,2.584293,4.229205
22,39.6,2.926464,5.009566
22,40.0,2.918037,5.787008
23,0.0,2.263629,6.558136
23,0.4,1.026208,5.926227
23,0.8,1.92157,5.877105
23,1.2,0.671893,5.159551
23,1.6,1.840375,4.880341
23,2.0,0.929125,4.448404
23,2.4,0.864962,3.873731
23,2.8,0.904695,3.392023
23,3.2,1.174842,3.091447
23,3.6,1.582386,3.051725
23,4.0,2.012628,3.292937
23,4.4,2.307358,3.731723
23,4.8,2.353319,4.208751
23,5.2,2.093762,4.528591
23,5.6,1.512757,4.483138
23,6.0,0.892192,4.009051
23,6.4,0.86341,3.494397
23,6.8,1.09247,3.140955
23,7.2,1.475808,3.032662
23,7.6,1.916542,3.210495
23,8.0,2.257881,3.61542
23,8.4,2.370981,4.101676
23,8.8,2.188021,4.479678
23,9.2,1.679423,4.540523
23,9.6,0.998457,4.146916
23,10.0,0.837733,3.612794
23,10.4,1.016537,3.209748
23,10.8,1.36787,3.032379
23,11.2,1.808302,3.13927
23,11.6,2.189888,3.49836
23,12.0,2.369372,3.981377
23,12.4,2.265245,4.40653
23,12.8,1.838663,4.567654
23,13.2,1.151366,4.282935
23,13.6,0.816674,3.73946
23,14.0,0.947216,3.289738
23,14.4,1.265813,3.047309
23,14.8,1.698478,3.082629
23,15.2,2.112383,3.389864
23,15.6,2.353261,3.860392
23,16.0,2.324235,4.32115
23,16.4,1.978092,4.569496
23,16.8,1.324852,4.40209
23,17.2,0.823365,3.871546
23,17.6,0.894599,3.383276
23,18.0,1.174633,3.082722
23,18.4,1.588579,3.046929
23,18.8,2.022407,3.294476
23,19.2,2.316884,3.739521
23,19.6,2.359192,4.220513
23,20.0,2.093023,4.540171
23,20.4,1.502498,4.488446
23,20.8,0.881533,4.006495
23,21.2,0.862386,3.490928
23,21.6,1.093971,3.138492
23,22.0,1.478812,3.032121
23,22.4,1.919988,3.212205
23,22.8,2.260439,3.618835
23,23.2,2.371686,4.105616
23,23.6,2.186252,4.482567
23,24.0,1.674783,4.540512
23,24.4,0.99395,4.143644
23,24.8,0.838176,3.609687
23,25.2,1.018332,3.207829
23,25.6,1.370527,3.032157
23,26.0,1.811092,3.140871
23,26.4,2.191773,3.501225
23,26.8,2.369639,3.984469
23,27.2,2.263551,4.408597
23,27.6,1.834877,4.567347
23,28.0,1.147125,4.279691
23,28.4,0.816966,3.736222
23,28.8,0.948777,3.287583
23,29.2,1.26824,3.046698
23,29.6,1.701223,3.083802
23,30.0,2.114463,3.392422
23,30.4,2.353897,3.863411
23,30.8,2.323047,4.323462
23,31.2,1.974906,4.569824
23,31.6,1.320411,4.399477
23,32.0,0.822622,3.868209
23,32.4,0.895644,3.380763
23,32.8,1.176762,3.081572
23,33.2,1.591322,3.047546
23,33.6,2.024817,3.296685
23,34.0,2.318058,3.742537
23,34.4,2.358621,4.223221
23,34.8,2.090447,4.541286
23,35.2,1.498101,4.486737
23,35.6,0.879394,4.003105
23,36.0,0.863019,3.488091
23,36.4,1.095901,3.136903
23,36.8,1.481543,3.032285
23,37.2,1.922655,3.214121
23,37.6,2.262033,3.621829
23,38.0,2.371582,4.108599
23,38.4,2.184135,4.484256
23,38.8,1.670603,4.539557
23,39.2,0.990566,4.1402
23,39.6,0.838788,3.606622
23,40.0,1.020177,3.20598
24,0.0,1.537163,4.694848
24,0.4,0.5867,4.187171
24,0.8,0.976234,3.803064
24,1.2,0.728666,3.397459
24,1.6,0.775344,3.046326
24,2.0,0.92299,2.787542
24,2.4,1.125773,2.642849
24,2.8,1.350369,2.623914
24,3.2,1.549064,2.716712
24,3.6,1.671546,2.878588
24,4.0,1.686039,3.048748
24,4.4,1.590042,3.164845
24,4.8,1.4173,3.18293
24,5.2,1.243306,3.101118
24,5.6,1.152371,2.966904
24,6.0,1.167958,2.842361
24,6.4,1.256808,2.769028
24,6.8,1.374541,2.762607
24,7.2,1.480525,2.816186
24,7.6,1.542542,2.904875
24,8.0,1.543246,2.994013
24,8.4,1.485233,3.050297
24,8.8,1.39278,3.053952
24,9.2,1.306012,3.007952
24,9.6,1.261387,2.936421
24,10.0,1.270629,2.870353
24,10.4,1.320665,2.832965
24,10.8,1.387269,2.833492
24,11.2,1.445626,2.867143
24,11.6,1.476723,2.918438
24,12.0,1.471915,2.967016
24,12.4,1.435391,2.994843
24,12.8,1.383254,2.992958
24,13.2,1.337537,2.96496
24,13.6,1.315907,2.924625
24,14.0,1.323604,2.888744
24,14.4,1.353508,2.869954
24,14.8,1.391771,2.872953
24,15.2,1.423826,2.894172
24,15.6,1.438948,2.923981
24,16.0,1.433206,2.950526
24,16.4,1.410458,2.964123
24,16.8,1.38081,2.96082
24,17.2,1.356429,2.943608
24,17.6,1.346214,2.92058
24,18.0,1.352334,2.901065
24,18.4,1.370418,2.891872
24,18.8,1.392369,2.89518
24,19.2,1.409791,2.908398
24,19.6,1.416832,2.925618
24,20.0,1.411907,2.940032
24,20.4,1.397961,2.946502
24,20.8,1.381132,2.943379
24,21.2,1.368145,2.932853
24,21.6,1.363536,2.919707
24,22.0,1.368074,2.909157
24,22.4,1.378981,2.904828
24,22.8,1.391494,2.907625
24,23.2,1.400843,2.915743
24,23.6,1.403922,2.92561
24,24.0,1.400219,2.933367
24,24.4,1.391788,2.936318
24,24.8,1.382282,2.933852
24,25.2,1.375412,2.927472
24,25.6,1.373488,2.92
24,26.0,1.376676,2.914348
24,26.4,1.383206,2.91242
24,26.8,1.390285,2.914524
24,27.2,1.395234,2.919445
24,27.6,1.396445,2.925053
24,28.0,1.393852,2.929183
24,28.4,1.388814,2.930441
24,28.8,1.383477,2.928658
24,29.2,1.379882,2.924828
24,29.6,1.379191,2.920606
24,30.0,1.381343,2.917612
24,30.4,1.38522,2.916828
24,30.8,1.389193,2.918308
24,31.2,1.391774,2.921257
24,31.6,1.392152,2.924419
24,32.0,1.390416,2.926591
24,32.4,1.387435,2.927065
24,32.8,1.384459,2.925843
24,33.2,1.382603,2.923564
24,33.6,1.382442,2.921194
24,34.0,1.383852,2.919629
24,34.4,1.386135,2.919366
24,34.8,1.388346,2.920362
24,35.2,1.38967,2.922111
24,35.6,1.389707,2.92388
24,36.0,1.388579,2.925006
24,36.4,1.386832,2.925137
24,36.8,1.385184,2.924329
24,37.2,1.384243,2.922985
24,37.6,1.384284,2.921665
24,38.0,1.385186,2.920859
24,38.4,1.386519,2.920814
24,38.8,1.38774,2.921463
24,39.2,1.388405,2.922492
24,39.6,1.388325,2.923474
24,40.0,1.38761,2.924048
25,0.0,2.885188,9.053188
25,0.4,1.034184,8.045695
25,0.8,3.025268,8.68187
25,1.2,0.932562,7.842524
25,1.6,3.073573,8.490323
25,2.0,1.080959,7.809315
25,2.4,2.550259,8.101046
25,2.8,0.864793,7.031926
25,3.2,2.288117,7.052393
25,3.6,0.85861,6.104232
25,4.0,1.520615,5.475402
25,4.4,0.90645,4.587298
25,4.8,0.976459,3.795539
25,5.2,1.376361,3.390577
25,5.6,1.927499,3.488493
25,6.0,2.399504,4.010877
25,6.4,2.619861,4.721523
25,6.8,2.528114,5.338497
25,7.2,2.125822,5.58723
25,7.6,1.480485,5.2485
25,8.0,0.987643,4.442831
25,8.4,1.068002,3.737257
25,8.8,1.473462,3.418536
25,9.2,2.002275,3.583033
25,9.6,2.42657,4.127772
25,10.0,2.595,4.813954
25,10.4,2.459008,5.367626
25,10.8,2.026974,5.527018
25,11.2,1.392885,5.106964
25,11.6,0.994716,4.310099
25,12.0,1.131612,3.666631
25,12.4,1.562076,3.428592
25,12.8,2.080313,3.663385
25,13.2,2.464476,4.240666
25,13.6,2.582907,4.914051
25,14.0,2.398874,5.412456
25,14.4,1.928708,5.482812
25,14.8,1.300463,4.976196
25,15.2,0.997167,4.184288
25,15.6,1.192947,3.600428
25,16.0,1.649635,3.442462
25,16.4,2.156326,3.745732
25,16.8,2.500381,4.353748
25,17.2,2.568957,5.012759
25,17.6,2.336123,5.453636
25,18.0,1.827291,5.431957
25,18.4,1.214131,4.843637
25,18.8,1.007712,4.065297
25,19.2,1.258487,3.544122
25,19.6,1.737604,3.466587
25,20.0,2.22823,3.834408
25,20.4,2.530211,4.467588
25,20.8,2.548592,5.106533
25,21.2,2.267151,5.484406
25,21.6,1.722347,5.367268
25,22.0,1.13958,4.70776
25,22.4,1.028342,3.953309
25,22.8,1.329691,3.499269
25,23.2,1.82603,3.502481
25,23.6,2.295368,3.930276
25,24.0,2.552905,4.582093
25,24.4,2.520488,5.194103
25,24.8,2.190743,5.502388
25,25.2,1.614453,5.286718
25,25.6,1.079861,4.57002
25,26.0,1.05853,3.848808
25,26.4,1.406387,3.466339
25,26.8,1.914274,3.550006
25,27.2,2.357333,4.032832
25,27.6,2.568239,4.696588
25,28.0,2.484391,5.274575
25,28.4,2.1067,5.506487
25,28.8,1.505261,5.190501
25,29.2,1.036822,4.433028
25,29.6,1.097771,3.753296
25,30.0,1.487703,3.446172
25,30.4,2.000938,3.608678
25,30.8,2.413157,4.140726
25,31.2,2.575757,4.80936
25,31.6,2.440236,5.346201
25,32.0,2.015564,5.495401
25,32.4,1.39807,5.080115
25,32.8,1.011585,4.299859
25,33.2,1.145867,3.669048
25,33.6,1.572384,3.439974
25,34.0,2.084142,3.677931
25,34.4,2.461422,4.252149
25,34.8,2.574677,4.917932
25,35.2,2.387928,5.406447
25,35.6,1.918448,5.46754
25,36.0,1.297568,4.958173
25,36.4,1.003878,4.17303
25,36.8,1.202476,3.59791
25,37.2,1.659165,3.448499
25,37.6,2.16233,3.757055
25,38.0,2.501038,4.365438
25,38.4,2.56439,5.020156
25,38.8,2.327399,5.453103
25,39.2,1.816609,5.421732
25,39.6,1.208337,4.827897
25,40.0,1.011631,4.053692
26,0.0,3.564752,5.556549
26,0.4,3.704266,6.568932
26,0.8,3.461506,7.431134
26,1.2,2.770774,7.877211
26,1.6,1.322274,7.465651
26,2.0,1.559242,6.841216
26,2.4,0.661953,5.874465
26,2.8,1.222503,5.174776
26,3.2,1.066066,4.552985
26,3.6,1.32397,4.097733
26,4.0,1.890753,3.992805
26,4.4,2.60635,4.332857
26,4.8,3.211385,5.047337
26,5.2,3.53714,5.959318
26,5.6,3.51946,6.857667
26,6.0,3.119849,7.512585
26,6.4,2.212103,7.625378
26,6.8,0.86831,6.800481
26,7.2,1.670387,6.398483
26,7.6,0.768534,5.570343
26,8.0,0.945461,4.812275
26,8.4,1.09349,4.214129
26,8.8,1.570948,3.913212
26,9.2,2.291653,4.057628
26,9.6,3.009146,4.648141
26,10.0,3.490975,5.533589
26,10.4,3.636599,6.50468
26,10.8,3.410511,7.335921
26,11.2,2.748116,7.767938
26,11.6,1.362641,7.378847
26,12.0,1.516964,6.684664
26,12.4,0.667606,5.736526
26,12.8,1.059989,4.995818
26,13.2,1.060883,4.372738
26,13.6,1.4359,3.988023
26,14.0,2.090413,4.007107
26,14.4,2.81885,4.479501
26,14.8,3.367029,5.28942
26,15.2,3.602451,6.240488
26,15.6,3.479069,7.113722
26,16.0,2.950028,7.6665
26,16.4,1.817981,7.547439
26,16.8,0.66016,6.523937
26,17.2,1.916069,6.083982
26,17.6,1.222316,5.574424
26,18.0,0.868295,4.818694
26,18.4,1.053254,4.197983
26,18.8,1.544598,3.881732
26,19.2,2.281391,4.019962
26,19.6,3.01651,4.615265
26,20.0,3.511737,5.513666
26,20.4,3.665763,6.502661
26,20.8,3.444552,7.354604
26,21.2,2.785853,7.809388
26,21.6,1.402903,7.445519
26,22.0,1.521061,6.727113
26,22.4,0.669147,5.773715
26,22.8,1.103117,5.043699
26,23.2,1.060598,4.419575
26,23.6,1.405101,4.015522
26,24.0,2.037354,4.001603
26,24.4,2.763883,4.439788
26,24.8,3.327559,5.225543
26,25.2,3.586615,6.167159
26,25.6,3.490885,7.047699
26,26.0,2.996536,7.628383
26,26.4,1.927716,7.57376
26,26.8,0.759292,6.603507
26,27.2,1.789056,6.185029
26,27.6,0.983694,5.517885
26,28.0,0.864563,4.746017
26,28.4,1.086423,4.147327
26,28.8,1.609231,3.870622
26,29.2,2.360969,4.05841
26,29.6,3.081544,4.693892
26,30.0,3.545729,5.612798
26,30.4,3.663298,6.599946
26,30.8,3.402102,7.426026
26,31.2,2.689871,7.823534
26,31.6,1.211905,7.342258
26,32.0,1.490232,6.79156
26,32.4,0.708382,5.837171
26,32.8,1.189057,5.134271
26,33.2,1.065738,4.512455
26,33.6,1.349509,4.0733
26,34.0,1.935915,3.996364
26,34.4,2.654768,4.36658
26,34.8,3.246726,5.102749
26,35.2,3.551562,6.023357
26,35.6,3.509727,6.915633
26,36.0,3.081478,7.547411
26,36.4,2.126985,7.609975
26,36.8,0.877338,6.747283
26,37.2,1.635273,6.316178
26,37.6,0.776792,5.495492
26,38.0,0.911849,4.734263
26,38.4,1.115981,4.152246
26,38.8,1.634289,3.89045
26,39.2,2.377185,4.088214
26,39.6,3.084449,4.725327
26,40.0,3.536106,5.638158
27,0.0,3.138732,6.294803
27,0.4,1.801283,6.476153
27,0.8,0.566155,5.502058
27,1.2,1.791078,5.14079
27,1.6,0.815812,4.534511
27,2.0,0.911425,3.899521
27,2.4,0.931859,3.378312
27,2.8,1.205323,3.068055
27,3.2,1.601152,3.048348
27,3.6,1.983918,3.312015
27,4.0,2.209626,3.744352
27,4.4,2.194839,4.168855
27,4.8,1.917938,4.394238
27,5.2,1.431665,4.26293
27,5.6,1.022847,3.813476
27,6.0,1.017697,3.357836
27,6.4,1.27136,3.09488
27,6.8,1.641636,3.104861
27,7.2,1.988623,3.372204
27,7.6,2.179125,3.782298
27,8.0,2.139015,4.165984
27,8.4,1.853648,4.343945
27,8.8,1.391098,4.18098
27,9.2,1.040928,3.744525
27,9.6,1.063257,3.323736
27,10.0,1.323947,3.099286
27,10.4,1.686387,3.142321
27,10.8,2.009907,3.425624
27,11.2,2.169695,3.829077
27,11.6,2.100474,4.1848
27,12.0,1.795417,4.320071
27,12.4,1.340781,4.11849
27,12.8,1.040782,3.68104
27,13.2,1.097879,3.286718
27,13.6,1.372747,3.098189
27,14.0,1.732317,3.175227
27,14.4,2.035676,3.477818
27,14.8,2.165808,3.878754
27,15.2,2.065926,4.209523
27,15.6,1.737612,4.302468
27,16.0,1.288459,4.060655
27,16.4,1.037766,3.620181
27,16.8,1.130225,3.2505
27,17.2,1.420866,3.09744
27,17.6,1.778199,3.208492
27,18.0,2.06163,3.530519
27,18.4,2.161989,3.929015
27,18.8,2.030721,4.234389
27,19.2,1.678535,4.284012
27,19.6,1.23761,4.002822
27,20.0,1.037098,3.561353
27,20.4,1.163489,3.216865
27,20.8,1.469339,3.099554
27,21.2,1.823247,3.24404
27,21.6,2.085774,3.584177
27,22.0,2.155841,3.978544
27,22.4,1.992925,4.25664
27,22.8,1.617858,4.261626
27,23.2,1.19045,3.943575
27,23.6,1.040688,3.504621
27,24.0,1.198881,3.186766
27,24.4,1.518426,3.10567
27,24.8,1.866906,3.282593
27,25.2,2.107093,3.638764
27,25.6,2.146237,4.026485
27,26.0,1.951708,4.274796
27,26.4,1.555824,4.233944
27,26.8,1.14851,3.882774
27,27.2,1.049087,3.450237
27,27.6,1.236777,3.160733
27,28.0,1.568046,3.116267
27,28.4,1.908769,3.324323
27,28.8,2.125048,3.694054
27,29.2,2.132647,4.072223
27,29.6,1.906765,4.288003
27,30.0,1.493,4.200467
27,30.4,1.112834,3.820826
27,30.8,1.062282,3.398536
27,31.2,1.27717,3.139105
27,31.6,1.617936,3.131501
27,32.0,1.948467,3.369111
27,32.4,2.139316,3.749696
27,32.8,2.11483,4.115222
27,33.2,1.858087,4.295701
27,33.6,1.43022,4.161193
27,34.0,1.08411,3.758384
27,34.4,1.080072,3.349921
27,34.8,1.319869,3.122166
27,35.2,1.667706,3.15137
27,35.6,1.985612,3.416662
27,36.0,2.149634,3.805202
27,36.4,2.092671,4.154927
27,36.8,1.805867,4.297444
27,37.2,1.368566,4.116437
27,37.6,1.062728,3.696191
27,38.0,1.102211,3.30485
27,38.4,1.364586,3.110178
27,38.8,1.716882,3.175788
27,39.2,2.019794,3.466587
27,39.6,2.155761,3.860005
27,40.0,2.066129,4.190722
28,0.0,2.652253,7.836977
28,0.4,1.251189,7.243505
28,0.8,1.342594,6.396397
28,1.2,0.727116,5.316353
28,1.6,0.879534,4.427884
28,2.0,1.253212,3.854872
28,2.4,1.883202,3.764769
28,2.8,2.57227,4.202219
28,3.2,3.06866,5.008988
28,3.6,3.249309,5.938653
28,4.0,3.081266,6.72937
28,4.4,2.541035,7.10679
28,4.8,1.544643,6.733513
28,5.2,0.668637,5.60241
28,5.6,0.892805,4.682737
28,6.0,1.137421,4.013637
28,6.4,1.681733,3.767598
28,6.8,2.365819,4.047074
28,7.2,2.928905,4.750737
28,7.6,3.206989,5.652572
28,8.0,3.147257,6.496399
28,8.4,2.730392,7.017746
28,8.8,1.89677,6.910355
28,9.2,0.805888,5.91928
28,9.6,1.064559,5.04563
28,10.0,1.062352,4.301632
28,10.4,1.450736,3.874137
28,10.8,2.070828,3.925695
28,11.2,2.686586,4.447137
28,11.6,3.08366,5.260871
28,12.0,3.168765,6.126149
28,12.4,2.914908,6.78967
28,12.8,2.289788,6.978036
28,13.2,1.233789,6.362644
28,13.6,0.795561,5.311975
28,14.0,0.893657,4.43032
28,14.4,1.260558,3.861967
28,14.8,1.886302,3.77397
28,15.2,2.570991,4.210243
28,15.6,3.064172,5.013464
28,16.0,3.243097,5.938381
28,16.4,3.074553,6.724051
28,16.8,2.534887,7.096885
28,17.2,1.541189,6.720926
28,17.6,0.670258,5.592065
28,18.0,0.890047,4.672498
28,18.4,1.140714,4.006371
28,18.8,1.688958,3.765957
28,19.2,2.374056,4.051773
28,19.6,2.935082,4.760039
28,20.0,3.209605,5.663695
28,20.4,3.145743,6.506241
28,20.8,2.72418,7.02284
28,21.2,1.884292,6.906067
28,21.6,0.797601,5.906738
28,22.0,1.062077,5.032563
28,22.4,1.067,4.292586
28,22.8,1.459663,3.871987
28,23.2,2.081213,3.931515
28,23.6,2.694438,4.458835
28,24.0,3.086826,5.274761
28,24.4,3.166698,6.138286
28,24.8,2.907469,6.796085
28,25.2,2.276223,6.974235
28,25.6,1.215916,6.344539
28,26.0,0.808672,5.302052
28,26.4,0.897039,4.423522
28,26.8,1.266093,3.859361
28,27.2,1.893209,3.776644
28,27.6,2.57669,4.217216
28,28.0,3.066969,5.022425
28,28.4,3.242544,5.946789
28,28.8,3.070618,6.729403
28,29.2,2.527255,7.096477
28,29.6,1.529237,6.711401
28,30.0,0.670704,5.582038
28,30.4,0.886906,4.662429
28,30.8,1.143735,3.999083
28,31.2,1.695956,3.764128
28,31.6,2.382147,4.056175
28,32.0,2.941239,4.769034
28,32.4,3.212322,5.674599
28,32.8,3.144425,6.516011
28,33.2,2.718223,7.028058
28,33.6,1.872108,6.90212
28,34.0,0.789608,5.894804
28,34.4,1.059353,5.019957
28,34.8,1.071317,4.28374
28,35.2,1.468246,3.869779
28,35.6,2.091274,3.937035
28,36.0,2.702104,4.470098
28,36.4,3.08999,5.288228
28,36.8,3.164794,6.150124
28,37.2,2.900323,6.80243
28,37.6,2.263058,6.970658
28,38.0,1.198657,6.327086
28,38.4,0.821736,5.292814
28,38.8,0.900511,4.41743
28,39.2,1.271358,3.857232
28,39.6,1.899581,3.779382
28,40.0,2.581821,4.223819
29,0.0,1.837613,5.847515
29,0.4,1.17124,5.314482
29,0.8,2.450926,5.616694
29,1.2,1.131934,5.268571
29,1.6,2.502472,5.596588
29,2.0,1.138113,5.279912
29,2.4,2.500815,5.607296
29,2.8,1.144401,5.288574
29,3.2,2.494624,5.612998
29,3.6,1.146882,5.290352
29,4.0,2.489674,5.612322
29,4.4,1.145613,5.287105
29,4.8,2.488662,5.608535
29,5.2,1.143402,5.283249
29,5.6,2.489618,5.605115
29,6.0,1.141754,5.280767
29,6.4,2.490918,5.603252
29,6.8,1.140956,5.279825
29,7.2,2.491934,5.602804
29,7.6,1.140862,5.279969
29,8.0,2.492446,5.603205
29,8.4,1.141155,5.280593
29,8.8,2.492501,5.603864
29,9.2,1.141528,5.281201
29,9.6,2.492277,5.604369
29,10.0,1.141775,5.281527
29,10.4,2.491999,5.60456
29,10.8,1.141845,5.281548
29,11.2,2.491818,5.604491
29,11.6,1.141778,5.28139
29,12.0,2.491785,5.604315
29,12.4,1.141671,5.281219
29,12.8,2.491862,5.60418
29,13.2,1.141609,5.281141
29,13.6,2.491935,5.604138
29,14.0,1.141596,5.281143
29,14.4,2.491966,5.604154
29,14.8,1.141615,5.281173
29,15.2,2.491953,5.604178
29,15.6,1.141627,5.281187
29,16.0,2.49194,5.604187
29,16.4,1.141625,5.281188
29,16.8,2.491948,5.604191
29,17.2,1.141637,5.281195
29,17.6,2.49192,5.604185
29,18.0,1.14162,5.281176
29,18.4,2.491944,5.604177
29,18.8,1.141619,5.281181
29,19.2,2.491978,5.6042
29,19.6,1.141637,5.28122
29,20.0,2.491959,5.604229
29,20.4,1.14165,5.281235
29,20.8,2.491941,5.604235
29,21.2,1.141661,5.28123
29,21.6,2.491902,5.604211
29,22.0,1.141632,5.281189
29,22.4,2.491926,5.604181
29,22.8,1.141619,5.281176
29,23.2,2.491971,5.604192
29,23.6,1.141632,5.281209
29,24.0,2.491959,5.604218
29,24.4,1.141644,5.281226
29,24.8,2.491945,5.604228
29,25.2,1.141658,5.281226
29,25.6,2.491904,5.604208
29,26.0,1.14163,5.281187
29,26.4,2.491931,5.604182
29,26.8,1.14162,5.281179
29,27.2,2.491972,5.604195
29,27.6,1.141634,5.281213
29,28.0,2.491956,5.60422
29,28.4,1.141645,5.281226
29,28.8,2.491943,5.604228
29,29.2,1.141658,5.281225
29,29.6,2.491901,5.604205
29,30.0,1.141628,5.281184
29,30.4,2.491931,5.604178
29,30.8,1.141618,5.281176
29,31.2,2.491972,5.604193
29,31.6,1.141632,5.28121
29,32.0,2.491959,5.604219
29,32.4,1.141655,5.281226
29,32.8,2.491889,5.604199
29,33.2,1.141633,5.281171
29,33.6,2.491872,5.604135
29,34.0,1.141595,5.281105
29,34.4,2.491937,5.604103
29,34.8,1.141568,5.281115
29,35.2,2.492034,5.604161
29,35.6,1.141615,5.281217
29,36.0,2.492042,5.604268
29,36.4,1.141695,5.281313
29,36.8,2.491899,5.604292
29,37.2,1.141686,5.281259
29,37.6,2.491842,5.604209
29,38.0,1.141631,5.281155
29,38.4,2.491901,5.604136
29,38.8,1.14158,5.281124
29,39.2,2.492013,5.604159
29,39.6,1.14161,5.281204
29,40.0,2.492041,5.604255
30,0.0,4.280039,7.772969
30,0.4,3.225859,8.553988
30,0.8,1.275124,8.23405
30,1.2,2.276707,8.291379
30,1.6,1.112448,7.504504
30,2.0,2.090535,7.451233
30,2.4,0.825353,6.652267
30,2.8,2.022164,6.495089
30,3.2,0.803504,5.840805
30,3.6,1.426844,5.362623
30,4.0,0.823526,4.735528
30,4.4,0.841768,4.136733
30,4.8,1.067082,3.69166
30,5.2,1.458635,3.477402
30,5.6,1.962604,3.558938
30,6.0,2.441726,3.920276
30,6.4,2.762242,4.464258
30,6.8,2.854758,5.055711
30,7.2,2.693756,5.547961
30,7.6,2.25975,5.785044
30,8.0,1.519094,5.590042
30,8.4,0.783826,4.933317
30,8.8,0.818412,4.303691
30,9.2,0.982862,3.806242
30,9.6,1.32573,3.514055
30,10.0,1.806343,3.503766
30,10.4,2.308611,3.787806
30,10.8,2.686631,4.289373
30,11.2,2.851516,4.88089
30,11.6,2.768501,5.418065
30,12.0,2.420056,5.748852
30,12.4,1.773828,5.703002
30,12.8,0.937631,5.150126
30,13.2,0.8133,4.497945
30,13.6,0.906555,3.949638
30,14.0,1.195669,3.581049
30,14.4,1.63973,3.47293
30,14.8,2.152339,3.665719
30,15.2,2.584242,4.109057
30,15.6,2.824442,4.686944
30,16.0,2.824239,5.258344
30,16.4,2.564626,5.674073
30,16.8,2.019919,5.771483
30,17.2,1.188497,5.378244
30,17.6,0.747014,4.68955
30,18.0,0.834544,4.09348
30,18.4,1.083944,3.659667
30,18.8,1.491907,3.465161
30,19.2,2.003842,3.571041
30,19.6,2.478098,3.953534
30,20.0,2.784487,4.510067
30,20.4,2.858371,5.103128
30,20.8,2.676267,5.584837
30,21.2,2.217603,5.797306
30,21.6,1.449737,5.561357
30,22.0,0.756701,4.885615
30,22.4,0.814453,4.260119
30,22.8,0.99965,3.773931
30,23.2,1.356708,3.500031
30,23.6,1.845708,3.512923
30,24.0,2.34457,3.817932
30,24.4,2.709475,4.332444
30,24.8,2.856585,4.92642
30,25.2,2.753879,5.454694
30,25.6,2.383649,5.764145
30,26.0,1.712134,5.682301
30,26.4,0.889265,5.097168
30,26.8,0.821775,4.452375
30,27.2,0.92561,3.916494
30,27.6,1.225267,3.565184
30,28.0,1.677355,3.479097
30,28.4,2.188,3.692714
30,28.8,2.607871,4.149509
30,29.2,2.831028,4.730745
30,29.6,2.812228,5.294735
30,30.0,2.533092,5.691907
30,30.4,1.966484,5.758233
30,30.8,1.126953,5.326867
30,31.2,0.760681,4.644663
30,31.6,0.848113,4.058295
30,32.0,1.107656,3.638459
30,32.4,1.525114,3.463366
30,32.8,2.039058,3.589897
30,33.2,2.504932,3.98785
30,33.6,2.796635,4.551029
30,34.0,2.85352,5.140839
30,34.4,2.653456,5.60901
30,34.8,2.174834,5.796559
30,35.2,1.38838,5.524159
30,35.6,0.743247,4.83862
30,36.0,0.813344,4.21827
30,36.4,1.017295,3.743579
30,36.8,1.387829,3.48802
30,37.2,1.884218,3.523584
30,37.6,2.378853,3.848555
30,38.0,2.730474,4.374928
30,38.4,2.860085,4.970465
30,38.8,2.738119,5.489194
30,39.2,2.346475,5.77689
30,39.6,1.65039,5.65896
30,40.0,0.847416,5.045547
31,0.0,3.15467,9.001833
31,0.4,1.478383,8.516827
31,0.8,1.716769,7.687049
31,1.2,0.623652,6.273181
31,1.6,1.354561,5.388535
31,2.0,1.173156,4.61867
31,2.4,1.449907,4.103098
31,2.8,2.01977,4.080035
31,3.2,2.627046,4.571952
31,3.6,3.031452,5.394839
31,4.0,3.120174,6.278287
31,4.4,2.859063,6.932928
31,4.8,2.218349,7.049609
31,5.2,1.184455,6.291006
31,5.6,0.819045,5.146806
31,6.0,0.990895,4.241165
31,6.4,1.511204,3.79295
31,6.8,2.250489,3.972944
31,7.2,2.905814,4.702352
31,7.6,3.257747,5.712011
31,8.0,3.235909,6.687197
31,8.4,2.821746,7.306892
31,8.8,1.957975,7.206922
31,9.2,0.808033,6.076206
31,9.6,1.105841,5.109339
31,10.0,1.135899,4.316238
31,10.4,1.589796,3.927383
31,10.8,2.259625,4.111573
31,11.2,2.855438,4.795595
31,11.6,3.172388,5.732355
31,12.0,3.138012,6.625839
31,12.4,2.730024,7.16986
31,12.8,1.898393,7.020168
31,13.2,0.828899,5.916356
31,13.6,0.991799,4.905745
31,14.0,1.165339,4.147151
31,14.4,1.71327,3.866425
31,14.8,2.417129,4.185448
31,15.2,2.980404,4.973031
31,15.6,3.229815,5.954628
31,16.0,3.113484,6.824759
31,16.4,2.609908,7.267448
31,16.8,1.652275,6.912602
31,17.2,0.701209,5.672144
31,17.6,0.917894,4.649621
31,18.0,1.245529,3.970014
31,18.4,1.88997,3.842045
31,18.8,2.607279,4.322554
31,19.2,3.111619,5.217383
31,19.6,3.270302,6.228654
31,20.0,3.050282,7.042897
31,20.4,2.424003,7.330006
31,20.8,1.315587,6.689633
31,21.2,0.778262,5.470438
31,21.6,0.912204,4.47444
31,22.0,1.330109,3.871421
31,22.4,2.027592,3.861596
31,22.8,2.735197,4.449718
31,23.2,3.186882,5.40499
31,23.6,3.27709,6.41895
31,24.0,2.9816,7.174015
31,24.4,2.263736,7.327729
31,24.8,1.078787,6.475485
31,25.2,1.008192,5.418073
31,25.6,0.961278,4.466736
31,26.0,1.367255,3.892421
31,26.4,2.052752,3.903036
31,26.8,2.741461,4.495499
31,27.2,3.175354,5.440257
31,27.6,3.252162,6.432945
31,28.0,2.947303,7.159371
31,28.4,2.223061,7.279391
31,28.8,1.052173,6.401644
31,29.2,1.005066,5.351106
31,29.6,0.983214,4.421738
31,30.0,1.406953,3.881035
31,30.4,2.09864,3.930555
31,30.8,2.774673,4.550421
31,31.2,3.186759,5.503664
31,31.6,3.240186,6.485435
31,32.0,2.911781,7.181813
31,32.4,2.160458,7.249863
31,32.8,0.989347,6.311311
31,33.2,1.041302,5.292919
31,33.6,1.01944,4.39616
31,34.0,1.448107,3.889255
31,34.4,2.135563,3.969633
31,34.8,2.793977,4.60491
31,35.2,3.184793,5.55549
31,35.6,3.218658,6.518582
31,36.0,2.872758,7.182213
31,36.4,2.103775,7.203228
31,36.8,0.947518,6.222718
31,37.2,1.043939,5.214291
31,37.6,1.053368,4.349193
31,38.0,1.500987,3.886882
31,38.4,2.190385,4.013578
31,38.8,2.829095,4.677497
31,39.2,3.191596,5.632419
31,39.6,3.196639,6.57608
31,40.0,2.822314,7.197251
32,0.0,2.389957,4.42998
32,0.4,1.620981,4.559108
32,0.8,0.7925,4.021852
32,1.2,0.754409,3.449854
32,1.6,0.840157,3.000495
32,2.0,1.049357,2.723363
32,2.4,1.306243,2.643659
32,2.8,1.540247,2.741402
32,3.2,1.684137,2.945329
32,3.6,1.703808,3.159126
32,4.0,1.60745,3.294367
32,4.4,1.444776,3.30156
32,4.8,1.298062,3.195268
32,5.2,1.237704,3.045497
32,5.6,1.27169,2.926521
32,6.0,1.361173,2.879341
32,6.4,1.458288,2.907354
32,6.8,1.524596,2.985084
32,7.2,1.539928,3.072492
32,7.6,1.505903,3.131672
32,8.0,1.443647,3.141621
32,8.4,1.384577,3.10594
32,8.8,1.354667,3.048277
32,9.2,1.361518,2.997504
32,9.6,1.394614,2.973482
32,10.0,1.43496,2.980938
32,10.4,1.464819,3.010991
32,10.8,1.473954,3.047225
32,11.2,1.462072,3.073417
32,11.6,1.437563,3.080148
32,12.0,1.412992,3.067868
32,12.4,1.398982,3.045185
32,12.8,1.399632,3.023624
32,13.2,1.411899,3.012046
32,13.6,1.428452,3.013443
32,14.0,1.44163,3.024878
32,14.4,1.446576,3.039789
32,14.8,1.442662,3.051307
32,15.2,1.433053,3.05516
32,15.6,1.4228,3.051058
32,16.0,1.416378,3.042149
32,16.4,1.41583,3.033063
32,16.8,1.420315,3.027658
32,17.2,1.427029,3.027537
32,17.6,1.432756,3.0318
32,18.0,1.435277,3.037878
32,18.4,1.434102,3.042892
32,18.8,1.430374,3.044918
32,19.2,1.426116,3.043629
32,19.6,1.42322,3.040159
32,20.0,1.422669,3.036362
32,20.4,1.424273,3.033895
32,20.8,1.426968,3.033557
32,21.2,1.429427,3.03511
32,21.6,1.430658,3.037562
32,22.0,1.430363,3.039723
32,22.4,1.428936,3.040734
32,22.8,1.42718,3.040373
32,23.2,1.425893,3.039037
32,23.6,1.425535,3.037462
32,24.0,1.42609,3.036355
32,24.4,1.427161,3.036098
32,24.8,1.428205,3.036647
32,25.2,1.428788,3.037627
32,25.6,1.428747,3.038549
32,26.0,1.42821,3.039036
32,26.4,1.427491,3.038959
32,26.8,1.426926,3.038451
32,27.2,1.426725,3.037804
32,27.6,1.426909,3.037314
32,28.0,1.42733,3.03716
32,28.4,1.427769,3.037347
32,28.8,1.428039,3.037735
32,29.2,1.428055,3.038125
32,29.6,1.427856,3.038352
32,30.0,1.427565,3.03835
32,30.4,1.42732,3.038161
32,30.8,1.427216,3.037897
32,31.2,1.427272,3.037683
32,31.6,1.427436,3.0376
32,32.0,1.427619,3.03766
32,32.4,1.427741,3.037812
32,32.8,1.427762,3.037975
32,33.2,1.42769,3.03808
32,33.6,1.427573,3.038091
32,34.0,1.427468,3.038022
32,34.4,1.427417,3.037915
32,34.8,1.427432,3.037823
32,35.2,1.427494,3.037781
32,35.6,1.42757,3.037799
32,36.0,1.427624,3.037857
32,36.4,1.427639,3.037925
32,36.8,1.427613,3.037971
32,37.2,1.427567,3.037982
32,37.6,1.427522,3.037957
32,38.0,1.427498,3.037914
32,38.4,1.4275,3.037875
32,38.8,1.427524,3.037854
32,39.2,1.427555,3.037858
32,39.6,1.42758,3.037881
32,40.0,1.427588,3.037909
33,0.0,3.465724,7.61785
33,0.4,2.138968,7.828092
33,0.8,0.851046,6.891777
33,1.2,2.273763,6.911953
33,1.6,0.826991,6.211913
33,2.0,1.775155,5.881908
33,2.4,0.810108,5.179774
33,2.8,0.92274,4.493932
33,3.2,0.928126,3.900634
33,3.6,1.205138,3.506935
33,4.0,1.650363,3.409012
33,4.4,2.147053,3.63993
33,4.8,2.534382,4.123777
33,5.2,2.704943,4.714023
33,5.6,2.615663,5.239872
33,6.0,2.250775,5.523132
33,6.4,1.603325,5.380099
33,6.8,0.909738,4.75712
33,7.2,0.845983,4.095133
33,7.6,1.064339,3.607589
33,8.0,1.467967,3.389457
33,8.4,1.974147,3.506396
33,8.8,2.424936,3.91979
33,9.2,2.685505,4.499655
33,9.6,2.693218,5.078293
33,10.0,2.427038,5.477883
33,10.4,1.873201,5.512863
33,10.8,1.108941,5.034057
33,11.2,0.805528,4.332903
33,11.6,0.947493,3.763285
33,12.0,1.291657,3.428919
33,12.4,1.778147,3.416183
33,12.8,2.272813,3.730256
33,13.2,2.618801,4.268593
33,13.6,2.727233,4.871894
33,14.0,2.566338,5.364158
33,14.4,2.121679,5.562375
33,14.8,1.398886,5.283013
33,15.2,0.814236,4.588908
33,15.6,0.867359,3.953726
33,16.0,1.142898,3.520397
33,16.4,1.586312,3.380697
33,16.8,2.097934,3.579588
33,17.2,2.513955,4.050782
33,17.6,2.716978,4.649779
33,18.0,2.658588,5.204327
33,18.4,2.32188,5.534343
33,18.8,1.694773,5.451845
33,19.2,0.953447,4.860985
33,19.6,0.830228,4.181563
33,20.0,1.018637,3.662354
33,20.4,1.39997,3.399339
33,20.8,1.900934,3.46783
33,21.2,2.370352,3.845682
33,21.6,2.664001,4.412312
33,22.0,2.709926,5.002765
33,22.4,2.483699,5.439955
33,22.8,1.971244,5.539354
33,23.2,1.213235,5.133454
33,23.6,0.796612,4.425778
33,24.0,0.91128,3.829065
33,24.4,1.232556,3.455698
33,24.8,1.706363,3.395479
33,25.2,2.211179,3.669075
33,25.6,2.585359,4.186174
33,26.0,2.72954,4.791886
33,26.4,2.606565,5.311135
33,26.8,2.201504,5.561834
33,27.2,1.509746,5.356708
33,27.6,0.849445,4.688825
33,28.0,0.851368,4.035352
33,28.4,1.094927,3.569226
33,28.8,1.515929,3.3829
33,29.2,2.025892,3.534126
33,29.6,2.463459,3.972592
33,30.0,2.700732,4.561834
33,30.4,2.681252,5.132038
33,30.8,2.385973,5.504416
33,31.2,1.801439,5.492201
33,31.6,1.039655,4.964008
33,32.0,0.815329,4.270615
33,32.4,0.975389,3.720981
33,32.8,1.334574,3.414874
33,33.2,1.827814,3.434987
33,33.6,2.313246,3.775536
33,34.0,2.638575,4.326316
33,34.4,2.721937,4.925533
33,34.8,2.534792,5.396729
33,35.2,2.062885,5.556322
33,35.6,1.322845,5.225536
33,36.0,0.801141,4.521581
33,36.4,0.882447,3.900886
33,36.8,1.177905,3.491144
33,37.2,1.635006,3.383693
33,37.6,2.145424,3.613955
33,38.0,2.545289,4.105364
33,38.4,2.724544,4.708706
33,38.8,2.639707,5.250362
33,39.2,2.274893,5.549388
33,39.6,1.620017,5.417485
33,40.0,0.904483,4.790493
34,0.0,3.00816,6.443588
34,0.4,2.768292,6.929018
34,0.8,2.129585,6.962736
34,1.2,1.026272,6.186612
34,1.6,1.030783,5.267109
34,2.0,1.024895,4.455768
34,2.4,1.48967,3.992852
34,2.8,2.286912,4.111971
34,3.2,3.095867,4.829477
34,3.6,3.61104,5.923506
34,4.0,3.710763,7.088796
34,4.4,3.348186,7.995032
34,4.8,2.393883,8.231477
34,5.2,0.998596,7.26481
34,5.6,1.621941,6.851598
34,6.0,0.670286,5.721505
34,6.4,0.98879,4.804766
34,6.8,1.244725,4.161796
34,7.2,1.903842,3.999389
34,7.6,2.744147,4.456906
34,8.0,3.410109,5.404818
34,8.4,3.702945,6.564763
34,8.8,3.557326,7.619802
34,9.2,2.906772,8.214063
34,9.6,1.440984,7.790574
34,10.0,1.591199,6.959716
34,10.4,0.660125,5.797588
34,10.8,1.042382,4.891293
34,11.2,1.229744,4.23552
34,11.6,1.837206,4.024168
34,12.0,2.657077,4.417126
34,12.4,3.338435,5.312518
34,12.8,3.66545,6.445322
34,13.2,3.563624,7.504674
34,13.6,2.971903,8.144332
34,14.0,1.623127,7.846825
34,14.4,1.216473,6.752549
34,14.8,1.119509,5.812541
34,15.2,0.864903,4.859056
34,15.6,1.14445,4.146674
34,16.0,1.810076,3.916746
34,16.4,2.687802,4.33269
34,16.8,3.406811,5.278545
34,17.2,3.748475,6.471779
34,17.6,3.64487,7.5898
34,18.0,3.039086,8.277942
34,18.4,1.652715,8.004285
34,18.8,1.296272,6.918877
34,19.2,1.116174,5.942615
34,19.6,0.858253,4.968343
34,20.0,1.088222,4.213271
34,20.4,1.709491,3.910488
34,20.8,2.581422,4.247617
34,21.2,3.33646,5.142043
34,21.6,3.730101,6.322166
34,22.0,3.683334,7.467783
34,22.4,3.146037,8.231339
34,22.8,1.89116,8.121905
34,23.2,0.586463,6.804612
34,23.6,2.105919,6.295457
34,24.0,1.490881,5.856786
34,24.4,0.994048,5.025932
34,24.8,1.125263,4.29303
34,25.2,1.690817,3.975584
34,25.6,2.5226,4.268995
34,26.0,3.266686,5.112015
34,26.4,3.671239,6.249343
34,26.8,3.648047,7.369402
34,27.2,3.146044,8.132353
34,27.6,1.960571,8.069054
34,28.0,0.687952,6.811222
34,28.4,1.940852,6.362554
34,28.8,1.179729,5.692138
34,29.2,0.900234,4.778747
34,29.6,1.205449,4.110357
34,30.0,1.897464,3.94381
34,30.4,2.767625,4.418846
34,30.8,3.450284,5.39634
34,31.2,3.747343,6.588562
34,31.6,3.597404,7.672539
34,32.0,2.935421,8.2876
34,32.4,1.440263,7.865623
34,32.8,1.613663,7.062205
34,33.2,0.655787,5.884494
34,33.6,1.128878,5.000939
34,34.0,1.225425,4.340377
34,34.4,1.760012,4.072266
34,34.8,2.543072,4.380707
34,35.2,3.236772,5.201444
34,35.6,3.604926,6.290328
34,36.0,3.559067,7.34614
34,36.4,3.042115,8.034701
34,36.8,1.838547,7.884625
34,37.2,0.62012,6.603261
34,37.6,1.943408,6.031357
34,38.0,1.438518,5.547517
34,38.4,1.141418,4.827205
34,38.8,1.34526,4.255246
34,39.2,1.950119,4.126104
34,39.6,2.725311,4.569494
34,40.0,3.341441,5.46676
35,0.0,1.31392,6.022042
35,0.4,1.557621,5.675922
35,0.8,0.669882,5.053404
35,1.2,1.589836,4.777032
35,1.6,0.724985,4.307885
35,2.0,0.853276,3.8529
35,2.4,0.811157,3.441921
35,2.8,0.958195,3.125445
35,3.2,1.204191,2.943444
35,3.6,1.509404,2.926526
35,4.0,1.808492,3.072258
35,4.4,2.020576,3.333555
35,4.8,2.085782,3.630456
35,5.2,1.976639,3.868589
35,5.6,1.696758,3.955465
35,6.0,1.311766,3.831033
35,6.4,1.028919,3.545846
35,6.8,1.007751,3.250794
35,7.2,1.161897,3.043765
35,7.6,1.407465,2.970935
35,8.0,1.679682,3.046274
35,8.4,1.903989,3.243921
35,8.8,2.015651,3.502516
35,9.2,1.977533,3.740751
35,9.6,1.782507,3.873646
35,10.0,1.465825,3.833935
35,10.4,1.157504,3.621922
35,10.8,1.043052,3.345305
35,11.2,1.129135,3.119074
35,11.6,1.331892,3.004762
35,12.0,1.585146,3.028479
35,12.4,1.818809,3.179613
35,12.8,1.965212,3.41065
35,13.2,1.978959,3.649452
35,13.6,1.843468,3.815147
35,14.0,1.576738,3.835994
35,14.4,1.265596,3.684802
35,14.8,1.082495,3.430023
35,15.2,1.105233,3.189607
35,15.6,1.26832,3.040279
35,16.0,1.502817,3.019057
35,16.4,1.742005,3.128258
35,16.8,1.916824,3.332866
35,17.2,1.974613,3.569165
35,17.6,1.889932,3.759873
35,18.0,1.668219,3.830466
35,18.4,1.367181,3.73585
35,18.8,1.13286,3.509503
35,19.2,1.09219,3.261035
35,19.6,1.21397,3.081572
35,20.0,1.427217,3.019072
35,20.4,1.667238,3.087464
35,20.8,1.865067,3.26381
35,21.2,1.961927,3.493104
35,21.6,1.92388,3.702077
35,22.0,1.746005,3.814852
35,22.4,1.464951,3.774214
35,22.8,1.196269,3.583738
35,23.2,1.092394,3.334831
35,23.6,1.16887,3.1301
35,24.0,1.357149,3.029284
35,24.4,1.592814,3.057068
35,24.8,1.808191,3.202362
35,25.2,1.939829,3.419548
35,25.6,1.945666,3.640216
35,26.0,1.811503,3.788439
35,26.4,1.558099,3.798875
35,26.8,1.271777,3.650886
35,27.2,1.108152,3.410568
35,27.6,1.134146,3.186089
35,28.0,1.292981,3.050074
35,28.4,1.51888,3.037524
35,28.8,1.74604,3.148891
35,29.2,1.908041,3.3487
35,29.6,1.955278,3.574475
35,30.0,1.864796,3.751498
35,30.4,1.644779,3.809214
35,30.8,1.356325,3.708414
35,31.2,1.141146,3.48667
35,31.6,1.111504,3.249027
35,32.0,1.235747,3.081437
35,32.4,1.446416,3.029343
35,32.8,1.679311,3.104294
35,33.2,1.866827,3.281593
35,33.6,1.952734,3.505886
35,34.0,1.905605,3.704933
35,34.4,1.723077,3.805201
35,34.8,1.445748,3.753895
35,35.2,1.191666,3.560731
35,35.6,1.102951,3.317819
35,36.0,1.186796,3.12298
35,36.4,1.376791,3.032847
35,36.8,1.609239,3.069567
35,37.2,1.816912,3.219613
35,37.6,1.938265,3.435953
35,38.0,1.933676,3.65012
35,38.4,1.791377,3.787407
35,38.8,1.535686,3.785522
35,39.2,1.258048,3.629768
35,39.6,1.110543,3.390826
35,40.0,1.147716,3.173948
36,0.0,2.463626,5.267178
36,0.4,2.085895,5.496731
36,0.8,1.469032,5.130404
36,1.2,1.036383,4.321785
36,1.6,1.170622,3.658514
36,2.0,1.635548,3.455768
36,2.4,2.179139,3.781248
36,2.8,2.544132,4.456468
36,3.2,2.592651,5.173235
36,3.6,2.290654,5.598912
36,4.0,1.669713,5.430111
36,4.4,1.039351,4.627174
36,4.8,1.029473,3.818393
36,5.2,1.434178,3.421041
36,5.6,2.007822,3.581134
36,6.0,2.474309,4.191085
36,6.4,2.645189,4.96005
36,6.8,2.458769,5.546725
36,7.2,1.919934,5.618743
36,7.6,1.187259,4.972212
36,8.0,0.946554,4.07113
36,8.4,1.244903,3.488677
36,8.8,1.79758,3.444994
36,9.2,2.340179,3.926789
36,9.6,2.634089,4.687321
36,10.0,2.578507,5.389434
36,10.4,2.158598,5.68929
36,10.8,1.438492,5.295998
36,11.2,0.930363,4.376734
36,11.6,1.090125,3.637451
36,12.0,1.582225,3.385128
36,12.4,2.166538,3.699479
36,12.8,2.571045,4.401553
36,13.2,2.646344,5.170175
36,13.6,2.354697,5.657171
36,14.0,1.717777,5.535642
36,14.4,1.02407,4.717993
36,14.8,0.986287,3.863873
36,15.2,1.379152,3.413956
36,15.6,1.960995,3.528977
36,16.0,2.45487,4.120758
36,16.4,2.658213,4.902795
36,16.8,2.501254,5.530252
36,17.2,1.983679,5.663329
36,17.6,1.234411,5.065681
36,18.0,0.927423,4.143492
36,18.4,1.197971,3.514879
36,18.8,1.741767,3.417246
36,19.2,2.301158,3.861608
36,19.6,2.626096,4.615071
36,20.0,2.604123,5.342045
36,20.4,2.215168,5.695872
36,20.8,1.508557,5.371523
36,21.2,0.939757,4.462644
36,21.6,1.056962,3.688174
36,22.0,1.527658,3.382969
36,22.4,2.116305,3.648697
36,22.8,2.546582,4.327721
36,23.2,2.655419,5.105536
36,23.6,2.397872,5.63382
36,24.0,1.788929,5.580671
36,24.4,1.067686,4.809618
36,24.8,0.96635,3.932376
36,25.2,1.329244,3.433604
36,25.6,1.904378,3.493677
36,26.0,2.417979,4.050195
36,26.4,2.653966,4.828741
36,26.8,2.532416,5.486219
36,27.2,2.048032,5.680688
36,27.6,1.302391,5.15195
36,28.0,0.921268,4.222847
36,28.4,1.15643,3.55239
36,28.8,1.684991,3.399745
36,29.2,2.256208,3.800787
36,29.6,2.610549,4.539884
36,30.0,2.623,5.285324
36,30.4,2.267756,5.689312
36,30.8,1.582393,5.436944
36,31.2,0.961074,4.551291
36,31.6,1.028809,3.745808
36,32.0,1.474201,3.388638
36,32.4,2.06314,3.602811
36,32.8,2.517266,4.25404
36,33.2,2.659598,5.036384
36,33.6,2.437172,5.6023
36,34.0,1.859191,5.616455
36,34.4,1.120365,4.900953
36,34.8,0.949605,4.004227
36,35.2,1.281082,3.458095
36,35.6,1.847131,3.462622
36,36.0,2.37868,3.981487
36,36.4,2.64675,4.753702
36,36.8,2.56054,5.43835
36,37.2,2.10972,5.691639
36,37.6,1.373624,5.234204
36,38.0,0.921191,4.304992
36,38.4,1.118142,3.595295
36,38.8,1.628792,3.388195
36,39.2,2.20896,3.743611
36,39.6,2.591383,4.464824
36,40.0,2.638002,5.225067
37,0.0,2.743737,7.941474
37,0.4,1.029618,7.363824
37,0.8,1.93877,7.282209
37,1.2,0.770048,6.308629
37,1.6,1.694138,5.840951
37,2.0,0.987938,5.166183
37,2.4,0.918448,4.422258
37,2.8,1.252953,3.911224
37,3.2,1.911031,3.822087
37,3.6,2.715054,4.26025
37,4.0,3.350786,5.117668
37,4.4,3.635691,6.16281
37,4.8,3.504018,7.127273
37,5.2,2.886132,7.7054
37,5.6,1.473013,7.415159
37,6.0,1.622024,6.682939
37,6.4,0.646725,5.69352
37,6.8,1.232007,4.970996
37,7.2,1.129617,4.376185
37,7.6,1.447117,3.987549
37,8.0,2.075517,4.00574
37,8.4,2.792933,4.49595
37,8.8,3.323285,5.335954
37,9.2,3.514366,6.303173
37,9.6,3.301505,7.138445
37,10.0,2.591742,7.53108
37,10.4,1.065974,6.966856
37,10.8,1.529209,6.559912
37,11.2,0.674644,5.582174
37,11.6,1.110601,4.832968
37,12.0,1.128428,4.236553
37,12.4,1.545807,3.91169
37,12.8,2.242744,4.039146
37,13.2,2.959005,4.63882
37,13.6,3.432956,5.550808
37,14.0,3.540901,6.536071
37,14.4,3.225806,7.324592
37,14.8,2.362676,7.576628
37,15.2,0.902564,6.795699
37,15.6,1.686634,6.483306
37,16.0,0.693112,5.563506
37,16.4,1.098203,4.813851
37,16.8,1.131776,4.219681
37,17.2,1.561182,3.904726
37,17.6,2.265267,4.046942
37,18.0,2.979363,4.660036
37,18.4,3.444804,5.579804
37,18.8,3.541419,6.565525
37,19.2,3.212636,7.345864
37,19.6,2.328048,7.576669
37,20.0,0.920385,6.778721
37,20.4,1.648813,6.440282
37,20.8,0.685424,5.515203
37,21.2,1.043734,4.751593
37,21.6,1.134233,4.159421
37,22.0,1.6071,3.874116
37,22.4,2.338686,4.064454
37,22.8,3.049503,4.72373
37,23.2,3.489925,5.673071
37,23.6,3.550904,6.665321
37,24.0,3.177244,7.423871
37,24.4,2.219155,7.588336
37,24.8,0.994596,6.743833
37,25.2,1.519988,6.307611
37,25.6,0.678795,5.372921
37,26.0,0.927205,4.587523
37,26.4,1.160597,4.015321
37,26.8,1.738096,3.814527
37,27.2,2.526252,4.128138
37,27.6,3.216678,4.897383
37,28.0,3.588825,5.911511
37,28.4,3.55851,6.909758
37,28.8,3.068832,7.601447
37,29.2,1.904844,7.575261
37,29.6,0.654881,6.506962
37,30.0,2.065508,6.152905
37,30.4,1.260854,5.678749
37,30.8,0.798673,4.846201
37,31.2,0.980623,4.156192
37,31.6,1.471355,3.785494
37,32.0,2.242673,3.91243
37,32.4,3.025339,4.555402
37,32.8,3.538048,5.535721
37,33.2,3.659868,6.59784
37,33.6,3.341284,7.460687
37,34.0,2.460764,7.77612
37,34.4,0.920932,7.012912
37,34.8,1.822163,6.821652
37,35.2,0.708137,5.881802
37,35.6,1.478109,5.251655
37,36.0,1.164517,4.686018
37,36.4,1.262827,4.177906
37,36.8,1.727146,3.969934
37,37.2,2.415793,4.211513
37,37.6,3.057502,4.87652
37,38.0,3.430984,5.787939
37,38.4,3.436156,6.706676
37,38.8,3.011251,7.359748
37,39.2,1.977763,7.373293
37,39.6,0.810856,6.408001
37,40.0,1.6511,5.961489
38,0.0,4.88146,7.415766
38,0.4,3.770898,8.689524
38,0.8,1.922967,8.785992
38,1.2,1.141913,7.833507
38,1.6,2.598169,8.091019
38,2.0,0.938063,7.354798
38,2.4,2.650985,7.632327
38,2.8,0.850898,6.988129
38,3.2,2.445325,7.125705
38,3.6,0.843845,6.47878
38,4.0,1.996414,6.329458
38,4.4,0.757435,5.613886
38,4.8,1.371029,5.118589
38,5.2,0.798084,4.461547
38,5.6,0.833268,3.859209
38,6.0,1.061342,3.429675
38,6.4,1.423945,3.240906
38,6.8,1.84994,3.332243
38,7.2,2.21768,3.661996
38,7.6,2.425981,4.121264
38,8.0,2.428121,4.573793
38,8.4,2.215279,4.88054
38,8.8,1.802963,4.913234
38,9.2,1.282643,4.598997
38,9.6,0.973141,4.077996
38,10.0,1.03352,3.616956
38,10.4,1.301589,3.343546
38,10.8,1.678498,3.320484
38,11.2,2.054646,3.543682
38,11.6,2.318155,3.934758
38,12.0,2.402076,4.37342
38,12.4,2.283959,4.727865
38,12.8,1.969455,4.871637
38,13.2,1.505993,4.707753
38,13.6,1.093279,4.266625
38,14.0,1.01323,3.783427
38,14.4,1.200307,3.439497
38,14.8,1.533682,3.319931
38,15.2,1.91278,3.450226
38,15.6,2.221646,3.780017
38,16.0,2.375142,4.203837
38,16.4,2.335828,4.594756
38,16.8,2.099661,4.825537
38,17.2,1.692569,4.785904
38,17.6,1.235361,4.440776
38,18.0,1.018527,3.95473
38,18.4,1.117684,3.551453
38,18.8,1.401793,3.343658
38,19.2,1.772428,3.381645
38,19.6,2.116146,3.643761
38,20.0,2.332298,4.04212
38,20.4,2.366706,4.455837
38,20.8,2.2046,4.757192
38,21.2,1.858703,4.827835
38,21.6,1.399173,4.592891
38,22.0,1.063003,4.133092
38,22.4,1.058322,3.684347
38,22.8,1.283761,3.396757
38,23.2,1.632332,3.342172
38,23.6,1.997752,3.527576
38,24.0,2.268849,3.886691
38,24.4,2.373592,4.307578
38,24.8,2.28459,4.663405
38,25.2,2.004447,4.830897
38,25.6,1.572948,4.711929
38,26.0,1.154565,4.312647
38,26.4,1.028332,3.837318
38,26.8,1.182804,3.47995
38,27.2,1.495869,3.334739
38,27.6,1.867939,3.435327
38,28.0,2.184251,3.740924
38,28.4,2.35539,4.152549
38,28.8,2.339048,4.546383
38,29.2,2.128014,4.796367
38,29.6,1.743943,4.79096
38,30.0,1.288972,4.482121
38,30.4,1.035361,4.006164
38,30.8,1.102872,3.591191
38,31.2,1.368126,3.360521
38,31.6,1.731117,3.371132
38,32.0,2.080479,3.610098
38,32.4,2.312333,3.996044
38,32.8,2.36744,4.411014
38,33.2,2.227512,4.727995
38,33.6,1.902209,4.827576
38,34.0,1.451121,4.627434
38,34.4,1.088437,4.184312
38,34.8,1.049144,3.727486
38,35.2,1.254224,3.419544
38,35.6,1.592706,3.338633
38,36.0,1.960587,3.49977
38,36.4,2.245119,3.843909
38,36.8,2.369217,4.262694
38,37.2,2.301413,4.630203
38,37.6,2.041536,4.822429
38,38.0,1.62325,4.736927
38,38.4,1.190859,4.362073
38,38.8,1.0276,3.884526
38,39.2,1.158376,3.509782
38,39.6,1.458436,3.339578
38,40.0,1.829032,3.414612
39,0.0,1.110027,6.936543
39,0.4,1.015481,5.834007
39,0.8,0.991226,4.842396
39,1.2,1.465074,4.247681
39,1.6,2.299567,4.310222
39,2.0,3.157665,5.046072
39,2.4,3.725943,6.211547
39,2.8,3.892972,7.489568
39,3.2,3.635748,8.556986
39,3.6,2.901783,9.057391
39,4.0,1.392723,8.418775
39,4.4,1.51118,7.46287
39,4.8,0.69638,6.131195
39,5.2,0.957643,5.070424
39,5.6,1.312779,4.35378
39,6.0,2.072942,4.23695
39,6.4,2.95784,4.817456
39,6.8,3.612879,5.899114
39,7.2,3.883079,7.173503
39,7.6,3.734326,8.319316
39,8.0,3.13325,8.996922
39,8.4,1.876242,8.723576
39,8.8,0.643019,7.230412
39,9.2,1.927115,6.589571
39,9.6,1.416266,5.939031
39,10.0,1.195206,5.107828
39,10.4,1.486472,4.518891
39,10.8,2.167663,4.472502
39,11.2,2.950009,5.042797
39,11.6,3.522557,6.050978
39,12.0,3.741348,7.214457
39,12.4,3.565266,8.230266
39,12.8,2.950608,8.768859
39,13.2,1.685478,8.349678
39,13.6,0.76045,6.926055
39,14.0,1.531539,6.121065
39,14.4,1.204027,5.296515
39,14.8,1.380356,4.621058
39,15.2,1.986613,4.4309
39,15.6,2.775494,4.86468
39,16.0,3.414606,5.791777
39,16.4,3.721263,6.943073
39,16.8,3.639797,8.018626
39,17.2,3.136746,8.700351
39,17.6,2.065176,8.567146
39,18.0,0.843709,7.247059
39,18.4,1.555262,6.529276
39,18.8,0.987081,5.523935
39,19.2,1.104628,4.632584
39,19.6,1.689932,4.213603
39,20.0,2.562781,4.483702
39,20.4,3.350488,5.367095
39,20.8,3.803167,6.58733
39,21.2,3.847488,7.826031
39,21.6,3.46297,8.758523
39,22.0,2.559189,8.99869
39,22.4,0.910269,7.922528
39,22.8,1.798113,7.522643
39,23.2,0.7529,6.285551
39,23.6,1.040048,5.247988
39,24.0,1.27476,4.494379
39,24.4,1.94775,4.27689
39,24.8,2.8079,4.738813
39,25.2,3.494873,5.730258
39,25.6,3.822488,6.960304
39,26.0,3.742333,8.11436
39,26.4,3.226175,8.86394
39,26.8,2.121977,8.774402
39,27.2,0.918018,7.465086
39,27.6,1.534172,6.78139
39,28.0,0.847132,5.651345
39,28.4,1.000393,4.679475
39,28.8,1.56774,4.167813
39,29.2,2.454947,4.353997
39,29.6,3.295232,5.196564
39,30.0,3.807357,6.422543
39,30.4,3.905891,7.707929
39,30.8,3.572904,8.725431
39,31.2,2.736984,9.100344
39,31.6,1.065004,8.196361
39,32.0,1.696674,7.735419
39,32.4,0.661204,6.37835
39,32.8,1.102,5.351067
39,33.2,1.263803,4.584987
39,33.6,1.880749,4.313339
39,34.0,2.718482,4.704234
39,34.4,3.419322,5.637541
39,34.8,3.778969,6.835336
39,35.2,3.73886,7.988016
39,35.6,3.271883,8.773253
39,36.0,2.250509,8.780178
39,36.4,0.934341,7.549621
39,36.8,1.54746,6.891297
39,37.2,0.810354,5.72607
39,37.6,0.969802,4.727646
39,38.0,1.514233,4.174685
39,38.4,2.393452,4.312431
39,38.8,3.250974,5.121185
39,39.2,3.790283,6.33515
39,39.6,3.917149,7.630206
39,40.0,3.61318,8.679164
40,0.0,3.096056,9.958694
40,0.4,1.895052,9.354639
40,0.8,2.090858,8.827068
40,1.2,0.030419,7.559589
40,1.6,2.614141,8.346704
40,2.0,1.557657,7.719329
40,2.4,1.953285,7.278306
40,2.8,0.599956,6.31487
40,3.2,2.283305,6.178162
40,3.6,1.052813,5.725079
40,4.0,1.251846,5.14728
40,4.4,0.751083,4.44125
40,4.8,0.863958,3.83569
40,5.2,1.164585,3.435581
40,5.6,1.640027,3.337426
40,6.0,2.183753,3.588803
40,6.4,2.611422,4.115861
40,6.8,2.792914,4.759126
40,7.2,2.670512,5.32526
40,7.6,2.206551,5.600377
40,8.0,1.354941,5.337784
40,8.4,0.71412,4.603906
40,8.8,0.831072,3.9646
40,9.2,1.080151,3.50989
40,9.6,1.51615,3.33275
40,10.0,2.057594,3.502702
40,10.4,2.526145,3.974921
40,10.8,2.772421,4.605091
40,11.2,2.725313,5.205718
40,11.6,2.347692,5.569167
40,12.0,1.587739,5.455698
40,12.4,0.762475,4.769203
40,12.8,0.857342,4.117572
40,13.2,1.017053,3.618537
40,13.6,1.394824,3.363873
40,14.0,1.912673,3.440377
40,14.4,2.409188,3.8372
40,14.8,2.718566,4.432898
40,15.2,2.75165,5.050011
40,15.6,2.467686,5.488518
40,16.0,1.820904,5.521743
40,16.4,0.917049,4.955932
40,16.8,0.864223,4.290657
40,17.2,0.943942,3.739854
40,17.6,1.267597,3.40425
40,18.0,1.758744,3.381865
40,18.4,2.281466,3.696273
40,18.8,2.657073,4.252577
40,19.2,2.774253,4.883947
40,19.6,2.584049,5.39554
40,20.0,2.04637,5.570127
40,20.4,1.150641,5.171311
40,20.8,0.768866,4.457565
40,21.2,0.864349,3.850188
40,21.6,1.156858,3.444929
40,22.0,1.626742,3.338261
40,22.4,2.169366,3.580342
40,22.8,2.600919,4.100646
40,23.2,2.789257,4.741572
40,23.6,2.675288,5.310692
40,24.0,2.221583,5.595183
40,24.4,1.380918,5.349371
40,24.8,0.714645,4.618136
40,25.2,0.830936,3.976842
40,25.6,1.073929,3.51795
40,26.0,1.505617,3.334092
40,26.4,2.045828,3.496452
40,26.8,2.517283,3.962964
40,27.2,2.769033,4.590969
40,27.6,2.728606,5.193664
40,28.0,2.35875,5.564028
40,28.4,1.607917,5.463323
40,28.8,0.771904,4.784459
40,29.2,0.861261,4.132535
40,29.6,1.011684,3.629601
40,30.0,1.383702,3.367826
40,30.4,1.89877,3.435376
40,30.8,2.397447,3.824624
40,31.2,2.712629,4.41652
40,31.6,2.753286,5.034654
40,32.0,2.478087,5.479675
40,32.4,1.841909,5.526067
40,32.8,0.93576,4.974277
40,33.2,0.858812,4.30574
40,33.6,0.936189,3.749565
40,34.0,1.256755,3.407123
40,34.4,1.746269,3.376753
40,34.8,2.271395,3.684663
40,35.2,2.652582,4.238093
40,35.6,2.776583,4.870939
40,36.0,2.593629,5.388572
40,36.4,2.063943,5.574189
40,36.8,1.171436,5.189557
40,37.2,0.760436,4.471982
40,37.6,0.859194,3.860643
40,38.0,1.148434,3.450047
40,38.4,1.615677,3.336326
40,38.8,2.158994,3.571713
40,39.2,2.5947,4.088025
40,39.6,2.788883,4.728707
40,40.0,2.681419,5.301694
41,0.0,2.694919,7.711009
41,0.4,1.615304,7.258201
41,0.8,2.134372,7.04492
41,1.2,0.463858,6.242572
41,1.6,2.291836,6.168865
41,2.0,0.861676,5.665929
41,2.4,2.12649,5.679531
41,2.8,0.768629,5.188217
41,3.2,1.835508,4.99891
41,3.6,0.791446,4.547694
41,4.0,1.123387,4.110106
41,4.4,0.813371,3.655833
41,4.8,0.90797,3.265274
41,5.2,1.157517,3.020603
41,5.6,1.505843,2.973436
41,6.0,1.875624,3.13891
41,6.4,2.15221,3.466167
41,6.8,2.243214,3.849875
41,7.2,2.09909,4.156496
41,7.6,1.703671,4.242938
41,8.0,1.146729,4.006243
41,8.4,0.866581,3.587548
41,8.8,0.958002,3.226282
41,9.2,1.212241,3.012382
41,9.6,1.560517,2.996489
41,10.0,1.915758,3.185414
41,10.4,2.164895,3.520537
41,10.8,2.222811,3.893234
41,11.2,2.045606,4.169998
41,11.6,1.62439,4.211313
41,12.0,1.085776,3.936548
41,12.4,0.875398,3.52257
41,12.8,0.994474,3.18308
41,13.2,1.264642,2.998866
41,13.6,1.618773,3.016353
41,14.0,1.962564,3.232569
41,14.4,2.184781,3.579727
41,14.8,2.207389,3.944368
41,15.2,1.992045,4.19141
41,15.6,1.5388,4.184003
41,16.0,1.022249,3.869153
41,16.4,0.883127,3.459575
41,16.8,1.031579,3.141956
41,17.2,1.318802,2.988456
41,17.6,1.677981,3.039951
41,18.0,2.008461,3.282978
41,18.4,2.202065,3.640711
41,18.8,2.187869,3.995004
41,19.2,1.9329,4.209182
41,19.6,1.44909,4.150339
41,20.0,0.967801,3.800381
41,20.4,0.895148,3.398467
41,20.8,1.07159,3.10411
41,21.2,1.375395,2.982739
41,21.6,1.73749,3.068504
41,22.0,2.051933,3.336996
41,22.4,2.214864,3.702765
41,22.8,2.162425,4.043372
41,23.2,1.866958,4.220807
41,23.6,1.356784,4.108468
41,24.0,0.925604,3.730593
41,24.4,0.912018,3.339732
41,24.8,1.114738,3.070206
41,25.2,1.434103,2.982216
41,25.6,1.796522,3.102062
41,26.0,2.092141,3.394185
41,26.4,2.222497,3.765063
41,26.8,2.130605,4.088384
41,27.2,1.794264,4.225189
41,27.6,1.264516,4.0586
41,28.0,0.896941,3.661086
41,28.4,0.93399,3.284399
41,28.8,1.160844,3.041216
41,29.2,1.494007,2.987354
41,29.6,1.853717,3.140307
41,30.0,2.127869,3.453519
41,30.4,2.224202,3.826136
41,30.8,2.092243,4.128464
41,31.2,1.715717,4.221193
41,31.6,1.176385,4.001826
41,32.0,0.881744,3.593188
41,32.4,0.961121,3.233449
41,32.8,1.209633,3.018015
41,33.2,1.554092,2.998467
41,33.6,1.907729,3.182769
41,34.0,2.157984,3.513872
41,34.4,2.219312,3.884472
41,34.8,2.047304,4.162058
41,35.2,1.6326,4.207905
41,35.6,1.096633,3.939714
41,36.0,0.878099,3.527583
41,36.4,0.993008,3.187151
41,36.8,1.260936,3.000829
41,37.2,1.613874,3.015512
41,37.6,1.958028,3.229094
41,38.0,2.182125,3.574679
41,38.4,2.207615,3.939382
41,38.8,1.995746,4.188449
41,39.2,1.545853,4.185037
41,39.6,1.028013,3.873811
41,40.0,0.883051,3.464211
42,0.0,2.944619,4.7276
42,0.4,3.258022,5.867369
42,0.8,3.163463,6.891539
42,1.2,2.658713,7.42066
42,1.6,1.712512,7.045959
42,2.0,0.750832,5.673957
42,2.4,0.92448,4.529653
42,2.8,1.352074,3.858495
42,3.2,2.061517,3.880388
42,3.6,2.738266,4.550189
42,4.0,3.124506,5.568322
42,4.4,3.134472,6.571383
42,4.8,2.757865,7.199107
42,5.2,1.980977,7.081662
42,5.6,0.962349,5.952147
42,6.0,0.909934,4.764771
42,6.4,1.232793,3.97135
42,6.8,1.891611,3.827152
42,7.2,2.598186,4.364549
42,7.6,3.059419,5.326022
42,8.0,3.15657,6.355351
42,8.4,2.870143,7.092965
42,8.8,2.191491,7.176641
42,9.2,1.167842,6.265737
42,9.6,0.837343,4.99271
42,10.0,1.100037,4.068822
42,10.4,1.722411,3.761643
42,10.8,2.464818,4.173384
42,11.2,3.005048,5.088668
42,11.6,3.188143,6.153399
42,12.0,2.983433,7.00185
42,12.4,2.385051,7.270254
42,12.8,1.388813,6.581618
42,13.2,0.76515,5.231471
42,13.6,0.991407,4.198161
42,14.0,1.566501,3.741069
42,14.4,2.324685,4.019193
42,14.8,2.932171,4.869739
42,15.2,3.195518,5.946812
42,15.6,3.069067,6.880211
42,16.0,2.548261,7.304869
42,16.4,1.613432,6.83504
42,16.8,0.765301,5.485857
42,17.2,0.935326,4.377337
42,17.6,1.434297,3.790029
42,18.0,2.174231,3.922264
42,18.4,2.828335,4.676801
42,18.8,3.164804,5.729753
42,19.2,3.116966,6.712843
42,19.6,2.678452,7.26319
42,20.0,1.831257,7.002547
42,20.4,0.854454,5.752415
42,20.8,0.92636,4.600154
42,21.2,1.319367,3.894825
42,21.6,2.011995,3.868055
42,22.0,2.696092,4.497899
42,22.4,3.103353,5.497387
42,22.8,3.138734,6.506021
42,23.2,2.789479,7.164734
42,23.6,2.043772,7.107323
42,24.0,1.019576,6.040234
42,24.4,0.893072,4.83119
42,24.8,1.193894,3.999187
42,25.2,1.84159,3.806606
42,25.6,2.55915,4.307267
42,26.0,3.04377,5.255491
42,26.4,3.166426,6.295758
42,26.8,2.904594,7.067025
42,27.2,2.250556,7.207067
42,27.6,1.231505,6.361239
42,28.0,0.812594,5.061199
42,28.4,1.064036,4.102008
42,28.8,1.674691,3.749054
42,29.2,2.424774,4.122837
42,29.6,2.986535,5.022006
42,30.0,3.193889,6.093776
42,30.4,3.012281,6.970633
42,30.8,2.436438,7.288143
42,31.2,1.454848,6.664355
42,31.6,0.755574,5.304396
42,32.0,0.968761,4.245352
42,32.4,1.52511,3.748028
42,32.8,2.281682,3.984699
42,33.2,2.905114,4.810528
42,33.6,3.190578,5.884419
42,34.0,3.086966,6.835985
42,34.4,2.589594,7.300406
42,34.8,1.67819,6.892952
42,35.2,0.782893,5.562923
42,35.6,0.929957,4.439263
42,36.0,1.399899,3.816992
42,36.4,2.127962,3.903948
42,36.8,2.791836,4.624204
42,37.2,3.148838,5.663424
42,37.6,3.124741,6.655246
42,38.0,2.711794,7.238039
42,38.4,1.893772,7.03722
42,38.8,0.895497,5.8333
42,39.2,0.922635,4.668555
42,39.6,1.284661,3.927625
42,40.0,1.962475,3.852416
43,0.0,4.142149,5.089437
43,0.4,3.58257,6.398886
43,0.8,2.129212,6.859189
43,1.2,0.040573,5.895553
43,1.6,2.784302,6.779839
43,2.0,1.126774,6.389668
43,2.4,2.531648,6.790969
43,2.8,1.509535,6.333535
43,3.2,1.917421,6.012892
43,3.6,0.529369,5.232936
43,4.0,1.966119,4.936537
43,4.4,0.873432,4.521929
43,4.8,1.190149,4.058307
43,5.2,0.853079,3.580438
43,5.6,0.979451,3.177643
43,6.0,1.304291,2.978747
43,6.4,1.740216,3.054349
43,6.8,2.140554,3.391349
43,7.2,2.340844,3.868927
43,7.6,2.234467,4.29578
43,8.0,1.758654,4.440695
43,8.4,1.008472,4.102682
43,8.8,0.816989,3.578421
43,9.2,0.968254,3.168568
43,9.6,1.303392,2.968947
43,10.0,1.747273,3.048771
43,10.4,2.152431,3.393249
43,10.8,2.352969,3.878663
43,11.2,2.242287,4.310828
43,11.6,1.756827,4.455303
43,12.0,0.995418,4.108752
43,12.4,0.818371,3.582509
43,12.8,0.966641,3.171566
43,13.2,1.300109,2.969913
43,13.6,1.743255,3.047177
43,14.0,2.14926,3.389551
43,14.4,2.35198,3.874205
43,14.8,2.244316,4.307491
43,15.2,1.762482,4.45536
43,15.6,1.001251,4.113016
43,16.0,0.816967,3.586296
43,16.4,0.964278,3.173805
43,16.8,1.29689,2.97015
43,17.2,1.739896,3.045254
43,17.6,2.147056,3.386137
43,18.0,2.351888,3.870616
43,18.4,2.246814,4.30535
43,18.8,1.767772,4.456441
43,19.2,1.005968,4.117551
43,19.6,0.815721,3.590241
43,20.0,0.961904,3.176189
43,20.4,1.293569,2.970467
43,20.8,1.736374,3.04331
43,21.2,2.144694,3.382601
43,21.6,2.351704,3.866842
43,22.0,2.249332,4.30303
43,22.4,1.773235,4.457444
43,22.8,1.010971,4.122202
43,23.2,0.8144,3.594292
43,23.6,0.959469,3.178636
43,24.0,1.290174,2.970803
43,24.4,1.732772,3.041333
43,24.8,2.142269,3.378988
43,25.2,2.351506,3.862982
43,25.6,2.251893,4.30065
43,26.0,1.778803,4.458449
43,26.4,1.016124,4.126955
43,26.8,0.813025,3.598435
43,27.2,0.95699,3.181142
43,27.6,1.28672,2.971161
43,28.0,1.7291,3.039334
43,28.4,2.139789,3.375317
43,28.8,2.351288,3.859044
43,29.2,2.254481,4.298208
43,29.6,1.784456,4.459443
43,30.0,1.02142,4.131789
43,30.4,0.811605,3.602648
43,30.8,0.954478,3.183696
43,31.2,1.283224,2.97154
43,31.6,1.725376,3.037323
43,32.0,2.137264,3.371605
43,32.4,2.351049,3.855055
43,32.8,2.257084,4.295717
43,33.2,1.79016,4.460419
43,33.6,1.026834,4.136679
43,34.0,0.810147,3.60691
43,34.4,0.951951,3.186283
43,34.8,1.279703,2.971941
43,35.2,1.721619,3.035313
43,35.6,2.134703,3.367869
43,36.0,2.350788,3.851026
43,36.4,2.259681,4.293189
43,36.8,1.79589,4.461368
43,37.2,1.032332,4.141591
43,37.6,0.808657,3.6112
43,38.0,0.949419,3.188893
43,38.4,1.276182,2.97236
43,38.8,1.717847,3.033314
43,39.2,2.132126,3.364138
43,39.6,2.350508,3.846984
43,40.0,2.262264,4.290635
44,0.0,4.678644,4.482879
44,0.4,4.39582,6.900064
44,0.8,3.1203,8.280315
44,1.2,1.891012,7.837074
44,1.6,1.657539,6.903112
44,2.0,1.783123,6.1925
44,2.4,0.52095,5.045835
44,2.8,1.481339,4.372434
44,3.2,1.051899,3.828085
44,3.6,1.124849,3.321161
44,4.0,1.517775,3.153438
44,4.4,2.002047,3.415128
44,4.8,2.320624,3.974091
44,5.2,2.300282,4.538629
44,5.6,1.873516,4.755621
44,6.0,1.151911,4.336913
44,6.4,0.896111,3.627849
44,6.8,1.165406,3.153807
44,7.2,1.673205,3.119728
44,7.6,2.180979,3.541349
44,8.0,2.428306,4.201565
44,8.4,2.273686,4.752784
44,8.8,1.67108,4.804754
44,9.2,0.917778,4.156938
44,9.6,0.921765,3.457923
44,10.0,1.283811,3.086186
44,10.4,1.827342,3.187916
44,10.8,2.290549,3.710849
44,11.2,2.438076,4.386478
44,11.6,2.159087,4.84576
44,12.0,1.439495,4.698622
44,12.4,0.827316,3.946413
44,12.8,0.977147,3.303447
44,13.2,1.421507,3.050106
44,13.6,1.982537,3.290135
44,14.0,2.382221,3.899353
44,14.4,2.41875,4.56549
44,14.8,2.007042,4.900795
44,15.2,1.196424,4.535222
44,15.6,0.828318,3.76038
44,16.0,1.063526,3.197295
44,16.4,1.558948,3.062832
44,16.8,2.106985,3.415529
44,17.2,2.430651,4.072943
44,17.6,2.361487,4.6958
44,18.0,1.834208,4.887286
44,18.4,1.011564,4.341261
44,18.8,0.879446,3.599906
44,19.2,1.17383,3.133245
44,19.6,1.695428,3.118372
44,20.0,2.2042,3.560862
44,20.4,2.440593,4.232795
44,20.8,2.26729,4.779807
44,21.2,1.640713,4.806763
44,21.6,0.892551,4.132744
44,22.0,0.925561,3.436797
44,22.4,1.29965,3.078682
44,22.8,1.847335,3.198102
44,23.2,2.304118,3.733632
44,23.6,2.438349,4.410415
44,24.0,2.142713,4.856517
44,24.4,1.408551,4.682352
44,24.8,0.821409,3.921857
44,25.2,0.985629,3.287175
44,25.6,1.43852,3.048479
44,26.0,2.000006,3.304185
44,26.4,2.391126,3.921927
44,26.8,2.414248,4.585012
44,27.2,1.98692,4.903774
44,27.6,1.169477,4.512979
44,28.0,0.83376,3.740463
44,28.4,1.075848,3.188288
44,28.8,1.575002,3.067816
44,29.2,2.119307,3.431817
44,29.6,2.433144,4.092084
44,30.0,2.351862,4.707281
44,30.4,1.812476,4.880434
44,30.8,0.994691,4.316893
44,31.2,0.885169,3.580536
44,31.6,1.188115,3.126248
44,32.0,1.712831,3.126706
44,32.4,2.215991,3.580143
44,32.8,2.440903,4.253106
44,33.2,2.253972,4.789347
44,33.6,1.614853,4.794131
44,34.0,0.880885,4.10696
44,34.4,0.931523,3.417302
44,34.8,1.31588,3.073145
44,35.2,1.866344,3.20945
44,35.6,2.315966,3.756067
44,36.0,2.437007,4.432561
44,36.4,2.125497,4.86468
44,36.8,1.378749,4.664224
44,37.2,0.818084,3.897914
44,37.6,0.994867,3.272104
44,38.0,1.455398,3.047951
44,38.4,2.016623,3.318613
44,38.8,2.398959,3.943928
44,39.2,2.408923,4.603218
44,39.6,1.966591,4.905193
44,40.0,1.144015,4.490262
45,0.0,1.643824,5.713574
45,0.4,0.707495,4.911679
45,0.8,1.018476,4.207214
45,1.2,1.257074,3.74534
45,1.6,1.896402,3.680949
45,2.0,2.737922,4.167445
45,2.4,3.395388,5.106513
45,2.8,3.613813,6.217919
45,3.2,3.25731,7.136188
45,3.6,2.013686,7.330985
45,4.0,0.093599,6.193782
45,4.4,3.342441,7.172554
45,4.8,2.147378,7.448365
45,5.2,0.394139,6.390614
45,5.6,0.47097,5.457748
45,6.0,0.60065,4.632566
45,6.4,0.877079,3.939214
45,6.8,1.369555,3.543597
45,7.2,2.210813,3.676133
45,7.6,3.107218,4.407837
45,8.0,3.666176,5.532848
45,8.4,3.700331,6.713158
45,8.8,3.074307,7.533957
45,9.2,1.222096,7.281963
45,9.6,2.456231,7.672838
45,10.0,1.852844,7.046102
45,10.4,0.398929,5.972975
45,10.8,1.046022,5.400552
45,11.2,1.08921,4.722781
45,11.6,0.955158,4.072412
45,12.0,1.31827,3.646293
45,12.4,2.058738,3.68352
45,12.8,2.928163,4.296406
45,13.2,3.532195,5.329778
45,13.6,3.65211,6.472794
45,14.0,3.155571,7.335794
45,14.4,1.605523,7.301735
45,14.8,2.02889,6.787601
45,15.2,0.890364,5.924793
45,15.6,1.525256,5.625598
45,16.0,0.6901,4.802351
45,16.4,0.934931,4.088062
45,16.8,1.292658,3.645937
45,17.2,2.028887,3.663653
45,17.6,2.907257,4.261909
45,18.0,3.528494,5.291794
45,18.4,3.667807,6.443867
45,18.8,3.194674,7.330449
45,19.2,1.696482,7.349403
45,19.6,1.999938,6.671454
45,20.0,0.871303,5.817843
45,20.4,1.464376,5.452059
45,20.8,0.728601,4.662105
45,21.2,0.927245,3.970889
45,21.6,1.379027,3.581375
45,22.0,2.188959,3.701134
45,22.4,3.066078,4.406337
45,22.8,3.622501,5.502527
45,23.2,3.665668,6.6595
45,23.6,3.058571,7.4685
45,24.0,1.254017,7.232197
45,24.4,2.273988,7.507675
45,24.8,1.291365,6.693953
45,25.2,1.374212,6.339388
45,25.6,1.448549,5.695849
45,26.0,0.707654,4.84543
45,26.4,0.967281,4.135275
45,26.8,1.27786,3.684706
45,27.2,1.976289,3.669751
45,27.6,2.841246,4.224382
45,28.0,3.477124,5.219208
45,28.4,3.647295,6.355785
45,28.8,3.219864,7.255159
45,29.2,1.824756,7.34507
45,29.6,1.260354,6.43176
45,30.0,1.262172,5.949223
45,30.4,1.232117,5.269202
45,30.8,0.803441,4.495123
45,31.2,0.986439,3.856527
45,31.6,1.52025,3.553791
45,32.0,2.382663,3.799903
45,32.4,3.220857,4.611379
45,32.8,3.681704,5.752508
45,33.2,3.603427,6.876848
45,33.6,2.823376,7.548291
45,34.0,0.99378,7.027603
45,34.4,2.709841,7.544607
45,34.8,1.306735,7.012383
45,35.2,1.721391,6.921684
45,35.6,1.228487,6.043349
45,36.0,1.241902,5.424081
45,36.4,0.837217,4.637518
45,36.8,0.949268,3.967103
45,37.2,1.39808,3.589499
45,37.6,2.204638,3.719894
45,38.0,3.071533,4.429385
45,38.4,3.616019,5.52199
45,38.8,3.647952,6.668068
45,39.2,3.027698,7.458127
45,39.6,1.199471,7.186667
45,40.0,2.409908,7.544461
46,0.0,3.158758,5.84389
46,0.4,3.650573,6.653016
46,0.8,3.875833,7.594525
46,1.2,3.772817,8.473174
46,1.6,3.278493,9.060863
46,2.0,2.168774,9.010428
46,2.4,1.266369,8.033706
46,2.8,1.356757,7.309021
46,3.2,0.907484,6.315579
46,3.6,0.977231,5.451488
46,4.0,1.14105,4.750486
46,4.4,1.74483,4.41233
46,4.8,2.705796,4.654107
46,5.2,3.656091,5.4722
46,5.6,4.300269,6.67219
46,6.0,4.543291,8.010639
46,6.4,4.369354,9.241589
46,6.8,3.737768,10.099891
46,7.2,2.377169,10.178531
46,7.6,1.399538,9.140331
46,8.0,1.523951,8.668878
46,8.4,1.846173,7.900093
46,8.8,0.760861,6.854094
46,9.2,1.54215,6.186913
46,9.6,1.171513,5.503874
46,10.0,1.250252,4.865672
46,10.4,1.787146,4.551143
46,10.8,2.675692,4.77397
46,11.2,3.574527,5.542011
46,11.6,4.196791,6.679779
46,12.0,4.438227,7.95584
46,12.4,4.274705,9.130988
46,12.8,3.661231,9.944332
46,13.2,2.328833,9.994154
46,13.6,1.314458,8.941647
46,14.0,1.690099,8.59472
46,14.4,1.168826,7.543841
46,14.8,1.301409,6.781332
46,15.2,0.771887,5.804912
46,15.6,0.931759,4.971745
46,16.0,1.394629,4.428615
46,16.4,2.270245,4.406199
46,16.8,3.306482,5.013881
46,17.2,4.118916,6.108245
46,17.6,4.541864,7.448578
46,18.0,4.544832,8.784895
46,18.4,4.113469,9.863738
46,18.8,3.127048,10.368471
46,19.2,0.939212,9.605876
46,19.6,3.502199,10.274139
46,20.0,1.774867,10.019305
46,20.4,2.107353,9.221339
46,20.8,0.913345,8.0943
46,21.2,2.022721,7.95301
46,21.6,0.844792,6.996103
46,22.0,1.448154,6.33308
46,22.4,0.974991,5.524599
46,22.8,1.101442,4.798808
46,23.2,1.667837,4.415008
46,23.6,2.611717,4.599514
46,24.0,3.581683,5.372945
46,24.4,4.261613,6.550441
46,24.8,4.543064,7.889304
46,25.2,4.407979,9.143379
46,25.6,3.822902,10.051483
46,26.0,2.560571,10.23328
46,26.4,1.941215,9.403879
46,26.8,0.336741,8.068525
46,27.2,2.143992,8.037861
46,27.6,0.86863,7.135137
46,28.0,1.452091,6.503672
46,28.4,0.885205,5.635343
46,28.8,1.011921,4.855365
46,29.2,1.539865,4.396922
46,29.6,2.467663,4.494033
46,30.0,3.476731,5.204548
46,30.4,4.217463,6.356693
46,30.8,4.560015,7.706541
46,31.2,4.483348,9.005674
46,31.6,3.964285,9.996716
46,32.0,2.829847,10.331429
46,32.4,1.808753,9.624486
46,32.8,1.710068,8.634933
46,33.2,1.102719,7.561737
46,33.6,1.324846,6.872839
46,34.0,0.763657,5.883569
46,34.4,0.920794,5.037186
46,34.8,1.345218,4.464492
46,35.2,2.186144,4.391244
46,35.6,3.222293,4.947804
46,36.0,4.060475,6.00755
46,36.4,4.517101,7.333705
46,36.8,4.555152,8.676526
46,37.2,4.16224,9.784183
46,37.6,3.234943,10.350924
46,38.0,1.103186,9.715096
46,38.4,3.258607,10.302423
46,38.8,1.188527,9.717708
46,39.2,3.029252,10.199152
46,39.6,0.934963,9.403618
46,40.0,3.313072,9.990217
47,0.0,1.241965,7.163988
47,0.4,1.144075,6.238944
47,0.8,0.820842,5.268818
47,1.2,0.988794,4.477109
47,1.6,1.481773,4.03432
47,2.0,2.248965,4.120881
47,2.4,3.024792,4.74225
47,2.8,3.552211,5.715765
47,3.2,3.730799,6.798344
47,3.6,3.537263,7.739335
47,4.0,2.934507,8.26783
47,4.4,1.72398,7.987721
47,4.8,0.67132,6.770198
47,5.2,1.753288,6.169338
47,5.6,1.218148,5.522598
47,6.0,1.067804,4.76981
47,6.4,1.374089,4.245047
47,6.8,2.00673,4.160934
47,7.2,2.753232,4.594212
47,7.6,3.339052,5.424311
47,8.0,3.618319,6.434016
47,8.4,3.54689,7.384709
47,8.8,3.097739,8.024785
47,9.2,2.155514,8.030924
47,9.6,0.829555,7.011304
47,10.0,1.650018,6.456549
47,10.4,0.925073,5.592085
47,10.8,0.920055,4.733476
47,11.2,1.28487,4.153638
47,11.6,1.965747,4.043468
47,12.0,2.766561,4.487814
47,12.4,3.393783,5.356861
47,12.8,3.696679,6.420551
47,13.2,3.63505,7.431006
47,13.6,3.186447,8.130667
47,14.0,2.237802,8.191965
47,14.4,0.854656,7.189947
47,14.8,1.686193,6.693187
47,15.2,0.84147,5.760636
47,15.6,0.900505,4.870265
47,16.0,1.200829,4.230892
47,16.4,1.830603,4.027143
47,16.8,2.631119,4.378054
47,17.2,3.302505,5.186268
47,17.6,3.666047,6.231295
47,18.0,3.669091,7.266613
47,18.4,3.292049,8.038512
47,18.8,2.450548,8.241757
47,19.2,0.927336,7.385672
47,19.6,1.658299,6.911854
47,20.0,0.738759,5.886329
47,20.4,0.938812,4.994775
47,20.8,1.16054,4.323104
47,21.2,1.73281,4.050993
47,21.6,2.513419,4.320038
47,22.0,3.208175,5.064442
47,22.4,3.616103,6.077105
47,22.8,3.671018,7.115294
47,23.2,3.352612,7.929108
47,23.6,2.594553,8.228817
47,24.0,1.131212,7.54105
47,24.4,1.464258,6.879369
47,24.8,0.691976,5.796548
47,25.2,0.894139,4.898164
47,25.6,1.18308,4.246332
47,26.0,1.802982,4.023549
47,26.4,2.603364,4.355309
47,26.8,3.28395,5.151148
47,27.2,3.660104,6.192592
47,27.6,3.67637,7.233222
47,28.0,3.313513,8.019827
47,28.4,2.492108,8.250871
47,28.8,0.968998,7.434265
47,29.2,1.617476,6.936645
47,29.6,0.71033,5.883664
47,30.0,0.932877,4.989723
47,30.4,1.159636,4.317807
47,30.8,1.735187,4.047448
47,31.2,2.517868,4.319631
47,31.6,3.21282,5.067229
47,32.0,3.619695,6.082296
47,32.4,3.672916,7.121721
47,32.8,3.352347,7.935301
47,33.2,2.591112,8.2327
47,33.6,1.123044,7.538933
47,34.0,1.470069,6.887082
47,34.4,0.690513,5.803387
47,34.8,0.895317,4.904672
47,35.2,1.180503,4.250858
47,35.6,1.797571,4.02431
47,36.0,2.597175,4.351774
47,36.4,3.2792,5.144414
47,36.8,3.657794,6.184365
47,37.2,3.676831,7.225396
47,37.6,3.317076,8.014454
47,38.0,2.500108,8.250854
47,38.4,0.978835,7.442923
47,38.8,1.606809,6.937552
47,39.2,0.705404,5.879673
47,39.6,0.929514,4.984878
47,40.0,1.160117,4.313551
48,0.0,1.576196,8.092628
48,0.4,2.113008,7.913179
48,0.8,0.196461,6.626598
48,1.2,2.318016,7.23079
48,1.6,1.003302,6.402889
48,2.0,1.958062,6.301236
48,2.4,0.687945,5.419232
48,2.8,1.630943,4.955513
48,3.2,0.970314,4.379381
48,3.6,0.895428,3.732273
48,4.0,1.163268,3.304435
48,4.4,1.618461,3.217008
48,4.8,2.110518,3.500427
48,5.2,2.44829,4.039884
48,5.6,2.512364,4.629727
48,6.0,2.256273,5.032806
48,6.4,1.671973,5.005997
48,6.8,0.977041,4.436617
48,7.2,0.878397,3.773614
48,7.6,1.132251,3.322512
48,8.0,1.580121,3.206437
48,8.4,2.078695,3.465764
48,8.8,2.434699,3.994879
48,9.2,2.521751,4.591527
48,9.6,2.289559,5.019026
48,10.0,1.726272,5.032598
48,10.4,1.012643,4.493476
48,10.8,0.867466,3.820377
48,11.2,1.102563,3.346676
48,11.6,1.53971,3.200417
48,12.0,2.042233,3.432151
48,12.4,2.415963,3.947043
48,12.8,2.527169,4.547523
48,13.2,2.321137,4.998137
48,13.6,1.782738,5.053511
48,14.0,1.057265,4.55164
48,14.4,0.857324,3.869808
48,14.8,1.072973,3.373426
48,15.2,1.498551,3.196469
48,15.6,2.003988,3.399279
48,16.0,2.395205,3.898421
48,16.4,2.530931,4.5015
48,16.8,2.3516,4.974413
48,17.2,1.839088,5.071412
48,17.6,1.107162,4.610548
48,18.0,0.847773,3.921125
48,18.4,1.043907,3.402284
48,18.8,1.457415,3.194694
48,19.2,1.964687,3.367801
48,19.6,2.372808,3.849954
48,20.0,2.532978,4.454362
48,20.4,2.380404,4.948359
48,20.8,1.894184,5.085982
48,21.2,1.161082,4.668733
48,21.6,0.839787,3.973589
48,22.0,1.016224,3.433087
48,22.4,1.417144,3.195545
48,22.8,1.924886,3.338597
48,23.2,2.348839,3.802577
48,23.6,2.532911,4.406744
48,24.0,2.406786,4.920044
48,24.4,1.946943,5.09651
48,24.8,1.217797,4.72443
48,25.2,0.834736,4.026411
48,25.6,0.990813,3.465633
48,26.0,1.378519,3.199381
48,26.4,1.885123,3.312433
48,26.8,2.323389,3.757119
48,27.2,2.530406,4.359234
48,27.6,2.430124,4.889596
48,28.0,1.996494,5.102489
48,28.4,1.275968,4.776076
48,28.8,0.833929,4.07892
48,29.2,0.968315,3.499671
48,29.6,1.342062,3.20631
48,30.0,1.845813,3.289731
48,30.4,2.29661,3.71412
48,30.8,2.525352,4.31228
48,31.2,2.450121,4.857241
48,31.6,2.042373,5.103817
48,32.0,1.334419,4.822708
48,32.4,0.838243,4.1307
48,32.8,0.948977,3.534965
48,33.2,1.307938,3.216189
48,33.6,1.807171,3.27051
48,34.0,2.26867,3.673728
48,34.4,2.517855,4.266115
48,34.8,2.46685,4.823255
48,35.2,2.084583,5.100781
48,35.6,1.392339,4.864082
48,36.0,0.84801,4.181689
48,36.4,0.932652,3.571374
48,36.8,1.275961,3.228729
48,37.2,1.76919,3.254472
48,37.6,2.239693,3.635732
48,38.0,2.508157,4.220699
48,38.4,2.480662,4.787873
48,38.8,2.123514,5.09391
48,39.2,1.449356,4.900537
48,39.6,0.863156,4.232135
48,40.0,0.918883,3.608929
49,0.0,1.866957,6.242218
49,0.4,1.502261,5.774186
49,0.8,1.312274,5.187144
49,1.2,1.429017,4.69805
49,1.6,1.81514,4.483547
49,2.0,2.346245,4.631125
49,2.4,2.845651,5.106609
49,2.8,3.179802,5.789001
49,3.2,3.289984,6.526133
49,3.6,3.160924,7.161436
49,4.0,2.785228,7.535884
49,4.4,2.130622,7.469414
49,4.8,1.169456,6.751833
49,5.2,0.782188,5.742335
49,5.6,0.883843,4.886527
49,6.0,1.229226,4.289676
49,6.4,1.819726,4.095002
49,6.8,2.523432,4.373659
49,7.2,3.115954,5.035062
49,7.6,3.466518,5.906787
49,8.0,3.5399,6.804174
49,8.4,3.337301,7.548944
49,8.8,2.852082,7.960001
49,9.2,2.020602,7.813998
49,9.6,0.86455,6.859838
49,10.0,1.187386,6.040078
49,10.4,0.923494,5.180113
49,10.8,1.124234,4.499703
49,11.2,1.609602,4.15926
49,11.6,2.277232,4.27192
49,12.0,2.91257,4.802602
49,12.4,3.345876,5.602046
49,12.8,3.513976,6.490014
49,13.2,3.409189,7.288669
49,13.6,3.031123,7.822608
49,14.0,2.344561,7.893538
49,14.4,1.249603,7.228112
49,14.8,0.812982,6.181402
49,15.2,0.871962,5.272791
49,15.6,1.059623,4.549361
49,16.0,1.525869,4.153285
49,16.4,2.192662,4.20997
49,16.8,2.852447,4.702918
49,17.2,3.320707,5.488734
49,17.6,3.52394,6.386024
49,18.0,3.451631,7.21472
49,18.4,3.105179,7.798793
49,18.8,2.45615,7.943973
49,19.2,1.39912,7.381313
49,19.6,0.699651,6.271246
49,20.0,0.898475,5.369359
49,20.4,1.035245,4.623901
49,20.8,1.467016,4.186758
49,21.2,2.115122,4.190725
49,21.6,2.782766,4.638212
49,22.0,3.275297,5.396198
49,22.4,3.508242,6.285625
49,22.8,3.466534,7.126333
49,23.2,3.151968,7.742923
49,23.6,2.542002,7.945826
49,24.0,1.538178,7.477562
49,24.4,0.663953,6.354552
49,24.8,0.920959,5.45622
49,25.2,1.013226,4.69102
49,25.6,1.41511,4.217729
49,26.0,2.045812,4.174592
49,26.4,2.719683,4.580825
49,26.8,3.233909,5.313393
49,27.2,3.493688,6.19548
49,27.6,3.479443,7.046686
49,28.0,3.192993,7.691827
49,28.4,2.616368,7.944767
49,28.8,1.659572,7.558187
49,29.2,0.684889,6.454383
49,29.6,0.997755,5.5775
49,30.0,1.003898,4.796892
49,30.4,1.355207,4.280195
49,30.8,1.952335,4.172805
49,31.2,2.625785,4.516809
49,31.6,3.165173,5.206221
49,32.0,3.460605,6.069556
49,32.4,3.484743,6.927165
49,32.8,3.238345,7.604537
49,33.2,2.708818,7.920099
49,33.6,1.820424,7.641399
49,34.0,0.757302,6.598382
49,34.4,1.09757,5.752518
49,34.8,0.986817,4.949511
49,35.2,1.268708,4.370364
49,35.6,1.817552,4.170616
49,36.0,2.488429,4.4234
49,36.4,3.06446,5.049472
49,36.8,3.412796,5.885812
49,37.2,3.493282,6.753362
49,37.6,3.30406,7.477488
49,38.0,2.838537,7.88098
49,38.4,2.039641,7.748755
49,38.8,0.910218,6.833645
49,39.2,1.10562,5.975167
49,39.6,0.910358,5.110387
49,40.0,1.14645,4.44827
50,0.0,4.168157,4.655121
50,0.4,3.928584,6.139363
50,0.8,3.244125,7.135798
50,1.2,2.014769,7.282658
50,1.6,0.687213,6.311405
50,2.0,1.905259,6.039254
50,2.4,0.837444,5.334863
50,2.8,0.989279,4.649404
50,3.2,0.86255,3.996282
50,3.6,1.061501,3.514704
50,4.0,1.429322,3.297114
50,4.4,1.873385,3.391857
50,4.8,2.256149,3.751345
50,5.2,2.467088,4.250041
50,5.6,2.457872,4.732815
50,6.0,2.221524,5.043216
50,6.4,1.778425,5.039529
50,6.8,1.243087,4.654226
50,7.2,0.973642,4.079169
50,7.6,1.081859,3.603923
50,8.0,1.397001,3.360586
50,8.4,1.808538,3.408342
50,8.8,2.18439,3.717282
50,9.2,2.410847,4.177486
50,9.6,2.431954,4.643497
50,10.0,2.235756,4.96511
50,10.4,1.839311,5.005046
50,10.8,1.333452,4.685452
50,11.2,1.019778,4.142727
50,11.6,1.078454,3.661516
50,12.0,1.363343,3.393019
50,12.4,1.759156,3.405493
50,12.8,2.137169,3.681485
50,13.2,2.380102,4.120996
50,13.6,2.425672,4.58365
50,14.0,2.257693,4.921459
50,14.4,1.889819,4.997351
50,14.8,1.397703,4.72401
50,15.2,1.04938,4.201849
50,15.6,1.067985,3.710571
50,16.0,1.329163,3.416966
50,16.4,1.714113,3.397461
50,16.8,2.096867,3.645468
50,17.2,2.356574,4.069329
50,17.6,2.424855,4.532362
50,18.0,2.281417,4.887506
50,18.4,1.936664,4.996658
50,18.8,1.454417,4.76391
50,19.2,1.07541,4.259894
50,19.6,1.056092,3.757774
50,20.0,1.295362,3.43942
50,20.4,1.670556,3.389056
50,20.8,2.05833,3.610327
50,21.2,2.334588,4.019598
50,21.6,2.424871,4.483573
50,22.0,2.304683,4.855708
50,22.4,1.981316,4.996543
50,22.8,1.508784,4.802564
50,23.2,1.102602,4.317709
50,23.6,1.045146,3.805483
50,24.0,1.26251,3.463005
50,24.4,1.627635,3.382234
50,24.8,2.019745,3.576703
50,25.2,2.312023,3.970955
50,25.6,2.42391,4.435184
50,26.0,2.32652,4.823321
50,26.4,2.024116,4.994538
50,26.8,1.562413,4.838703
50,27.2,1.132825,4.375356
50,27.6,1.036283,3.854551
50,28.0,1.230958,3.488757
50,28.4,1.585146,3.377856
50,28.8,1.980473,3.544994
50,29.2,2.288048,3.923203
50,29.6,2.421218,4.386479
50,30.0,2.346486,4.789332
50,30.4,2.065099,4.98967
50,30.8,1.615691,4.871657
50,31.2,1.166734,4.432601
50,31.6,1.030137,3.905231
50,32.0,1.200953,3.517065
50,32.4,1.543128,3.376324
50,32.8,1.940343,3.515472
50,33.2,2.262349,3.876392
50,33.6,2.416475,4.337278
50,34.0,2.364358,4.753412
50,34.4,2.104198,4.981576
50,34.8,1.668555,4.901037
50,35.2,1.20441,4.489064
50,35.6,1.027152,3.95752
50,36.0,1.172709,3.54805
50,36.4,1.501721,3.37785
50,36.8,1.899385,3.48837
50,37.2,2.234838,3.830683
50,37.6,2.409533,4.28764
50,38.0,2.380001,4.71552
50,38.4,2.141311,4.970148
50,38.8,1.720775,4.926588
50,39.2,1.245633,4.544276
50,39.6,1.027714,4.011276
50,40.0,1.146435,3.581711
51,0.0,1.215897,7.439451
51,0.4,2.108437,7.411991
51,0.8,0.724542,6.246852
51,1.2,2.101996,6.061535
51,1.6,0.961748,5.357999
51,2.0,0.998044,4.529974
51,2.4,0.93199,3.792773
51,2.8,1.240042,3.341928
51,3.2,1.733149,3.312698
51,3.6,2.215027,3.694323
51,4.0,2.494374,4.310309
51,4.4,2.47929,4.909505
51,4.8,2.150793,5.229805
51,5.2,1.548794,5.039727
51,5.6,0.99663,4.356976
51,6.0,1.000429,3.68534
51,6.4,1.341988,3.321003
51,6.8,1.837312,3.380307
51,7.2,2.280407,3.816976
51,7.6,2.499811,4.436571
51,8.0,2.422335,4.987052
51,8.4,2.039033,5.212953
51,8.8,1.417418,4.909016
51,9.2,0.967017,4.198474
51,9.6,1.057692,3.581269
51,10.0,1.442094,3.302598
51,10.4,1.941206,3.450572
51,10.8,2.345624,3.942151
51,11.2,2.504808,4.565064
51,11.6,2.362675,5.064702
51,12.0,1.92063,5.190576
51,12.4,1.286637,4.771679
51,12.8,0.953241,4.048899
51,13.2,1.121843,3.490777
51,13.6,1.544924,3.300038
51,14.0,2.040394,3.532651
51,14.4,2.40147,4.071025
51,14.8,2.499231,4.688372
51,15.2,2.292542,5.128483
51,15.6,1.794153,5.147294
51,16.0,1.169413,4.623299
51,16.4,0.960995,3.909335
51,16.8,1.196398,3.417714
51,17.2,1.650359,3.317051
51,17.6,2.132458,3.628072
51,18.0,2.44484,4.202495
51,18.4,2.479956,4.802765
51,18.8,2.20961,5.172692
51,19.2,1.660841,5.078142
51,19.6,1.074627,4.467406
51,20.0,0.986414,3.779625
51,20.4,1.280835,3.36179
51,20.8,1.757752,3.352893
51,21.2,2.217315,3.735984
51,21.6,2.476104,4.336075
51,22.0,2.446996,4.907806
51,22.4,2.113302,5.196369
51,22.8,1.522353,4.983133
51,23.2,1.006276,4.308978
51,23.6,1.025797,3.660457
51,24.0,1.373613,3.322793
51,24.4,1.865458,3.405968
51,24.8,2.294456,3.854347
51,25.2,2.495697,4.47016
51,25.6,2.400923,5.002408
51,26.0,2.004131,5.198795
51,26.4,1.383065,4.864726
51,26.8,0.96647,4.153704
51,27.2,1.078277,3.555322
51,27.6,1.472766,3.302788
51,28.0,1.970077,3.475364
51,28.4,2.361273,3.980035
51,28.8,2.502306,4.600567
51,29.2,2.341644,5.08234
51,29.6,1.883916,5.177149
51,30.0,1.251959,4.727344
51,30.4,0.95512,4.006655
51,30.8,1.143687,3.468109
51,31.2,1.576133,3.304008
51,31.6,2.068101,3.560223
51,32.0,2.414958,4.109826
51,32.4,2.494225,4.722699
51,32.8,2.268777,5.142679
51,33.2,1.75522,5.128443
51,33.6,1.139344,4.577091
51,34.0,0.967453,3.869797
51,34.4,1.220828,3.399614
51,34.8,1.682221,3.326167
51,35.2,2.158331,3.659181
51,35.6,2.455127,4.24208
51,36.0,2.471281,4.834805
51,36.4,2.182142,5.181518
51,36.8,1.620029,5.052103
51,37.2,1.051617,4.420071
51,37.6,0.99694,3.742908
51,38.0,1.3078,3.348436
51,38.4,1.789988,3.36709
51,38.8,2.241166,3.77039
51,39.2,2.483114,4.376163
51,39.6,2.434526,4.937174
51,40.0,2.081962,5.199276
52,0.0,3.410092,8.697044
52,0.4,1.681879,8.575315
52,0.8,2.188194,8.018031
52,1.2,1.147155,7.048199
52,1.6,1.45939,6.611034
52,2.0,0.851638,5.62195
52,2.4,1.100881,4.846631
52,2.8,1.144747,4.218141
52,3.2,1.635639,3.916178
52,3.6,2.430233,4.15094
52,4.0,3.195463,4.915602
52,4.4,3.643064,5.994012
52,4.8,3.650644,7.088748
52,5.2,3.138829,7.857349
52,5.6,1.816529,7.791508
52,6.0,0.706197,6.631818
52,6.4,1.885708,6.326684
52,6.8,0.884791,5.549122
52,7.2,1.017681,4.749159
52,7.6,1.153802,4.126344
52,8.0,1.715895,3.877477
52,8.4,2.550492,4.194468
52,8.8,3.302183,5.032904
52,9.2,3.703344,6.15339
52,9.6,3.648212,7.248307
52,10.0,3.052038,7.962475
52,10.4,1.550261,7.732156
52,10.8,1.864299,7.031859
52,11.2,0.717161,6.011719
52,11.6,1.635569,5.423603
52,12.0,1.234378,4.877888
52,12.4,1.223625,4.305258
52,12.8,1.649963,4.013855
52,13.2,2.379427,4.215172
52,13.6,3.105493,4.918714
52,14.0,3.546012,5.931111
52,14.4,3.56937,6.970431
52,14.8,3.092139,7.706204
52,15.2,1.847483,7.654956
52,15.6,0.549871,6.475424
52,16.0,2.131121,5.974694
52,16.4,1.523807,5.650776
52,16.8,0.944979,4.900146
52,17.2,1.036084,4.196234
52,17.6,1.548963,3.836726
52,18.0,2.38376,4.038439
52,18.4,3.204571,4.808199
52,18.8,3.700211,5.924535
52,19.2,3.744128,7.081452
52,19.6,3.264792,7.933181
52,20.0,2.001647,7.986482
52,20.4,0.428276,6.76146
52,20.8,1.563749,5.996197
52,21.2,0.786471,5.125278
52,21.6,0.931571,4.334637
52,22.0,1.365849,3.855042
52,22.4,2.158501,3.902748
52,22.8,3.034849,4.554134
52,23.2,3.637963,5.625827
52,23.6,3.803808,6.819984
52,24.0,3.464598,7.8005
52,24.4,2.451262,8.135969
52,24.8,1.44848,7.374567
52,25.2,1.643398,6.662144
52,25.6,0.648914,5.629333
52,26.0,1.219337,4.860406
52,26.4,1.223274,4.287112
52,26.8,1.663839,4.004843
52,27.2,2.40242,4.221816
52,27.6,3.127326,4.940434
52,28.0,3.559415,5.96217
52,28.4,3.570525,7.002632
52,28.8,3.076731,7.72878
52,29.2,1.798706,7.647406
52,29.6,0.676509,6.495374
52,30.0,1.953019,6.128632
52,30.4,1.100191,5.516526
52,30.8,0.864198,4.671711
52,31.2,1.11816,4.027094
52,31.6,1.755979,3.80454
52,32.0,2.64426,4.185211
52,32.4,3.405725,5.094649
52,32.8,3.784729,6.270966
52,33.2,3.688644,7.394374
52,33.6,3.029977,8.096656
52,34.0,1.386486,7.766945
52,34.4,1.401951,7.261312
52,34.8,1.545102,6.552927
52,35.2,0.681134,5.528963
52,35.6,1.113139,4.739587
52,36.0,1.223067,4.163979
52,36.4,1.7602,3.945232
52,36.8,2.557421,4.267945
52,37.2,3.272218,5.086559
52,37.6,3.647971,6.16993
52,38.0,3.577812,7.217771
52,38.4,2.971171,7.87826
52,38.8,1.454847,7.583888
52,39.2,1.627267,6.924597
52,39.6,0.708808,5.860284
52,40.0,1.512844,5.206527
53,0.0,1.432211,4.560048
53,0.4,1.292246,4.134557
53,0.8,1.41986,3.811918
53,1.2,1.740846,3.737758
53,1.6,2.117538,3.950914
53,2.0,2.401335,4.377183
53,2.4,2.491982,4.867997
53,2.8,2.346415,5.245807
53,3.2,1.959967,5.331419
53,3.6,1.399395,4.99016
53,4.0,1.013165,4.342272
53,4.4,1.094895,3.771511
53,4.8,1.465437,3.491918
53,5.2,1.975531,3.600921
53,5.6,2.432313,4.054949
53,6.0,2.678607,4.689714
53,6.4,2.644042,5.292559
53,6.8,2.307097,5.639253
53,7.2,1.666738,5.504455
53,7.6,0.957695,4.810526
53,8.0,0.885142,4.062472
53,8.4,1.162527,3.55453
53,8.8,1.651375,3.418731
53,9.2,2.201774,3.700514
53,9.6,2.611184,4.288654
53,10.0,2.756162,4.979349
53,10.4,2.593792,5.542489
53,10.8,2.109239,5.740493
53,11.2,1.327287,5.346513
53,11.6,0.807269,4.523013
53,12.0,0.933791,3.831211
53,12.4,1.312604,3.439672
53,12.8,1.857437,3.460634
53,13.2,2.385241,3.880983
53,13.6,2.710979,4.542194
53,14.0,2.746341,5.223102
53,14.4,2.464658,5.688175
53,14.8,1.853022,5.69413
53,15.2,1.037354,5.067767
53,15.6,0.835086,4.265155
53,16.0,1.043786,3.664768
53,16.4,1.486707,3.404585
53,16.8,2.046387,3.568825
53,17.2,2.519458,4.089344
53,17.6,2.751902,4.778955
53,18.0,2.682521,5.410019
53,18.4,2.29279,5.745716
53,18.8,1.578453,5.544622
53,19.2,0.863929,4.770769
53,19.6,0.879001,4.019998
53,20.0,1.180375,3.526874
53,20.4,1.683653,3.415797
53,20.8,2.235515,3.723232
53,21.2,2.634195,4.328468
53,21.6,2.762086,5.023218
53,22.0,2.579663,5.575502
53,22.4,2.072386,5.74589
53,22.8,1.274215,5.310495
53,23.2,0.802518,4.481998
53,23.6,0.946247,3.801847
53,24.0,1.337032,3.428883
53,24.4,1.887005,3.472314
53,24.8,2.408734,3.910307
53,25.2,2.721178,4.578854
53,25.6,2.740615,5.255139
53,26.0,2.44202,5.703119
53,26.4,1.812934,5.678977
53,26.8,1.003103,5.023994
53,27.2,0.842604,4.228633
53,27.6,1.063117,3.643497
53,28.0,1.514562,3.404323
53,28.4,2.073971,3.589452
53,28.8,2.536891,4.122882
53,29.2,2.754531,4.814104
53,29.6,2.669203,5.434916
53,30.0,2.263197,5.748393
53,30.4,1.535221,5.514426
53,30.8,0.847539,4.726413
53,31.2,0.885992,3.984491
53,31.6,1.202249,3.508368
53,32.0,1.714321,3.420591
53,32.4,2.263502,3.749187
53,32.8,2.649993,4.366018
53,33.2,2.761629,5.060057
53,33.6,2.561582,5.598572
53,34.0,2.035611,5.741406
53,34.4,1.228705,5.27012
53,34.8,0.804188,4.44236
53,35.2,0.960931,3.77494
53,35.6,1.362058,3.420889
53,36.0,1.91565,3.486057
53,36.4,2.430305,3.940204
53,36.8,2.729255,4.614476
53,37.2,2.733111,5.284825
53,37.6,2.418278,5.714901
53,38.0,1.772967,5.66072
53,38.4,0.972598,4.979996
53,38.8,0.849617,4.192088
53,39.2,1.082805,3.622457
53,39.6,1.542981,3.404748
53,40.0,2.101809,3.610961
