id,t,x0,x1
0,0.0,3.789472,4.565064
0,0.4,3.938186,4.843021
0,0.8,3.974706,5.126022
0,1.2,3.894611,5.399498
0,1.6,3.688472,5.647812
0,2.0,3.329567,5.852228
0,2.4,2.739937,5.985065
0,2.8,1.640086,5.987488
0,3.2,0.423613,5.808511
0,3.6,0.419606,5.644697
0,4.0,0.436093,5.483707
0,4.4,0.453973,5.324949
0,4.8,0.473401,5.168614
0,5.2,0.494599,5.014922
0,5.6,0.517839,4.864129
0,6.0,0.543459,4.716529
0,6.4,0.57188,4.57247
0,6.8,0.603642,4.432367
0,7.2,0.639452,4.296722
0,7.6,0.680253,4.166153
0,8.0,0.727349,4.041438
0,8.4,0.782602,3.923583
0,8.8,0.848777,3.813934
0,9.2,0.930165,3.714357
0,9.6,1.033713,3.627562
0,10.0,1.170992,3.557667
0,10.4,1.360909,3.511096
0,10.8,1.630267,3.497631
0,11.2,2.002613,3.53023
0,11.6,2.470128,3.621312
0,12.0,2.978829,3.776645
0,12.4,3.456098,3.992544
0,12.8,3.846096,4.258022
0,13.2,4.11992,4.558389
0,13.6,4.26845,4.877848
0,14.0,4.29214,5.200722
0,14.4,4.19267,5.511616
0,14.8,3.965604,5.794683
0,15.2,3.589653,6.031637
0,15.6,2.997935,6.196505
0,16.0,1.950835,6.236646
0,16.4,0.424886,6.066521
0,16.8,0.396294,5.898829
0,17.2,0.410958,5.734701
0,17.6,0.426792,5.572552
0,18.0,0.443898,5.412537
0,18.4,0.462444,5.254835
0,18.8,0.482632,5.099652
0,19.2,0.504705,4.947221
0,19.6,0.528961,4.797814
0,20.0,0.555773,4.651748
0,20.4,0.585611,4.509399
0,20.8,0.619081,4.371219
0,21.2,0.656984,4.237755
0,21.6,0.700408,4.109692
0,22.0,0.750873,3.987899
0,22.4,0.810588,3.873516
0,22.8,0.882901,3.768092
0,23.2,0.973106,3.673821
0,23.6,1.089913,3.59395
0,24.0,1.247832,3.533496
0,24.4,1.46962,3.500274
0,24.8,1.783169,3.505671
0,25.2,2.201869,3.563112
0,25.6,2.696559,3.682735
0,26.0,3.199767,3.866085
0,26.4,3.643314,4.105776
0,26.8,3.983589,4.388755
0,27.2,4.201808,4.699606
0,27.6,4.2943,5.022504
0,28.0,4.26298,5.341931
0,28.4,4.107757,5.642437
0,28.8,3.818499,5.907448
0,29.2,3.359437,6.116259
0,29.6,2.616665,6.235219
0,30.0,1.140516,6.180512
0,30.4,0.390374,5.990544
0,30.8,0.40269,5.825312
0,31.2,0.41788,5.662051
0,31.6,0.434263,5.500833
0,32.0,0.451989,5.341828
0,32.4,0.471241,5.185224
0,32.8,0.492238,5.031238
0,33.2,0.515245,4.880121
0,33.6,0.540591,4.732163
0,34.0,0.568689,4.587707
0,34.4,0.600063,4.447159
0,34.8,0.6354,4.311009
0,35.2,0.675612,4.179863
0,35.6,0.721958,4.054478
0,36.0,0.776226,3.935832
0,36.4,0.841061,3.825227
0,36.8,0.920548,3.72446
0,37.2,1.021274,3.636132
0,37.6,1.154191,3.564171
0,38.0,1.337304,3.514703
0,38.4,1.596786,3.497115
0,38.8,1.957669,3.52413
0,39.2,2.416861,3.608516
0,39.6,2.924658,3.756987
0,40.0,3.408435,3.966831
1,0.0,1.512455,6.702316
1,0.4,0.323177,6.468415
1,0.8,0.331067,6.280716
1,1.2,0.342951,6.095021
1,1.6,0.355682,5.911269
1,2.0,0.369354,5.729602
1,2.4,0.384073,5.550182
1,2.8,0.399963,5.373185
1,3.2,0.41717,5.198814
1,3.6,0.435865,5.027296
1,4.0,0.456251,4.858887
1,4.4,0.478569,4.693883
1,4.8,0.503112,4.532623
1,5.2,0.530234,4.3755
1,5.6,0.560373,4.222975
1,6.0,0.594074,4.07559
1,6.4,0.632027,3.933993
1,6.8,0.675115,3.798968
1,7.2,0.724487,3.67147
1,7.6,0.781656,3.552687
1,8.0,0.848643,3.444115
1,8.4,0.928146,3.347659
1,8.8,1.023725,3.265768
1,9.2,1.139846,3.201574
1,9.6,1.281457,3.158978
1,10.0,1.452466,3.142502
1,10.4,1.6527,3.156677
1,10.8,1.874316,3.204859
1,11.2,2.100569,3.287815
1,11.6,2.308975,3.402803
1,12.0,2.476951,3.543567
1,12.4,2.585988,3.701009
1,12.8,2.622505,3.863978
1,13.2,2.575836,4.019748
1,13.6,2.434158,4.153849
1,14.0,2.17786,4.248911
1,14.4,1.769294,4.281911
1,14.8,1.173492,4.223355
1,15.2,0.702241,4.08516
1,15.6,0.640823,3.941992
1,16.0,0.673881,3.806495
1,16.4,0.721712,3.678545
1,16.8,0.7782,3.559231
1,17.2,0.844518,3.45003
1,17.6,0.923204,3.35282
1,18.0,1.017744,3.270017
1,18.4,1.132553,3.204712
1,18.8,1.272575,3.160761
1,19.2,1.441845,3.142661
1,19.6,1.640528,3.154971
1,20.0,1.861292,3.201152
1,20.4,2.087855,3.282153
1,20.8,2.297917,3.395442
1,21.2,2.468759,3.534951
1,21.6,2.581582,3.691721
1,22.0,2.622555,3.854702
1,22.4,2.580938,4.011255
1,22.8,2.445121,4.14703
1,23.2,2.196186,4.244878
1,23.6,1.797771,4.282204
1,24.0,1.210781,4.229512
1,24.4,0.715082,4.093616
1,24.8,0.640059,3.949971
1,25.2,0.671438,3.814061
1,25.6,0.718738,3.685653
1,26.0,0.774718,3.565808
1,26.4,0.840414,3.455981
1,26.8,0.918307,3.358026
1,27.2,1.011828,3.274321
1,27.6,1.125343,3.207917
1,28.0,1.263792,3.162625
1,28.4,1.431328,3.142918
1,28.8,1.628439,3.153375
1,29.2,1.848297,3.197561
1,29.6,2.075098,3.2766
1,30.0,2.28674,3.388172
1,30.4,2.460384,3.526398
1,30.8,2.576948,3.68246
1,31.2,2.622342,3.845413
1,31.6,2.585737,4.002702
1,32.0,2.455717,4.140095
1,32.4,2.214024,4.240657
1,32.8,1.825566,4.282204
1,33.2,1.248101,4.235348
1,33.6,0.729631,4.102089
1,34.0,0.639531,3.957975
1,34.4,0.669035,3.821651
1,34.8,0.715791,3.69279
1,35.2,0.771268,3.572419
1,35.6,0.836349,3.461972
1,36.0,0.91346,3.363278
1,36.4,1.005976,3.278681
1,36.8,1.118214,3.21119
1,37.2,1.255105,3.164573
1,37.6,1.42091,3.143273
1,38.0,1.616426,3.15189
1,38.4,1.835326,3.194084
1,38.8,2.06229,3.271155
1,39.2,2.275437,3.38099
1,39.6,2.451821,3.517903
1,40.0,2.572079,3.673222
2,0.0,4.291046,6.660485
2,0.4,4.070456,7.013565
2,0.8,3.674819,7.301393
2,1.2,3.017706,7.48183
2,1.6,1.751444,7.460799
2,2.0,0.38121,7.157973
2,2.4,0.39219,6.895865
2,2.8,0.411987,6.637485
2,3.2,0.433939,6.382755
2,3.6,0.458437,6.132099
2,4.0,0.485987,5.886022
2,4.4,0.517251,5.645141
2,4.8,0.553121,5.410219
2,5.2,0.594827,5.182221
2,5.6,0.64414,4.962406
2,6.0,0.703725,4.752467
2,6.4,0.777816,4.554791
2,6.8,0.873596,4.372934
2,7.2,1.004123,4.212568
2,7.6,1.19427,4.083397
2,8.0,1.489079,4.00253
2,8.4,1.945929,3.997048
2,8.8,2.571946,4.096438
2,9.2,3.271014,4.314097
2,9.6,3.913723,4.640359
2,10.0,4.41745,5.051251
2,10.4,4.751963,5.518017
2,10.8,4.916553,6.012105
2,11.2,4.921039,6.506801
2,11.6,4.774033,6.976954
2,12.0,4.474039,7.397296
2,12.4,3.995887,7.738646
2,12.8,3.249271,7.957827
2,13.2,1.849138,7.95458
2,13.6,0.349197,7.638989
2,14.0,0.360837,7.371866
2,14.4,0.377497,7.107749
2,14.8,0.395787,6.846674
2,15.2,0.415968,6.588956
2,15.6,0.438369,6.334963
2,16.0,0.463402,6.085132
2,16.4,0.491598,5.839989
2,16.8,0.523658,5.600172
2,17.2,0.560525,5.36648
2,17.6,0.603515,5.139924
2,18.0,0.654534,4.921832
2,18.4,0.716475,4.714005
2,18.8,0.793997,4.519005
2,19.2,0.895101,4.340693
2,19.6,1.034506,4.18532
2,20.0,1.240304,4.06369
2,20.4,1.561669,3.994742
2,20.8,2.053067,4.007084
2,21.2,2.702896,4.128582
2,21.6,3.40041,4.368145
2,22.0,4.021292,4.712522
2,22.4,4.49407,5.136238
2,22.8,4.795931,5.610322
2,23.2,4.929357,6.106515
2,23.6,4.90468,6.598466
2,24.0,4.729289,7.061174
2,24.4,4.398584,7.469019
2,24.8,3.879956,7.791294
2,25.2,3.058241,7.979531
2,25.6,1.39836,7.906613
2,26.0,0.349038,7.588058
2,26.4,0.363877,7.321632
2,26.8,0.380828,7.058069
2,27.2,0.399454,6.797604
2,27.6,0.420029,6.540562
2,28.0,0.442893,6.287321
2,28.4,0.46848,6.038334
2,28.8,0.497348,5.794146
2,29.2,0.530237,5.555422
2,29.6,0.568148,5.322996
2,30.0,0.612489,5.097929
2,30.4,0.665314,4.881625
2,30.8,0.729775,4.676
2,31.2,0.811005,4.48381
2,31.6,0.917942,4.309263
2,32.0,1.067204,4.159258
2,32.4,1.290435,4.045838
2,32.8,1.640555,3.989864
2,33.2,2.166246,4.021098
2,33.6,2.835572,4.16503
2,34.0,3.526874,4.425986
2,34.4,4.123406,4.787539
2,34.8,4.564493,5.223029
2,35.2,4.83384,5.703414
2,35.6,4.936502,6.200769
2,36.0,4.882949,6.689083
2,36.4,4.679046,7.14344
2,36.8,4.316577,7.537716
2,37.2,3.753889,7.839286
2,37.6,2.84261,7.992792
2,38.0,0.881247,7.837653
2,38.4,0.351333,7.537376
2,38.8,0.366969,7.271499
2,39.2,0.384219,7.0085
2,39.6,0.403191,6.748657
2,40.0,0.424171,6.492303
3,0.0,4.310525,7.789986
3,0.4,3.168896,8.015194
3,0.8,1.205447,7.934636
3,1.2,0.305906,7.652129
3,1.6,0.316299,7.423235
3,2.0,0.327906,7.196239
3,2.4,0.340374,6.971249
3,2.8,0.353805,6.748421
3,3.2,0.368315,6.527928
3,3.6,0.384041,6.309966
3,4.0,0.401147,6.094758
3,4.4,0.419826,5.882557
3,4.8,0.440311,5.673653
3,5.2,0.462887,5.468385
3,5.6,0.487904,5.267145
3,6.0,0.515799,5.070397
3,6.4,0.547128,4.878695
3,6.8,0.582608,4.692708
3,7.2,0.623182,4.513257
3,7.6,0.670126,4.341369
3,8.0,0.725201,4.178354
3,8.4,0.790908,4.025925
3,8.8,0.870896,3.886382
3,9.2,0.970577,3.7629
3,9.6,1.097944,3.659941
3,10.0,1.26412,3.583778
3,10.4,1.481894,3.542794
3,10.8,1.759146,3.546732
3,11.2,2.087502,3.604018
3,11.6,2.436931,3.718067
3,12.0,2.765806,3.885304
3,12.4,3.037081,4.096061
3,12.8,3.226626,4.336856
3,13.2,3.322342,4.592404
3,13.6,3.319173,4.846742
3,14.0,3.213376,5.083391
3,14.4,2.996108,5.284514
3,14.8,2.642957,5.428437
3,15.2,2.087998,5.483142
3,15.6,1.18151,5.39184
3,16.0,0.538451,5.178381
3,16.4,0.530585,4.98218
3,16.8,0.562807,4.792961
3,17.2,0.600449,4.609846
3,17.6,0.643749,4.433709
3,18.0,0.694152,4.265691
3,18.4,0.753717,4.10727
3,18.8,0.825408,3.960399
3,19.2,0.913587,3.827735
3,19.6,1.024741,3.712979
3,20.0,1.168284,3.621359
3,20.4,1.356515,3.560111
3,20.8,1.601195,3.538438
3,21.2,1.904186,3.565929
3,21.6,2.246987,3.649138
3,22.0,2.59224,3.788347
3,22.4,2.898681,3.976955
3,22.8,3.134788,4.203255
3,23.2,3.282406,4.452743
3,23.6,3.333353,4.709744
3,24.0,3.283894,4.958092
3,24.4,3.128866,5.180868
3,24.8,2.854119,5.35894
3,25.2,2.421279,5.467144
3,25.6,1.72695,5.464053
3,26.0,0.739855,5.2947
3,26.4,0.520053,5.087455
3,26.8,0.544471,4.895005
3,27.2,0.579374,4.708489
3,27.6,0.619457,4.528437
3,28.0,0.665791,4.35585
3,28.4,0.720079,4.19201
3,28.8,0.784747,4.038588
3,29.2,0.863321,3.897825
3,29.6,0.961033,3.772805
3,30.0,1.085622,3.66786
3,30.4,1.247948,3.589088
3,30.8,1.460825,3.544697
3,31.2,1.732975,3.544388
3,31.6,2.057827,3.59685
3,32.0,2.407032,3.706049
3,32.4,2.739291,3.869012
3,32.8,3.016675,4.076512
3,33.2,3.213881,4.315304
3,33.6,3.317942,4.570204
3,34.0,3.323418,4.825285
3,34.4,3.226688,5.06413
3,34.8,3.019657,5.269086
3,35.2,2.679918,5.418977
3,35.6,2.146993,5.483136
3,36.0,1.27458,5.407127
3,36.4,0.550675,5.196028
3,36.8,0.528252,4.998753
3,37.2,0.559798,4.809033
3,37.6,0.597,4.625363
3,38.0,0.639763,4.448583
3,38.4,0.689483,4.279813
3,38.8,0.748158,4.120496
3,39.2,0.818656,3.972538
3,39.6,0.905195,3.838522
3,40.0,1.014045,3.722043
4,0.0,4.572484,8.670301
4,0.4,2.371414,8.807171
4,0.8,0.225828,8.583499
4,1.2,0.230662,8.410381
4,1.6,0.235872,8.237951
4,2.0,0.241312,8.06623
4,2.4,0.246998,7.89525
4,2.8,0.252948,7.725047
4,3.2,0.259178,7.555656
4,3.6,0.265711,7.387117
4,4.0,0.272567,7.219472
4,4.4,0.279771,7.052767
4,4.8,0.28735,6.887049
4,5.2,0.295334,6.722373
4,5.6,0.303755,6.558794
4,6.0,0.31265,6.396375
4,6.4,0.322061,6.235182
4,6.8,0.332031,6.075289
4,7.2,0.342615,5.916775
4,7.6,0.353868,5.759728
4,8.0,0.365857,5.604242
4,8.4,0.378656,5.450424
4,8.8,0.392352,5.298389
4,9.2,0.407042,5.148268
4,9.6,0.422841,5.000203
4,10.0,0.43988,4.854357
4,10.4,0.458316,4.71091
4,10.8,0.478331,4.570068
4,11.2,0.500146,4.432063
4,11.6,0.524024,4.297164
4,12.0,0.550287,4.165679
4,12.4,0.579335,4.037969
4,12.8,0.611666,3.914458
4,13.2,0.647916,3.795654
4,13.6,0.688913,3.682169
4,14.0,0.735758,3.574756
4,14.4,0.789948,3.474361
4,14.8,0.853579,3.382197
4,15.2,0.929663,3.29986
4,15.6,1.022615,3.229507
4,16.0,1.138957,3.174127
4,16.4,1.288,3.137902
4,16.8,1.481543,3.126556
4,17.2,1.730141,3.147271
4,17.6,2.033997,3.207445
4,18.0,2.373519,3.312108
4,18.4,2.711159,3.461394
4,18.8,3.005221,3.64984
4,19.2,3.222493,3.867493
4,19.6,3.341613,4.101543
4,20.0,3.349299,4.337453
4,20.4,3.23313,4.55915
4,20.8,2.970456,4.747826
4,21.2,2.50352,4.877787
4,21.6,1.656424,4.902666
4,22.0,0.537408,4.768233
4,22.4,0.471116,4.623637
4,22.8,0.49158,4.484498
4,23.2,0.514628,4.348377
4,23.6,0.539937,4.215546
4,24.0,0.567867,4.086346
4,24.4,0.598875,3.961174
4,24.8,0.63354,3.840504
4,25.2,0.672608,3.724904
4,25.6,0.717065,3.615068
4,26.0,0.768235,3.511862
4,26.4,0.827959,3.416386
4,26.8,0.898847,3.33007
4,27.2,0.98471,3.254833
4,27.6,1.091169,3.193306
4,28.0,1.226414,3.149168
4,28.4,1.401478,3.127525
4,28.8,1.628176,3.135069
4,29.2,1.912006,3.179361
4,29.6,2.241568,3.266686
4,30.0,2.584983,3.399255
4,30.4,2.900273,3.57369
4,30.8,3.150055,3.781562
4,31.2,3.308594,4.010978
4,31.6,3.360228,4.247982
4,32.0,3.293231,4.47714
4,32.4,3.090643,4.680958
4,32.8,2.713022,4.837213
4,33.2,2.047231,4.910343
4,33.6,0.843326,4.830832
4,34.0,0.467019,4.677701
4,34.4,0.483322,4.537372
4,34.8,0.505561,4.400071
4,35.2,0.529968,4.265944
4,35.6,0.556847,4.135312
4,36.0,0.586617,4.008548
4,36.4,0.619806,3.886095
4,36.8,0.657088,3.768481
4,37.2,0.699349,3.656348
4,37.6,0.747766,3.550491
4,38.0,0.803959,3.45191
4,38.4,0.870204,3.361895
4,38.8,0.94979,3.282154
4,39.2,1.047559,3.215014
4,39.6,1.170637,3.163707
4,40.0,1.329025,3.132753
5,0.0,1.617158,8.098294
5,0.4,0.271237,7.818749
5,0.8,0.279716,7.600642
5,1.2,0.288945,7.384017
5,1.6,0.298781,7.168959
5,2.0,0.309287,6.955574
5,2.4,0.320532,6.74398
5,2.8,0.332598,6.534307
5,3.2,0.345576,6.326702
5,3.6,0.359577,6.121325
5,4.0,0.374725,5.91836
5,4.4,0.391169,5.718013
5,4.8,0.409086,5.520517
5,5.2,0.428686,5.326141
5,5.6,0.450224,5.135192
5,6.0,0.474011,4.948027
5,6.4,0.500431,4.765065
5,6.8,0.52997,4.5868
5,7.2,0.563243,4.413824
5,7.6,0.601053,4.246857
5,8.0,0.644467,4.086785
5,8.4,0.694942,3.934726
5,8.8,0.754516,3.792116
5,9.2,0.826134,3.660855
5,9.6,0.914167,3.543528
5,10.0,1.025218,3.443756
5,10.4,1.169133,3.36671
5,10.8,1.359374,3.319706
5,11.2,1.609942,3.312379
5,11.6,1.925037,3.355238
5,12.0,2.285656,3.455948
5,12.4,2.649426,3.615325
5,12.8,2.96794,3.826202
5,13.2,3.203506,4.075228
5,13.6,3.333446,4.345425
5,14.0,3.345369,4.61791
5,14.4,3.229031,4.872284
5,14.8,2.965206,5.085285
5,15.2,2.50304,5.22608
5,15.6,1.68981,5.241253
5,16.0,0.580393,5.066101
5,16.4,0.485349,4.875511
5,16.8,0.511677,4.694283
5,17.2,0.542586,4.518023
5,17.6,0.577537,4.347319
5,18.0,0.617408,4.18295
5,18.4,0.663402,4.025884
5,18.8,0.717174,3.877352
5,19.2,0.781075,3.738952
5,19.6,0.858532,3.612822
5,20.0,0.954683,3.501902
5,20.4,1.077289,3.410355
5,20.8,1.237676,3.344129
5,21.2,1.450226,3.311492
5,21.6,1.726743,3.322726
5,22.0,2.063559,3.38776
5,22.4,2.431293,3.51193
5,22.8,2.782676,3.692843
5,23.2,3.072161,3.920587
5,23.6,3.268115,4.180106
5,24.0,3.352745,4.453535
5,24.4,3.315584,4.72143
5,24.8,3.144485,4.962548
5,25.2,2.811783,5.151522
5,25.6,2.239966,5.251486
5,26.0,1.208643,5.192004
5,26.4,0.489246,4.988343
5,26.8,0.4948,4.803579
5,27.2,0.523407,4.624261
5,27.6,0.555823,4.450106
5,28.0,0.59259,4.281794
5,28.4,0.634707,4.120172
5,28.8,0.683535,3.966303
5,29.2,0.740965,3.821544
5,29.6,0.809717,3.687683
5,30.0,0.8938,3.567134
5,30.4,0.99926,3.46326
5,30.8,1.135176,3.380853
5,31.2,1.31432,3.326731
5,31.6,1.551163,3.31008
5,32.0,1.853205,3.341466
5,32.4,2.207089,3.42954
5,32.8,2.574359,3.576795
5,33.2,2.906157,3.777676
5,33.6,3.161722,4.019926
5,34.0,3.315381,4.287156
5,34.4,3.353175,4.560804
5,34.8,3.265182,4.820836
5,35.2,3.035339,5.044834
5,35.6,2.62279,5.204285
5,36.0,1.907182,5.252893
5,36.4,0.731063,5.111657
5,36.8,0.48192,4.914681
5,37.2,0.505581,4.732393
5,37.6,0.535703,4.555038
5,38.0,0.569732,4.383093
5,38.4,0.608469,4.217304
5,38.8,0.653041,4.058594
5,39.2,0.704993,3.908129
5,39.6,0.766498,3.767419
5,40.0,0.840714,3.638467
6,0.0,2.481839,6.817335
6,0.4,2.528259,6.834332
6,0.8,2.59885,6.861303
6,1.2,2.702829,6.902992
6,1.6,2.849443,6.96548
6,2.0,3.044476,7.055706
6,2.4,3.285621,7.180305
6,2.8,3.559405,7.343981
6,3.2,3.842541,7.54806
6,3.6,4.107412,7.789868
6,4.0,4.328156,8.06302
6,4.4,4.48417,8.358212
6,4.8,4.560301,8.664035
6,5.2,4.544516,8.967423
6,5.6,4.423558,9.253501
6,6.0,4.175226,9.504342
6,6.4,3.749965,9.695258
6,6.8,3.003709,9.782338
6,7.2,1.235972,9.633089
6,7.6,0.357213,9.298629
6,8.0,0.371311,9.010587
6,8.4,0.386767,8.724743
6,8.8,0.403632,8.441287
6,9.2,0.422125,8.160451
6,9.6,0.442518,7.882503
6,10.0,0.465152,7.60776
6,10.4,0.490464,7.336602
6,10.8,0.51903,7.06949
6,11.2,0.551626,6.806992
6,11.6,0.589333,6.549833
6,12.0,0.633726,6.298956
6,12.4,0.687217,6.055644
6,12.8,0.753765,5.821734
6,13.2,0.840449,5.600048
6,13.6,0.961387,5.395362
6,14.0,1.148318,5.216809
6,14.4,1.477036,5.083977
6,14.8,2.089078,5.036939
6,15.2,3.0469,5.127527
6,15.6,4.147311,5.377689
6,16.0,5.144176,5.770645
6,16.4,5.924712,6.27384
6,16.8,6.471763,6.853449
6,17.2,6.807149,7.479372
6,17.6,6.962584,8.126246
6,18.0,6.96775,8.772982
6,18.4,6.845951,9.401791
6,18.8,6.612529,9.997039
6,19.2,6.273578,10.54394
6,19.6,5.822891,11.026842
6,20.0,5.233066,11.426308
6,20.4,4.425619,11.712235
6,20.8,3.123812,11.818324
6,21.2,0.307712,11.516296
6,21.6,0.28626,11.214295
6,22.0,0.29524,10.915488
6,22.4,0.304809,10.618035
6,22.8,0.315029,10.322031
6,23.2,0.325972,10.027576
6,23.6,0.337719,9.734784
6,24.0,0.350369,9.443785
6,24.4,0.364036,9.154721
6,24.8,0.378854,8.867755
6,25.2,0.394988,8.583075
6,25.6,0.412635,8.300895
6,26.0,0.432038,8.021462
6,26.4,0.453501,7.74507
6,26.8,0.477408,7.472063
6,27.2,0.50426,7.202859
6,27.6,0.534723,6.937968
6,28.0,0.569707,6.678031
6,28.4,0.61051,6.423869
6,28.8,0.659065,6.176576
6,29.2,0.718431,5.937675
6,29.6,0.793833,5.70942
6,30.0,0.895113,5.495427
6,30.4,1.043117,5.302187
6,30.8,1.286964,5.142932
6,31.2,1.737386,5.0464
6,31.6,2.53093,5.062424
6,32.0,3.595916,5.232742
6,32.4,4.667506,5.5577
6,32.8,5.562962,6.009971
6,33.2,6.225798,6.555321
6,33.6,6.663531,7.161492
6,34.0,6.905182,7.800747
6,34.4,6.982314,8.449957
6,34.8,6.921724,9.089814
6,35.2,6.742881,9.703754
6,35.6,6.456729,10.276746
6,36.0,6.063829,10.793832
6,36.4,5.549201,11.237975
6,36.8,4.866499,11.585779
6,37.2,3.876507,11.795195
6,37.6,1.891021,11.738277
6,38.0,0.281991,11.364576
6,38.4,0.290669,11.06512
6,38.8,0.299935,10.766977
6,39.2,0.30982,10.470235
6,39.6,0.320391,10.174989
6,40.0,0.331724,9.881349
7,0.0,1.907637,8.018884
7,0.4,0.434613,7.729416
7,0.8,0.421018,7.463686
7,1.2,0.441645,7.202974
7,1.6,0.464557,6.945685
7,2.0,0.490156,6.692219
7,2.4,0.519001,6.443061
7,2.8,0.551839,6.198807
7,3.2,0.589691,5.960207
7,3.6,0.634014,5.728225
7,4.0,0.686976,5.504152
7,4.4,0.751982,5.289781
7,4.8,0.834765,5.087756
7,5.2,0.945757,4.90226
7,5.6,1.10549,4.7405
7,6.0,1.355616,4.615843
7,6.4,1.768218,4.552607
7,6.8,2.401596,4.584885
7,7.2,3.192845,4.737659
7,7.6,3.984521,5.010289
7,8.0,4.655224,5.383086
7,8.4,5.155455,5.829591
7,8.8,5.480966,6.323387
7,9.2,5.646543,6.840624
7,9.6,5.671416,7.360464
7,10.0,5.572229,7.864594
7,10.4,5.359366,8.336242
7,10.8,5.033621,8.758751
7,11.2,4.579715,9.113206
7,11.6,3.94728,9.37338
7,12.0,2.971914,9.489781
7,12.4,0.838975,9.300868
7,12.8,0.333487,8.992433
7,13.2,0.346088,8.717453
7,13.6,0.359746,8.444515
7,14.0,0.37455,8.173786
7,14.4,0.390659,7.905463
7,14.8,0.408266,7.639769
7,15.2,0.427605,7.376962
7,15.6,0.448966,7.117345
7,16.0,0.472715,6.861274
7,16.4,0.49932,6.609177
7,16.8,0.529394,6.361571
7,17.2,0.563762,6.119098
7,17.6,0.603569,5.88257
7,18.0,0.650467,5.653046
7,18.4,0.706957,5.431955
7,18.8,0.777054,5.221325
7,19.2,0.867683,5.024205
7,19.6,0.991799,4.845557
7,20.0,1.175399,4.69417
7,20.4,1.47016,4.586517
7,20.8,1.953414,4.551051
7,21.2,2.653445,4.621637
7,21.6,3.462598,4.815409
7,22.0,4.223827,5.123941
7,22.4,4.840649,5.52417
7,22.8,5.28212,5.989167
7,23.2,5.552589,6.493219
7,23.6,5.669454,7.013486
7,24.0,5.651633,7.530051
7,24.4,5.514031,8.025238
7,24.8,5.264286,8.482502
7,25.2,4.898896,8.884772
7,25.6,4.394262,9.211517
7,26.0,3.677604,9.431699
7,26.4,2.483966,9.477384
7,26.8,0.357629,9.179487
7,27.2,0.33753,8.901123
7,27.6,0.350494,8.626804
7,28.0,0.364516,8.354577
7,28.4,0.379733,8.084623
7,28.8,0.396315,7.817144
7,29.2,0.414468,7.552376
7,29.6,0.434441,7.29059
7,30.0,0.456549,7.032105
7,30.4,0.481185,6.777299
7,30.8,0.508863,6.526627
7,31.2,0.540255,6.280643
7,31.6,0.576278,6.04004
7,32.0,0.618218,5.8057
7,32.4,0.66796,5.578787
7,32.8,0.728409,5.360899
7,33.2,0.804334,5.154337
7,33.6,0.904177,4.962652
7,34.0,1.044158,4.791785
7,34.4,1.257209,4.652532
7,34.8,1.605696,4.565039
7,35.2,2.163826,4.561291
7,35.6,2.917651,4.672141
7,36.0,3.726449,4.905868
7,36.4,4.446731,5.24768
7,36.8,5.006559,5.672349
7,37.2,5.389925,6.153003
7,37.6,5.607348,6.664805
7,38.0,5.677619,7.185923
7,38.4,5.618765,7.697281
7,38.8,5.443613,8.181723
7,39.2,5.156664,8.622751
7,39.6,4.749225,9.002579
7,40.0,4.186619,9.298359
8,0.0,4.219057,6.32487
8,0.4,4.244628,6.683729
8,0.8,4.150998,7.026692
8,1.2,3.929269,7.332894
8,1.6,3.553232,7.577322
8,2.0,2.945615,7.722851
8,2.4,1.8205,7.688844
8,2.8,0.409587,7.382806
8,3.2,0.409779,7.111566
8,3.6,0.430962,6.845024
8,4.0,0.454561,6.58235
8,4.4,0.481027,6.324013
8,4.8,0.510969,6.070583
8,5.2,0.545199,5.822761
8,5.6,0.584832,5.581434
8,6.0,0.631456,5.347743
8,6.4,0.687432,5.12322
8,6.8,0.756462,4.909994
8,7.2,0.844716,4.711197
8,7.6,0.963221,4.531747
8,8.0,1.132823,4.379929
8,8.4,1.392448,4.270374
8,8.8,1.799506,4.227397
8,9.2,2.38387,4.281119
8,9.6,3.077425,4.450472
8,10.0,3.75183,4.731715
8,10.4,4.310675,5.104645
8,10.8,4.712817,5.542755
8,11.2,4.952864,6.019176
8,11.6,5.040827,6.50898
8,12.0,4.989703,6.989507
8,12.4,4.808282,7.439587
8,12.8,4.495147,7.837861
8,13.2,4.028283,8.159468
8,13.6,3.333222,8.367851
8,14.0,2.124399,8.383177
8,14.4,0.368826,8.069984
8,14.8,0.36511,7.79136
8,15.2,0.381753,7.516755
8,15.6,0.400019,7.245143
8,16.0,0.420167,6.976833
8,16.4,0.442524,6.712187
8,16.8,0.467501,6.451633
8,17.2,0.495632,6.19569
8,17.6,0.527616,5.944987
8,18.0,0.564404,5.700312
8,18.4,0.607321,5.462669
8,18.8,0.658295,5.233374
8,19.2,0.720266,5.014225
8,19.6,0.797983,4.80779
8,20.0,0.899642,4.617965
8,20.4,1.040366,4.45109
8,20.8,1.249005,4.31818
8,21.2,1.57554,4.238499
8,21.6,2.0734,4.240692
8,22.0,2.727549,4.351696
8,22.4,3.426994,4.579183
8,22.8,4.051505,4.90973
8,23.2,4.533745,5.318918
8,23.6,4.853559,5.779589
8,24.0,5.015342,6.265718
8,24.4,5.031742,6.75356
8,24.8,4.914364,7.221354
8,25.2,4.667702,7.648118
8,25.6,4.281915,8.011312
8,26.0,3.71554,8.281831
8,26.4,2.82899,8.408947
8,26.8,0.985968,8.245714
8,27.2,0.357634,7.928672
8,27.6,0.373304,7.652666
8,28.0,0.390737,7.379533
8,28.4,0.409915,7.109543
8,28.8,0.43113,6.84303
8,29.2,0.454749,6.580387
8,29.6,0.481239,6.322085
8,30.0,0.51121,6.068694
8,30.4,0.545476,5.820918
8,30.8,0.585155,5.579643
8,31.2,0.631839,5.346015
8,31.6,0.687898,5.121568
8,32.0,0.757045,4.908437
8,32.4,0.845477,4.709765
8,32.8,0.964272,4.530486
8,33.2,1.134379,4.378921
8,33.6,1.394889,4.269764
8,34.0,1.80326,4.227404
8,34.4,2.388838,4.281953
8,34.8,3.082735,4.452191
8,35.2,3.756556,4.734214
8,35.6,4.314314,5.107736
8,36.0,4.715225,5.546234
8,36.4,4.954079,6.022846
8,36.8,5.040947,6.512663
8,37.2,4.988817,6.993038
8,37.6,4.806426,7.44281
8,38.0,4.492252,7.840607
8,38.4,4.024052,8.16152
8,38.8,3.326685,8.368844
8,39.2,2.111159,8.382092
8,39.6,0.367751,8.067804
8,40.0,0.36523,7.78928
9,0.0,1.799633,4.044174
9,0.4,1.928293,4.067211
9,0.8,2.092784,4.117961
9,1.2,2.283581,4.200977
9,1.6,2.482979,4.317837
9,2.0,2.667381,4.4661
9,2.4,2.811635,4.639034
9,2.8,2.892468,4.825958
9,3.2,2.888784,5.012659
9,3.6,2.777786,5.181182
9,4.0,2.524296,5.307894
9,4.4,2.051627,5.356966
9,4.8,1.186911,5.263767
9,5.2,0.559433,5.041523
9,5.6,0.562611,4.833904
9,6.0,0.603492,4.634528
9,6.4,0.652255,4.443353
9,6.8,0.710462,4.261923
9,7.2,0.781507,4.092373
9,7.6,0.870796,3.937732
9,8.0,0.98727,3.802495
9,8.4,1.146024,3.693651
9,8.8,1.371288,3.622223
9,9.2,1.693393,3.604477
9,9.6,2.125892,3.659473
9,10.0,2.632507,3.800531
9,10.4,3.1352,4.027369
9,10.8,3.559833,4.326612
9,11.2,3.862065,4.677275
9,11.6,4.02406,5.055494
9,12.0,4.041864,5.436904
9,12.4,3.913594,5.796972
9,12.8,3.627798,6.109438
9,13.2,3.142837,6.341517
9,13.6,2.316066,6.438412
9,14.0,0.717828,6.271844
9,14.4,0.410317,6.022691
9,14.8,0.431032,5.794372
9,15.2,0.454725,5.570067
9,15.6,0.48121,5.350208
9,16.0,0.511041,5.135356
9,16.4,0.544945,4.926193
9,16.8,0.583893,4.723562
9,17.2,0.629223,4.528529
9,17.6,0.682841,4.342476
9,18.0,0.747568,4.167254
9,18.4,0.827776,4.005433
9,18.8,0.930556,3.860753
9,19.2,1.067828,3.738916
9,19.6,1.259452,3.648909
9,20.0,1.534328,3.60461
9,20.4,1.917979,3.624536
9,20.8,2.39923,3.725881
9,21.2,2.914137,3.914985
9,21.6,3.381433,4.183829
9,22.0,3.742431,4.514149
9,22.4,3.968739,4.882948
9,22.8,4.051723,5.265932
9,23.2,3.989918,5.638717
9,23.6,3.77785,5.976162
9,24.0,3.391474,6.24938
9,24.4,2.750411,6.416944
9,24.8,1.548047,6.390765
9,25.2,0.412545,6.127552
9,25.6,0.421151,5.896932
9,26.0,0.443715,5.670777
9,26.4,0.46888,5.448848
9,26.8,0.497122,5.23166
9,27.2,0.529084,5.019836
9,27.6,0.565616,4.81414
9,28.0,0.60787,4.615528
9,28.4,0.657463,4.425226
9,28.8,0.716748,4.244848
9,29.2,0.78929,4.0766
9,29.6,0.880759,3.923619
9,30.0,1.00056,3.790595
9,30.4,1.164565,3.684831
9,30.8,1.397937,3.617832
9,31.2,1.730789,3.606343
9,31.6,2.173038,3.669315
9,32.0,2.682999,3.818982
9,32.4,3.180946,4.053627
9,32.8,3.595097,4.358875
9,33.2,3.884134,4.713289
9,33.6,4.032143,5.09289
9,34.0,4.035861,5.473308
9,34.4,3.893025,5.829947
9,34.8,3.590443,6.136201
9,35.2,3.081358,6.358138
9,35.6,2.203192,6.436809
9,36.0,0.592203,6.242818
9,36.4,0.412012,6.000279
9,36.8,0.433229,5.772346
9,37.2,0.457174,5.548452
9,37.6,0.483958,5.329054
9,38.0,0.514151,5.114724
9,38.4,0.548498,4.906157
9,38.8,0.588001,4.704215
9,39.2,0.634044,4.509989
9,39.6,0.688601,4.324901
9,40.0,0.754611,4.150856
10,0.0,4.122916,6.753495
10,0.4,3.989618,7.074345
10,0.8,3.7401,7.351822
10,1.2,3.348898,7.56205
10,1.6,2.741335,7.668715
10,2.0,1.656085,7.592814
10,2.4,0.439859,7.273011
10,2.8,0.436554,6.991926
10,3.2,0.461119,6.716777
10,3.6,0.488834,6.446344
10,4.0,0.520317,6.181267
10,4.4,0.55648,5.922342
10,4.8,0.598586,5.670584
10,5.2,0.648453,5.427316
10,5.6,0.708806,5.194326
10,6.0,0.783955,4.974139
10,6.4,0.881122,4.770505
10,6.8,1.013097,4.589356
10,7.2,1.20312,4.440591
10,7.6,1.489987,4.340819
10,8.0,1.917174,4.314464
10,8.4,2.48335,4.386062
10,8.8,3.109072,4.565629
10,9.2,3.690355,4.844193
10,9.6,4.158352,5.201122
10,10.0,4.486129,5.611909
10,10.4,4.672299,6.052366
10,10.8,4.726169,6.500173
10,11.2,4.658588,6.93496
10,11.6,4.476379,7.337526
10,12.0,4.177328,7.68827
10,12.4,3.741208,7.964146
10,12.8,3.103036,8.131242
10,13.2,2.032339,8.118121
10,13.6,0.430839,7.802718
10,14.0,0.397382,7.512976
10,14.4,0.417507,7.230414
10,14.8,0.439903,6.951663
10,15.2,0.464941,6.677167
10,15.6,0.493156,6.40747
10,16.0,0.525256,6.143233
10,16.4,0.562194,5.885281
10,16.8,0.605299,5.634666
10,17.2,0.656492,5.392767
10,17.6,0.718678,5.161459
10,18.0,0.796484,4.943405
10,18.4,0.897733,4.742602
10,18.8,1.036373,4.565419
10,19.2,1.237679,4.422547
10,19.6,1.542578,4.331781
10,20.0,1.991921,4.318329
10,20.4,2.573183,4.405479
10,20.8,3.198467,4.600371
10,21.2,3.766441,4.891766
10,21.6,4.214928,5.258067
10,22.0,4.521822,5.674632
10,22.4,4.688073,6.117493
10,22.8,4.723662,6.564633
10,23.2,4.639152,6.995918
10,23.6,4.440392,7.392208
10,24.0,4.123294,7.733644
10,24.4,3.663579,7.996244
10,24.8,2.984389,8.14321
10,25.2,1.800628,8.09153
10,25.6,0.40021,7.758549
10,26.0,0.400159,7.471688
10,26.4,0.420615,7.189656
10,26.8,0.443367,6.911493
10,27.2,0.468829,6.637659
10,27.6,0.497561,6.368711
10,28.0,0.530297,6.105332
10,28.4,0.568038,5.848374
10,28.8,0.612181,5.59893
10,29.2,0.664761,5.358439
10,29.6,0.728875,5.128868
10,30.0,0.809499,4.913032
10,30.4,0.915116,4.71519
10,30.8,1.060943,4.542194
10,31.2,1.274413,4.405588
10,31.6,1.598318,4.324377
10,32.0,2.069614,4.324351
10,32.4,2.663962,4.427205
10,32.8,3.286569,4.637168
10,33.2,3.839932,4.940925
10,33.6,4.268474,5.316072
10,34.0,4.554531,5.737907
10,34.4,4.701086,6.182707
10,34.8,4.718626,6.628757
10,35.2,4.617318,7.056137
10,35.6,4.401937,7.445737
10,36.0,4.066323,7.777371
10,36.4,3.581564,8.025957
10,36.8,2.856428,8.151253
10,37.2,1.537262,8.055812
10,37.6,0.390795,7.715978
10,38.0,0.402996,7.430474
10,38.4,0.423771,7.148979
10,38.8,0.446887,6.871415
10,39.2,0.472787,6.598254
10,39.6,0.50205,6.330069
10,40.0,0.535444,6.067565
11,0.0,3.673612,6.826577
11,0.4,1.624842,6.888595
11,0.8,0.269661,6.685574
11,1.2,0.276733,6.525491
11,1.6,0.284473,6.366488
11,2.0,0.292633,6.208608
11,2.4,0.301249,6.051914
11,2.8,0.310359,5.896473
11,3.2,0.320004,5.742361
11,3.6,0.330234,5.589655
11,4.0,0.341101,5.438445
11,4.4,0.352666,5.288826
11,4.8,0.364997,5.140903
11,5.2,0.37817,4.994792
11,5.6,0.392275,4.850621
11,6.0,0.407411,4.70853
11,6.4,0.423695,4.568678
11,6.8,0.441261,4.43124
11,7.2,0.460266,4.296413
11,7.6,0.480892,4.16442
11,8.0,0.503357,4.035512
11,8.4,0.527918,3.909975
11,8.8,0.554885,3.78814
11,9.2,0.584634,3.670386
11,9.6,0.617625,3.557156
11,10.0,0.65443,3.448972
11,10.4,0.695768,3.34645
11,10.8,0.742552,3.250333
11,11.2,0.795961,3.161522
11,11.6,0.857531,3.081128
11,12.0,0.929279,3.010533
11,12.4,1.013834,2.951476
11,12.8,1.114536,2.906152
11,13.2,1.235319,2.877295
11,13.6,1.380025,2.868187
11,14.0,1.550657,2.882429
11,14.4,1.744456,2.923318
11,14.8,1.951032,2.992806
11,15.2,2.151983,3.090351
11,15.6,2.324013,3.212186
11,16.0,2.443428,3.351227
11,16.4,2.488702,3.497386
11,16.8,2.439288,3.637768
11,17.2,2.269735,3.756104
11,17.6,1.936352,3.83046
11,18.0,1.363337,3.828602
11,18.4,0.730096,3.732505
11,18.8,0.610942,3.615643
11,19.2,0.63558,3.504679
11,19.6,0.673703,3.399122
11,20.0,0.717443,3.299567
11,20.4,0.767222,3.206825
11,20.8,0.824319,3.121892
11,21.2,0.890477,3.045999
11,21.6,0.967987,2.980687
11,22.0,1.059815,2.927901
11,22.4,1.169623,2.890087
11,22.8,1.30144,2.87025
11,23.2,1.458528,2.871874
11,23.6,1.641018,2.898521
11,24.0,1.84276,2.952992
11,24.4,2.049346,3.036173
11,24.8,2.239473,3.14603
11,25.2,2.389149,3.277183
11,25.6,2.475606,3.421063
11,26.0,2.478195,3.566244
11,26.4,2.375111,3.698364
11,26.8,2.13447,3.798886
11,27.2,1.696541,3.841506
11,27.6,1.016603,3.791376
11,28.0,0.629112,3.675703
11,28.4,0.619244,3.561843
11,28.8,0.653072,3.453421
11,29.2,0.693958,3.350648
11,29.6,0.740461,3.254244
11,30.0,0.793558,3.165105
11,30.4,0.854746,3.084331
11,30.8,0.926016,3.01329
11,31.2,1.009969,2.953706
11,31.6,1.109914,2.907751
11,32.0,1.229767,2.878138
11,32.4,1.373402,2.868125
11,32.8,1.542953,2.881311
11,33.2,1.735925,2.921024
11,33.6,1.942284,2.989295
11,34.0,2.143924,3.08571
11,34.4,2.317662,3.206642
11,34.8,2.439747,3.345141
11,35.2,2.488556,3.491239
11,35.6,2.443582,3.632165
11,36.0,2.279781,3.751821
11,36.4,1.954639,3.828594
11,36.8,1.392929,3.830725
11,37.2,0.746044,3.737531
11,37.6,0.610886,3.620439
11,38.0,0.634127,3.50925
11,38.4,0.671979,3.403456
11,38.8,0.715484,3.303633
11,39.2,0.764986,3.210585
11,39.6,0.821743,3.1253
11,40.0,0.887477,3.048997
12,0.0,3.214318,7.355243
12,0.4,0.632362,7.26634
12,0.8,0.258079,7.081344
12,1.2,0.264744,6.917526
12,1.6,0.271771,6.754698
12,2.0,0.27916,6.59291
12,2.4,0.286937,6.432216
12,2.8,0.295135,6.272675
12,3.2,0.303786,6.114352
12,3.6,0.312929,5.957315
12,4.0,0.322606,5.80164
12,4.4,0.332862,5.647408
12,4.8,0.343751,5.494708
12,5.2,0.355332,5.343637
12,5.6,0.36767,5.194301
12,6.0,0.38084,5.046819
12,6.4,0.394927,4.901318
12,6.8,0.410028,4.757941
12,7.2,0.426254,4.616847
12,7.6,0.443733,4.478211
12,8.0,0.462611,4.34223
12,8.4,0.483061,4.209125
12,8.8,0.505282,4.079145
12,9.2,0.529511,3.952571
12,9.6,0.556027,3.829726
12,10.0,0.585162,3.710977
12,10.4,0.617316,3.596747
12,10.8,0.652972,3.487529
12,11.2,0.692715,3.383896
12,11.6,0.73726,3.286521
12,12.0,0.787481,3.196203
12,12.4,0.844439,3.113885
12,12.8,0.909407,3.040693
12,13.2,0.983859,2.977958
12,13.6,1.069383,2.927238
12,14.0,1.167447,2.8903
12,14.4,1.278899,2.869042
12,14.8,1.403158,2.865288
12,15.2,1.537197,2.880453
12,15.6,1.67475,2.915075
12,16.0,1.806297,2.96835
12,16.4,1.920067,3.037799
12,16.8,2.003621,3.119177
12,17.2,2.045207,3.206568
12,17.6,2.034257,3.292571
12,18.0,1.960926,3.368407
12,18.4,1.815217,3.423896
12,18.8,1.588249,3.447556
12,19.2,1.287716,3.42861
12,19.6,0.993274,3.366607
12,20.0,0.84129,3.282051
12,20.4,0.82176,3.195662
12,20.8,0.857142,3.114867
12,21.2,0.914563,3.042324
12,21.6,0.985727,2.979827
12,22.0,1.069399,2.929101
12,22.4,1.166127,2.891976
12,22.8,1.276429,2.870369
12,23.2,1.399624,2.866118
12,23.6,1.532709,2.880649
12,24.0,1.669516,2.914532
12,24.4,1.800656,2.967008
12,24.8,1.914465,3.035663
12,25.2,1.998567,3.116322
12,25.6,2.041223,3.203146
12,26.0,2.031864,3.288805
12,26.4,1.960671,3.364597
12,26.8,1.817717,3.420428
12,27.2,1.594151,3.444911
12,27.6,1.29683,3.427262
12,28.0,1.00189,3.366541
12,28.4,0.845397,3.282574
12,28.8,0.822972,3.196328
12,29.2,0.857266,3.115538
12,29.6,0.914249,3.042947
12,30.0,0.985172,2.980371
12,30.4,1.068663,2.929541
12,30.8,1.165226,2.892289
12,31.2,1.27537,2.870533
12,31.6,1.398423,2.866112
12,32.0,1.531407,2.88046
12,32.4,1.668188,2.914155
12,32.8,1.799402,2.966453
12,33.2,1.913405,3.034957
12,33.6,1.997821,3.11551
12,34.0,2.040905,3.202287
12,34.4,2.032078,3.287975
12,34.8,1.961519,3.363884
12,35.2,1.819308,3.419938
12,35.6,1.596559,3.444759
12,36.0,1.299813,3.427537
12,36.4,1.004242,3.367167
12,36.8,0.846189,3.28331
12,37.2,0.8229,3.197045
12,37.6,0.856877,3.116198
12,38.0,0.913708,3.043529
12,38.4,0.984517,2.980861
12,38.8,1.067897,2.929924
12,39.2,1.164342,2.892547
12,39.6,1.274368,2.87065
12,40.0,1.397318,2.866074
13,0.0,1.858339,6.451172
13,0.4,0.707318,6.259408
13,0.8,0.50641,6.031522
13,1.2,0.533125,5.817185
13,1.6,0.565793,5.607603
13,2.0,0.60326,5.403365
13,2.4,0.646814,5.205337
13,2.8,0.698368,5.014656
13,3.2,0.760845,4.832872
13,3.6,0.838979,4.662205
13,4.0,0.940967,4.506025
13,4.4,1.081934,4.369826
13,4.8,1.290606,4.263139
13,5.2,1.616316,4.202567
13,5.6,2.111536,4.212727
13,6.0,2.763104,4.317075
13,6.4,3.464968,4.523168
13,6.8,4.099757,4.820646
13,7.2,4.600055,5.189452
13,7.6,4.944779,5.606923
13,8.0,5.137789,6.051265
13,8.4,5.19207,6.502706
13,8.8,5.120843,6.943435
13,9.2,4.932454,7.356866
13,9.6,4.62585,7.726293
13,10.0,4.18241,8.032442
13,10.4,3.541822,8.247798
13,10.8,2.494082,8.317019
13,11.2,0.454628,8.089392
13,11.6,0.355174,7.843273
13,12.0,0.368829,7.605594
13,12.4,0.383614,7.370026
13,12.8,0.399658,7.136746
13,13.2,0.417138,6.905961
13,13.6,0.43627,6.677904
13,14.0,0.457318,6.452851
13,14.4,0.48061,6.23112
13,14.8,0.506563,6.013091
13,15.2,0.535713,5.799221
13,15.6,0.568769,5.590064
13,16.0,0.606695,5.386317
13,16.4,0.650843,5.188863
13,16.8,0.703192,4.998868
13,17.2,0.766778,4.817929
13,17.6,0.84655,4.648339
13,18.0,0.951121,4.4936
13,18.4,1.096459,4.359457
13,18.8,1.312846,4.255914
13,19.2,1.651238,4.200301
13,19.6,2.161716,4.217678
13,20.0,2.82253,4.330647
13,20.4,3.522737,4.545091
13,20.8,4.14795,4.849469
13,21.2,4.635385,5.223285
13,21.6,4.966882,5.643855
13,22.0,5.147575,6.089535
13,22.4,5.190738,6.540735
13,22.8,5.10935,6.979784
13,23.2,4.91115,7.390147
13,23.6,4.594009,7.755018
13,24.0,4.137115,8.054722
13,24.4,3.474068,8.260526
13,24.8,2.366935,8.312298
13,25.2,0.398835,8.065732
13,25.6,0.356284,7.823039
13,26.0,0.370038,7.585533
13,26.4,0.384924,7.350151
13,26.8,0.401082,7.117075
13,27.2,0.418693,6.886511
13,27.6,0.437977,6.658698
13,28.0,0.459201,6.433913
13,28.4,0.482701,6.212481
13,28.8,0.508902,5.994786
13,29.2,0.538353,5.781292
13,29.6,0.57178,5.572565
13,30.0,0.610175,5.369313
13,30.4,0.654931,5.172442
13,30.8,0.708095,4.983146
13,31.2,0.772825,4.803068
13,31.6,0.854296,4.634578
13,32.0,0.961561,4.481321
13,32.4,1.111482,4.349304
13,32.8,1.335958,4.249028
13,33.2,1.687445,4.198561
13,33.6,2.213043,4.223328
13,34.0,2.882235,4.344961
13,34.4,3.579929,4.567666
13,34.8,4.195126,4.878793
13,35.2,4.669579,5.257452
13,35.6,4.987895,5.680966
13,36.0,5.156371,6.127845
13,36.4,5.188514,6.578677
13,36.8,5.097023,7.015927
13,37.2,4.889,7.423102
13,37.6,4.561186,7.783279
13,38.0,4.090409,8.076342
13,38.4,3.403502,8.272208
13,38.8,2.229684,8.305228
13,39.2,0.371106,8.043678
13,39.6,0.357407,7.802818
13,40.0,0.371255,7.565486
14,0.0,2.125536,5.761563
14,0.4,0.833,5.654175
14,0.8,0.431922,5.48162
14,1.2,0.444236,5.326746
14,1.6,0.462074,5.174355
14,2.0,0.481427,5.024452
14,2.4,0.502462,4.877254
14,2.8,0.525418,4.733006
14,3.2,0.550583,4.591994
14,3.6,0.578311,4.454548
14,4.0,0.609038,4.321052
14,4.4,0.643317,4.191965
14,4.8,0.681848,4.067833
14,5.2,0.725543,3.949322
14,5.6,0.775607,3.837251
14,6.0,0.833658,3.732647
14,6.4,0.901909,3.636825
14,6.8,0.983405,3.551488
14,7.2,1.082315,3.478881
14,7.6,1.204124,3.421956
14,8.0,1.355322,3.384513
14,8.4,1.54176,3.371126
14,8.8,1.764964,3.386588
14,9.2,2.01757,3.434741
14,9.6,2.281743,3.517063
14,10.0,2.533279,3.631826
14,10.4,2.748606,3.774212
14,10.8,2.909741,3.937095
14,11.2,3.005338,4.111944
14,11.6,3.028995,4.28946
14,12.0,2.976372,4.459835
14,12.4,2.841685,4.612552
14,12.8,2.612785,4.735568
14,13.2,2.261886,4.813328
14,13.6,1.726233,4.82229
14,14.0,0.961467,4.73074
14,14.4,0.586265,4.58421
14,14.8,0.582016,4.446156
14,15.2,0.6112,4.312882
14,15.6,0.645597,4.184085
14,16.0,0.684409,4.060282
14,16.4,0.728461,3.942146
14,16.8,0.778969,3.830507
14,17.2,0.837584,3.726409
14,17.6,0.90656,3.631185
14,18.0,0.989005,3.546569
14,18.4,1.089167,3.474844
14,18.8,1.212611,3.419012
14,19.2,1.365855,3.382927
14,19.6,1.554608,3.371199
14,20.0,1.779969,3.388602
14,20.4,2.033914,3.43887
14,20.8,2.298035,3.523297
14,21.2,2.547964,3.63995
14,21.6,2.760371,3.783838
14,22.0,2.917693,3.947726
14,22.4,3.00896,4.123018
14,22.8,3.027989,4.300381
14,23.2,2.970462,4.469974
14,23.6,2.830364,4.621216
14,24.0,2.594917,4.741922
14,24.4,2.234848,4.816203
14,24.8,1.684512,4.819805
14,25.2,0.916109,4.721879
14,25.6,0.582204,4.575406
14,26.0,0.58355,4.437733
14,26.4,0.613219,4.304728
14,26.8,0.647879,4.176224
14,27.2,0.686988,4.052753
14,27.6,0.731403,3.934995
14,28.0,0.782362,3.823793
14,28.4,0.841549,3.720205
14,28.8,0.911263,3.625586
14,29.2,0.994674,3.5417
14,29.6,1.096109,3.470868
14,30.0,1.221215,3.416144
14,30.4,1.376527,3.381435
14,30.8,1.567601,3.371385
14,31.2,1.795089,3.390745
14,31.6,2.050299,3.443133
14,32.0,2.314272,3.529658
14,32.4,2.562501,3.64818
14,32.8,2.771919,3.793543
14,33.2,2.925386,3.958402
14,33.6,3.012301,4.134101
14,34.0,3.026688,4.311273
14,34.4,2.964235,4.480042
14,34.8,2.818679,4.629763
14,35.2,2.576578,4.748098
14,35.6,2.207092,4.818809
14,36.0,1.64168,4.816905
14,36.4,0.873135,4.712833
14,36.8,0.579109,4.566642
14,37.2,0.585145,4.429326
14,37.6,0.615254,4.29659
14,38.0,0.650178,4.168383
14,38.4,0.689588,4.045246
14,38.8,0.73437,3.92787
14,39.2,0.785787,3.817109
14,39.6,0.845554,3.714036
14,40.0,0.916018,3.620029
15,0.0,3.657254,6.438321
15,0.4,3.297988,6.634406
15,0.8,2.689834,6.747932
15,1.2,1.494149,6.702972
15,1.6,0.416332,6.468564
15,2.0,0.425666,6.262934
15,2.4,0.44499,6.060388
15,2.8,0.466224,5.860788
15,3.2,0.489674,5.664438
15,3.6,0.515741,5.471702
15,4.0,0.544934,5.283012
15,4.4,0.577927,5.098892
15,4.8,0.615619,4.919991
15,5.2,0.659262,4.747131
15,5.6,0.710656,4.581379
15,6.0,0.772516,4.424172
15,6.4,0.84915,4.277535
15,6.8,0.947828,4.14448
15,7.2,1.081515,4.02977
15,7.6,1.273934,3.941384
15,8.0,1.564962,3.8928
15,8.4,1.999892,3.904119
15,8.8,2.579113,3.996267
15,9.2,3.222593,4.179005
15,9.6,3.822952,4.446261
15,10.0,4.307466,4.781446
15,10.4,4.646446,5.163951
15,10.8,4.836847,5.572937
15,11.2,4.886783,5.988831
15,11.6,4.805638,6.393448
15,12.0,4.597518,6.769247
15,12.4,4.254243,7.097663
15,12.8,3.740381,7.3555
15,13.2,2.940202,7.504691
15,13.6,1.343077,7.444337
15,14.0,0.357949,7.192104
15,14.4,0.370437,6.979168
15,14.8,0.38493,6.768293
15,15.2,0.400615,6.559593
15,15.6,0.417652,6.353256
15,16.0,0.436233,6.149497
15,16.4,0.456593,5.948561
15,16.8,0.479021,5.750735
15,17.2,0.503876,5.556354
15,17.6,0.531617,5.365818
15,18.0,0.562836,5.179608
15,18.4,0.598322,4.998312
15,18.8,0.639153,4.82267
15,19.2,0.686855,4.653626
15,19.6,0.743677,4.492437
15,20.0,0.813109,4.340831
15,20.4,0.900876,4.201318
15,20.8,1.016961,4.077757
15,21.2,1.179554,3.976468
15,21.6,1.421099,3.908196
15,22.0,1.788194,3.890272
15,22.4,2.309032,3.944599
15,22.8,2.937714,4.087189
15,23.2,3.568891,4.318713
15,23.6,4.110488,4.626319
15,24.0,4.515276,4.990536
15,24.4,4.770672,5.39033
15,24.8,4.881391,5.805489
15,25.2,4.857184,6.21726
15,25.6,4.705223,6.607963
15,26.0,4.423858,6.95977
15,26.4,3.992683,7.252201
15,26.8,3.343863,7.455963
15,27.2,2.22734,7.510385
15,27.6,0.390706,7.288734
15,28.0,0.364388,7.072952
15,28.4,0.378391,6.861169
15,28.8,0.393531,6.651486
15,29.2,0.409949,6.444081
15,29.6,0.427822,6.239156
15,30.0,0.447364,6.03694
15,30.4,0.468839,5.837702
15,30.8,0.492573,5.641754
15,31.2,0.518975,5.449467
15,31.6,0.548574,5.26128
15,32.0,0.582062,5.077733
15,32.4,0.620376,4.899491
15,32.8,0.664817,4.7274
15,33.2,0.717271,4.562562
15,33.6,0.780591,4.406469
15,34.0,0.859346,4.261238
15,34.4,0.96129,4.130032
15,34.8,1.100335,4.0179
15,35.2,1.301881,3.933334
15,35.6,1.60762,3.890597
15,36.0,2.060897,3.910375
15,36.4,2.653029,4.012905
15,36.8,3.296699,4.206087
15,37.2,3.886367,4.482251
15,37.6,4.35475,4.824048
15,38.0,4.676219,5.210699
15,38.4,4.849717,5.621471
15,38.8,4.883921,6.036964
15,39.2,4.78791,6.439122
15,39.6,4.564773,6.810395
15,40.0,4.20421,7.131918
16,0.0,1.360191,8.334156
16,0.4,0.322505,8.069615
16,0.8,0.33272,7.851705
16,1.2,0.343994,7.635347
16,1.6,0.356058,7.420626
16,2.0,0.369001,7.207663
16,2.4,0.382926,6.996591
16,2.8,0.397956,6.78756
16,3.2,0.414234,6.58074
16,3.6,0.43193,6.376323
16,4.0,0.451251,6.174529
16,4.4,0.47245,5.975614
16,4.8,0.495837,5.779875
16,5.2,0.521805,5.587661
16,5.6,0.550853,5.39939
16,6.0,0.583636,5.21557
16,6.4,0.621032,5.036825
16,6.8,0.664254,4.863944
16,7.2,0.715039,4.697952
16,7.6,0.775988,4.54022
16,8.0,0.851189,4.392673
16,8.4,0.94744,4.258143
16,8.8,1.076636,4.141055
16,9.2,1.260035,4.048682
16,9.6,1.532714,3.993071
16,10.0,1.935308,3.992053
16,10.4,2.473163,4.064706
16,10.8,3.081304,4.221134
16,11.2,3.662663,4.457419
16,11.6,4.145561,4.759558
16,12.0,4.497484,5.1093
16,12.4,4.712597,5.487851
16,12.8,4.797574,5.877491
16,13.2,4.76215,6.261907
16,13.6,4.613295,6.625783
16,14.0,4.35042,6.95376
16,14.4,3.957912,7.228443
16,14.8,3.385015,7.425844
16,15.2,2.463568,7.500665
16,15.6,0.629438,7.329537
16,16.0,0.375846,7.103979
16,16.4,0.390146,6.89388
16,16.8,0.405768,6.68591
16,17.2,0.422717,6.480242
16,17.6,0.441182,6.277081
16,18.0,0.461389,6.076664
16,18.4,0.483617,5.879265
16,18.8,0.508213,5.685206
16,19.2,0.53562,5.494867
16,19.6,0.566405,5.308708
16,20.0,0.601322,5.127288
16,20.4,0.641394,4.951306
16,20.8,0.688063,4.781655
16,21.2,0.743432,4.619512
16,21.6,0.810725,4.466486
16,22.0,0.895152,4.324887
16,22.4,1.005606,4.198214
16,22.8,1.157918,4.092084
16,23.2,1.379831,4.015851
16,23.6,1.711958,3.984485
16,24.0,2.184468,4.017504
16,24.4,2.768548,4.130836
16,24.8,3.374996,4.327668
16,25.2,3.914469,4.598358
16,25.6,4.335205,4.926199
16,26.0,4.619751,5.292362
16,26.4,4.769892,5.678472
16,26.8,4.794705,6.067511
16,27.2,4.703167,6.443745
16,27.6,4.499193,6.792008
16,28.0,4.176163,7.09629
16,28.4,3.705414,7.336835
16,28.8,2.998331,7.482481
16,29.2,1.709977,7.45926
16,29.6,0.376267,7.21226
16,30.0,0.382644,7.000751
16,30.4,0.397647,6.791678
16,30.8,0.413898,6.584812
16,31.2,0.431564,6.380345
16,31.6,0.450852,6.178497
16,32.0,0.47201,5.979523
16,32.4,0.495351,5.783717
16,32.8,0.521263,5.591429
16,33.2,0.550244,5.403076
16,33.6,0.582945,5.219162
16,34.0,0.62024,5.04031
16,34.4,0.663331,4.867304
16,34.8,0.713946,4.701163
16,35.2,0.77466,4.543252
16,35.6,0.849525,4.39548
16,36.0,0.945266,4.260656
16,36.4,1.073643,4.143164
16,36.8,1.255677,4.050204
16,37.2,1.52617,3.993709
16,37.6,1.92593,3.991413
16,38.0,2.461518,4.062465
16,38.4,3.06922,4.217229
16,38.8,3.65194,4.452046
16,39.2,4.137219,4.753051
16,39.6,4.491853,5.102035
16,40.0,4.709633,5.480193
17,0.0,1.609248,8.177922
17,0.4,0.315777,7.91307
17,0.8,0.325518,7.697595
17,1.2,0.336554,7.483682
17,1.6,0.348359,7.271402
17,2.0,0.361019,7.060874
17,2.4,0.374634,6.85223
17,2.8,0.389318,6.645619
17,3.2,0.40521,6.441206
17,3.6,0.422472,6.239182
17,4.0,0.4413,6.039763
17,4.4,0.461931,5.843198
17,4.8,0.484656,5.649776
17,5.2,0.509841,5.459837
17,5.6,0.537949,5.273785
17,6.0,0.569578,5.092105
17,6.4,0.605524,4.915393
17,6.8,0.646874,4.744393
17,7.2,0.695159,4.580059
17,7.6,0.752629,4.423654
17,8.0,0.822751,4.276911
17,8.4,0.911154,4.142331
17,8.8,1.027482,4.023721
17,9.2,1.188846,3.927207
17,9.6,1.424572,3.862931
17,10.0,1.774694,3.846703
17,10.4,2.261698,3.897976
17,10.8,2.845321,4.030961
17,11.2,3.433549,4.246526
17,11.6,3.942624,4.533315
17,12.0,4.326763,4.873572
17,12.4,4.571684,5.247744
17,12.8,4.6798,5.63677
17,13.2,4.65892,6.022779
17,13.6,4.514864,6.388775
17,14.0,4.245264,6.717509
17,14.4,3.829747,6.989074
17,14.8,3.202024,7.174927
17,15.2,2.121998,7.216252
17,15.6,0.410924,6.999673
17,16.0,0.378995,6.789267
17,16.4,0.39401,6.583304
17,16.8,0.410299,6.379595
17,17.2,0.428014,6.178338
17,17.6,0.447362,5.979757
17,18.0,0.468595,5.784114
17,18.4,0.492025,5.591711
17,18.8,0.518043,5.402907
17,19.2,0.547149,5.218126
17,19.6,0.579994,5.037886
17,20.0,0.61745,4.862822
17,20.4,0.660717,4.693734
17,20.8,0.71151,4.531656
17,21.2,0.772381,4.377974
17,21.6,0.847322,4.234614
17,22.0,0.942927,4.1044
17,22.4,1.070654,3.991707
17,22.8,1.250837,3.903671
17,23.2,1.516978,3.852046
17,23.6,1.908471,3.854278
17,24.0,2.432456,3.929393
17,24.4,3.027947,4.088024
17,24.8,3.599378,4.326828
17,25.2,4.073618,4.63188
17,25.6,4.415951,4.984509
17,26.0,4.618649,5.365154
17,26.4,4.686738,5.755101
17,26.8,4.628086,6.136811
17,27.2,4.446724,6.493373
17,27.6,4.136228,6.807077
17,28.0,3.666918,7.056324
17,28.4,2.943872,7.207233
17,28.8,1.583501,7.178169
17,29.2,0.373544,6.934148
17,29.6,0.383419,6.726494
17,30.0,0.398816,6.521197
17,30.4,0.415519,6.318211
17,30.8,0.433706,6.117741
17,31.2,0.453598,5.920023
17,31.6,0.475462,5.725329
17,32.0,0.499632,5.533979
17,32.4,0.526529,5.346347
17,32.8,0.556693,5.162886
17,33.2,0.590833,4.984144
17,33.6,0.629908,4.810801
17,34.0,0.675249,4.643719
17,34.4,0.728781,4.484025
17,34.8,0.793413,4.333241
17,35.2,0.873766,4.19352
17,35.6,0.977602,4.068066
17,36.0,1.118563,3.961935
17,36.4,1.320678,3.883449
17,36.8,1.621153,3.846108
17,37.2,2.055036,3.868638
17,37.6,2.610067,3.968619
17,38.0,3.208143,4.152555
17,38.4,3.755953,4.413269
17,38.8,4.192259,4.734836
17,39.2,4.492178,5.09802
17,39.6,4.653183,5.483412
17,40.0,4.682016,5.872665
18,0.0,3.52113,6.170876
18,0.4,3.432744,6.383846
18,0.8,3.226854,6.566356
18,1.2,2.858938,6.694784
18,1.6,2.20625,6.728337
18,2.0,0.913573,6.573683
18,2.4,0.459526,6.325502
18,2.8,0.480714,6.101069
18,3.2,0.507491,5.880738
18,3.6,0.537672,5.664871
18,4.0,0.572013,5.454082
18,4.4,0.611567,5.24914
18,4.8,0.65782,5.051035
18,5.2,0.71296,4.861075
18,5.6,0.780379,4.681066
18,6.0,0.865639,4.513629
18,6.4,0.97847,4.362799
18,6.8,1.136809,4.235222
18,7.2,1.373517,4.142359
18,7.6,1.738434,4.103185
18,8.0,2.266597,4.142532
18,8.4,2.914698,4.279171
18,8.8,3.571349,4.514346
18,9.2,4.137932,4.83389
18,9.6,4.564659,5.216387
18,10.0,4.83918,5.638967
18,10.4,4.967636,6.07993
18,10.8,4.961747,6.519444
18,11.2,4.831294,6.939188
18,11.6,4.578783,7.321253
18,12.0,4.192363,7.646055
18,12.4,3.628045,7.887764
18,12.8,2.740261,8.00036
18,13.2,0.89163,7.850368
18,13.6,0.361342,7.579379
18,14.0,0.375748,7.339548
18,14.4,0.391637,7.102081
18,14.8,0.408955,6.867176
18,15.2,0.427915,6.635075
18,15.6,0.448778,6.406061
18,16.0,0.471871,6.180462
18,16.4,0.497601,5.958669
18,16.8,0.526498,5.741149
18,17.2,0.559255,5.528474
18,17.6,0.596811,5.321351
18,18.0,0.640472,5.120682
18,18.4,0.692138,4.927647
18,18.8,0.754691,4.743848
18,19.2,0.832761,4.571565
18,19.6,0.934268,4.414233
18,20.0,1.073581,4.277376
18,20.4,1.277409,4.170418
18,20.8,1.590598,4.109448
18,21.2,2.060502,4.118038
18,21.6,2.676781,4.218906
18,22.0,3.343859,4.420011
18,22.4,3.950743,4.711768
18,22.8,4.430157,5.074488
18,23.2,4.758757,5.48538
18,23.6,4.937942,5.922172
18,24.0,4.978523,6.364363
18,24.4,4.891626,6.793185
18,24.8,4.682961,7.190757
18,25.2,4.346957,7.538429
18,25.6,3.854617,7.813424
18,26.0,3.112976,7.979927
18,26.4,1.743308,7.951136
18,26.8,0.360623,7.665511
18,27.2,0.370405,7.424639
18,27.6,0.385828,7.186312
18,28.0,0.402615,6.950469
18,28.4,0.420963,6.71734
18,28.8,0.441116,6.487193
18,29.2,0.463373,6.260337
18,29.6,0.488111,6.03714
18,30.0,0.515812,5.81804
18,30.4,0.547102,5.603568
18,30.8,0.582823,5.394377
18,31.2,0.62413,5.191293
18,31.6,0.672679,4.995383
18,32.0,0.730939,4.808078
18,32.4,0.802796,4.631376
18,32.8,0.894743,4.468226
18,33.2,1.018338,4.323255
18,33.6,1.195051,4.204221
18,34.0,1.46317,4.124517
18,34.4,1.873918,4.105388
18,34.8,2.445392,4.171513
18,35.2,3.108256,4.337248
18,35.6,3.746989,4.598659
18,36.0,4.276334,4.938684
18,36.4,4.65933,5.335056
18,36.8,4.890693,5.76508
18,37.2,4.979203,6.20758
18,37.6,4.936633,6.64323
18,38.0,4.771204,7.053974
18,38.4,4.482226,7.421698
18,38.8,4.051334,7.725676
18,39.2,3.41732,7.936532
18,39.6,2.362952,7.995116
18,40.0,0.435909,7.756386
19,0.0,4.634323,8.198243
19,0.4,3.184465,8.387905
19,0.8,0.683686,8.2738
19,1.2,0.266064,8.081127
19,1.6,0.272317,7.911793
19,2.0,0.278895,7.743284
19,2.4,0.285787,7.575638
19,2.8,0.293015,7.408896
19,3.2,0.300604,7.243103
19,3.6,0.308583,7.078308
19,4.0,0.316981,6.914565
19,4.4,0.325832,6.751929
19,4.8,0.335174,6.590462
19,5.2,0.345049,6.430231
19,5.6,0.355504,6.271309
19,6.0,0.366591,6.113774
19,6.4,0.378371,5.957714
19,6.8,0.390909,5.803223
19,7.2,0.404283,5.650406
19,7.6,0.418581,5.49938
19,8.0,0.433902,5.350271
19,8.4,0.450364,5.203224
19,8.8,0.468101,5.058398
19,9.2,0.487272,4.915972
19,9.6,0.508064,4.776151
19,10.0,0.530701,4.639165
19,10.4,0.555448,4.505278
19,10.8,0.582633,4.374798
19,11.2,0.612655,4.248078
19,11.6,0.646011,4.125539
19,12.0,0.683328,4.007675
19,12.4,0.72541,3.895086
19,12.8,0.773303,3.788501
19,13.2,0.828384,3.68882
19,13.6,0.892498,3.597178
19,14.0,0.968126,3.51502
19,14.4,1.058585,3.444208
19,14.8,1.168163,3.387146
19,15.2,1.301936,3.34688
19,15.6,1.464761,3.32708
19,16.0,1.65889,3.331712
19,16.4,1.880553,3.364272
19,16.8,2.117694,3.426705
19,17.2,2.351447,3.518522
19,17.6,2.560954,3.63656
19,18.0,2.728225,3.77539
19,18.4,2.84043,3.927999
19,18.8,2.889541,4.08642
19,19.2,2.870411,4.242082
19,19.6,2.778085,4.38583
19,20.0,2.60427,4.507496
19,20.4,2.331638,4.594772
19,20.8,1.922994,4.630735
19,21.2,1.317953,4.590477
19,21.6,0.719962,4.46933
19,22.0,0.60361,4.337292
19,22.4,0.623184,4.211547
19,22.8,0.656681,4.090317
19,23.2,0.695204,3.973939
19,23.6,0.738861,3.863036
19,24.0,0.788706,3.758381
19,24.4,0.84623,3.660938
19,24.8,0.913443,3.571922
19,25.2,0.993052,3.49289
19,25.6,1.088653,3.425851
19,26.0,1.20481,3.373388
19,26.4,1.346692,3.338746
19,26.8,1.518704,3.325731
19,27.2,1.721687,3.338274
19,27.6,1.949534,3.379525
19,28.0,2.187834,3.450785
19,28.4,2.41656,3.550766
19,28.8,2.615283,3.675577
19,29.2,2.767429,3.819245
19,29.6,2.861712,3.974425
19,30.0,2.891196,4.132947
19,30.4,2.851095,4.286084
19,30.8,2.735898,4.424451
19,31.2,2.535401,4.537411
19,31.6,2.227868,4.611639
19,32.0,1.767491,4.628097
19,32.4,1.109266,4.560909
19,32.8,0.647925,4.429498
19,33.2,0.605843,4.299773
19,33.6,0.632414,4.17537
19,34.0,0.667534,4.055514
19,34.4,0.707489,3.940678
19,34.8,0.752839,3.831526
19,35.2,0.804771,3.728885
19,35.6,0.864912,3.633784
19,36.0,0.935458,3.54753
19,36.4,1.019359,3.471797
19,36.8,1.120499,3.408753
19,37.2,1.243691,3.361173
19,37.6,1.394083,3.332486
19,38.0,1.575381,3.326604
19,38.4,1.7867,3.347337
19,38.8,2.01946,3.397399
19,39.2,2.257144,3.477374
19,39.6,2.479042,3.585178
19,40.0,2.665535,3.716237
20,0.0,3.867561,6.696169
20,0.4,3.077229,6.939183
20,0.8,1.738699,6.946025
20,1.2,0.368184,6.6497
20,1.6,0.374206,6.398689
20,2.0,0.392986,6.151863
20,2.4,0.413732,5.908809
20,2.8,0.436767,5.669943
20,3.2,0.462504,5.435757
20,3.6,0.491469,5.206836
20,4.0,0.524339,4.983891
20,4.4,0.562011,4.767792
20,4.8,0.605695,4.559631
20,5.2,0.657075,4.360803
20,5.6,0.718567,4.17314
20,6.0,0.79376,3.999122
20,6.4,0.88817,3.842223
20,6.8,1.010453,3.707479
20,7.2,1.173976,3.602347
20,7.6,1.397116,3.537667
20,8.0,1.696977,3.527564
20,8.4,2.071652,3.586078
20,8.8,2.485041,3.720639
20,9.2,2.878836,3.927606
20,9.6,3.200192,4.193387
20,10.0,3.416049,4.498383
20,10.4,3.510853,4.820337
20,10.8,3.477931,5.135953
20,11.2,3.309894,5.420739
20,11.6,2.986291,5.646687
20,12.0,2.446105,5.775234
20,12.4,1.498873,5.734896
20,12.8,0.507978,5.48614
20,13.2,0.485734,5.253276
20,13.6,0.517258,5.029017
20,14.0,0.553853,4.811435
20,14.4,0.596187,4.601546
20,14.8,0.645824,4.400675
20,15.2,0.705,4.210549
20,15.6,0.777016,4.033493
20,16.0,0.866911,3.872741
20,16.4,0.982574,3.732947
20,16.8,1.136294,3.620991
20,17.2,1.345605,3.546964
20,17.6,1.628959,3.524454
20,18.0,1.9901,3.567998
20,18.4,2.399996,3.686903
20,18.8,2.802632,3.879878
20,19.2,3.142202,4.135075
20,19.6,3.381388,4.433801
20,20.0,3.501675,4.754155
20,20.4,3.495338,5.073007
20,20.8,3.355967,5.366213
20,21.2,3.067189,5.606831
20,21.6,2.58037,5.759497
20,22.0,1.743525,5.762711
20,22.4,0.580218,5.538077
20,22.8,0.480406,5.299973
20,23.2,0.51037,5.074421
20,23.6,0.545934,4.855399
20,24.0,0.586983,4.643838
20,24.4,0.634969,4.440995
20,24.8,0.691965,4.248503
20,25.2,0.761011,4.068543
20,25.6,0.846717,3.90413
20,26.0,0.956271,3.759571
20,26.4,1.100933,3.641212
20,26.8,1.297243,3.558415
20,27.2,1.564327,3.524131
20,27.6,1.910694,3.553115
20,28.0,2.314639,3.65631
20,28.4,2.723711,3.834782
20,28.8,3.079936,4.078597
20,29.2,3.341704,4.37013
20,29.6,3.487182,4.687913
20,30.0,3.507197,5.008993
20,30.4,3.395867,5.309505
20,30.8,3.140065,5.563359
20,31.2,2.700924,5.737732
20,31.6,1.958588,5.779189
20,32.0,0.735614,5.593718
20,32.4,0.476412,5.346973
20,32.8,0.503679,5.120096
20,33.2,0.538243,4.899676
20,33.6,0.578068,4.686495
20,34.0,0.624488,4.481748
20,34.4,0.67943,4.28698
20,34.8,0.745697,4.104241
20,35.2,0.827509,3.936345
20,35.6,0.931421,3.787284
20,36.0,1.067725,3.662911
20,36.4,1.251879,3.571892
20,36.8,1.503129,3.526473
20,37.2,1.833822,3.54138
20,37.6,2.229511,3.628912
20,38.0,2.642511,3.792451
20,38.4,3.01364,4.024133
20,38.8,3.297103,4.307563
20,39.2,3.467418,4.62181
20,39.6,3.51357,4.944123
20,40.0,3.429785,5.250861
21,0.0,2.823105,5.21418
21,0.4,2.564448,5.316271
21,0.8,2.128185,5.362236
21,1.2,1.371645,5.311232
21,1.6,0.597744,5.146315
21,2.0,0.546175,4.982548
21,2.4,0.573507,4.825022
21,2.8,0.606239,4.671815
21,3.2,0.643347,4.523432
21,3.6,0.68581,4.380565
21,4.0,0.735058,4.244095
21,4.4,0.793141,4.115166
21,4.8,0.863095,3.995314
21,5.2,0.949596,3.886677
21,5.6,1.060053,3.792348
21,6.0,1.206274,3.716943
21,6.4,1.405974,3.667387
21,6.8,1.680454,3.65345
21,7.2,2.041558,3.686633
21,7.6,2.471314,3.776212
21,8.0,2.919853,3.924756
21,8.4,3.330013,4.127065
21,8.8,3.660289,4.372435
21,9.2,3.889706,4.64751
21,9.6,4.01201,4.938241
21,10.0,4.028152,5.230796
21,10.4,3.940132,5.511662
21,10.8,3.745672,5.76708
21,11.2,3.431112,5.981595
21,11.6,2.954984,6.134582
21,12.0,2.190273,6.189858
21,12.4,0.802607,6.066014
21,12.8,0.431088,5.874591
21,13.2,0.446876,5.700584
21,13.6,0.46613,5.529167
21,14.0,0.487163,5.360483
21,14.4,0.51024,5.1948
21,14.8,0.535699,5.032427
21,15.2,0.563965,4.873727
21,15.6,0.595579,4.719136
21,16.0,0.631246,4.56918
21,16.4,0.671907,4.424508
21,16.8,0.718853,4.285933
21,17.2,0.773908,4.154508
21,17.6,0.83975,4.031627
21,18.0,0.920448,3.919212
21,18.4,1.022406,3.820008
21,18.8,1.155857,3.738079
21,19.2,1.336618,3.679542
21,19.6,1.58564,3.653284
21,20.0,1.919905,3.670559
21,20.4,2.332414,3.741886
21,20.8,2.781489,3.872248
21,21.2,3.209072,4.058731
21,21.6,3.567426,4.292021
21,22.0,3.829525,4.559328
21,22.4,3.985355,4.846677
21,22.8,4.034354,5.140123
21,23.2,3.978774,5.426083
21,23.6,3.818273,5.69098
21,24.0,3.543814,5.920125
21,24.4,3.125644,6.095112
21,24.8,2.475804,6.186691
21,25.2,1.299085,6.129413
21,25.6,0.435304,5.929767
21,26.0,0.441226,5.754602
21,26.4,0.459941,5.582378
21,26.8,0.480394,5.412815
21,27.2,0.5028,5.246165
21,27.6,0.527475,5.082722
21,28.0,0.554813,4.922833
21,28.4,0.585315,4.766908
21,28.8,0.619629,4.615443
21,29.2,0.658613,4.469043
21,29.6,0.703431,4.328465
21,30.0,0.755717,4.194678
21,30.4,0.817835,4.068954
21,30.8,0.893343,3.953024
21,31.2,0.987784,3.849336
21,31.6,1.110001,3.761472
21,32.0,1.273923,3.694821
21,32.4,1.499311,3.657361
21,32.8,1.806164,3.659793
21,33.2,2.197202,3.713371
21,33.6,2.640935,3.825253
21,34.0,3.081224,3.994979
21,34.4,3.465063,4.214927
21,34.8,3.758926,4.473097
21,35.2,3.948276,4.755703
21,35.6,4.03039,5.048721
21,36.0,4.007258,5.33846
21,36.4,3.879911,5.611422
21,36.8,3.642869,5.853447
21,37.2,3.274951,6.047732
21,37.6,2.714063,6.169773
21,38.0,1.757145,6.170366
21,38.4,0.484747,5.987145
21,38.8,0.43588,5.808864
21,39.2,0.453917,5.635848
21,39.6,0.473815,5.46543
21,40.0,0.49558,5.297841
22,0.0,4.426457,8.551117
22,0.4,3.497385,8.78905
22,0.8,1.892871,8.784966
22,1.2,0.314486,8.467175
22,1.6,0.324222,8.209837
22,2.0,0.336543,7.954538
22,2.4,0.349836,7.701316
22,2.8,0.364224,7.450342
22,3.2,0.379852,7.201811
22,3.6,0.396897,6.955943
22,4.0,0.415569,6.712992
22,4.4,0.436126,6.473254
22,4.8,0.458889,6.237072
22,5.2,0.48426,6.004855
22,5.6,0.512758,5.777091
22,6.0,0.545057,5.554374
22,6.4,0.582068,5.337439
22,6.8,0.625048,5.127219
22,7.2,0.675802,4.924924
22,7.6,0.737036,4.732189
22,8.0,0.81302,4.551307
22,8.4,0.910887,4.385675
22,8.8,1.043209,4.240633
22,9.2,1.23266,4.125028
22,9.6,1.516742,4.053605
22,10.0,1.937359,4.04802
22,10.4,2.494161,4.13045
22,10.8,3.111485,4.310817
22,11.2,3.687181,4.582006
22,11.6,4.151208,4.92569
22,12.0,4.474466,5.319324
22,12.4,4.653575,5.740175
22,12.8,4.696069,6.166897
22,13.2,4.610803,6.579628
22,13.6,4.401516,6.959139
22,14.0,4.059861,7.284961
22,14.4,3.550429,7.531284
22,14.8,2.757659,7.655184
22,15.2,1.198993,7.544053
22,15.6,0.377734,7.254802
22,16.0,0.393126,7.008261
22,16.4,0.411429,6.764664
22,16.8,0.431558,6.524211
22,17.2,0.453819,6.287238
22,17.6,0.478594,6.054135
22,18.0,0.506373,5.825374
22,18.4,0.537793,5.601522
22,18.8,0.573705,5.38328
22,19.2,0.615279,5.171534
22,19.6,0.664182,4.967425
22,20.0,0.722885,4.772481
22,20.4,0.795242,4.588826
22,20.8,0.887614,4.41957
22,21.2,1.0111,4.269535
22,21.6,1.185721,4.146638
22,22.0,1.445755,4.064161
22,22.4,1.834834,4.042469
22,22.8,2.366545,4.104666
22,23.2,2.97981,4.264165
22,23.6,3.57182,4.517222
22,24.0,4.06337,4.847243
22,24.4,4.417616,5.23214
22,24.8,4.627097,5.649024
22,25.2,4.697984,6.076204
22,25.6,4.639451,6.493542
22,26.0,4.456827,6.881791
22,26.4,4.145149,7.220981
22,26.8,3.677036,7.487009
22,27.2,2.963708,7.642546
22,27.6,1.653496,7.599655
22,28.0,0.379734,7.308164
22,28.4,0.389429,7.060711
22,28.8,0.407372,6.816479
22,29.2,0.427088,6.575329
22,29.6,0.448864,6.337581
22,30.0,0.473065,6.103614
22,30.4,0.500154,5.873881
22,30.8,0.530732,5.648926
22,31.2,0.565598,5.429418
22,31.6,0.605843,5.216197
22,32.0,0.653005,5.010343
22,32.4,0.709348,4.813286
22,32.8,0.778362,4.626999
22,33.2,0.865732,4.454333
22,33.6,0.981272,4.299658
22,34.0,1.14263,4.170067
22,34.4,1.380759,4.077478
22,34.8,1.739153,4.04079
22,35.2,2.242821,4.083397
22,35.6,2.847042,4.221834
22,36.0,3.451701,4.455972
22,36.4,3.969152,4.771304
22,36.8,4.354104,5.146413
22,37.2,4.594277,5.558336
22,37.6,4.694,5.985056
22,38.0,4.662463,6.406128
22,38.4,4.506314,6.802214
22,38.8,4.223471,7.153698
22,39.2,3.793081,7.437816
22,39.6,3.146273,7.621501
22,40.0,2.0296,7.634922
23,0.0,3.336392,7.89908
23,0.4,1.126775,7.840746
23,0.8,0.285688,7.58439
23,1.2,0.294784,7.374144
23,1.6,0.304575,7.165408
23,2.0,0.315017,6.958277
23,2.4,0.326176,6.75286
23,2.8,0.338129,6.549279
23,3.2,0.350964,6.34767
23,3.6,0.364783,6.148184
23,4.0,0.379705,5.95099
23,4.4,0.395868,5.756279
23,4.8,0.413437,5.564265
23,5.2,0.432608,5.375196
23,5.6,0.453616,5.189353
23,6.0,0.476747,5.007061
23,6.4,0.502353,4.828701
23,6.8,0.530874,4.654718
23,7.2,0.562864,4.485645
23,7.6,0.599043,4.322123
23,8.0,0.640352,4.164937
23,8.4,0.688065,4.015067
23,8.8,0.743939,3.87376
23,9.2,0.81047,3.742642
23,9.6,0.891302,3.623896
23,10.0,0.991859,3.520525
23,10.4,1.120188,3.43676
23,10.8,1.28758,3.378568
23,11.2,1.507203,3.353981
23,11.6,1.787469,3.372453
23,12.0,2.120134,3.442321
23,12.4,2.474119,3.567122
23,12.8,2.805558,3.743427
23,13.2,3.074784,3.961527
23,13.6,3.255248,4.207595
23,14.0,3.332487,4.465639
23,14.4,3.298343,4.718501
23,14.8,3.143531,4.947703
23,15.2,2.847003,5.131708
23,15.6,2.352018,5.24074
23,16.0,1.49626,5.22136
23,16.4,0.548458,5.037645
23,16.8,0.499332,4.855602
23,17.2,0.526347,4.680881
23,17.6,0.557749,4.511022
23,18.0,0.593235,4.346609
23,18.4,0.633692,4.188401
23,18.8,0.680332,4.037346
23,19.2,0.734825,3.894642
23,19.6,0.799534,3.761851
23,20.0,0.877895,3.641053
23,20.4,0.975008,3.535106
23,20.8,1.098466,3.448023
23,21.2,1.259071,3.385474
23,21.6,1.469966,3.355183
23,22.0,1.740988,3.366498
23,22.4,2.067155,3.428163
23,22.8,2.420615,3.544651
23,23.2,2.758307,3.713615
23,23.6,3.039059,3.926173
23,24.0,3.234202,4.168982
23,24.4,3.327746,4.426285
23,24.8,3.311019,4.681084
23,25.2,3.175462,4.915164
23,25.6,2.902812,5.107661
23,26.0,2.444561,5.23066
23,26.4,1.660985,5.235995
23,26.8,0.608657,5.067697
23,27.2,0.49626,4.882599
23,27.6,0.521894,4.707155
23,28.0,0.552727,4.536525
23,28.4,0.587542,4.371238
23,28.8,0.627174,4.212031
23,29.2,0.672779,4.059818
23,29.6,0.725946,3.915753
23,30.0,0.788912,3.781335
23,30.4,0.864917,3.658551
23,30.8,0.95876,3.550121
23,31.2,1.077597,3.45985
23,31.6,1.23173,3.393124
23,32.0,1.434149,3.357348
23,32.4,1.695832,3.361716
23,32.8,2.01484,3.415286
23,33.2,2.36674,3.523407
23,33.6,2.709712,3.68482
23,34.0,3.001327,3.891524
23,34.4,3.210791,4.130706
23,34.8,3.320453,4.386876
23,35.2,3.320963,4.643193
23,35.6,3.204271,4.881674
23,36.0,2.954472,5.082038
23,36.4,2.530006,5.217955
23,36.8,1.811806,5.24587
23,37.2,0.708527,5.098954
23,37.6,0.494115,4.90973
23,38.0,0.51753,4.733539
23,38.4,0.547796,4.562151
23,38.8,0.58196,4.396008
23,39.2,0.620793,4.235822
23,39.6,0.6654,4.082477
23,40.0,0.717291,3.937087
24,0.0,2.975963,5.979167
24,0.4,1.607593,6.002264
24,0.8,0.364611,5.792136
24,1.2,0.367504,5.613747
24,1.6,0.382126,5.438139
24,2.0,0.397922,5.264928
24,2.4,0.415024,5.094309
24,2.8,0.4336,4.926506
24,3.2,0.45385,4.761772
24,3.6,0.476012,4.600398
24,4.0,0.500375,4.442715
24,4.4,0.527288,4.28911
24,4.8,0.557182,4.140034
24,5.2,0.590595,3.996018
24,5.6,0.628205,3.857698
24,6.0,0.670885,3.725838
24,6.4,0.719771,3.601377
24,6.8,0.776368,3.485476
24,7.2,0.842697,3.379605
24,7.6,0.921492,3.285641
24,8.0,1.016422,3.206016
24,8.4,1.132236,3.143883
24,8.8,1.274469,3.103242
24,9.2,1.448025,3.088865
24,9.6,1.653931,3.105739
24,10.0,1.884999,3.157819
24,10.4,2.123689,3.246407
24,10.8,2.345175,3.368971
24,11.2,2.523816,3.519006
24,11.6,2.638217,3.686714
24,12.0,2.67227,3.859858
24,12.4,2.612561,4.024213
24,12.8,2.442766,4.163172
24,13.2,2.133444,4.255849
24,13.6,1.625031,4.272556
24,14.0,0.918191,4.179612
24,14.4,0.614611,4.031827
24,14.8,0.620858,3.891498
24,15.2,0.660009,3.757933
24,15.6,0.707015,3.631536
24,16.0,0.761501,3.513387
24,16.4,0.825184,3.404867
24,16.8,0.900579,3.307744
24,17.2,0.9911,3.224295
24,17.6,1.101228,3.157479
24,18.0,1.236378,3.111079
24,18.4,1.401836,3.089707
24,18.8,1.599991,3.098383
24,19.2,1.826054,3.141469
24,19.6,2.064985,3.221066
24,20.0,2.293218,3.335652
24,20.4,2.484712,3.479667
24,20.8,2.616755,3.644046
24,21.2,2.672048,3.817092
24,21.6,2.636908,3.985069
24,22.0,2.496451,4.132066
24,22.4,2.225854,4.23856
24,22.8,1.774399,4.277606
24,23.2,1.090323,4.21271
24,23.6,0.637239,4.067996
24,24.0,0.613458,3.925692
24,24.4,0.649417,3.790469
24,24.8,0.694689,3.662203
24,25.2,0.747192,3.541889
24,25.6,0.808387,3.43083
24,26.0,0.880593,3.330686
24,26.4,0.966982,3.243594
24,26.8,1.071764,3.172329
24,27.2,1.20017,3.120458
24,27.6,1.357699,3.092404
24,28.0,1.547826,3.093161
24,28.4,1.767948,3.127389
24,28.8,2.005635,3.197904
24,29.2,2.238977,3.304167
24,29.6,2.441913,3.441598
24,30.0,2.590541,3.601923
24,30.4,2.666252,3.774023
24,30.8,2.654803,3.944649
24,31.2,2.54223,4.098496
24,31.6,2.307328,4.21718
24,32.0,1.907643,4.276125
24,32.4,1.274982,4.239952
24,32.8,0.686936,4.10487
24,33.2,0.608292,3.960295
24,33.6,0.639308,3.823432
24,34.0,0.682801,3.69336
24,34.4,0.733416,3.570961
24,34.8,0.792265,3.457464
24,35.2,0.861476,3.354431
24,35.6,0.943993,3.263867
24,36.0,1.043754,3.18837
24,36.4,1.165766,3.131302
24,36.8,1.315602,3.09688
24,37.2,1.497561,3.090011
24,37.6,1.710975,3.115563
24,38.0,1.946037,3.176967
24,38.4,2.182848,3.274621
24,38.8,2.395736,3.404954
24,39.2,2.559807,3.560535
24,39.6,2.655077,3.730873
24,40.0,2.666492,3.903206
25,0.0,1.682372,9.550721
25,0.4,0.306373,9.133333
25,0.8,0.319141,8.802758
25,1.2,0.333666,8.475002
25,1.6,0.349578,8.150282
25,2.0,0.367089,7.828902
25,2.4,0.386464,7.51122
25,2.8,0.40803,7.197654
25,3.2,0.432203,6.888702
25,3.6,0.459517,6.584965
25,4.0,0.490674,6.287177
25,4.4,0.526619,5.996255
25,4.8,0.56867,5.713365
25,5.2,0.618721,5.440037
25,5.6,0.67963,5.178346
25,6.0,0.755932,4.931231
25,6.4,0.855278,4.70309
25,6.8,0.991344,4.50092
25,7.2,1.189224,4.336508
25,7.6,1.490785,4.229753
25,8.0,1.940399,4.20958
25,8.4,2.528,4.303469
25,8.8,3.160868,4.51996
25,9.2,3.730175,4.845376
25,9.6,4.169501,5.253488
25,10.0,4.455445,5.714362
25,10.4,4.588581,6.198732
25,10.8,4.577979,6.679344
25,11.2,4.431491,7.130544
25,11.6,4.148293,7.526551
25,12.0,3.707787,7.837704
25,12.4,3.037632,8.020916
25,12.8,1.862223,7.983398
25,13.2,0.400809,7.619485
25,13.6,0.400515,7.302802
25,14.0,0.423739,6.992232
25,14.4,0.449926,6.686664
25,14.8,0.479696,6.38678
25,15.2,0.513903,6.093429
25,15.6,0.55372,5.807683
25,16.0,0.600815,5.530934
25,16.4,0.657663,5.265046
25,16.8,0.728122,5.012619
25,17.2,0.818561,4.777467
25,17.6,0.940164,4.56553
25,18.0,1.113421,4.386652
25,18.4,1.374454,4.257625
25,18.8,1.771127,4.204759
25,19.2,2.319143,4.258052
25,19.6,2.94996,4.433812
25,20.0,3.550651,4.725065
25,20.4,4.038151,5.108607
25,20.8,4.376508,5.555059
25,21.2,4.560286,6.034662
25,21.6,4.597012,6.519463
25,22.0,4.495802,6.983393
25,22.4,4.259642,7.401
25,22.8,3.876491,7.744565
25,23.2,3.298143,7.977361
25,23.6,2.355324,8.031791
25,24.0,0.58268,7.741066
25,24.4,0.393426,7.408463
25,24.8,0.415607,7.096328
25,25.2,0.440739,6.789006
25,25.6,0.469219,6.487121
25,26.0,0.501819,6.191462
25,26.4,0.539589,5.903017
25,26.8,0.584005,5.623057
25,27.2,0.637222,5.353263
25,27.6,0.702542,5.095949
25,28.0,0.785307,4.854446
25,28.4,0.89471,4.633833
25,28.8,1.047432,4.442365
25,29.2,1.273742,4.294089
25,29.6,1.619895,4.212112
25,30.0,2.120093,4.226753
25,30.4,2.735292,4.360907
25,30.8,3.357856,4.615275
25,31.2,3.889623,4.970866
25,31.6,4.279928,5.399502
25,32.0,4.515294,5.871166
25,32.4,4.600442,6.357207
25,32.8,4.544914,6.831002
25,33.2,4.35457,7.267113
25,33.6,4.023803,7.639059
25,34.0,3.520757,7.91438
25,34.4,2.737056,8.040648
25,34.8,1.227849,7.8851
25,35.2,0.388255,7.51474
25,35.6,0.40779,7.200969
25,36.0,0.431931,6.891964
25,36.4,0.459208,6.588168
25,36.8,0.490319,6.290313
25,37.2,0.526207,5.999312
25,37.6,0.568184,5.716329
25,38.0,0.618137,5.442889
25,38.4,0.678911,5.181061
25,38.8,0.755016,4.933771
25,39.2,0.854059,4.705398
25,39.6,0.989629,4.5029
25,40.0,1.18666,4.337998
26,0.0,1.091215,9.751355
26,0.4,0.210379,9.546494
26,0.8,0.214317,9.381147
26,1.2,0.218401,9.216288
26,1.6,0.222637,9.051933
26,2.0,0.227035,8.888102
26,2.4,0.231603,8.724816
26,2.8,0.236351,8.562096
26,3.2,0.241291,8.399964
26,3.6,0.246434,8.238446
26,4.0,0.251793,8.077566
26,4.4,0.25738,7.917352
26,4.8,0.263212,7.757832
26,5.2,0.269304,7.599039
26,5.6,0.275673,7.441005
26,6.0,0.28234,7.283765
26,6.4,0.289324,7.127357
26,6.8,0.29665,6.971822
26,7.2,0.304343,6.817204
26,7.6,0.312431,6.663549
26,8.0,0.320945,6.510908
26,8.4,0.329919,6.359336
26,8.8,0.339392,6.208893
26,9.2,0.349406,6.059643
26,9.6,0.36001,5.911655
26,10.0,0.371258,5.765007
26,10.4,0.383211,5.619783
26,10.8,0.395938,5.476074
26,11.2,0.409517,5.333982
26,11.6,0.42404,5.193619
26,12.0,0.43961,5.055109
26,12.4,0.456349,4.918592
26,12.8,0.474398,4.784223
26,13.2,0.493924,4.652178
26,13.6,0.515124,4.522654
26,14.0,0.538236,4.39588
26,14.4,0.563549,4.272117
26,14.8,0.591417,4.151667
26,15.2,0.622281,4.034886
26,15.6,0.656702,3.922195
26,16.0,0.695404,3.8141
26,16.4,0.739338,3.711221
26,16.8,0.789795,3.614327
26,17.2,0.848556,3.524399
26,17.6,0.918159,3.442713
26,18.0,1.002298,3.370978
26,18.4,1.10642,3.31154
26,18.8,1.238449,3.267679
26,19.2,1.409087,3.243942
26,19.6,1.630032,3.24631
26,20.0,1.907613,3.281621
26,20.4,2.232963,3.355796
26,20.8,2.57795,3.471433
26,21.2,2.903961,3.626416
26,21.6,3.175786,3.814298
26,22.0,3.369251,4.025684
26,22.4,3.470898,4.249569
26,22.8,3.473618,4.474136
26,23.2,3.371002,4.686859
26,23.6,3.150141,4.87378
26,24.0,2.778138,5.017278
26,24.4,2.162833,5.089582
26,24.8,1.057488,5.034385
26,25.2,0.471309,4.88623
26,25.6,0.479075,4.752069
26,26.0,0.498891,4.620612
26,26.4,0.520529,4.491732
26,26.8,0.544144,4.36566
26,27.2,0.57004,4.242669
26,27.6,0.598588,4.123071
26,28.0,0.630256,4.007238
26,28.4,0.665638,3.895608
26,28.8,0.705507,3.788713
26,29.2,0.750886,3.687204
26,29.6,0.803164,3.591896
26,30.0,0.864279,3.50383
26,30.4,0.937004,3.424374
26,30.8,1.025395,3.355368
26,31.2,1.135432,3.299355
26,31.6,1.275724,3.259889
26,32.0,1.457512,3.241868
26,32.4,1.691987,3.251572
26,32.8,1.982691,3.295827
26,33.2,2.316001,3.379961
26,33.6,2.660021,3.505491
26,34.0,2.975793,3.66916
26,34.4,3.230425,3.863668
26,34.8,3.402589,4.079125
26,35.2,3.480835,4.304282
26,35.6,3.458773,4.527167
26,36.0,3.32919,4.735014
26,36.4,3.076034,4.913272
26,36.8,2.657561,5.042746
26,37.2,1.953083,5.090999
26,37.6,0.760358,4.997444
26,38.0,0.468252,4.853422
26,38.4,0.48368,4.720049
26,38.8,0.503957,4.589196
26,39.2,0.526049,4.460973
26,39.6,0.550186,4.33562
26,40.0,0.576685,4.213419
27,0.0,2.946633,6.944242
27,0.4,0.454139,6.818604
27,0.8,0.279968,6.628823
27,1.2,0.288639,6.450315
27,1.6,0.297846,6.273212
27,2.0,0.307628,6.0976
27,2.4,0.318036,5.923575
27,2.8,0.329133,5.751241
27,3.2,0.340987,5.580714
27,3.6,0.353677,5.412121
27,4.0,0.367293,5.245602
27,4.4,0.381937,5.081315
27,4.8,0.397729,4.919434
27,5.2,0.414807,4.760155
27,5.6,0.433333,4.603697
27,6.0,0.453495,4.450309
27,6.4,0.475519,4.300274
27,6.8,0.499674,4.153916
27,7.2,0.526281,4.011606
27,7.6,0.555735,3.873778
27,8.0,0.588517,3.740936
27,8.4,0.625226,3.613675
27,8.8,0.666617,3.492704
27,9.2,0.713644,3.378877
27,9.6,0.767536,3.273233
27,10.0,0.829884,3.177051
27,10.4,0.902744,3.091919
27,10.8,0.988745,3.019825
27,11.2,1.091094,2.963243
27,11.6,1.213317,2.925193
27,12.0,1.358335,2.909159
27,12.4,1.526555,2.918735
27,12.8,1.713161,2.956839
27,13.2,1.906133,3.024602
27,13.6,2.086921,3.120323
27,14.0,2.233891,3.23896
27,14.4,2.326151,3.372234
27,14.8,2.345233,3.509028
27,15.2,2.273586,3.635579
27,15.6,2.089687,3.73494
27,16.0,1.76001,3.785209
27,16.4,1.251929,3.758758
27,16.8,0.775995,3.65323
27,17.2,0.673419,3.53068
27,17.6,0.700878,3.414569
27,18.0,0.749993,3.306222
27,18.4,0.808975,3.206862
27,18.8,0.878083,3.117989
27,19.2,0.959495,3.041461
27,19.6,1.056188,2.979589
27,20.0,1.171631,2.935216
27,20.4,1.309091,2.911702
27,20.8,1.470057,2.912666
27,21.2,1.651687,2.941357
27,21.6,1.844363,2.999607
27,22.0,2.031362,3.086715
27,22.4,2.191583,3.19873
27,22.8,2.303575,3.328373
27,23.2,2.348094,3.465402
27,23.6,2.30766,3.596917
27,24.0,2.162785,3.707122
27,24.4,1.884681,3.775982
27,24.8,1.432986,3.777174
27,25.2,0.890036,3.692181
27,25.6,0.679893,3.569511
27,26.0,0.688138,3.451107
27,26.4,0.733017,3.340145
27,26.8,0.788979,3.237745
27,27.2,0.854644,3.145317
27,27.6,0.931807,3.064591
27,28.0,1.023224,2.997723
27,28.4,1.13225,2.947379
27,28.8,1.262338,2.916767
27,29.2,1.41579,2.90947
27,29.6,1.591464,2.928954
27,30.0,1.782099,2.977633
27,30.4,1.973096,3.05573
27,30.8,2.144327,3.160375
27,31.2,2.274053,3.285334
27,31.6,2.342215,3.42127
27,32.0,2.331013,3.556127
27,32.4,2.22223,3.675123
27,32.8,1.991044,3.759819
27,33.2,1.598811,3.785978
27,33.6,1.049221,3.72758
27,34.0,0.706157,3.608998
27,34.4,0.678253,3.488411
27,34.8,0.717085,3.374951
27,35.2,0.76997,3.269657
27,35.6,0.832386,3.173851
27,36.0,0.905587,3.08915
27,36.4,0.992078,3.017561
27,36.8,1.095054,2.961579
27,37.2,1.218027,2.924243
27,37.6,1.363869,2.909051
27,38.0,1.532848,2.919587
27,38.4,1.719918,2.958726
27,38.8,1.912798,3.027517
27,39.2,2.092763,3.124145
27,39.6,2.238145,3.24345
27,40.0,2.32813,3.377046
28,0.0,2.067903,5.989414
28,0.4,2.011672,5.956668
28,0.8,1.943501,5.914556
28,1.2,1.862147,5.861274
28,1.6,1.767287,5.794976
28,2.0,1.660964,5.714104
28,2.4,1.550174,5.61808
28,2.8,1.449865,5.508431
28,3.2,1.38281,5.389911
28,3.6,1.373143,5.270653
28,4.0,1.440529,5.161394
28,4.4,1.604908,5.075466
28,4.8,1.892383,5.029831
28,5.2,2.319184,5.043856
28,5.6,2.85623,5.132675
28,6.0,3.427582,5.300159
28,6.4,3.954527,5.538965
28,6.8,4.387522,5.835313
28,7.2,4.707036,6.17331
28,7.6,4.912402,6.537375
28,8.0,5.011747,6.91324
28,8.4,5.01562,7.288152
28,8.8,4.933405,7.65064
28,9.2,4.771149,7.990021
28,9.6,4.529605,8.295665
28,10.0,4.201001,8.555822
28,10.4,3.761217,8.755388
28,10.8,3.145344,8.870386
28,11.2,2.139781,8.848284
28,11.6,0.462763,8.577987
28,12.0,0.392533,8.322002
28,12.4,0.408061,8.073443
28,12.8,0.425001,7.827194
28,13.2,0.443484,7.583463
28,13.6,0.463751,7.342492
28,14.0,0.486099,7.104567
28,14.4,0.510904,6.870024
28,14.8,0.538645,6.639265
28,15.2,0.569954,6.412779
28,15.6,0.60568,6.191173
28,16.0,0.647001,5.975214
28,16.4,0.695616,5.765905
28,16.8,0.754085,5.564601
28,17.2,0.826476,5.37322
28,17.6,0.919663,5.194626
28,18.0,1.04597,5.033386
28,18.4,1.228297,4.897237
28,18.8,1.50674,4.799523
28,19.2,1.931839,4.760836
28,19.6,2.515472,4.803604
28,20.0,3.184661,4.939226
28,20.4,3.829862,5.162825
28,20.8,4.374441,5.459162
28,21.2,4.787253,5.809554
28,21.6,5.066247,6.195664
28,22.0,5.222578,6.600993
28,22.4,5.271155,7.011184
28,22.8,5.225875,7.41378
28,23.2,5.09732,7.797724
28,23.6,4.891364,8.152702
28,24.0,4.607508,8.468266
28,24.4,4.235319,8.732477
28,24.8,3.744833,8.929245
28,25.2,3.0543,9.03134
28,25.6,1.871866,8.972795
28,26.0,0.390824,8.676691
28,26.4,0.386465,8.424026
28,26.8,0.401546,8.174584
28,27.2,0.417915,7.92737
28,27.6,0.435743,7.682584
28,28.0,0.45525,7.440455
28,28.4,0.476708,7.20125
28,28.8,0.500459,6.965283
28,29.2,0.526936,6.732927
28,29.6,0.556701,6.504632
28,30.0,0.590504,6.280952
28,30.4,0.629372,6.062584
28,30.8,0.674761,5.850421
28,31.2,0.728824,5.645658
28,31.6,0.794905,5.449948
28,32.0,0.878511,5.265705
28,32.4,0.98929,5.096674
28,32.8,1.145019,4.949059
28,33.2,1.378196,4.833581
28,33.6,1.738184,4.767952
28,34.0,2.261084,4.775204
28,34.4,2.908561,4.872668
28,34.8,3.575567,5.061812
28,35.2,4.167271,5.330652
28,35.6,4.635313,5.661277
28,36.0,4.968025,6.034926
28,36.4,5.172668,6.434268
28,36.8,5.263402,6.844078
28,37.2,5.254914,7.251174
28,37.6,5.159329,7.643999
28,38.0,4.984601,8.012026
28,38.4,4.733104,8.344989
28,38.8,4.399122,8.631773
28,39.2,3.962584,8.85846
28,39.6,3.37005,9.003799
28,40.0,2.456674,9.024387
29,0.0,4.305168,9.376965
29,0.4,2.201818,9.456804
29,0.8,0.239871,9.192916
29,1.2,0.245325,8.993618
29,1.6,0.251362,8.795159
29,2.0,0.257694,8.597561
29,2.4,0.264342,8.400868
29,2.8,0.271332,8.205126
29,3.2,0.278691,8.010384
29,3.6,0.286447,7.816698
29,4.0,0.294634,7.624126
29,4.4,0.303289,7.432731
29,4.8,0.312454,7.242582
29,5.2,0.322174,7.053756
29,5.6,0.332503,6.866335
29,6.0,0.3435,6.68041
29,6.4,0.355231,6.496081
29,6.8,0.367776,6.313458
29,7.2,0.381221,6.132663
29,7.6,0.395671,5.953835
29,8.0,0.411246,5.777124
29,8.4,0.428084,5.602704
29,8.8,0.446354,5.430769
29,9.2,0.466252,5.26154
29,9.6,0.488019,5.09527
29,10.0,0.511945,4.932254
29,10.4,0.538391,4.772834
29,10.8,0.567808,4.617413
29,11.2,0.600772,4.466472
29,11.6,0.638031,4.320595
29,12.0,0.680581,4.180499
29,12.4,0.729782,4.047085
29,12.8,0.787543,3.921513
29,13.2,0.85663,3.805314
29,13.6,0.941171,3.700575
29,14.0,1.047467,3.610234
29,14.4,1.185097,3.53852
29,14.8,1.367718,3.491524
29,15.2,1.611093,3.477537
29,15.6,1.924107,3.506203
29,16.0,2.294423,3.585605
29,16.4,2.684346,3.718598
29,16.8,3.046055,3.901279
29,17.2,3.340379,4.124269
29,17.6,3.543955,4.375019
29,18.0,3.646419,4.639649
29,18.4,3.644285,4.903886
29,18.8,3.534719,5.153141
29,19.2,3.308776,5.371689
29,19.6,2.939878,5.540362
29,20.0,2.351801,5.630178
29,20.4,1.312831,5.582158
29,20.8,0.474018,5.394472
29,21.2,0.47103,5.224899
29,21.6,0.493061,5.059308
29,22.0,0.517503,4.897047
29,22.4,0.544557,4.738465
29,22.8,0.574696,4.58398
29,23.2,0.608528,4.434094
29,23.6,0.646849,4.289415
29,24.0,0.690723,4.150697
29,24.4,0.741611,4.018889
29,24.8,0.801576,3.895221
29,25.2,0.873631,3.781327
29,25.6,0.962299,3.679452
29,26.0,1.074496,3.59277
29,26.4,1.220667,3.525869
29,26.8,1.415274,3.485315
29,27.2,1.673648,3.479833
29,27.6,2.001215,3.519041
29,28.0,2.379732,3.61016
29,28.4,2.767499,3.754585
29,28.8,3.117279,3.947034
29,29.2,3.393206,4.17724
29,29.6,3.575204,4.432236
29,30.0,3.654959,4.698006
29,30.4,3.629653,4.960231
29,30.8,3.495758,5.204179
29,31.2,3.241778,5.413648
29,31.6,2.834371,5.568111
29,32.0,2.176257,5.634561
29,32.4,1.006649,5.544578
29,32.8,0.462799,5.356685
29,33.2,0.4756,5.188391
29,33.6,0.498207,5.023504
29,34.0,0.523186,4.862016
29,34.4,0.55087,4.704293
29,34.8,0.581759,4.550768
29,35.2,0.616498,4.401965
29,35.6,0.655932,4.25852
29,36.0,0.701199,4.121225
29,36.4,0.75387,3.991081
29,36.8,0.816182,3.869395
29,37.2,0.891419,3.757913
29,37.6,0.98454,3.659051
29,38.0,1.103136,3.576245
29,38.4,1.258549,3.51447
29,38.8,1.465918,3.48078
29,39.2,1.739614,3.484277
29,39.6,2.080864,3.534389
29,40.0,2.465503,3.637296
30,0.0,3.68896,5.687403
30,0.4,3.751074,5.918637
30,0.8,3.73844,6.147408
30,1.2,3.648318,6.363428
30,1.6,3.474711,6.555623
30,2.0,3.202794,6.710941
30,2.4,2.795994,6.811472
30,2.8,2.154757,6.826211
30,3.2,1.019042,6.6882
30,3.6,0.474728,6.460888
30,4.0,0.487765,6.257766
30,4.4,0.511568,6.058254
30,4.8,0.53808,5.862284
30,5.2,0.56774,5.670275
30,5.6,0.601218,5.482737
30,6.0,0.639413,5.300303
30,6.4,0.683568,5.123772
30,6.8,0.735453,4.95418
30,7.2,0.797697,4.792917
30,7.6,0.874377,4.641922
30,8.0,0.972098,4.504018
30,8.4,1.10193,4.383521
30,8.8,1.282302,4.287232
30,9.2,1.540576,4.225693
30,9.6,1.903966,4.21326
30,10.0,2.371352,4.264205
30,10.4,2.893536,4.385736
30,10.8,3.398399,4.574781
30,11.2,3.829253,4.820611
30,11.6,4.157389,5.109004
30,12.0,4.37547,5.425112
30,12.4,4.48762,5.754856
30,12.8,4.502143,6.085365
30,13.2,4.427039,6.404865
30,13.6,4.267114,6.702214
30,14.0,4.021215,6.966084
30,14.4,3.677514,7.183541
30,14.8,3.201407,7.337029
30,15.2,2.493869,7.395994
30,15.6,1.218285,7.285764
30,16.0,0.421573,7.041334
30,16.4,0.431875,6.830831
30,16.8,0.450258,6.623143
30,17.2,0.470366,6.418138
30,17.6,0.492448,6.216079
30,18.0,0.516838,6.017274
30,18.4,0.543958,5.822089
30,18.8,0.574349,5.630963
30,19.2,0.608723,5.444427
30,19.6,0.648039,5.263146
30,20.0,0.69363,5.08796
30,20.4,0.747412,4.919968
30,20.8,0.812254,4.760654
30,21.2,0.892646,4.612106
30,21.6,0.995926,4.477396
30,22.0,1.134431,4.361258
30,22.4,1.328472,4.271173
30,22.8,1.606741,4.218556
30,23.2,1.993362,4.218236
30,23.6,2.477578,4.283578
30,24.0,3.002031,4.419693
30,24.4,3.495267,4.621579
30,24.8,3.906301,4.877466
30,25.2,4.211681,5.17282
30,25.6,4.40721,5.492878
30,26.0,4.498372,5.823798
30,26.4,4.493701,6.152961
30,26.8,4.400748,6.468771
30,27.2,4.223333,6.760128
30,27.6,3.958599,7.01552
30,28.0,3.591423,7.221387
30,28.4,3.07916,7.358496
30,28.8,2.295576,7.39111
30,29.2,0.864181,7.231492
30,29.6,0.420266,6.997266
30,30.0,0.435553,6.787513
30,30.4,0.454284,6.580362
30,30.8,0.474777,6.375946
30,31.2,0.497308,6.174535
30,31.6,0.522227,5.976449
30,32.0,0.549976,5.782068
30,32.4,0.581129,5.591847
30,32.8,0.616439,5.406343
30,33.2,0.656933,5.22625
30,33.6,0.704042,5.052457
30,34.0,0.759843,4.886128
30,34.4,0.827472,4.728852
30,34.8,0.911885,4.58288
30,35.2,1.021243,4.451564
30,35.6,1.169292,4.340103
30,36.0,1.378275,4.256713
30,36.4,1.677703,4.213676
30,36.8,2.087153,4.226073
30,37.2,2.585585,4.306039
30,37.6,3.109095,4.456508
30,38.0,3.588494,4.670713
30,38.4,3.978731,4.936022
30,38.8,4.261209,5.237697
30,39.2,4.434446,5.561108
30,39.6,4.504999,5.892662
30,40.0,4.48147,6.219981
31,0.0,1.430964,9.496071
31,0.4,0.256828,9.117741
31,0.8,0.266417,8.819107
31,1.2,0.276752,8.522465
31,1.6,0.287899,8.227969
31,2.0,0.29996,7.935795
31,2.4,0.313052,7.646142
31,2.8,0.327314,7.359234
31,3.2,0.342911,7.075328
31,3.6,0.360045,6.79472
31,4.0,0.378957,6.517752
31,4.4,0.399948,6.244822
31,4.8,0.423392,5.976402
31,5.2,0.449763,5.713054
31,5.6,0.479672,5.455456
31,6.0,0.513929,5.204443
31,6.4,0.553627,4.961056
31,6.8,0.60029,4.72663
31,7.2,0.656123,4.502915
31,7.6,0.724453,4.292295
31,8.0,0.810546,4.098149
31,8.4,0.923165,3.925509
31,8.8,1.077388,3.782253
31,9.2,1.298408,3.68105
31,9.6,1.620296,3.641271
31,10.0,2.062497,3.686671
31,10.4,2.588874,3.834582
31,10.8,3.112459,4.084931
31,11.2,3.549631,4.420679
31,11.6,3.851283,4.815155
31,12.0,3.998158,5.238183
31,12.4,3.985497,5.658909
31,12.8,3.808664,6.045805
31,13.2,3.44714,6.363721
31,13.6,2.828669,6.564585
31,14.0,1.674394,6.551615
31,14.4,0.417647,6.248071
31,14.8,0.423233,5.97843
31,15.2,0.449549,5.715039
31,15.6,0.479429,5.457394
31,16.0,0.51365,5.206327
31,16.4,0.553301,4.962878
31,16.8,0.599903,4.728377
31,17.2,0.655656,4.504573
31,17.6,0.723874,4.293842
31,18.0,0.809804,4.099554
31,18.4,0.922175,3.926726
31,18.8,1.076,3.783205
31,19.2,1.296387,3.681618
31,19.6,1.617388,3.641282
31,20.0,2.058721,3.685951
31,20.4,2.584753,3.833056
31,20.8,3.108711,4.082672
31,21.2,3.546773,4.417862
31,21.6,3.849559,4.812003
31,22.0,3.997639,5.23493
31,22.4,3.986203,5.655791
31,22.8,3.810664,6.04307
31,23.2,3.450713,6.361666
31,23.6,2.834776,6.563678
31,24.0,1.687049,6.553024
31,24.4,0.4184,6.250195
31,24.8,0.423045,5.980456
31,25.2,0.449336,5.717024
31,25.6,0.479187,5.459333
31,26.0,0.51337,5.208212
31,26.4,0.552975,4.9647
31,26.8,0.599517,4.730125
31,27.2,0.65519,4.506231
31,27.6,0.723296,4.29539
31,28.0,0.809064,4.10096
31,28.4,0.921187,3.927944
31,28.8,1.074617,3.78416
31,29.2,1.294373,3.682189
31,29.6,1.614488,3.641297
31,30.0,2.054951,3.685236
31,30.4,2.580633,3.831536
31,30.8,3.104958,4.080418
31,31.2,3.543908,4.41505
31,31.6,3.847826,4.808854
31,32.0,3.997112,5.231678
31,32.4,3.986899,5.652672
31,32.8,3.812654,6.040331
31,33.2,3.454271,6.359604
31,33.6,2.840856,6.56276
31,34.0,1.699622,6.554407
31,34.4,0.4192,6.252322
31,34.8,0.422858,5.982482
31,35.2,0.449123,5.719009
31,35.6,0.478944,5.461271
31,36.0,0.513091,5.210097
31,36.4,0.552649,4.966523
31,36.8,0.599132,4.731874
31,37.2,0.654724,4.50789
31,37.6,0.722719,4.296938
31,38.0,0.808326,4.102368
31,38.4,0.920202,3.929163
31,38.8,1.073237,3.785117
31,39.2,1.292365,3.682764
31,39.6,1.611595,3.641318
31,40.0,2.051187,3.684528
32,0.0,2.483689,8.978738
32,0.4,0.2489,8.746495
32,0.8,0.250285,8.564263
32,1.2,0.256187,8.383052
32,1.6,0.262363,8.20265
32,2.0,0.268834,8.023097
32,2.4,0.275619,7.844432
32,2.8,0.282744,7.6667
32,3.2,0.290233,7.48995
32,3.6,0.298115,7.314232
32,4.0,0.306422,7.139603
32,4.4,0.315188,6.966123
32,4.8,0.324453,6.793857
32,5.2,0.334261,6.622875
32,5.6,0.34466,6.453257
32,6.0,0.355707,6.285086
32,6.4,0.367462,6.118456
32,6.8,0.379998,5.953469
32,7.2,0.393396,5.790237
32,7.6,0.407748,5.628887
32,8.0,0.423163,5.469557
32,8.4,0.439765,5.312404
32,8.8,0.457699,5.157601
32,9.2,0.477139,5.005346
32,9.6,0.498288,4.855864
32,10.0,0.521392,4.709411
32,10.4,0.546748,4.566283
32,10.8,0.57472,4.426821
32,11.2,0.60576,4.29143
32,11.6,0.640437,4.160586
32,12.0,0.679482,4.034861
32,12.4,0.723844,3.914953
32,12.8,0.774783,3.801725
32,13.2,0.834,3.696262
32,13.6,0.903832,3.599954
32,14.0,0.987514,3.514619
32,14.4,1.089491,3.442655
32,14.8,1.215623,3.387236
32,15.2,1.372778,3.352447
32,15.6,1.566903,3.343181
32,16.0,1.798834,3.364474
32,16.4,2.059477,3.420165
32,16.8,2.328773,3.511394
32,17.2,2.580833,3.635806
32,17.6,2.791448,3.787812
32,18.0,2.942766,3.959491
32,18.4,3.023756,4.141524
32,18.8,3.027997,4.323807
32,19.2,2.950322,4.495605
32,19.6,2.782559,4.645156
32,20.0,2.506828,4.75841
32,20.4,2.081414,4.815971
32,20.8,1.418257,4.786822
32,21.2,0.688795,4.654182
32,21.6,0.565726,4.508719
32,22.0,0.587507,4.370687
32,22.4,0.619563,4.237093
32,22.8,0.655906,4.108276
32,23.2,0.697002,3.984848
32,23.6,0.743892,3.867569
32,24.0,0.797995,3.757385
32,24.4,0.861246,3.655493
32,24.8,0.936314,3.563445
32,25.2,1.026895,3.483273
32,25.6,1.13801,3.417673
32,26.0,1.276041,3.370181
32,26.4,1.447839,3.345256
32,26.8,1.657869,3.347968
32,27.2,1.903368,3.383052
32,27.6,2.170497,3.453399
32,28.0,2.435906,3.558746
32,28.4,2.673563,3.695328
32,28.8,2.86156,3.856473
32,29.2,2.984989,4.033588
32,29.6,3.035069,4.21698
32,30.0,3.00634,4.396297
32,30.4,2.892996,4.560468
32,30.8,2.683943,4.697011
32,31.2,2.353935,4.790215
32,31.6,1.844058,4.816797
32,32.0,1.074038,4.74149
32,32.4,0.589585,4.592833
32,32.8,0.571826,4.451456
32,33.2,0.600123,4.315255
32,33.6,0.633971,4.183558
32,34.0,0.672164,4.056873
32,34.4,0.715494,3.935871
32,34.8,0.76515,3.82138
32,35.2,0.822742,3.71444
32,35.6,0.890474,3.616381
32,36.0,0.971399,3.528933
32,36.4,1.069726,3.454377
32,36.8,1.191063,3.395735
32,37.2,1.342183,3.356928
32,37.6,1.529438,3.342733
32,38.0,1.754961,3.35824
32,38.4,2.011674,3.407621
32,38.8,2.281258,3.492583
32,39.2,2.538299,3.611405
32,39.6,2.757822,3.759018
32,40.0,2.920698,3.927842
33,0.0,2.163671,7.090343
33,0.4,0.36589,6.896293
33,0.8,0.357658,6.71099
33,1.2,0.370038,6.528138
33,1.6,0.383308,6.346969
33,2.0,0.397566,6.167609
33,2.4,0.412933,5.990197
33,2.8,0.429548,5.814892
33,3.2,0.447581,5.641873
33,3.6,0.467234,5.471344
33,4.0,0.488751,5.303542
33,4.4,0.512435,5.138739
33,4.8,0.538666,4.977257
33,5.2,0.567928,4.819478
33,5.6,0.600849,4.665863
33,6.0,0.638272,4.516978
33,6.4,0.681355,4.373534
33,6.8,0.731757,4.236447
33,7.2,0.791948,4.106939
33,7.6,0.865817,3.986713
33,8.0,0.959843,3.878266
33,8.4,1.08546,3.78549
33,8.8,1.263539,3.714828
33,9.2,1.530137,3.67719
33,9.6,1.931437,3.689518
33,10.0,2.482269,3.771439
33,10.4,3.119346,3.935065
33,10.8,3.735666,4.17832
33,11.2,4.248464,4.487964
33,11.6,4.618786,4.845638
33,12.0,4.838133,5.231945
33,12.4,4.912074,5.628274
33,12.8,4.849042,6.017169
33,13.2,4.652799,6.381746
33,13.6,4.314671,6.704179
33,14.0,3.797427,6.962315
33,14.4,2.977745,7.119874
33,14.8,1.28762,7.078798
33,15.2,0.3486,6.862014
33,15.6,0.35983,6.677845
33,16.0,0.372366,6.495288
33,16.4,0.385807,6.314436
33,16.8,0.400256,6.135417
33,17.2,0.415837,5.958373
33,17.6,0.432695,5.783467
33,18.0,0.451005,5.610882
33,18.4,0.470974,5.440827
33,18.8,0.492858,5.273545
33,19.2,0.516972,5.109317
33,19.6,0.543711,4.948473
33,20.0,0.573582,4.79141
33,20.4,0.607246,4.638604
33,20.8,0.645594,4.490644
33,21.2,0.689858,4.348273
33,21.6,0.741814,4.212453
33,22.0,0.804133,4.084478
33,22.4,0.88106,3.966164
33,22.8,0.979745,3.860204
33,23.2,1.112922,3.770845
33,23.6,1.303819,3.705175
33,24.0,1.591427,3.675138
33,24.4,2.02059,3.698646
33,24.8,2.593957,3.794815
33,25.2,3.235196,3.973383
33,25.6,3.837621,4.229831
33,26.0,4.326437,4.549578
33,26.4,4.669521,4.91385
33,26.8,4.86199,5.303309
33,27.2,4.910616,5.699559
33,27.6,4.823487,6.085311
33,28.0,4.602788,6.44366
33,28.4,4.236355,6.756334
33,28.8,3.678124,6.99971
33,29.2,2.771544,7.132355
33,29.6,0.804738,7.032888
33,30.0,0.350267,6.828624
33,30.4,0.362031,6.644751
33,30.8,0.374724,6.462494
33,31.2,0.388338,6.281963
33,31.6,0.402982,6.103289
33,32.0,0.418782,5.926619
33,32.4,0.435889,5.752118
33,32.8,0.454482,5.579973
33,33.2,0.474777,5.410401
33,33.6,0.497038,5.243648
33,34.0,0.521594,5.080005
33,34.4,0.548857,4.919813
33,34.8,0.579359,4.76348
33,35.2,0.613795,4.611502
33,35.6,0.653108,4.464491
33,36.0,0.69861,4.323224
33,36.4,0.752205,4.188713
33,36.8,0.816787,4.06233
33,37.2,0.896998,3.946014
33,37.6,1.000745,3.842677
33,38.0,1.142221,3.756961
33,38.4,1.34722,3.696666
33,38.8,1.657443,3.674826
33,39.2,2.114701,3.710172
33,39.6,2.707938,3.820921
33,40.0,3.349672,4.014268
34,0.0,1.179642,6.610582
34,0.4,0.354674,6.401045
34,0.8,0.366021,6.223306
34,1.2,0.379238,6.047374
34,1.6,0.393431,5.873332
34,2.0,0.408713,5.701324
34,2.4,0.425219,5.531515
34,2.8,0.443109,5.364087
34,3.2,0.462571,5.199249
34,3.6,0.483833,5.037241
34,4.0,0.507172,4.878338
34,4.4,0.53293,4.722862
34,4.8,0.561535,4.57119
34,5.2,0.593531,4.423772
34,5.6,0.629628,4.281151
34,6.0,0.670766,4.143994
34,6.4,0.718232,4.013139
34,6.8,0.773837,3.889658
34,7.2,0.840228,3.774975
34,7.6,0.921405,3.671032
34,8.0,1.02363,3.580591
34,8.4,1.156851,3.507714
34,8.8,1.336363,3.458476
34,9.2,1.582348,3.441667
34,9.6,1.911141,3.468434
34,10.0,2.315805,3.549283
34,10.4,2.755078,3.68927
34,10.8,3.170532,3.885375
34,11.2,3.513051,4.12778
34,11.6,3.753732,4.40274
34,12.0,3.880399,4.694932
34,12.4,3.889658,4.988645
34,12.8,3.779166,5.267941
34,13.2,3.539594,5.515751
34,13.6,3.140952,5.711282
34,14.0,2.491939,5.822497
34,14.4,1.27392,5.778457
34,14.8,0.428078,5.586964
34,15.2,0.437141,5.418389
34,15.6,0.456041,5.252682
34,16.0,0.476688,5.089723
34,16.4,0.499316,4.929775
34,16.8,0.524244,4.773143
34,17.2,0.551867,4.620185
34,17.6,0.58269,4.471326
34,18.0,0.61736,4.327075
34,18.4,0.656733,4.188055
34,18.8,0.701967,4.05504
34,19.2,0.754677,3.929019
34,19.6,0.817192,3.811285
34,20.0,0.892995,3.703585
34,20.4,0.98748,3.608372
34,20.8,1.109206,3.529217
34,21.2,1.271583,3.47145
34,21.6,1.493602,3.442929
34,22.0,1.794595,3.454212
34,22.4,2.177471,3.516521
34,22.8,2.611652,3.637165
34,23.2,3.041128,3.815782
34,23.6,3.411595,4.044472
34,24.0,3.687469,4.310463
34,24.4,3.851935,4.598757
34,24.8,3.899623,4.893707
34,25.2,3.828664,5.179491
34,25.6,3.633048,5.439586
34,26.0,3.291866,5.654877
34,26.4,2.742295,5.798469
34,26.8,1.771851,5.817725
34,27.2,0.471253,5.644329
34,27.6,0.431444,5.472963
34,28.0,0.449695,5.306405
34,28.4,0.469754,5.142524
34,28.8,0.491705,4.981563
34,29.2,0.515843,4.823814
34,29.6,0.542539,4.669615
34,30.0,0.572255,4.519369
34,30.4,0.605589,4.373553
34,30.8,0.643318,4.232751
34,31.2,0.686491,4.097682
34,31.6,0.73655,3.969257
34,32.0,0.795554,3.848655
34,32.4,0.866546,3.737456
34,32.8,0.954187,3.637846
34,33.2,1.065831,3.552972
34,33.6,1.213123,3.487507
34,34.0,1.413371,3.448411
34,34.4,1.687048,3.445444
34,34.8,2.044815,3.490023
34,35.2,2.467696,3.591282
34,35.6,2.905287,3.751548
34,36.0,3.299935,3.965144
34,36.4,3.609279,4.220559
34,36.8,3.811036,4.50329
34,37.2,3.897012,4.797799
34,37.6,3.865022,5.088329
34,38.0,3.711313,5.358712
34,38.4,3.421531,5.591014
34,38.8,2.951847,5.761855
34,39.2,2.162814,5.830832
34,39.6,0.714047,5.709201
34,40.0,0.426677,5.52783
35,0.0,4.56317,9.36068
35,0.4,0.70468,9.355884
35,0.8,0.175234,9.159024
35,1.2,0.178627,8.991005
35,1.6,0.182147,8.823504
35,2.0,0.185801,8.656539
35,2.4,0.189596,8.490133
35,2.8,0.193542,8.324308
35,3.2,0.197645,8.159085
35,3.6,0.201917,7.994491
35,4.0,0.206366,7.830551
35,4.4,0.211005,7.667292
35,4.8,0.215844,7.504745
35,5.2,0.220896,7.342941
35,5.6,0.226176,7.181913
35,6.0,0.231699,7.021696
35,6.4,0.237481,6.86233
35,6.8,0.24354,6.703853
35,7.2,0.249896,6.546311
35,7.6,0.25657,6.389749
35,8.0,0.263585,6.234218
35,8.4,0.270968,6.079772
35,8.8,0.278747,5.926468
35,9.2,0.286954,5.77437
35,9.6,0.295623,5.623545
35,10.0,0.304792,5.474067
35,10.4,0.314505,5.326014
35,10.8,0.324809,5.179475
35,11.2,0.335757,5.034543
35,11.6,0.347408,4.891321
35,12.0,0.359831,4.749923
35,12.4,0.3731,4.610471
35,12.8,0.387301,4.473104
35,13.2,0.402531,4.33797
35,13.6,0.4189,4.205238
35,14.0,0.436535,4.075092
35,14.4,0.45558,3.947738
35,14.8,0.476203,3.823408
35,15.2,0.498598,3.702359
35,15.6,0.52299,3.584885
35,16.0,0.549642,3.471315
35,16.4,0.578862,3.362024
35,16.8,0.611013,3.257441
35,17.2,0.646523,3.158055
35,17.6,0.685896,3.064431
35,18.0,0.729725,2.977218
35,18.4,0.778698,2.897166
35,18.8,0.833605,2.825143
35,19.2,0.895314,2.762142
35,19.6,0.964711,2.709287
35,20.0,1.042564,2.667823
35,20.4,1.129261,2.639054
35,20.8,1.224373,2.624241
35,21.2,1.326053,2.624389
35,21.6,1.430373,2.639956
35,22.0,1.530884,2.670472
35,22.4,1.618665,2.714175
35,22.8,1.68298,2.767724
35,23.2,1.712323,2.826074
35,23.6,1.695484,2.882514
35,24.0,1.622771,2.928871
35,24.4,1.488921,2.956091
35,24.8,1.30258,2.956078
35,25.2,1.106261,2.926419
35,25.6,0.971676,2.875525
35,26.0,0.927054,2.817326
35,26.4,0.94328,2.761391
35,26.8,0.991222,2.712471
35,27.2,1.057289,2.673218
35,27.6,1.136062,2.6455
35,28.0,1.224736,2.630791
35,28.4,1.320488,2.630173
35,28.8,1.419113,2.64413
35,29.2,1.514321,2.672249
35,29.6,1.597641,2.712881
35,30.0,1.65895,2.762893
35,30.4,1.68739,2.817546
35,30.8,1.672425,2.870531
35,31.2,1.605117,2.914185
35,31.6,1.481001,2.940087
35,32.0,1.308479,2.940775
35,32.4,1.125173,2.913848
35,32.8,0.994322,2.866394
35,33.2,0.945753,2.811031
35,33.6,0.957485,2.757217
35,34.0,1.002506,2.70997
35,34.4,1.066803,2.672127
35,34.8,1.144361,2.64564
35,35.2,1.231963,2.632007
35,35.6,1.326502,2.63229
35,36.0,1.423571,2.646925
35,36.4,1.516757,2.675428
35,36.8,1.597561,2.716078
35,37.2,1.655932,2.765678
35,37.6,1.681178,2.819447
35,38.0,1.66302,2.871074
35,38.4,1.592932,2.912949
35,38.8,1.467232,2.936815
35,39.2,1.295812,2.93558
35,39.6,1.117691,2.907451
35,40.0,0.993923,2.859878
36,0.0,3.646645,6.241946
36,0.4,3.132344,6.485271
36,0.8,2.239357,6.573161
36,1.2,0.582429,6.362157
36,1.6,0.407777,6.09997
36,2.0,0.430141,5.853477
36,2.4,0.45545,5.611535
36,2.8,0.483966,5.3747
36,3.2,0.516378,5.143668
36,3.6,0.553607,4.919298
36,4.0,0.596913,4.702674
36,4.4,0.648082,4.495195
36,4.8,0.709744,4.298726
36,5.2,0.785949,4.115845
36,5.6,0.883248,3.950283
36,6.0,1.012712,3.80771
36,6.4,1.193241,3.697125
36,6.8,1.454225,3.632788
36,7.2,1.826725,3.63484
36,7.6,2.309391,3.723875
36,8.0,2.84144,3.909652
36,8.4,3.334429,4.185255
36,8.8,3.720698,4.5311
36,9.2,3.966377,4.921535
36,9.6,4.060595,5.329145
36,10.0,4.00121,5.726321
36,10.4,3.782103,6.08455
36,10.8,3.37664,6.370902
36,11.2,2.693446,6.537291
36,11.6,1.371315,6.476989
36,12.0,0.405453,6.188394
36,12.4,0.421866,5.940104
36,12.8,0.446168,5.696499
36,13.2,0.473482,5.457787
36,13.6,0.504425,5.224615
36,14.0,0.539828,4.997779
36,14.4,0.580814,4.778276
36,14.8,0.628956,4.56738
36,15.2,0.686536,4.366768
36,15.6,0.757012,4.17873
36,16.0,0.84588,4.006521
36,16.4,0.962303,3.855003
36,16.8,1.121972,3.731796
36,17.2,1.350605,3.649083
36,17.6,1.681206,3.625126
36,18.0,2.128849,3.681507
36,18.4,2.65337,3.83303
36,18.8,3.16964,4.078618
36,19.2,3.599126,4.402376
36,19.6,3.896605,4.780149
36,20.0,4.044773,5.18484
36,20.4,4.039905,5.588876
36,20.8,3.878762,5.964286
36,21.2,3.544653,6.280375
36,21.6,2.978554,6.496612
36,22.0,1.96266,6.536989
36,22.4,0.449724,6.280149
36,22.8,0.413967,6.027277
36,23.2,0.43726,5.782072
36,23.6,0.463449,5.541563
36,24.0,0.493026,5.30635
36,24.4,0.526742,5.077173
36,24.8,0.565602,4.854949
36,25.2,0.610998,4.640843
36,25.6,0.664921,4.436372
36,26.0,0.730341,4.243578
36,26.4,0.811897,4.065319
36,26.8,0.917201,3.905791
36,27.2,1.059224,3.771465
36,27.6,1.259854,3.672677
36,28.0,1.55089,3.62551
36,28.4,1.958389,3.651186
36,28.8,2.464159,3.768301
36,29.2,2.993664,3.981819
36,29.6,3.460802,4.280423
36,30.0,3.808061,4.642129
36,30.4,4.009829,5.040455
36,30.8,4.059188,5.447875
36,31.2,3.954137,5.836687
36,31.6,3.68474,6.177623
36,32.0,3.212627,6.435023
36,32.4,2.404274,6.551234
36,32.8,0.801595,6.388725
36,33.2,0.406987,6.115011
36,33.6,0.428704,5.868231
36,34.0,0.453838,5.626
36,34.4,0.482142,5.388839
36,34.8,0.514296,5.157434
36,35.2,0.551202,4.932634
36,35.6,0.594097,4.715506
36,36.0,0.644728,4.507428
36,36.4,0.70566,4.31023
36,36.8,0.780834,4.126438
36,37.2,0.876604,3.959693
36,37.6,1.003688,3.81552
36,38.0,1.180406,3.702662
36,38.4,1.435557,3.635012
36,38.8,1.800819,3.632427
36,39.2,2.277996,3.715774
36,39.6,2.809582,3.895746
36,40.0,3.307196,4.166391
37,0.0,4.747253,5.445823
37,0.4,4.699691,5.98036
37,0.8,4.481267,6.474401
37,1.2,4.084468,6.895179
37,1.6,3.459357,7.201321
37,2.0,2.408944,7.318244
37,2.4,0.46157,7.066354
37,2.8,0.366483,6.784649
37,3.2,0.385435,6.514142
37,3.6,0.406491,6.247546
37,4.0,0.429987,5.98531
37,4.4,0.456394,5.727973
37,4.8,0.486318,5.476186
37,5.2,0.520564,5.230749
37,5.6,0.560222,4.99266
37,6.0,0.606816,4.763201
37,6.4,0.662561,4.544056
37,6.8,0.730819,4.337526
37,7.2,0.816963,4.146891
37,7.6,0.930063,3.977076
37,8.0,1.086038,3.835898
37,8.4,1.312252,3.736181
37,8.8,1.647044,3.697996
37,9.2,2.113672,3.746455
37,9.6,2.673031,3.900019
37,10.0,3.230036,4.158759
37,10.4,3.695749,4.50529
37,10.8,4.020249,4.912788
37,11.2,4.18581,5.35135
37,11.6,4.190124,5.790876
37,12.0,4.031899,6.201226
37,12.4,3.696652,6.549844
37,12.8,3.128769,6.794574
37,13.2,2.119522,6.858052
37,13.6,0.454298,6.592211
37,14.0,0.400605,6.31965
37,14.4,0.423331,6.056175
37,14.8,0.448892,5.797446
37,15.2,0.477789,5.544078
37,15.6,0.510766,5.296824
37,16.0,0.548823,5.056623
37,16.4,0.593346,4.82467
37,16.8,0.646329,4.602523
37,17.2,0.710757,4.392287
37,17.6,0.791336,4.196926
37,18.0,0.895892,4.020827
37,18.4,1.03806,3.870848
37,18.8,1.241674,3.758195
37,19.2,1.543131,3.700867
37,19.6,1.974507,3.723367
37,20.0,2.516724,3.847468
37,20.4,3.084484,4.078723
37,20.8,3.581685,4.403781
37,21.2,3.947394,4.797606
37,21.6,4.156772,5.230714
37,22.0,4.204881,5.672939
37,22.4,4.091439,6.094273
37,22.8,3.807296,6.463239
37,23.2,3.312926,6.741544
37,23.6,2.466238,6.866695
37,24.0,0.755031,6.683891
37,24.4,0.395184,6.392086
37,24.8,0.416878,6.12739
37,25.2,0.441635,5.867315
37,25.6,0.46956,5.61242
37,26.0,0.501341,5.363419
37,26.4,0.537898,5.121194
37,26.8,0.580496,4.886861
37,27.2,0.630934,4.661865
37,27.6,0.691873,4.44814
37,28.0,0.767451,4.248373
37,28.4,0.864446,4.066485
37,28.8,0.994544,3.908519
37,29.2,1.178322,3.784257
37,29.6,1.449145,3.709653
37,30.0,1.844002,3.7079
37,30.4,2.362346,3.802961
37,30.8,2.933471,4.005692
37,31.2,3.457679,4.307382
37,31.6,3.862864,4.685333
37,32.0,4.11578,5.11075
37,32.4,4.207733,5.553464
37,32.8,4.138501,5.98348
37,33.2,3.902835,6.370038
37,33.6,3.472942,6.677611
37,34.0,2.749832,6.853688
37,34.4,1.321277,6.776801
37,34.8,0.392038,6.464963
37,35.2,0.410623,6.198944
37,35.6,0.434613,5.937566
37,36.0,0.461616,5.681198
37,36.4,0.492268,5.430514
37,36.8,0.527418,5.186347
37,37.2,0.568222,4.94974
37,37.6,0.616308,4.722038
37,38.0,0.674058,4.505019
37,38.4,0.745124,4.301131
37,38.8,0.835399,4.113893
37,39.2,0.954919,3.948647
37,39.6,1.121358,3.813945
37,40.0,1.364542,3.723815
38,0.0,1.717073,7.596297
38,0.4,0.454401,7.225617
38,0.8,0.463752,6.888878
38,1.2,0.4978,6.560102
38,1.6,0.537771,6.239022
38,2.0,0.585536,5.927131
38,2.4,0.644033,5.62648
38,2.8,0.718112,5.340044
38,3.2,0.81649,5.072435
38,3.6,0.956506,4.831516
38,4.0,1.176006,4.632201
38,4.4,1.555549,4.504661
38,4.8,2.202554,4.501107
38,5.2,3.09179,4.671815
38,5.6,4.016129,5.024506
38,6.0,4.794785,5.529006
38,6.4,5.354709,6.141497
38,6.8,5.689114,6.817819
38,7.2,5.816327,7.517877
38,7.6,5.758229,8.206036
38,8.0,5.529446,8.8496
38,8.4,5.128824,9.415773
38,8.8,4.52298,9.865684
38,9.2,3.586676,10.137937
38,9.6,1.67417,10.062452
38,10.0,0.30492,9.614653
38,10.4,0.318801,9.251382
38,10.8,0.334125,8.891073
38,11.2,0.351015,8.53402
38,11.6,0.369735,8.180576
38,12.0,0.390616,7.831155
38,12.4,0.414079,7.486256
38,12.8,0.440671,7.14648
38,13.2,0.47112,6.812569
38,13.6,0.506423,6.485456
38,14.0,0.54799,6.166343
38,14.4,0.597916,5.856831
38,14.8,0.659473,5.559145
38,15.2,0.738168,5.276552
38,15.6,0.844117,5.01422
38,16.0,0.997936,4.781172
38,16.4,1.245148,4.594927
38,16.8,1.677982,4.490639
38,17.2,2.391678,4.523857
38,17.6,3.309813,4.737567
38,18.0,4.212499,5.128708
38,18.4,4.94401,5.662091
38,18.8,5.451206,6.293074
38,19.2,5.735922,6.978239
38,19.6,5.818667,7.678574
38,20.0,5.720401,8.359306
38,20.4,5.452952,8.98805
38,20.8,5.009824,9.531321
38,21.2,4.345065,9.947257
38,21.6,3.286508,10.163311
38,22.0,0.829217,9.937488
38,22.4,0.307942,9.53077
38,22.8,0.322202,9.168162
38,23.2,0.337866,8.808574
38,23.6,0.355152,8.452318
38,24.0,0.374337,8.099761
38,24.4,0.395771,7.751334
38,24.8,0.4199,7.407556
38,25.2,0.447308,7.069059
38,25.6,0.478774,6.736622
38,26.0,0.515374,6.411232
38,26.4,0.558649,6.094169
38,26.8,0.610903,5.787154
38,27.2,0.675803,5.492602
38,27.6,0.759628,5.214118
38,28.0,0.874186,4.957524
38,28.4,1.044102,4.733236
38,28.8,1.323972,4.561884
38,29.2,1.816186,4.48395
38,29.6,2.592381,4.556408
38,30.0,3.526583,4.812856
38,30.4,4.399338,5.240479
38,30.8,5.081132,5.800341
38,31.2,5.535845,6.447502
38,31.6,5.77203,7.139445
38,32.0,5.811452,7.838223
38,32.4,5.67368,8.509825
38,32.8,5.36729,9.122002
38,33.2,4.87947,9.640221
38,33.6,4.148084,10.018647
38,34.0,2.930391,10.168687
38,34.4,0.353946,9.8164
38,34.8,0.311107,9.447039
38,35.2,0.325677,9.085101
38,35.6,0.341693,8.726251
38,36.0,0.359389,8.370812
38,36.4,0.379058,8.019165
38,36.8,0.401069,7.671758
38,37.2,0.425895,7.329136
38,37.6,0.454159,6.991958
38,38.0,0.486698,6.661047
38,38.4,0.524677,6.337448
38,38.8,0.569777,6.022525
38,39.2,0.62455,5.718132
38,39.6,0.693115,5.426902
38,40.0,0.782669,5.152828
39,0.0,4.887306,7.004447
39,0.4,3.530213,7.277311
39,0.8,1.260285,7.278239
39,1.2,0.263322,7.084838
39,1.6,0.269634,6.93145
39,2.0,0.276366,6.778929
39,2.4,0.283425,6.627311
39,2.8,0.290834,6.476641
39,3.2,0.298621,6.326968
39,3.6,0.306814,6.178343
39,4.0,0.315445,6.030823
39,4.4,0.324549,5.884468
39,4.8,0.334166,5.739344
39,5.2,0.34434,5.595521
39,5.6,0.355119,5.453078
39,6.0,0.366558,5.312097
39,6.4,0.378719,5.172673
39,6.8,0.391671,5.034905
39,7.2,0.405494,4.898906
39,7.6,0.420277,4.764797
39,8.0,0.436124,4.632714
39,8.4,0.453153,4.50281
39,8.8,0.471501,4.375251
39,9.2,0.491327,4.250226
39,9.6,0.51282,4.127949
39,10.0,0.536199,4.008659
39,10.4,0.561729,3.892632
39,10.8,0.589724,3.780181
39,11.2,0.620569,3.671671
39,11.6,0.654732,3.567522
39,12.0,0.692795,3.468233
39,12.4,0.735484,3.374391
39,12.8,0.783723,3.286703
39,13.2,0.838687,3.206024
39,13.6,0.901892,3.133401
39,14.0,0.975279,3.070128
39,14.4,1.061298,3.01781
39,14.8,1.162888,2.978428
39,15.2,1.283211,2.954374
39,15.6,1.424829,2.948383
39,16.0,1.588104,2.963264
39,16.4,1.769034,3.00135
39,16.8,1.957694,3.063732
39,17.2,2.138717,3.149528
39,17.6,2.293953,3.255504
39,18.0,2.405677,3.376124
39,18.4,2.458397,3.50385
39,18.8,2.438408,3.629397
39,19.2,2.330991,3.741644
39,19.6,2.1147,3.826821
39,20.0,1.75196,3.866505
39,20.4,1.204367,3.836591
39,20.8,0.728965,3.739438
39,21.2,0.646339,3.632113
39,21.6,0.670106,3.529704
39,22.0,0.708461,3.432392
39,22.4,0.752908,3.34077
39,22.8,0.803473,3.255601
39,23.2,0.861316,3.177806
39,23.6,0.928079,3.10852
39,24.0,1.005883,3.049145
39,24.4,1.097369,3.001419
39,24.8,1.205614,2.967479
39,25.2,1.33369,2.94986
39,25.6,1.483566,2.951371
39,26.0,1.654223,2.974722
39,26.4,1.839541,3.021876
39,26.8,2.027363,3.093257
39,27.2,2.200889,3.187121
39,27.6,2.341796,3.299347
39,28.0,2.433098,3.423609
39,28.4,2.460148,3.551697
39,28.8,2.409324,3.673679
39,29.2,2.264256,3.777586
39,29.6,1.998674,3.848219
39,30.0,1.567757,3.864728
39,30.4,0.982345,3.805105
39,30.8,0.66832,3.698675
39,31.2,0.651689,3.593169
39,31.6,0.683633,3.492618
39,32.0,0.724445,3.397357
39,32.4,0.771087,3.308056
39,32.8,0.824215,3.225532
39,33.2,0.885184,3.15078
39,33.6,0.955808,3.085026
39,34.0,1.038401,3.029792
39,34.4,1.135791,2.98696
39,34.8,1.251134,2.958818
39,35.2,1.387259,2.948032
39,35.6,1.545274,2.957432
39,36.0,1.722467,2.989538
39,36.4,1.910452,3.045826
39,36.8,2.095042,3.125963
39,37.2,2.258469,3.227315
39,37.6,2.382651,3.3449
39,38.0,2.451486,3.47165
39,38.4,2.450991,3.598709
39,38.8,2.367103,3.715455
39,39.2,2.180811,3.808916
39,39.6,1.8595,3.862096
39,40.0,1.356299,3.851779
40,0.0,1.527289,8.065952
40,0.4,0.24479,7.816784
40,0.8,0.251571,7.622577
40,1.2,0.258748,7.429457
40,1.6,0.266327,7.237481
40,2.0,0.274344,7.046717
40,2.4,0.282836,6.857235
40,2.8,0.291846,6.669115
40,3.2,0.301423,6.48244
40,3.6,0.31162,6.297306
40,4.0,0.322499,6.113814
40,4.4,0.334131,5.932078
40,4.8,0.346595,5.752223
40,5.2,0.359984,5.574389
40,5.6,0.374403,5.398731
40,6.0,0.389977,5.225422
40,6.4,0.406849,5.054657
40,6.8,0.425192,4.886659
40,7.2,0.445206,4.721677
40,7.6,0.467135,4.56
40,8.0,0.491273,4.401958
40,8.4,0.517981,4.247939
40,8.8,0.547706,4.098393
40,9.2,0.581015,3.953858
40,9.6,0.618629,3.814978
40,10.0,0.661496,3.682536
40,10.4,0.710879,3.557507
40,10.8,0.768509,3.441116
40,11.2,0.836814,3.334952
40,11.6,0.919285,3.241113
40,12.0,1.021015,3.162453
40,12.4,1.149374,3.102909
40,12.8,1.314345,3.067916
40,13.2,1.526991,3.064614
40,13.6,1.793388,3.101225
40,14.0,2.104357,3.184841
40,14.4,2.430006,3.31819
40,14.8,2.727877,3.497497
40,15.2,2.957657,3.71269
40,15.6,3.089405,3.949025
40,16.0,3.102192,4.188576
40,16.4,2.976157,4.410528
40,16.8,2.677168,4.589291
40,17.2,2.117906,4.687311
40,17.6,1.076278,4.634792
40,18.0,0.495343,4.46439
40,18.4,0.507269,4.308275
40,18.8,0.535574,4.156898
40,19.2,0.567388,4.010313
40,19.6,0.603202,3.869114
40,20.0,0.643863,3.734025
40,20.4,0.690496,3.605937
40,20.8,0.744623,3.485967
40,21.2,0.808364,3.375545
40,21.6,0.884733,3.276545
40,22.0,0.978117,3.191488
40,22.4,1.094907,3.123836
40,22.8,1.24408,3.078385
40,23.2,1.436687,3.061613
40,23.6,1.681865,3.081479
40,24.0,1.977676,3.145888
40,24.4,2.302231,3.259662
40,24.8,2.616305,3.421698
40,25.2,2.877196,3.624259
40,25.6,3.050549,3.854231
40,26.0,3.112519,4.094826
40,26.4,3.044128,4.326442
40,26.8,2.819532,4.52582
40,27.2,2.380344,4.661638
40,27.6,1.559257,4.679679
40,28.0,0.553847,4.529205
40,28.4,0.497583,4.369297
40,28.8,0.52397,4.216149
40,29.2,0.554383,4.067607
40,29.6,0.588528,3.924202
40,30.0,0.627158,3.786603
40,30.4,0.671276,3.65563
40,30.8,0.722228,3.532302
40,31.2,0.781869,3.417913
40,31.6,0.852815,3.314142
40,32.0,0.938842,3.223224
40,32.4,1.045465,3.148207
40,32.8,1.180603,3.093311
40,33.2,1.354705,3.064326
40,33.6,1.578481,3.068717
40,34.0,1.85569,3.114707
40,34.4,2.172854,3.20874
40,34.8,2.496327,3.352282
40,35.2,2.78295,3.540144
40,35.6,2.994253,3.761123
40,36.0,3.102567,3.999711
40,36.4,3.088027,4.237404
40,36.8,2.929424,4.452645
40,37.2,2.586163,4.618228
40,37.6,1.948813,4.691996
40,38.0,0.825826,4.599394
40,38.4,0.491986,4.431083
40,38.8,0.512898,4.276114
40,39.2,0.541957,4.125701
40,39.6,0.574552,3.980194
40,40.0,0.611306,3.840213
41,0.0,3.324466,5.198654
41,0.4,2.572996,5.359235
41,0.8,1.438506,5.3509
41,1.2,0.437955,5.165674
41,1.6,0.4182,5.002084
41,2.0,0.435801,4.843019
41,2.4,0.455186,4.68689
41,2.8,0.476282,4.533943
41,3.2,0.499319,4.384469
41,3.6,0.524573,4.238803
41,4.0,0.552378,4.097331
41,4.4,0.583133,3.960496
41,4.8,0.617327,3.828819
41,5.2,0.655559,3.702909
41,5.6,0.698567,3.583487
41,6.0,0.74727,3.471412
41,6.4,0.802802,3.367716
41,6.8,0.866561,3.273641
41,7.2,0.940227,3.190683
41,7.6,1.025715,3.120632
41,8.0,1.124987,3.065574
41,8.4,1.239569,3.02783
41,8.8,1.369685,3.009762
41,9.2,1.513063,3.013389
41,9.6,1.663894,3.039844
41,10.0,1.812678,3.088801
41,10.4,1.947374,3.158088
41,10.8,2.055376,3.243604
41,11.2,2.125303,3.339529
41,11.6,2.147853,3.438653
41,12.0,2.115579,3.532666
41,12.4,2.021944,3.612294
41,12.8,1.860342,3.667278
41,13.2,1.625364,3.686498
41,13.6,1.325968,3.659951
41,14.0,1.030874,3.587588
41,14.4,0.865125,3.489898
41,14.8,0.835575,3.389484
41,15.2,0.869583,3.295315
41,15.6,0.930642,3.21073
41,16.0,1.008662,3.138035
41,16.4,1.101972,3.079469
41,16.8,1.211024,3.037394
41,17.2,1.335989,3.014219
41,17.6,1.47515,3.012101
41,18.0,1.623615,3.032454
41,18.4,1.77282,3.07538
41,18.8,1.911298,3.13922
41,19.2,2.026493,3.220396
41,19.6,2.106654,3.313546
41,20.0,2.14196,3.411835
41,20.4,2.124566,3.507267
41,20.8,2.047826,3.590867
41,21.2,1.90525,3.652697
41,21.6,1.690789,3.681882
41,22.0,1.407121,3.667792
41,22.4,1.10148,3.60648
41,22.8,0.895283,3.513179
41,23.2,0.837211,3.41255
41,23.6,0.859582,3.316674
41,24.0,0.915142,3.229687
41,24.4,0.989216,3.154035
41,24.8,1.078774,3.091958
41,25.2,1.183974,3.045792
41,25.6,1.305177,3.017955
41,26.0,1.441231,3.010703
41,26.4,1.588076,3.025677
41,26.8,1.737995,3.063336
41,27.2,1.880075,3.122466
41,27.6,2.001836,3.199939
41,28.0,2.091201,3.290792
41,28.4,2.137854,3.38851
41,28.8,2.133529,3.485352
41,29.2,2.071396,3.572569
41,29.6,1.945002,3.640458
41,30.0,1.747954,3.678343
41,30.4,1.479098,3.675263
41,30.8,1.169902,3.624605
41,31.2,0.929541,3.536486
41,31.6,0.841046,3.435991
41,32.0,0.850405,3.338502
41,32.4,0.900209,3.249189
41,32.8,0.970411,3.170676
41,33.2,1.056361,3.105206
41,33.6,1.157824,3.055086
41,34.0,1.275285,3.022728
41,34.4,1.408085,3.01046
41,34.8,1.552947,3.020117
41,35.2,1.703022,3.052486
41,35.6,1.848038,3.106778
41,36.0,1.975701,3.180321
41,36.4,2.073682,3.268562
41,36.8,2.131184,3.36532
41,37.2,2.139489,3.463117
41,37.6,2.091518,3.55343
41,38.0,1.980818,3.626784
41,38.4,1.800868,3.672721
41,38.8,1.548077,3.680169
41,39.2,1.241696,3.640635
41,39.6,0.972795,3.559211
41,40.0,0.850004,3.459647
42,0.0,1.524231,4.742523
42,0.4,1.326341,4.636345
42,0.8,1.16572,4.501408
42,1.2,1.09739,4.355004
42,1.6,1.128916,4.215489
42,2.0,1.24422,4.097367
42,2.4,1.441099,4.01467
42,2.8,1.729921,3.983623
42,3.2,2.110369,4.020693
42,3.6,2.548527,4.136179
42,4.0,2.98391,4.329085
42,4.4,3.359235,4.587962
42,4.8,3.638488,4.895177
42,5.2,3.80614,5.230695
42,5.6,3.858995,5.574188
42,6.0,3.798161,5.90568
42,6.4,3.622302,6.205026
42,6.8,3.319888,6.450083
42,7.2,2.853262,6.612155
42,7.6,2.106463,6.642636
42,8.0,0.819129,6.442226
42,8.4,0.458995,6.163616
42,8.8,0.482901,5.911592
42,9.2,0.513804,5.665251
42,9.6,0.549157,5.425161
42,10.0,0.590041,5.1923
42,10.4,0.638004,4.967921
42,10.8,0.695281,4.753674
42,11.2,0.765223,4.551802
42,11.6,0.85308,4.365477
42,12.0,0.967371,4.199379
42,12.4,1.122105,4.060677
42,12.8,1.338917,3.96041
42,13.2,1.643602,3.914341
42,13.6,2.046635,3.940322
42,14.0,2.516865,4.050498
42,14.4,2.988096,4.244549
42,14.8,3.396154,4.510369
42,15.2,3.701663,4.829087
42,15.6,3.888891,5.17946
42,16.0,3.955997,5.540227
42,16.4,3.906029,5.890832
42,16.8,3.739975,6.210964
42,17.2,3.449594,6.478884
42,17.6,3.003902,6.667452
42,18.0,2.306843,6.733001
42,18.4,1.068047,6.580351
42,18.8,0.450576,6.289514
42,19.2,0.469072,6.034786
42,19.6,0.498096,5.785667
42,20.0,0.531157,5.542395
42,20.4,0.569159,5.305842
42,20.8,0.613412,5.077113
42,21.2,0.665772,4.857646
42,21.6,0.728971,4.649359
42,22.0,0.807198,4.454915
42,22.4,0.907141,4.278157
42,22.8,1.039787,4.124879
42,23.2,1.222884,4.004032
42,23.6,1.481403,3.929079
42,24.0,1.836953,3.917535
42,24.4,2.280964,3.985493
42,24.8,2.760724,4.139176
42,25.2,3.206496,4.371764
42,25.6,3.565671,4.667054
42,26.0,3.811921,5.004549
42,26.4,3.937841,5.362818
42,26.8,3.945047,5.720951
42,27.2,3.836341,6.05864
42,27.6,3.609093,6.355156
42,28.0,3.246077,6.586762
42,28.4,2.692525,6.720224
42,28.8,1.771051,6.691987
42,29.2,0.525398,6.42187
42,29.6,0.456507,6.15925
42,30.0,0.483354,5.907494
42,30.4,0.514347,5.661251
42,30.8,0.549781,5.421271
42,31.2,0.590768,5.188538
42,31.6,0.638864,4.964311
42,32.0,0.696317,4.750247
42,32.4,0.766505,4.548602
42,32.8,0.854716,4.362566
42,33.2,0.96954,4.196853
42,33.6,1.125098,4.058681
42,34.0,1.343151,3.959165
42,34.4,1.649452,3.91414
42,34.8,2.053974,3.941435
42,35.2,2.524805,4.05303
42,35.6,2.995463,4.248385
42,36.0,3.402077,4.515238
42,36.4,3.705717,4.834651
42,36.8,3.89096,5.185365
42,37.2,3.956113,5.54613
42,37.6,3.904242,5.896399
42,38.0,3.736249,6.215856
42,38.4,3.443658,6.482714
42,38.8,2.994901,6.669686
42,39.2,2.292048,6.732637
42,39.6,1.042917,6.575367
42,40.0,0.450372,6.285256
43,0.0,2.954336,7.977185
43,0.4,1.183631,7.885989
43,0.8,0.344943,7.625372
43,1.2,0.356949,7.404982
43,1.6,0.37032,7.186478
43,2.0,0.384739,6.969983
43,2.4,0.400339,6.755662
43,2.8,0.41728,6.5437
43,3.2,0.435753,6.334312
43,3.6,0.455988,6.127742
43,4.0,0.478272,5.924277
43,4.4,0.50296,5.72425
43,4.8,0.530504,5.528059
43,5.2,0.561488,5.336183
43,5.6,0.596687,5.149207
43,6.0,0.637158,4.967865
43,6.4,0.684394,4.793096
43,6.8,0.740581,4.626141
43,7.2,0.809091,4.468705
43,7.6,0.895401,4.323249
43,8.0,1.008929,4.193524
43,8.4,1.166549,4.085594
43,8.8,1.397816,4.00961
43,9.2,1.744989,3.981736
43,9.6,2.235677,4.0225
43,10.0,2.832938,4.147561
43,10.4,3.44202,4.35865
43,10.8,3.974532,4.644505
43,11.2,4.382088,4.987135
43,11.6,4.64994,5.366756
43,12.0,4.781289,5.764242
43,12.4,4.78554,6.161897
43,12.8,4.671065,6.543253
43,13.2,4.440016,6.892187
43,13.6,4.081738,7.191165
43,14.0,3.557128,7.417433
43,14.4,2.740933,7.53185
43,14.8,1.103833,7.427676
43,15.2,0.371756,7.176437
43,15.6,0.385435,6.959997
43,16.0,0.401094,6.74578
43,16.4,0.418101,6.533933
43,16.8,0.43665,6.32467
43,17.2,0.456974,6.118238
43,17.6,0.479361,5.914924
43,18.0,0.50417,5.715065
43,18.4,0.531859,5.519063
43,18.8,0.563019,5.3274
43,19.2,0.598437,5.140669
43,19.6,0.639185,4.959609
43,20.0,0.68678,4.785171
43,20.4,0.743453,4.618615
43,20.8,0.812645,4.461673
43,21.2,0.899968,4.316851
43,21.6,1.015091,4.187978
43,22.0,1.175354,4.081265
43,22.4,1.411007,4.007104
43,22.8,1.764545,3.981951
43,23.2,2.261614,4.026362
43,23.6,2.861718,4.155493
43,24.0,3.468936,4.370374
43,24.4,3.996406,4.659287
43,24.8,4.397617,5.00407
43,25.2,4.658985,5.384933
43,25.6,4.784219,5.782807
43,26.0,4.78281,6.180063
43,26.4,4.66295,6.560275
43,26.8,4.426374,6.907301
43,27.2,4.061578,7.203475
43,27.6,3.527358,7.425633
43,28.0,2.690824,7.533251
43,28.4,0.994937,7.414083
43,28.8,0.372164,7.166345
43,29.2,0.386134,6.950015
43,29.6,0.401851,6.735904
43,30.0,0.418925,6.524172
43,30.4,0.437551,6.315034
43,30.8,0.457964,6.10874
43,31.2,0.480454,5.905578
43,31.6,0.505387,5.705889
43,32.0,0.533222,5.510077
43,32.4,0.56456,5.318628
43,32.8,0.600199,5.132142
43,33.2,0.641227,4.951366
43,33.6,0.689186,4.777263
43,34.0,0.746351,4.61111
43,34.4,0.816238,4.454667
43,34.8,0.904593,4.310486
43,35.2,1.021347,4.18248
43,35.6,1.184318,4.077004
43,36.0,1.424453,4.004702
43,36.4,1.784423,3.982315
43,36.8,2.287783,4.030409
43,37.2,2.89051,4.163612
43,37.6,3.495672,4.382258
43,38.0,4.018003,4.67419
43,38.4,4.412841,5.021083
43,38.8,4.667736,5.403146
43,39.2,4.786877,5.80137
43,39.6,4.779825,6.198192
43,40.0,4.654587,6.577225
44,0.0,1.099438,7.331188
44,0.4,0.466119,7.044961
44,0.8,0.487355,6.789171
44,1.2,0.515788,6.537802
44,1.6,0.548149,6.291216
44,2.0,0.585425,6.05014
44,2.4,0.62904,5.81551
44,2.8,0.681116,5.588572
44,3.2,0.744992,5.371066
44,3.6,0.826311,5.165555
44,4.0,0.935433,4.97611
44,4.4,1.093103,4.809814
44,4.8,1.342827,4.680082
44,5.2,1.7642,4.612222
44,5.6,2.428029,4.643235
44,6.0,3.268903,4.80104
44,6.4,4.111517,5.085296
44,6.8,4.823288,5.474968
44,7.2,5.35277,5.942067
44,7.6,5.69748,6.458936
44,8.0,5.874669,7.000828
44,8.4,5.905764,7.546308
44,8.8,5.809187,8.076697
44,9.2,5.59681,8.575071
44,9.6,5.270934,9.024841
44,10.0,4.818518,9.407522
44,10.4,4.194544,9.698171
44,10.8,3.256063,9.851817
44,11.2,1.280412,9.728032
44,11.6,0.320428,9.395346
44,12.0,0.331947,9.116799
44,12.4,0.34443,8.840101
44,12.8,0.357907,8.565396
44,13.2,0.372508,8.292849
44,13.6,0.388386,8.022648
44,14.0,0.40573,7.755011
44,14.4,0.424766,7.490187
44,14.8,0.445776,7.22847
44,15.2,0.469116,6.970202
44,15.6,0.495237,6.715795
44,16.0,0.524734,6.465748
44,16.4,0.558403,6.220679
44,16.8,0.597347,5.981364
44,17.2,0.643157,5.74882
44,17.6,0.698238,5.524411
44,18.0,0.766447,5.310071
44,18.4,0.854456,5.108707
44,18.8,0.974826,4.925053
44,19.2,1.153261,4.767572
44,19.6,1.443094,4.652522
44,20.0,1.931198,4.609362
44,20.4,2.660924,4.675417
44,20.8,3.520709,4.87116
44,21.2,4.335065,5.188678
44,21.6,4.996378,5.603761
44,22.0,5.471222,6.08804
44,22.4,5.765177,6.614566
44,22.8,5.897822,7.159569
44,23.2,5.890221,7.702494
44,23.6,5.759188,8.225293
44,24.0,5.514174,8.711306
44,24.4,5.153867,9.143683
44,24.8,4.658572,9.50272
44,25.2,3.966357,9.759869
44,25.6,2.864988,9.857224
44,26.0,0.463674,9.603852
44,26.4,0.323631,9.314357
44,26.8,0.335472,9.036336
44,27.2,0.348232,8.760201
44,27.6,0.362021,8.486103
44,28.0,0.376975,8.214216
44,28.4,0.393257,7.944735
44,28.8,0.411066,7.677887
44,29.2,0.430643,7.413932
44,29.6,0.452289,7.153177
44,30.0,0.476384,6.895983
44,30.4,0.503416,6.642786
44,30.8,0.534029,6.394113
44,31.2,0.569098,6.150624
44,31.6,0.609842,5.913156
44,32.0,0.658045,5.682811
44,32.4,0.716448,5.461091
44,32.8,0.789534,5.250157
44,33.2,0.885246,5.053327
44,33.6,1.018931,4.876151
44,34.0,1.222506,4.72881
44,34.4,1.560211,4.630933
44,34.8,2.119827,4.615818
44,35.2,2.90517,4.718721
44,35.6,3.768109,4.951627
44,36.0,4.545238,5.30029
44,36.4,5.153539,5.738365
44,36.8,5.574373,6.237546
44,37.2,5.819294,6.771729
44,37.6,5.909201,7.318117
44,38.0,5.864338,7.856977
44,38.4,5.699663,8.370793
44,38.8,5.421944,8.843044
44,39.2,5.025671,9.256403
44,39.6,4.482747,9.589489
44,40.0,3.707291,9.808735
45,0.0,2.676457,9.797391
45,0.4,0.243326,9.557821
45,0.8,0.247408,9.361982
45,1.2,0.253173,9.166947
45,1.6,0.259207,8.972672
45,2.0,0.265528,8.779195
45,2.4,0.272158,8.586553
45,2.8,0.27912,8.394789
45,3.2,0.286439,8.203948
45,3.6,0.294143,8.014078
45,4.0,0.302265,7.825232
45,4.4,0.310839,7.637466
45,4.8,0.319905,7.450844
45,5.2,0.329506,7.265432
45,5.6,0.339693,7.081304
45,6.0,0.350522,6.898541
45,6.4,0.362057,6.717232
45,6.8,0.374371,6.537475
45,7.2,0.387549,6.359379
45,7.6,0.401687,6.183064
45,8.0,0.4169,6.008667
45,8.4,0.433319,5.836339
45,8.8,0.451104,5.666252
45,9.2,0.470443,5.498601
45,9.6,0.491562,5.333611
45,10.0,0.514741,5.17154
45,10.4,0.540325,5.012691
45,10.8,0.568748,4.857422
45,11.2,0.60057,4.706158
45,11.6,0.636525,4.55942
45,12.0,0.677602,4.417848
45,12.4,0.725173,4.282259
45,12.8,0.781217,4.15371
45,13.2,0.848696,4.033632
45,13.6,0.93225,3.924027
45,14.0,1.039466,3.827838
45,14.4,1.183047,3.74958
45,14.8,1.383648,3.696345
45,15.2,1.669538,3.678839
45,15.6,2.062286,3.710752
45,16.0,2.546863,3.804188
45,16.4,3.063066,3.963501
45,16.8,3.538979,4.183524
45,17.2,3.923754,4.452475
45,17.6,4.193515,4.755604
45,18.0,4.342809,5.077581
45,18.4,4.374797,5.403563
45,18.8,4.293953,5.719336
45,19.2,4.100396,6.01076
45,19.6,3.783043,6.262395
45,20.0,3.304504,6.454341
45,20.4,2.548096,6.553029
45,20.8,1.073133,6.473586
45,21.2,0.396232,6.272491
45,21.6,0.409031,6.09702
45,22.0,0.424817,5.92362
45,22.4,0.441887,5.752372
45,22.8,0.460411,5.583457
45,23.2,0.480594,5.417085
45,23.6,0.502688,5.253496
45,24.0,0.527002,5.09297
45,24.4,0.553921,4.935834
45,24.8,0.583938,4.782476
45,25.2,0.617688,4.633367
45,25.6,0.656019,4.489081
45,26.0,0.700088,4.350338
45,26.4,0.751531,4.21806
45,26.8,0.812747,4.093471
45,27.2,0.88741,3.978247
45,27.6,0.981402,3.874796
45,28.0,1.104489,3.786731
45,28.4,1.272965,3.719691
45,28.8,1.511819,3.682455
45,29.2,1.849139,3.687493
45,29.6,2.292136,3.748525
45,30.0,2.801568,3.874449
45,30.4,3.30607,4.06478
45,30.8,3.741703,4.310604
45,31.2,4.071483,4.598288
45,31.6,4.281924,4.912587
45,32.0,4.372889,5.238344
45,32.4,4.348952,5.561054
45,32.8,4.213136,5.866652
45,33.2,3.961156,6.1406
45,33.6,3.571966,6.365856
45,34.0,2.981211,6.517748
45,34.4,1.965774,6.5459
45,34.8,0.445224,6.364783
45,35.2,0.40152,6.185889
45,35.6,0.416646,6.011457
45,36.0,0.433045,5.839094
45,36.4,0.450806,5.668969
45,36.8,0.470118,5.501278
45,37.2,0.491207,5.336243
45,37.6,0.51435,5.174123
45,38.0,0.539892,5.01522
45,38.4,0.568266,4.859889
45,38.8,0.600028,4.708557
45,39.2,0.635909,4.561741
45,39.6,0.676894,4.420081
45,40.0,0.724347,4.284388
46,0.0,2.869526,8.708581
46,0.4,1.420661,8.607653
46,0.8,0.382582,8.317941
46,1.2,0.396806,8.069202
46,1.6,0.413244,7.822676
46,2.0,0.431185,7.578512
46,2.4,0.450862,7.33694
46,2.8,0.47257,7.098227
46,3.2,0.496679,6.862689
46,3.6,0.523668,6.630703
46,4.0,0.554171,6.402733
46,4.4,0.58905,6.179353
46,4.8,0.629521,5.961298
46,5.2,0.677378,5.749534
46,5.6,0.735415,5.545394
46,6.0,0.80831,5.350815
46,6.4,0.90461,5.168836
46,6.8,1.041645,5.004713
46,7.2,1.258032,4.868626
46,7.6,1.638128,4.781664
46,8.0,2.300972,4.781482
46,8.4,3.236178,4.906469
46,8.8,4.236952,5.165963
46,9.2,5.113771,5.54209
46,9.6,5.787921,6.00693
46,10.0,6.251573,6.532251
46,10.4,6.52547,7.092952
46,10.8,6.637194,7.66773
46,11.2,6.611941,8.238655
46,11.6,6.468927,8.790337
46,12.0,6.219755,9.308914
46,12.4,5.8666,9.78082
46,12.8,5.397821,10.191
46,13.2,4.775054,10.519531
46,13.6,3.885988,10.732508
46,14.0,2.24817,10.739372
46,14.4,0.291781,10.420741
46,14.8,0.299977,10.15927
46,15.2,0.309136,9.899031
46,15.6,0.318878,9.640075
46,16.0,0.329264,9.382487
46,16.4,0.340362,9.126361
46,16.8,0.352251,8.871801
46,17.2,0.365026,8.618924
46,17.6,0.378793,8.36786
46,18.0,0.393681,8.118757
46,18.4,0.409844,7.871783
46,18.8,0.427467,7.62713
46,19.2,0.446776,7.385019
46,19.6,0.468051,7.145711
46,20.0,0.491645,6.90951
46,20.4,0.518014,6.67678
46,20.8,0.547755,6.447965
46,21.2,0.581675,6.223615
46,21.6,0.620907,6.004426
46,22.0,0.667104,5.791312
46,22.4,0.72281,5.585517
46,22.8,0.792219,5.388829
46,23.2,0.882846,5.204006
46,23.6,1.009609,5.035717
46,24.0,1.205253,4.892806
46,24.4,1.543013,4.793533
46,24.8,2.142679,4.772448
46,25.2,3.036148,4.870513
46,25.6,4.042387,5.103944
46,26.0,4.953521,5.45886
46,26.4,5.670331,5.908287
46,26.8,6.1749,6.423644
46,27.2,6.484562,6.979094
46,27.6,6.626545,7.55259
46,28.0,6.626922,8.125584
46,28.4,6.506261,8.682255
46,28.8,6.277801,9.208524
46,29.2,5.945823,9.690884
46,29.6,5.502057,10.11477
46,30.0,4.915408,10.461663
46,30.4,4.09651,10.701857
46,30.8,2.707561,10.765252
46,31.2,0.295394,10.473456
46,31.6,0.298211,10.211448
46,32.0,0.30726,9.950962
46,32.4,0.316881,9.691743
46,32.8,0.327132,9.433874
46,33.2,0.338082,9.177448
46,33.6,0.349807,8.922566
46,34.0,0.362396,8.669342
46,34.4,0.375955,8.417904
46,34.8,0.390608,8.168396
46,35.2,0.406502,7.920982
46,35.6,0.423817,7.675848
46,36.0,0.442768,7.43321
46,36.4,0.463624,7.193319
46,36.8,0.486722,6.95647
46,37.2,0.512494,6.723013
46,37.6,0.541504,6.493376
46,38.0,0.574511,6.268082
46,38.4,0.612569,6.047797
46,38.8,0.657206,5.833381
46,39.2,0.710744,5.626002
46,39.6,0.776955,5.427312
46,40.0,0.862475,5.239826
47,0.0,4.187268,5.395844
47,0.4,4.326142,5.825188
47,0.8,4.325085,6.253358
47,1.2,4.187257,6.655705
47,1.6,3.907215,7.006689
47,2.0,3.45666,7.27582
47,2.4,2.740721,7.416209
47,2.8,1.383856,7.317527
47,3.2,0.399039,6.986573
47,3.6,0.415715,6.705625
47,4.0,0.439563,6.42933
47,4.4,0.4664,6.157898
47,4.8,0.496857,5.891986
47,5.2,0.531786,5.632403
47,5.6,0.572351,5.38017
47,6.0,0.620204,5.136608
47,6.4,0.677779,4.903474
47,6.8,0.748842,4.683206
47,7.2,0.839547,4.479347
47,7.6,0.960521,4.297348
47,8.0,1.130779,4.14608
47,8.4,1.38283,4.040313
47,8.8,1.758655,4.002719
47,9.2,2.272718,4.059247
47,9.6,2.866576,4.225078
47,10.0,3.438024,4.495593
47,10.4,3.906569,4.851033
47,10.8,4.233835,5.265027
47,11.2,4.410932,5.710055
47,11.6,4.442269,6.159692
47,12.0,4.334101,6.588793
47,12.4,4.085954,6.972215
47,12.8,3.679476,7.281611
47,13.2,3.049138,7.477235
47,13.6,1.95079,7.478027
47,14.0,0.418965,7.165219
47,14.4,0.402203,6.879527
47,14.8,0.424423,6.600486
47,15.2,0.449342,6.325963
47,15.6,0.477464,6.056536
47,16.0,0.5095,5.792915
47,16.4,0.546404,5.535981
47,16.8,0.5895,5.286856
47,17.2,0.640691,5.047004
47,17.6,0.702831,4.818407
47,18.0,0.780426,4.603854
47,18.4,0.880996,4.407489
47,18.8,1.017765,4.235826
47,19.2,1.214337,4.099634
47,19.6,1.50854,4.016612
47,20.0,1.938433,4.011829
47,20.4,2.493523,4.108988
47,20.8,3.090847,4.316013
47,21.2,3.630444,4.621526
47,21.6,4.048028,5.002378
47,22.0,4.318459,5.431323
47,22.4,4.43955,5.881123
47,22.8,4.417518,6.3259
47,23.2,4.257056,6.74074
47,23.6,3.952663,7.099816
47,24.0,3.473673,7.371938
47,24.4,2.715542,7.507869
47,24.8,1.254556,7.386743
47,25.2,0.392036,7.055159
47,25.6,0.410312,6.773383
47,26.0,0.433518,6.495992
47,26.4,0.459578,6.223324
47,26.8,0.489088,5.956004
47,27.2,0.522837,5.694799
47,27.6,0.561904,5.440674
47,28.0,0.6078,5.194865
47,28.4,0.662732,4.959006
47,28.8,0.73007,4.73534
47,29.2,0.815248,4.527086
47,29.6,0.92753,4.339129
47,30.0,1.083418,4.179315
47,30.4,1.311819,4.060719
47,30.8,1.654216,4.004125
47,31.2,2.137063,4.035734
47,31.6,2.720526,4.174692
47,32.0,3.306397,4.421182
47,32.4,3.804957,4.758294
47,32.8,4.168166,5.160614
47,33.2,4.381599,5.600593
47,33.6,4.447672,6.05146
47,34.0,4.373023,6.487824
47,34.4,4.159609,6.884741
47,34.8,3.794949,7.215106
47,35.2,3.230152,7.44328
47,35.6,2.292705,7.504185
47,36.0,0.561209,7.244653
47,36.4,0.3973,6.947915
47,36.8,0.418792,6.667843
47,37.2,0.44302,6.392174
47,37.6,0.470307,6.121451
47,38.0,0.501316,5.856346
47,38.4,0.536932,5.597696
47,38.8,0.578377,5.346556
47,39.2,0.627384,5.104294
47,39.6,0.686531,4.872745
47,40.0,0.759829,4.654465
48,0.0,2.496736,6.555293
48,0.4,1.168551,6.476433
48,0.8,0.413032,6.268847
48,1.2,0.424087,6.088809
48,1.6,0.441192,5.911192
48,2.0,0.459774,5.735964
48,2.4,0.480029,5.563338
48,2.8,0.502211,5.393563
48,3.2,0.526632,5.226927
48,3.6,0.553682,5.063766
48,4.0,0.583857,4.904484
48,4.4,0.617797,4.749562
48,4.8,0.656356,4.599595
48,5.2,0.700693,4.455323
48,5.6,0.752436,4.317698
48,6.0,0.813959,4.187971
48,6.4,0.888848,4.067855
48,6.8,0.982742,3.95978
48,7.2,1.104751,3.867339
48,7.6,1.26948,3.795994
48,8.0,1.498171,3.753965
48,8.4,1.813132,3.752464
48,8.8,2.218593,3.803451
48,9.2,2.681526,3.914603
48,9.6,3.142203,4.085548
48,10.0,3.544971,4.30848
48,10.4,3.855592,4.571207
48,10.8,4.060115,4.859886
48,11.2,4.15702,5.16061
48,11.6,4.149872,5.460014
48,12.0,4.04186,5.745191
48,12.4,3.831093,6.00303
48,12.8,3.503963,6.218728
48,13.2,3.019172,6.372363
48,13.6,2.250716,6.428674
48,14.0,0.83716,6.305093
48,14.4,0.424228,6.107942
48,14.8,0.43931,5.929997
48,15.2,0.45772,5.754504
48,15.6,0.477786,5.58159
48,16.0,0.499749,5.411499
48,16.4,0.523914,5.244513
48,16.8,0.550663,5.080964
48,17.2,0.580477,4.921247
48,17.6,0.61398,4.765835
48,18.0,0.651999,4.615308
48,18.4,0.695652,4.470389
48,18.8,0.746511,4.332003
48,19.2,0.806848,4.201363
48,19.6,0.880091,4.080124
48,20.0,0.971604,3.970621
48,20.4,1.090038,3.876295
48,20.8,1.249316,3.802367
48,21.2,1.470045,3.756729
48,21.6,1.775085,3.750321
48,22.0,2.171781,3.795233
48,22.4,2.631218,3.899844
48,22.8,3.095081,4.064686
48,23.2,3.506056,4.282611
48,23.6,3.82745,4.541748
48,24.0,4.043493,4.828332
48,24.4,4.151727,5.12842
48,24.8,4.155463,5.428582
48,25.2,4.058151,5.715886
48,25.6,3.858689,5.977293
48,26.0,3.545203,6.19829
48,26.4,3.080787,6.359789
48,26.8,2.35457,6.429164
48,27.2,1.008936,6.329059
48,27.6,0.424135,6.127088
48,28.0,0.437442,5.948828
48,28.4,0.455684,5.773073
48,28.8,0.475563,5.599874
48,29.2,0.497311,5.429469
48,29.6,0.521225,5.262138
48,30.0,0.547678,5.098206
48,30.4,0.577139,4.93806
48,30.8,0.610214,4.782164
48,31.2,0.647705,4.631085
48,31.6,0.690693,4.485529
48,32.0,0.740691,4.346395
48,32.4,0.799881,4.214861
48,32.8,0.871538,4.092524
48,33.2,0.960766,3.981632
48,33.6,1.075782,3.885479
48,34.0,1.229846,3.809059
48,34.4,1.442889,3.759937
48,34.8,1.738117,3.748763
48,35.2,2.125711,3.787699
48,35.6,2.580958,3.885777
48,36.0,3.047337,4.04443
48,36.4,3.466105,4.257212
48,36.8,3.798101,4.5126
48,37.2,4.025644,4.79693
48,37.6,4.145249,5.09623
48,38.0,4.159912,5.397005
48,38.4,4.073292,5.686289
48,38.8,3.885012,5.951101
48,39.2,3.584786,6.177189
48,39.6,3.139639,6.346205
48,40.0,2.451738,6.42783
49,0.0,1.991358,5.419974
49,0.4,1.697609,5.383169
49,0.8,1.266228,5.294169
49,1.2,0.846696,5.152105
49,1.6,0.731104,4.998534
49,2.0,0.755288,4.851076
49,2.4,0.809686,4.710668
49,2.8,0.880085,4.578743
49,3.2,0.969454,4.457502
49,3.6,1.08657,4.35025
49,4.0,1.246864,4.262154
49,4.4,1.47469,4.201326
49,4.8,1.799394,4.179507
49,5.2,2.233656,4.210106
49,5.6,2.74577,4.302562
49,6.0,3.268305,4.457703
49,6.4,3.737054,4.668415
49,6.8,4.113665,4.923184
49,7.2,4.384148,5.20913
49,7.6,4.549361,5.513691
49,8.0,4.616812,5.825321
49,8.4,4.595434,6.13358
49,8.8,4.492498,6.428899
49,9.2,4.311454,6.702107
49,9.6,4.049464,6.943673
49,10.0,3.692543,7.142386
49,10.4,3.2025,7.282518
49,10.8,2.470569,7.335695
49,11.2,1.123852,7.230068
49,11.6,0.413128,7.014992
49,12.0,0.423812,6.828518
49,12.4,0.439601,6.644115
49,12.8,0.456669,6.461743
49,13.2,0.475178,6.281573
49,13.6,0.495335,6.103802
49,14.0,0.517393,5.928656
49,14.4,0.541665,5.7564
49,14.8,0.568543,5.587345
49,15.2,0.598532,5.421861
49,15.6,0.632289,5.2604
49,16.0,0.670698,5.103517
49,16.4,0.714976,4.951913
49,16.8,0.766866,4.806497
49,17.2,0.828953,4.668489
49,17.6,0.905251,4.539588
49,18.0,1.002267,4.42227
49,18.4,1.130896,4.320316
49,18.8,1.309269,4.239683
49,19.2,1.564377,4.189611
49,19.6,1.923659,4.18277
49,20.0,2.387997,4.232028
49,20.4,2.911263,4.344405
49,20.8,3.42288,4.51795
49,21.2,3.865687,4.743777
49,21.6,4.20978,5.009683
49,22.0,4.446858,5.302761
49,22.4,4.580592,5.610727
49,22.8,4.619374,5.922388
49,23.2,4.571884,6.227615
49,23.6,4.444419,6.517024
49,24.0,4.238791,6.78143
49,24.4,3.949404,7.010961
49,24.8,3.556837,7.193425
49,25.2,3.009061,7.310505
49,25.6,2.147674,7.325597
49,26.0,0.63269,7.154815
49,26.4,0.41418,6.956539
49,26.8,0.428604,6.7708
49,27.2,0.44478,6.587014
49,27.6,0.462278,6.405309
49,28.0,0.481276,6.225865
49,28.4,0.501997,6.048887
49,28.8,0.524708,5.874612
49,29.2,0.549746,5.703318
49,29.6,0.577535,5.535334
49,30.0,0.608619,5.371052
49,30.4,0.643719,5.210953
49,30.8,0.683808,5.055633
49,31.2,0.730241,4.905849
49,31.6,0.784981,4.762595
49,32.0,0.85098,4.627216
49,32.4,0.932882,4.501613
49,32.8,1.038311,4.3886
49,33.2,1.180087,4.292522
49,33.6,1.379143,4.220251
49,34.0,1.664362,4.182187
49,34.4,2.058445,4.191614
49,34.8,2.548091,4.260218
49,35.2,3.075263,4.392278
49,35.6,3.570293,4.583304
49,36.0,3.984314,4.823011
49,36.4,4.295184,5.098763
49,36.8,4.499303,5.397755
49,37.2,4.602444,5.708021
49,37.6,4.613458,6.018719
49,38.0,4.54052,6.319997
49,38.4,4.388758,6.602604
49,38.8,4.158075,6.857259
49,39.2,3.839552,7.073599
49,39.6,3.406713,7.238112
49,40.0,2.78778,7.328879
50,0.0,1.266235,7.566602
50,0.4,0.193717,7.329173
50,0.8,0.198908,7.146367
50,1.2,0.204365,6.964561
50,1.6,0.210108,6.783807
50,2.0,0.21616,6.604162
50,2.4,0.222543,6.425687
50,2.8,0.229285,6.248447
50,3.2,0.236415,6.072513
50,3.6,0.243966,5.897961
50,4.0,0.251973,5.724875
50,4.4,0.260478,5.553346
50,4.8,0.269525,5.383473
50,5.2,0.279165,5.215364
50,5.6,0.289453,5.049137
50,6.0,0.300453,4.884922
50,6.4,0.312236,4.722862
50,6.8,0.324883,4.563113
50,7.2,0.338486,4.405851
50,7.6,0.353146,4.251268
50,8.0,0.368983,4.099577
50,8.4,0.386132,3.951019
50,8.8,0.404746,3.805858
50,9.2,0.425001,3.664394
50,9.6,0.447103,3.526962
50,10.0,0.471282,3.393941
50,10.4,0.497809,3.265755
50,10.8,0.526991,3.142889
50,11.2,0.559179,3.025887
50,11.6,0.59477,2.915368
50,12.0,0.634206,2.812031
50,12.4,0.677966,2.716663
50,12.8,0.726539,2.63014
50,13.2,0.78038,2.553426
50,13.6,0.83982,2.487548
50,14.0,0.904907,2.433553
50,14.4,0.975173,2.392415
50,14.8,1.049305,2.364891
50,15.2,1.124758,2.351301
50,15.6,1.197453,2.351249
50,16.0,1.261725,2.363324
50,16.4,1.310752,2.384873
50,16.8,1.337587,2.411943
50,17.2,1.336834,2.439524
50,17.6,1.306911,2.462192
50,18.0,1.252653,2.47524
50,18.4,1.186849,2.476149
50,18.8,1.127461,2.465691
50,19.2,1.089372,2.447595
50,19.6,1.077475,2.426753
50,20.0,1.087966,2.407467
50,20.4,1.113791,2.392727
50,20.8,1.148029,2.384219
50,21.2,1.184659,2.382501
50,21.6,1.218379,2.387138
50,22.0,1.244514,2.396822
50,22.4,1.259285,2.409521
50,22.8,1.26041,2.422738
50,23.2,1.247859,2.433912
50,23.6,1.224402,2.440929
50,24.0,1.195464,2.442628
50,24.4,1.16784,2.439101
50,24.8,1.147534,2.431599
50,25.2,1.137909,2.422067
50,25.6,1.139241,2.412564
50,26.0,1.14954,2.40481
50,26.4,1.165679,2.39996
50,26.8,1.184224,2.39853
50,27.2,1.201892,2.400425
50,27.6,1.215845,2.40501
50,28.0,1.223964,2.411242
50,28.4,1.225139,2.417847
50,28.8,1.219513,2.423547
50,29.2,1.208547,2.427307
50,29.6,1.194783,2.428544
50,30.0,1.18125,2.427234
50,30.4,1.170692,2.423878
50,30.8,1.164899,2.419335
50,31.2,1.164422,2.414591
50,31.6,1.168685,2.410547
50,32.0,1.176335,2.407867
50,32.4,1.18563,2.406894
50,32.8,1.194769,2.407635
50,33.2,1.202162,2.409799
50,33.6,1.206634,2.412863
50,34.0,1.207594,2.416184
50,34.4,1.205116,2.419114
50,34.8,1.199925,2.42113
50,35.2,1.193237,2.421923
50,35.6,1.186489,2.421451
50,36.0,1.181007,2.419923
50,36.4,1.177728,2.417734
50,36.8,1.177045,2.415361
50,37.2,1.178805,2.413267
50,37.6,1.182418,2.411812
50,38.0,1.187029,2.411199
50,38.4,1.191705,2.411461
50,38.8,1.19559,2.412469
50,39.2,1.198045,2.413967
50,39.6,1.19874,2.415633
50,40.0,1.19769,2.417139
51,0.0,1.575488,9.525823
51,0.4,0.298742,9.10201
51,0.8,0.311636,8.766154
51,1.2,0.325997,8.433155
51,1.6,0.34174,8.103262
51,2.0,0.359078,7.776791
51,2.4,0.378275,7.454108
51,2.8,0.399661,7.135646
51,3.2,0.423648,6.821919
51,3.6,0.450771,6.513546
51,4.0,0.48173,6.211285
51,4.4,0.517468,5.916081
51,4.8,0.559292,5.629135
51,5.2,0.609083,5.352021
51,5.6,0.669661,5.086867
51,6.0,0.745484,4.836678
51,6.4,0.844029,4.605928
51,6.8,0.978565,4.401694
51,7.2,1.173276,4.235806
51,7.6,1.468406,4.128138
51,8.0,1.907137,4.107628
51,8.4,2.481254,4.202189
51,8.8,3.101224,4.421006
51,9.2,3.658825,4.750416
51,9.6,4.086272,5.163369
51,10.0,4.358504,5.628542
51,10.4,4.474564,6.114965
51,10.8,4.441791,6.593397
51,11.2,4.265313,7.035732
51,11.6,3.938743,7.412671
51,12.0,3.427237,7.688225
51,12.4,2.608965,7.803408
51,12.8,0.996785,7.607196
51,13.2,0.3931,7.244484
51,13.6,0.415096,6.928986
51,14.0,0.441073,6.618698
51,14.4,0.470624,6.314245
51,14.8,0.504596,6.016499
51,15.2,0.544155,5.726564
51,15.6,0.590953,5.44587
51,16.0,0.647429,5.176326
51,16.4,0.717372,4.92059
51,16.8,0.806999,4.682537
51,17.2,0.927148,4.468172
51,17.6,1.097534,4.287369
51,18.0,1.352772,4.156862
51,18.4,1.739111,4.102871
51,18.8,2.273316,4.155678
51,19.2,2.890642,4.332388
51,19.6,3.479814,4.626462
51,20.0,3.95654,5.014205
51,20.4,4.282955,5.465022
51,20.8,4.451928,5.947541
51,21.2,4.469346,6.431909
51,21.6,4.342088,6.889798
51,22.0,4.068957,7.292717
51,22.4,3.628008,7.607959
51,22.8,2.940526,7.787835
51,23.2,1.696823,7.727384
51,23.6,0.396561,7.354637
51,24.0,0.406898,7.036655
51,24.4,0.431793,6.724535
51,24.8,0.460035,6.417991
51,25.2,0.492378,6.117833
51,25.6,0.529863,5.825076
51,26.0,0.573951,5.541024
51,26.4,0.626764,5.267401
51,26.8,0.69154,5.006566
51,27.2,0.773489,4.761903
51,27.6,0.881511,4.538543
51,28.0,1.031632,4.344761
51,28.4,1.252778,4.194536
51,28.8,1.589346,4.110809
51,29.2,2.075612,4.123982
51,29.6,2.676419,4.257734
51,30.0,3.28713,4.513588
51,30.4,3.808853,4.872468
51,30.8,4.188769,5.305219
51,31.2,4.411448,5.78032
51,31.6,4.479939,6.267304
51,32.0,4.401855,6.737425
51,32.4,4.179821,7.162552
51,32.8,3.801149,7.512126
51,33.2,3.214252,7.745716
51,33.6,2.232322,7.78797
51,34.0,0.505278,7.473582
51,34.4,0.39912,7.14491
51,34.8,0.422905,6.831027
51,35.2,0.449927,6.522487
51,35.6,0.480762,6.220035
51,36.0,0.516343,5.924609
51,36.4,0.557966,5.637401
51,36.8,0.60749,5.359972
51,37.2,0.667699,5.094431
51,37.6,0.74299,4.84375
51,38.0,0.840718,4.612347
51,38.4,0.973927,4.407199
51,38.8,1.166386,4.239955
51,39.2,1.457887,4.130207
51,39.6,1.892119,4.1067
51,40.0,2.463234,4.197641
52,0.0,1.46196,4.126888
52,0.4,1.633832,4.089339
52,0.8,1.90597,4.090052
52,1.2,2.284816,4.144346
52,1.6,2.74258,4.263784
52,2.0,3.218237,4.451057
52,2.4,3.647229,4.699369
52,2.8,3.985074,4.995537
52,3.2,4.210221,5.323428
52,3.6,4.316453,5.666156
52,4.0,4.304267,6.007007
52,4.4,4.173733,6.329354
52,4.8,3.917398,6.615607
52,5.2,3.508152,6.844543
52,5.6,2.863135,6.983948
52,6.0,1.670557,6.961541
52,6.4,0.400777,6.721379
52,6.8,0.404665,6.510922
52,7.2,0.422145,6.303559
52,7.6,0.441247,6.098887
52,8.0,0.46221,5.897167
52,8.4,0.48534,5.698703
52,8.8,0.511019,5.503855
52,9.2,0.53974,5.313049
52,9.6,0.572137,5.126803
52,10.0,0.609063,4.945753
52,10.4,0.651686,4.770697
52,10.8,0.701665,4.602667
52,11.2,0.761463,4.443037
52,11.6,0.834908,4.293713
52,12.0,0.928281,4.157471
52,12.4,1.05243,4.038589
52,12.8,1.226553,3.944001
52,13.2,1.482559,3.885121
52,13.6,1.859628,3.879093
52,14.0,2.369295,3.94524
52,14.4,2.95693,4.095265
52,14.8,3.528661,4.326895
52,15.2,4.009008,4.626737
52,15.6,4.360493,4.976178
52,16.0,4.573642,5.35548
52,16.4,4.652734,5.745673
52,16.8,4.605621,6.128991
52,17.2,4.436955,6.48839
52,17.6,4.141866,6.806212
52,18.0,3.694503,7.061341
52,18.4,3.01241,7.221718
52,18.8,1.77806,7.214643
52,19.2,0.382452,6.970286
52,19.6,0.385927,6.757229
52,20.0,0.40178,6.546998
52,20.4,0.419014,6.339194
52,20.8,0.437822,6.13404
52,21.2,0.458444,5.931789
52,21.6,0.481174,5.732739
52,22.0,0.506381,5.537238
52,22.4,0.534536,5.3457
52,22.8,0.566244,5.158625
52,23.2,0.602315,4.976625
52,23.6,0.643852,4.800468
52,24.0,0.692412,4.631137
52,24.4,0.750288,4.469938
52,24.8,0.821015,4.318665
52,25.2,0.910336,4.179911
52,25.6,1.028092,4.057629
52,26.0,1.191692,3.95818
52,26.4,1.430714,3.892063
52,26.8,1.784596,3.875482
52,27.2,2.273302,3.927977
52,27.6,2.853914,4.063279
52,28.0,3.434812,4.281537
52,28.4,3.934634,4.570846
52,28.8,4.309641,4.913132
52,29.2,4.546609,5.288664
52,29.6,4.6483,5.678277
52,30.0,4.622493,6.064009
52,30.4,4.474811,6.42876
52,30.8,4.202593,6.755122
52,31.2,3.785008,7.022903
52,31.6,3.154697,7.202944
52,32.0,2.067315,7.234578
52,32.4,0.41007,7.008792
52,32.8,0.383331,6.793777
52,33.2,0.398947,6.583147
52,33.6,0.415931,6.374909
52,34.0,0.434451,6.16928
52,34.4,0.45474,5.966508
52,34.8,0.477082,5.766882
52,35.2,0.501831,5.57074
52,35.6,0.529437,5.378484
52,36.0,0.560481,5.190598
52,36.4,0.595729,5.007671
52,36.8,0.636225,4.830441
52,37.2,0.683434,4.659849
52,37.6,0.739492,4.497134
52,38.0,0.807667,4.343989
52,38.4,0.893221,4.202838
52,38.8,1.005091,4.07734
52,39.2,1.159049,3.973339
52,39.6,1.382332,3.900472
52,40.0,1.713764,3.873946
53,0.0,3.364575,8.084287
53,0.4,1.638604,8.06751
53,0.8,0.311353,7.777608
53,1.2,0.321159,7.546185
53,1.6,0.332989,7.316688
53,2.0,0.34571,7.089174
53,2.4,0.359426,6.863799
53,2.8,0.374261,6.640738
53,3.2,0.390363,6.420188
53,3.6,0.407905,6.202374
53,4.0,0.427097,5.987553
53,4.4,0.448192,5.776022
53,4.8,0.471505,5.568127
53,5.2,0.497424,5.364274
53,5.6,0.526443,5.164948
53,6.0,0.559201,4.97073
53,6.4,0.596536,4.782334
53,6.8,0.639587,4.60065
53,7.2,0.689934,4.426816
53,7.6,0.749856,4.26232
53,8.0,0.822757,4.10918
53,8.4,0.913913,3.970232
53,8.8,1.031753,3.849615
53,9.2,1.189705,3.753559
53,9.6,1.407432,3.691382
53,10.0,1.706321,3.675875
53,10.4,2.092003,3.720946
53,10.8,2.534253,3.835779
53,11.2,2.974219,4.01995
53,11.6,3.354575,4.263728
53,12.0,3.638576,4.551647
53,12.4,3.809899,4.865867
53,12.8,3.864613,5.188106
53,13.2,3.802982,5.50024
53,13.6,3.622322,5.783802
53,14.0,3.30827,6.018188
53,14.4,2.815616,6.176016
53,14.8,2.001064,6.208745
53,15.2,0.648526,6.024266
53,15.6,0.446802,5.801113
53,16.0,0.468606,5.592701
53,16.4,0.494183,5.388343
53,16.8,0.522803,5.188448
53,17.2,0.555075,4.993587
53,17.6,0.591812,4.804454
53,18.0,0.634109,4.621917
53,18.4,0.683484,4.447077
53,18.8,0.742114,4.281374
53,19.2,0.813236,4.126752
53,19.6,0.901851,3.985926
53,20.0,1.015923,3.862848
53,20.4,1.168181,3.763444
53,20.8,1.377592,3.69662
53,21.2,1.665974,3.6748
53,21.6,2.042112,3.712014
53,22.0,2.480406,3.818349
53,22.4,2.923949,3.994613
53,22.8,3.313796,4.232022
53,23.2,3.610472,4.515593
53,23.6,3.795592,4.82764
53,24.0,3.864204,5.149878
53,24.4,3.816457,5.464168
53,24.8,3.650401,5.752149
53,25.2,3.353719,5.99363
53,25.6,2.886759,6.162475
53,26.0,2.125621,6.21421
53,26.4,0.781894,6.055556
53,26.8,0.445291,5.826248
53,27.2,0.465742,5.617332
53,27.6,0.490985,5.412474
53,28.0,0.519213,5.21202
53,28.4,0.551012,5.016525
53,28.8,0.587167,4.826668
53,29.2,0.628731,4.643292
53,29.6,0.677164,4.467467
53,30.0,0.734547,4.300585
53,30.4,0.803961,4.144518
53,30.8,0.890146,4.00187
53,31.2,1.000627,3.876413
53,31.6,1.147463,3.773788
53,32.0,1.348888,3.702495
53,32.4,1.626918,3.674567
53,32.8,1.993146,3.704076
53,33.2,2.426634,3.801923
53,33.6,2.872889,3.970151
53,34.0,3.271666,4.200975
53,34.4,3.580768,4.479945
53,34.8,3.779624,4.789558
53,35.2,3.862145,5.111536
53,35.6,3.828262,5.427724
53,36.0,3.676651,5.71984
53,36.4,3.396827,5.968058
53,36.8,2.954017,6.147329
53,37.2,2.240841,6.216684
53,37.6,0.949014,6.086811
53,38.0,0.444781,5.851485
53,38.4,0.462918,5.642018
53,38.8,0.487829,5.436667
53,39.2,0.515675,5.235661
53,39.6,0.547012,5.039542
53,40.0,0.582598,4.848973
54,0.0,4.50002,9.10679
54,0.4,2.894439,9.288288
54,0.8,0.273362,9.030092
54,1.2,0.265525,8.789014
54,1.6,0.273776,8.550246
54,2.0,0.282544,8.312848
54,2.4,0.291878,8.076908
54,2.8,0.301835,7.842524
54,3.2,0.312481,7.609804
54,3.6,0.32389,7.378866
54,4.0,0.336148,7.149844
54,4.4,0.349355,6.922884
54,4.8,0.363628,6.698155
54,5.2,0.379105,6.475843
54,5.6,0.395948,6.256162
54,6.0,0.414355,6.039356
54,6.4,0.434561,5.825706
54,6.8,0.456858,5.615538
54,7.2,0.481608,5.409233
54,7.6,0.509265,5.207245
54,8.0,0.540418,5.01012
54,8.4,0.575835,4.818519
54,8.8,0.616555,4.633269
54,9.2,0.664018,4.455417
54,9.6,0.720294,4.286331
54,10.0,0.788483,4.127856
54,10.4,0.873436,3.982584
54,10.8,0.983093,3.854323
54,11.2,1.130781,3.748931
54,11.6,1.33816,3.675616
54,12.0,1.634329,3.648218
54,12.4,2.038827,3.684006
54,12.8,2.529271,3.79712
54,13.2,3.037256,3.990698
54,13.6,3.487789,4.255557
54,14.0,3.831157,4.574542
54,14.4,4.045304,4.927152
54,14.8,4.125128,5.292242
54,15.2,4.071493,5.648933
54,15.6,3.88209,5.9761
54,16.0,3.540658,6.250256
54,16.4,2.992454,6.439882
54,16.8,2.046797,6.486107
54,17.2,0.498693,6.277325
54,17.6,0.413153,6.054757
54,18.0,0.433052,5.840862
54,18.4,0.455189,5.630433
54,18.8,0.479749,5.423838
54,19.2,0.507181,5.221525
54,19.6,0.538061,5.024031
54,20.0,0.573142,4.832011
54,20.4,0.613442,4.646275
54,20.8,0.660363,4.467854
54,21.2,0.715922,4.298087
54,21.6,0.783125,4.138779
54,22.0,0.866664,3.992454
54,22.4,0.974194,3.862815
54,22.8,1.118559,3.755531
54,23.2,1.320754,3.679523
54,23.6,1.609638,3.648288
54,24.0,2.006485,3.679002
54,24.4,2.492682,3.786328
54,24.8,3.002082,3.974333
54,25.2,3.458738,4.234603
54,25.6,3.810772,4.550382
54,26.0,4.034454,4.901291
54,26.4,4.123864,5.266186
54,26.8,4.079754,5.624168
54,27.2,3.900344,5.954176
54,27.6,3.570891,6.233015
54,28.0,3.041022,6.430096
54,28.4,2.13778,6.489962
54,28.8,0.551438,6.295721
54,29.2,0.411888,6.07017
54,29.6,0.431553,5.856036
54,30.0,0.453531,5.645347
54,30.4,0.477904,5.438464
54,30.8,0.505114,5.235829
54,31.2,0.535725,5.037971
54,31.6,0.570476,4.845534
54,32.0,0.610362,4.659319
54,32.4,0.656752,4.480335
54,32.8,0.711609,4.309896
54,33.2,0.777849,4.149767
54,33.6,0.860013,4.00241
54,34.0,0.96548,3.871419
54,34.4,1.106628,3.762289
54,34.8,1.303792,3.683658
54,35.2,1.585516,3.648676
54,35.6,1.974623,3.674394
54,36.0,2.456214,3.775954
54,36.4,2.966626,3.958341
54,36.8,3.429141,4.213935
54,37.2,3.789724,4.526401
54,37.6,4.022916,4.875502
54,38.0,4.12192,5.240095
54,38.4,4.08733,5.59926
54,38.8,3.917845,5.931993
54,39.2,3.60014,6.215366
54,39.6,3.087856,6.419642
54,40.0,2.223877,6.492446
55,0.0,3.284931,6.497575
55,0.4,1.298862,6.511463
55,0.8,0.305369,6.307489
55,1.2,0.314981,6.137889
55,1.6,0.32537,5.969745
55,2.0,0.336438,5.803145
55,2.4,0.348252,5.638191
55,2.8,0.360891,5.475
55,3.2,0.374443,5.313696
55,3.6,0.389013,5.154423
55,4.0,0.404718,4.997337
55,4.4,0.4217,4.842616
55,4.8,0.440121,4.690459
55,5.2,0.460178,4.541093
55,5.6,0.482103,4.394776
55,6.0,0.50618,4.251806
55,6.4,0.532755,4.112529
55,6.8,0.562258,3.977349
55,7.2,0.595233,3.846745
55,7.6,0.632379,3.721291
55,8.0,0.674613,3.601687
55,8.4,0.723172,3.488801
55,8.8,0.779766,3.383732
55,9.2,0.84684,3.287911
55,9.6,0.928007,3.203253
55,10.0,1.028756,3.132411
55,10.4,1.157535,3.079175
55,10.8,1.326921,3.049035
55,11.2,1.553149,3.049746
55,11.6,1.849534,3.091098
55,12.0,2.211232,3.182619
55,12.4,2.603675,3.329376
55,12.8,2.97264,3.528818
55,13.2,3.266783,3.770924
55,13.6,3.450247,4.040404
55,14.0,3.500932,4.318785
55,14.4,3.400879,4.585168
55,14.8,3.120321,4.81487
55,15.2,2.579982,4.973411
55,15.6,1.501681,4.992892
55,16.0,0.440492,4.830147
55,16.4,0.44181,4.677617
55,16.8,0.46197,4.528498
55,17.2,0.484067,4.382455
55,17.6,0.508342,4.239786
55,18.0,0.535149,4.100841
55,18.4,0.564925,3.966031
55,18.8,0.598226,3.835842
55,19.2,0.635766,3.710858
55,19.6,0.678486,3.59179
55,20.0,0.727654,3.479523
55,20.4,0.785033,3.375181
55,20.8,0.853147,3.280228
55,21.2,0.935735,3.196631
55,21.6,1.038493,3.127123
55,22.0,1.170178,3.075612
55,22.4,1.343748,3.047766
55,22.8,1.575571,3.05154
55,23.2,1.878098,3.096828
55,23.6,2.244178,3.192955
55,24.0,2.636841,3.344417
55,24.4,3.00125,3.547978
55,24.8,3.28712,3.793069
55,25.2,3.459991,4.064063
55,25.6,3.498563,4.342273
55,26.0,3.384618,4.606569
55,26.4,3.086219,4.831773
55,26.8,2.516021,4.981941
55,27.2,1.364765,4.983855
55,27.6,0.435056,4.816851
55,28.0,0.443447,4.664793
55,28.4,0.463776,4.515927
55,28.8,0.486047,4.370158
55,29.2,0.510523,4.227792
55,29.6,0.537564,4.089183
55,30.0,0.567617,3.954747
55,30.4,0.601248,3.824977
55,30.8,0.63919,3.700467
55,31.2,0.682404,3.581942
55,31.6,0.732195,3.470303
55,32.0,0.790377,3.366698
55,32.4,0.859558,3.272628
55,32.8,0.943608,3.190112
55,33.2,1.048437,3.121965
55,33.6,1.183124,3.07222
55,34.0,1.360999,3.046725
55,34.4,1.598518,3.053636
55,34.8,1.907143,3.102931
55,35.2,2.277328,3.203697
55,35.6,2.669798,3.359841
55,36.0,3.029278,3.567443
55,36.4,3.306627,3.815404
55,36.8,3.468757,4.087775
55,37.2,3.495091,4.365661
55,37.6,3.367043,4.627691
55,38.0,3.050242,4.848148
55,38.4,2.448254,4.989463
55,38.8,1.220978,4.972739
55,39.2,0.432432,4.803671
55,39.6,0.445103,4.651991
55,40.0,0.465596,4.503377
56,0.0,1.207847,9.549051
56,0.4,0.191775,9.350995
56,0.8,0.19515,9.196565
56,1.2,0.19864,9.042563
56,1.6,0.202252,8.889004
56,2.0,0.205992,8.735902
56,2.4,0.209866,8.583275
56,2.8,0.213881,8.431139
56,3.2,0.218046,8.279513
56,3.6,0.222369,8.128417
56,4.0,0.226858,7.97787
56,4.4,0.231522,7.827895
56,4.8,0.236374,7.678513
56,5.2,0.241423,7.52975
56,5.6,0.246681,7.38163
56,6.0,0.252161,7.234181
56,6.4,0.257879,7.087432
56,6.8,0.263848,6.941414
56,7.2,0.270085,6.796159
56,7.6,0.276609,6.651703
56,8.0,0.283439,6.508082
56,8.4,0.290597,6.365338
56,8.8,0.298107,6.223512
56,9.2,0.305994,6.082652
56,9.6,0.314288,5.942807
56,10.0,0.323019,5.804029
56,10.4,0.332223,5.666378
56,10.8,0.341938,5.529915
56,11.2,0.352208,5.394708
56,11.6,0.36308,5.260831
56,12.0,0.374609,5.128364
56,12.4,0.386855,4.997395
56,12.8,0.399887,4.868019
56,13.2,0.413781,4.740341
56,13.6,0.428627,4.614478
56,14.0,0.444524,4.490558
56,14.4,0.461589,4.368724
56,14.8,0.479956,4.249133
56,15.2,0.49978,4.131965
56,15.6,0.521245,4.017418
56,16.0,0.544566,3.905718
56,16.4,0.57,3.797124
56,16.8,0.597856,3.691929
56,17.2,0.628508,3.590473
56,17.6,0.662416,3.493153
56,18.0,0.700153,3.400433
56,18.4,0.742438,3.312866
56,18.8,0.79019,3.231113
56,19.2,0.844596,3.155982
56,19.6,0.907209,3.088465
56,20.0,0.980065,3.029802
56,20.4,1.065825,2.981552
56,20.8,1.167857,2.945684
56,21.2,1.2901,2.924651
56,21.6,1.436368,2.921384
56,22.0,1.608637,2.939095
56,22.4,1.804313,2.980731
56,22.8,2.013706,3.048113
56,23.2,2.219888,3.141014
56,23.6,2.401724,3.256593
56,24.0,2.538105,3.389382
56,24.4,2.610592,3.53162
56,24.8,2.603102,3.673581
56,25.2,2.4984,3.803481
56,25.6,2.270246,3.906488
56,26.0,1.86668,3.961782
56,26.4,1.204823,3.938027
56,26.8,0.645125,3.835725
56,27.2,0.592505,3.728289
56,27.6,0.617781,3.625439
56,28.0,0.650207,3.526625
56,28.4,0.686508,3.432242
56,28.8,0.72711,3.342807
56,29.2,0.772834,3.258942
56,29.6,0.824762,3.181397
56,30.0,0.884306,3.111096
56,30.4,0.953319,3.049183
56,30.8,1.034229,2.997097
56,31.2,1.130155,2.956654
56,31.6,1.244879,2.930133
56,32.0,1.382394,2.920307
56,32.4,1.545584,2.930331
56,32.8,1.733792,2.963331
56,33.2,1.939986,3.021631
56,33.6,2.149566,3.105808
56,34.0,2.342382,3.213963
56,34.4,2.496884,3.341518
56,34.8,2.59358,3.481466
56,35.2,2.615793,3.624748
56,35.6,2.54731,3.760352
56,36.0,2.366336,3.874711
56,36.4,2.032598,3.949617
56,36.8,1.466575,3.957482
56,37.2,0.762255,3.874661
56,37.6,0.590886,3.765145
56,38.0,0.607578,3.660894
56,38.4,0.638442,3.560637
56,38.8,0.673383,3.464653
56,39.2,0.712403,3.373426
56,39.6,0.75623,3.287539
56,40.0,0.805851,3.207693
57,0.0,4.918283,8.812155
57,0.4,2.481179,9.022853
57,0.8,0.197578,8.745954
57,1.2,0.202122,8.546907
57,1.6,0.207162,8.348729
57,2.0,0.212445,8.151442
57,2.4,0.21799,7.95509
57,2.8,0.223816,7.75972
57,3.2,0.229943,7.565383
57,3.6,0.236395,7.372135
57,4.0,0.243198,7.180034
57,4.4,0.250379,6.989143
57,4.8,0.257971,6.799533
57,5.2,0.266008,6.611278
57,5.6,0.27453,6.42446
57,6.0,0.283579,6.239167
57,6.4,0.293204,6.055497
57,6.8,0.30346,5.873556
57,7.2,0.31441,5.69346
57,7.6,0.326122,5.515339
57,8.0,0.338676,5.339334
57,8.4,0.352164,5.165601
57,8.8,0.366688,4.994316
57,9.2,0.382367,4.825674
57,9.6,0.399341,4.659891
57,10.0,0.417768,4.497213
57,10.4,0.437837,4.337915
57,10.8,0.459766,4.18231
57,11.2,0.483814,4.030756
57,11.6,0.51029,3.88366
57,12.0,0.539559,3.741491
57,12.4,0.572064,3.604794
57,12.8,0.608337,3.474202
57,13.2,0.64902,3.350456
57,13.6,0.694894,3.234427
57,14.0,0.746899,3.127146
57,14.4,0.80615,3.02983
57,14.8,0.873934,2.943915
57,15.2,0.95164,2.871069
57,15.6,1.040569,2.813189
57,16.0,1.141534,2.772313
57,16.4,1.254158,2.750436
57,16.8,1.375932,2.749147
57,17.2,1.50132,2.769118
57,17.6,1.621458,2.809536
57,18.0,1.724858,2.867634
57,18.4,1.798908,2.9385
57,18.8,1.831497,3.015153
57,19.2,1.812109,3.08882
57,19.6,1.732497,3.149322
57,20.0,1.588342,3.185691
57,20.4,1.386311,3.187882
57,20.8,1.163334,3.151646
57,21.2,0.995646,3.085787
57,21.6,0.930284,3.008532
57,22.0,0.941694,2.933571
57,22.4,0.994193,2.86772
57,22.8,1.070304,2.814795
57,23.2,1.163214,2.777566
57,23.6,1.269346,2.758263
57,24.0,1.384731,2.758483
57,24.4,1.503228,2.778806
57,24.8,1.61595,2.81832
57,25.2,1.711801,2.874235
57,25.6,1.778794,2.941714
57,26.0,1.805498,3.013973
57,26.4,1.782081,3.082552
57,26.8,1.701123,3.137715
57,27.2,1.559647,3.169161
57,27.6,1.366455,3.167872
57,28.0,1.159176,3.130814
57,28.4,1.006815,3.066885
57,28.8,0.948215,2.992756
57,29.2,0.960897,2.921071
57,29.6,1.01354,2.858488
57,30.0,1.089925,2.808871
57,30.4,1.183199,2.775016
57,30.8,1.289407,2.759108
57,31.2,1.404081,2.762612
57,31.6,1.520583,2.785891
57,32.0,1.629665,2.827757
57,32.4,1.720121,2.885117
57,32.8,1.780125,2.952862
57,33.2,1.798602,3.023995
57,33.6,1.766203,3.089927
57,34.0,1.676202,3.140903
57,34.4,1.527067,3.166835
57,34.8,1.3311,3.159477
57,35.2,1.131446,3.117541
57,35.6,0.995718,3.05164
57,36.0,0.951264,2.978079
57,36.4,0.971683,2.908264
57,36.8,1.028535,2.84823
57,37.2,1.107752,2.801627
57,37.6,1.2032,2.771151
57,38.0,1.310903,2.758879
57,38.4,1.426022,2.766104
57,38.8,1.541417,2.79293
57,39.2,1.647417,2.837832
57,39.6,1.732628,2.897349
57,40.0,1.785316,2.96602
58,0.0,1.538209,7.216408
58,0.4,0.375352,6.949374
58,0.8,0.386302,6.723748
58,1.2,0.403229,6.50094
58,1.6,0.421725,6.280921
58,2.0,0.442028,6.063962
58,2.4,0.464433,5.85038
58,2.8,0.489306,5.640547
58,3.2,0.517114,5.434906
58,3.6,0.548462,5.233988
58,4.0,0.584147,5.038447
58,4.4,0.625253,4.849097
58,4.8,0.673305,4.666982
58,5.2,0.730522,4.493478
58,5.6,0.80029,4.330466
58,6.0,0.888032,4.180632
58,6.4,1.002873,4.048021
58,6.8,1.160616,3.939028
58,7.2,1.387609,3.864
58,7.6,1.718917,3.838713
58,8.0,2.174076,3.882341
58,8.4,2.718105,4.009004
58,8.8,3.268314,4.219728
58,9.2,3.746021,4.503067
58,9.6,4.105746,4.840692
58,10.0,4.331449,5.212082
58,10.4,4.423345,5.596944
58,10.8,4.387005,5.975954
58,11.2,4.225675,6.330355
58,11.6,3.933003,6.640517
58,12.0,3.47987,6.882617
58,12.4,2.772434,7.019491
58,12.8,1.443718,6.963225
58,13.2,0.393273,6.702204
58,13.6,0.404966,6.479356
58,14.0,0.423622,6.259622
58,14.4,0.444116,6.042977
58,14.8,0.466743,5.829744
58,15.2,0.49188,5.620299
58,15.6,0.520005,5.415093
58,16.0,0.551737,5.214669
58,16.4,0.587896,5.019692
58,16.8,0.629605,4.830998
58,17.2,0.678438,4.649656
58,17.6,0.736706,4.477082
58,18.0,0.807945,4.31522
58,18.4,0.897849,4.16686
58,18.8,1.016037,4.036222
58,19.2,1.17918,3.930005
58,19.6,1.414765,3.859045
58,20.0,1.757908,3.839634
58,20.4,2.224336,3.890911
58,20.8,2.772955,4.025961
58,21.2,3.319104,4.244427
58,21.6,3.786739,4.533931
58,22.0,4.133736,4.875761
58,22.4,4.346224,5.249343
58,22.8,4.425353,5.63447
58,23.2,4.376773,6.011904
58,23.6,4.203143,6.362888
58,24.0,3.896656,6.667572
58,24.4,3.424613,6.901406
58,24.8,2.681237,7.024828
58,25.2,1.247897,6.940139
58,25.6,0.39221,6.680233
58,26.0,0.40671,6.457797
58,26.4,0.425536,6.238352
58,26.8,0.446223,6.022025
58,27.2,0.469077,5.809144
58,27.6,0.494483,5.600091
58,28.0,0.522929,5.395326
58,28.4,0.555053,5.195401
58,28.8,0.591699,5.000998
58,29.2,0.634023,4.812969
58,29.6,0.68366,4.632413
58,30.0,0.743012,4.460788
58,30.4,0.815775,4.300102
58,30.8,0.907929,4.153254
58,31.2,1.02962,4.024651
58,31.6,1.198424,3.921314
58,32.0,1.442956,3.854577
58,32.4,1.798124,3.841232
58,32.8,2.275416,3.900289
58,33.2,2.827769,4.043721
58,33.6,3.369116,4.269807
58,34.0,3.826287,4.565294
58,34.4,4.160436,4.91113
58,34.8,4.359726,5.286713
58,35.2,4.426149,5.671921
58,35.6,4.365359,6.047603
58,36.0,4.179365,6.394983
58,36.4,3.85878,6.693964
58,36.8,3.366947,6.919177
58,37.2,2.584338,7.028339
58,37.6,1.044602,6.913528
58,38.0,0.392483,6.658361
58,38.4,0.408471,6.436266
58,38.8,0.427467,6.217112
58,39.2,0.448351,6.001106
58,39.6,0.471436,5.78858
58,40.0,0.497114,5.579924
59,0.0,2.540358,7.83738
59,0.4,1.73348,7.720795
59,0.8,0.605839,7.358125
59,1.2,0.506812,7.001997
59,1.6,0.544894,6.664254
59,2.0,0.591792,6.336032
59,2.4,0.64868,6.019237
59,2.8,0.719596,5.716706
59,3.2,0.811323,5.432655
59,3.6,0.935916,5.173757
59,4.0,1.115712,4.951242
59,4.4,1.390048,4.784443
59,4.8,1.808813,4.703204
59,5.2,2.381562,4.739427
59,5.6,3.029643,4.907306
59,6.0,3.639534,5.196248
59,6.4,4.134876,5.580867
59,6.8,4.486397,6.031405
59,7.2,4.693364,6.51901
59,7.6,4.766962,7.017548
59,8.0,4.720534,7.503689
59,8.4,4.564233,7.956094
59,8.8,4.301188,8.353928
59,9.2,3.922067,8.674325
59,9.6,3.391337,8.887117
59,10.0,2.597463,8.939724
59,10.4,1.122431,8.695666
59,10.8,0.404883,8.272276
59,11.2,0.426409,7.910702
59,11.6,0.453611,7.5548
59,12.0,0.484729,7.205123
59,12.4,0.520749,6.862658
59,12.8,0.563059,6.528674
59,13.2,0.613683,6.204848
59,13.6,0.675706,5.893487
59,14.0,0.754099,5.597903
59,14.4,0.857383,5.323145
59,14.8,1.001044,5.077414
59,15.2,1.213685,4.874767
59,15.6,1.541678,4.73888
59,16.0,2.027183,4.702431
59,16.4,2.644436,4.792338
59,16.8,3.28943,5.012181
59,17.2,3.858675,5.343777
59,17.6,4.29661,5.758993
59,18.0,4.588083,6.228053
59,18.4,4.73883,6.723122
59,18.8,4.761778,7.219268
59,19.2,4.669463,7.69411
59,19.6,4.469636,8.126739
59,20.0,4.161221,8.495888
59,20.4,3.72676,8.77662
59,20.8,3.110122,8.932575
59,21.2,2.12211,8.889735
59,21.6,0.507024,8.498713
59,22.0,0.412047,8.123549
59,22.4,0.437119,7.764333
59,22.8,0.465826,7.410874
59,23.2,0.498811,7.064016
59,23.6,0.537209,6.724849
59,24.0,0.58263,6.394791
59,24.4,0.637464,6.075742
59,24.8,0.705436,5.770361
59,25.2,0.792695,5.482555
59,25.6,0.910058,5.218432
59,26.0,1.07749,4.988174
59,26.4,1.330926,4.809345
59,26.8,1.720573,4.710031
59,27.2,2.26874,4.72314
59,27.6,2.911846,4.867281
59,28.0,3.535879,5.135884
59,28.4,4.055341,5.505326
59,28.8,4.433576,5.946113
59,29.2,4.666119,6.429021
59,29.6,4.762895,6.927383
59,30.0,4.73734,7.4174
59,30.4,4.600479,7.877461
59,30.8,4.357022,8.286787
59,31.2,4.000521,8.62315
59,31.6,3.502089,8.858355
59,32.0,2.772045,8.946114
59,32.4,1.475139,8.773706
59,32.8,0.40658,8.338896
59,33.2,0.421842,7.975868
59,33.6,0.44841,7.618924
59,34.0,0.478754,7.268051
59,34.4,0.513795,6.924194
59,34.8,0.554836,6.588561
59,35.2,0.603762,6.262744
59,35.6,0.663419,5.948912
59,36.0,0.738345,5.650155
59,36.4,0.836233,5.371129
59,36.8,0.970931,5.119309
59,37.2,1.168111,4.907415
59,37.6,1.471231,4.757156
59,38.0,1.927237,4.700199
59,38.4,2.52686,4.766132
59,38.8,3.175595,4.963273
59,39.2,3.764194,5.276539
59,39.6,4.227979,5.678818
59,40.0,4.54598,6.140257
60,0.0,2.667557,5.39542
60,0.4,2.956712,5.517648
60,0.8,3.243958,5.682357
60,1.2,3.500444,5.884618
60,1.6,3.703777,6.116253
60,2.0,3.839599,6.367087
60,2.4,3.899987,6.625892
60,2.8,3.880471,6.88087
60,3.2,3.776585,7.119614
60,3.6,3.57951,7.328432
60,4.0,3.268382,7.490553
60,4.4,2.790232,7.581439
60,4.8,1.98525,7.553448
60,5.2,0.620813,7.313189
60,5.6,0.453337,7.053998
60,6.0,0.475517,6.809027
60,6.4,0.501112,6.567884
60,6.8,0.52986,6.33099
60,7.2,0.562451,6.098916
60,7.6,0.599825,5.87237
60,8.0,0.64329,5.652257
60,8.4,0.69475,5.439765
60,8.8,0.757088,5.236511
60,9.2,0.83492,5.044796
60,9.6,0.936079,4.868089
60,10.0,1.074562,4.71194
60,10.4,1.275729,4.585685
60,10.8,1.580566,4.504871
60,11.2,2.030296,4.491524
60,11.6,2.614581,4.566214
60,12.0,3.249202,4.735917
60,12.4,3.835107,4.991974
60,12.8,4.31046,5.316838
60,13.2,4.652876,5.690336
60,13.6,4.863354,6.092942
60,14.0,4.952761,6.506973
60,14.4,4.933885,6.916717
60,14.8,4.817153,7.308001
60,15.2,4.607903,7.667399
60,15.6,4.303287,7.981016
60,16.0,3.885808,8.232324
60,16.4,3.304351,8.397265
60,16.8,2.396908,8.428449
60,17.2,0.658455,8.198814
60,17.6,0.388635,7.923143
60,18.0,0.404943,7.667781
60,18.4,0.423055,7.41511
60,18.8,0.442932,7.165374
60,19.2,0.464868,6.918877
60,19.6,0.489229,6.675978
60,20.0,0.516485,6.437108
60,20.4,0.547246,6.202784
60,20.8,0.58233,5.97365
60,21.2,0.622859,5.750513
60,21.6,0.670432,5.53442
60,22.0,0.727427,5.326769
60,22.4,0.797553,5.129513
60,22.8,0.886936,4.945515
60,23.2,1.006299,4.77923
60,23.6,1.175116,4.638017
60,24.0,1.427361,4.534338
60,24.4,1.8086,4.487672
60,24.8,2.338933,4.52083
60,25.2,2.964078,4.647995
60,25.6,3.582311,4.866985
60,26.0,4.112249,5.163311
60,26.4,4.515422,5.517409
60,26.8,4.784318,5.909218
60,27.2,4.926648,6.320161
60,27.6,4.95503,6.733667
60,28.0,4.881342,7.134948
60,28.4,4.713526,7.510361
60,28.8,4.452919,7.846414
60,29.2,4.089859,8.128136
60,29.6,3.592401,8.335811
60,30.0,2.867262,8.436131
60,30.4,1.561129,8.345638
60,30.8,0.38822,8.039373
60,31.2,0.397305,7.78245
60,31.6,0.414696,7.528545
60,32.0,0.433746,7.277452
60,32.4,0.454714,7.029455
60,32.8,0.477932,6.784888
60,33.2,0.503818,6.544145
60,33.6,0.532914,6.307703
60,34.0,0.565933,6.076143
60,34.4,0.603845,5.850192
60,34.8,0.648008,5.630778
60,35.2,0.700399,5.419123
60,35.6,0.764032,5.216898
60,36.0,0.84376,5.026495
60,36.4,0.947863,4.851537
60,36.8,1.091199,4.697858
60,37.2,1.300591,4.575301
60,37.6,1.618333,4.500133
60,38.0,2.083235,4.494756
60,38.4,2.677159,4.578862
60,38.8,3.310977,4.757741
60,39.2,3.887917,5.021502
60,39.6,4.350547,5.352108
60,40.0,4.67956,5.729347
61,0.0,2.517856,8.11446
61,0.4,0.259464,7.852219
61,0.8,0.257427,7.636741
61,1.2,0.265529,7.423336
61,1.6,0.274133,7.211396
61,2.0,0.283284,7.001015
61,2.4,0.293036,6.792295
61,2.8,0.303447,6.585348
61,3.2,0.314587,6.380298
61,3.6,0.326533,6.177283
61,4.0,0.339373,5.976454
61,4.4,0.35321,5.777982
61,4.8,0.368163,5.582056
61,5.2,0.38437,5.388891
61,5.6,0.401993,5.198726
61,6.0,0.421224,5.011837
61,6.4,0.442291,4.828535
61,6.8,0.465466,4.64918
61,7.2,0.491082,4.474187
61,7.6,0.519541,4.30404
61,8.0,0.551344,4.139307
61,8.4,0.587112,3.980665
61,8.8,0.627635,3.828921
61,9.2,0.673917,3.685056
61,9.6,0.727259,3.55027
61,10.0,0.789353,3.426051
61,10.4,0.862397,3.314261
61,10.8,0.949205,3.217243
61,11.2,1.053207,3.137925
61,11.6,1.178113,3.079878
61,12.0,1.326857,3.047191
61,12.4,1.499451,3.043983
61,12.8,1.690223,3.073431
61,13.2,1.886217,3.136487
61,13.6,2.068675,3.230848
61,14.0,2.217097,3.350653
61,14.4,2.313157,3.486885
61,14.8,2.342299,3.628061
61,15.2,2.292728,3.760724
61,15.6,2.152443,3.86943
61,16.0,1.90511,3.936
61,16.4,1.530655,3.938686
61,16.8,1.064321,3.859973
61,17.2,0.770123,3.726955
61,17.6,0.732052,3.590702
61,18.0,0.7745,3.46354
61,18.4,0.840108,3.347878
61,18.8,0.921152,3.246066
61,19.2,1.018918,3.160907
61,19.6,1.136638,3.095792
61,20.0,1.277528,3.054689
61,20.4,1.442761,3.041791
61,20.8,1.628714,3.060703
61,21.2,1.824735,3.113212
61,21.6,2.013548,3.198115
61,22.0,2.174727,3.310661
61,22.4,2.288969,3.442762
61,22.8,2.340527,3.583649
61,23.2,2.31698,3.720467
61,23.6,2.206804,3.838447
61,24.0,1.995472,3.920405
61,24.4,1.662809,3.945684
61,24.8,1.210385,3.892934
61,25.2,0.82738,3.770386
61,25.6,0.729592,3.632453
61,26.0,0.757833,3.50215
61,26.4,0.817907,3.382658
61,26.8,0.894155,3.276243
61,27.2,0.986387,3.185544
61,27.6,1.09749,3.113762
61,28.0,1.230864,3.064703
61,28.4,1.388593,3.042552
61,28.8,1.56886,3.051218
61,29.2,1.763323,3.093195
61,29.6,1.956525,3.168314
61,30.0,2.12854,3.272942
61,30.4,2.25933,3.399976
61,30.8,2.33194,3.539408
61,31.2,2.333083,3.67899
61,31.6,2.251315,3.804572
61,32.0,2.07352,3.899825
61,32.4,1.781047,3.945264
61,32.8,1.359834,3.918556
61,33.2,0.917187,3.812873
61,33.6,0.737704,3.67503
61,34.0,0.74379,3.541816
61,34.4,0.797197,3.418712
61,34.8,0.868698,3.307948
61,35.2,0.955693,3.212022
61,35.6,1.060525,3.133946
61,36.0,1.186609,3.077345
61,36.4,1.336679,3.046333
61,36.8,1.510451,3.045006
61,37.2,1.701827,3.076442
61,37.6,1.897437,3.141423
61,38.0,2.078305,3.237435
61,38.4,2.223984,3.358419
61,38.8,2.316361,3.495198
61,39.2,2.3411,3.636165
61,39.6,2.286492,3.767761
61,40.0,2.140399,3.874413
62,0.0,2.923642,5.970167
62,0.4,1.697398,6.001766
62,0.8,0.394286,5.755488
62,1.2,0.395915,5.536811
62,1.6,0.416418,5.322767
62,2.0,0.439129,5.112752
62,2.4,0.464398,4.907219
62,2.8,0.492695,4.706701
62,3.2,0.524616,4.51184
62,3.6,0.560934,4.323411
62,4.0,0.602668,4.142371
62,4.4,0.6512,3.969917
62,4.8,0.708449,3.807582
62,5.2,0.777153,3.65738
62,5.6,0.861339,3.522025
62,6.0,0.967034,3.405284
62,6.4,1.103209,3.312495
62,6.8,1.282314,3.2512
62,7.2,1.518027,3.231442
62,7.6,1.81629,3.264549
62,8.0,2.161549,3.359346
62,8.4,2.513354,3.517461
62,8.8,2.821675,3.731345
62,9.2,3.045015,3.985837
62,9.6,3.156448,4.260927
62,10.0,3.138992,4.533661
62,10.4,2.975595,4.778233
62,10.8,2.632265,4.963202
62,11.2,2.015903,5.041824
62,11.6,0.935181,4.931377
62,12.0,0.501172,4.71594
62,12.4,0.523269,4.520399
62,12.8,0.559213,4.331659
62,13.2,0.600676,4.150266
62,13.6,0.648869,3.977399
62,14.0,0.705678,3.814575
62,14.4,0.773798,3.66378
62,14.8,0.857184,3.527693
62,15.2,0.961754,3.410023
62,15.6,1.096331,3.316025
62,16.0,1.27322,3.25313
62,16.4,1.506176,3.23128
62,16.8,1.801782,3.261806
62,17.2,2.145657,3.353752
62,17.6,2.498243,3.50914
62,18.0,2.809491,3.720816
62,18.4,3.037293,3.973897
62,18.8,3.154117,4.248539
62,19.2,3.142722,4.521902
62,19.6,2.986337,4.768337
62,20.0,2.652301,4.956781
62,20.4,2.05189,5.041581
62,20.8,0.987567,4.941035
62,21.2,0.501927,4.724863
62,21.6,0.521798,4.528966
62,22.0,0.557499,4.339921
62,22.4,0.598696,4.158178
62,22.8,0.646554,3.984902
62,23.2,0.702929,3.821592
62,23.6,0.770472,3.67021
62,24.0,0.85307,3.533397
62,24.4,0.956533,3.414809
62,24.8,1.089536,3.319616
62,25.2,1.264239,3.255141
62,25.6,1.494454,3.231222
62,26.0,1.787375,3.259186
62,26.4,2.129785,3.348286
62,26.8,2.483048,3.500932
62,27.2,2.797138,3.710369
62,27.6,3.029348,3.962
62,28.0,3.151532,4.236149
62,28.4,3.146167,4.510091
62,28.8,2.996735,4.758328
62,29.2,2.671833,4.950161
62,29.6,2.086897,5.040975
62,30.0,1.041389,4.950393
62,30.4,0.503138,4.733816
62,30.8,0.520343,4.537546
62,31.2,0.555796,4.348198
62,31.6,0.59673,4.166106
62,32.0,0.644256,3.992424
62,32.4,0.700202,3.828632
62,32.8,0.767176,3.676668
62,33.2,0.848997,3.539138
62,33.6,0.95137,3.41964
62,34.0,1.082823,3.323267
62,34.4,1.255369,3.257232
62,34.8,1.48286,3.231267
62,35.2,1.773071,3.256688
62,35.6,2.113935,3.342948
62,36.0,2.467773,3.492838
62,36.4,2.78462,3.700007
62,36.8,3.021184,3.950148
62,37.2,3.148694,4.223759
62,37.6,3.149328,4.498229
62,38.0,3.006791,4.748209
62,38.4,2.690873,4.943345
62,38.8,2.120956,5.040013
62,39.2,1.096136,4.959399
62,39.6,0.504898,4.742804
62,40.0,0.518902,4.546138
63,0.0,4.217567,7.196334
63,0.4,3.396098,7.509194
63,0.8,1.922538,7.555064
63,1.2,0.332527,7.224928
63,1.6,0.344435,6.946924
63,2.0,0.361629,6.672458
63,2.4,0.380607,6.401601
63,2.8,0.401667,6.13475
63,3.2,0.425185,5.87237
63,3.6,0.451636,5.615016
63,4.0,0.481634,5.363362
63,4.4,0.515987,5.118232
63,4.8,0.555795,4.880656
63,5.2,0.602588,4.651955
63,5.6,0.658588,4.433862
63,6.0,0.727154,4.228741
63,6.4,0.813635,4.039949
63,6.8,0.927,3.87251
63,7.2,1.08287,3.734341
63,7.6,1.30778,3.638323
63,8.0,1.638323,3.604423
63,8.4,2.095826,3.657408
63,8.8,2.641363,3.815357
63,9.2,3.181839,4.07802
63,9.6,3.629431,4.427474
63,10.0,3.933775,4.835946
63,10.4,4.075632,5.272145
63,10.8,4.05008,5.704057
63,11.2,3.850893,6.098725
63,11.6,3.451969,6.418668
63,12.0,2.760653,6.610245
63,12.4,1.394048,6.554747
63,12.8,0.396723,6.24593
63,13.2,0.415043,5.981354
63,13.6,0.440199,5.721827
63,14.0,0.46863,5.467702
63,14.4,0.50105,5.219736
63,14.8,0.538423,4.978864
63,15.2,0.582077,4.746274
63,15.6,0.633903,4.523506
63,16.0,0.696711,4.312628
63,16.4,0.774879,4.116523
63,16.8,0.875591,3.939408
63,17.2,1.011209,3.787793
63,17.6,1.203229,3.672184
63,18.0,1.485178,3.609453
63,18.4,1.890122,3.623224
63,18.8,2.40827,3.736184
63,19.2,2.963151,3.956442
63,19.6,3.457939,4.272649
63,20.0,3.825855,4.660181
63,20.4,4.036607,5.08868
63,20.8,4.081299,5.526297
63,21.2,3.956105,5.94068
63,21.6,3.646242,6.296982
63,22.0,3.097084,6.55079
63,22.4,2.103094,6.622454
63,22.8,0.460511,6.362267
63,23.2,0.405439,6.091175
63,23.6,0.42933,5.829577
63,24.0,0.456319,5.573114
63,24.4,0.486972,5.322474
63,24.8,0.52214,5.078512
63,25.2,0.56298,4.842299
63,25.6,0.611115,4.615213
63,26.0,0.668915,4.399075
63,26.4,0.739995,4.196381
63,26.8,0.830159,4.010706
63,27.2,0.94922,3.847445
63,27.6,1.114298,3.715169
63,28.0,1.354007,3.627817
63,28.4,1.705121,3.606529
63,28.8,2.181812,3.675973
63,29.2,2.733537,3.851753
63,29.6,3.263861,4.130323
63,30.0,3.690278,4.491572
63,30.4,3.968569,4.906806
63,30.8,4.083016,5.34451
63,31.2,4.029521,5.772605
63,31.6,3.800117,6.157751
63,32.0,3.362502,6.460983
63,32.4,2.601697,6.62335
63,32.8,1.048748,6.504779
63,33.2,0.397432,6.201864
63,33.6,0.418988,5.938221
63,34.0,0.444644,5.679539
63,34.4,0.473678,5.426374
63,34.8,0.506841,5.179507
63,35.2,0.545146,4.939911
63,35.6,0.589997,4.708822
63,36.0,0.643409,4.487855
63,36.4,0.708393,4.279186
63,36.8,0.789681,4.085876
63,37.2,0.89511,3.912436
63,37.6,1.038235,3.765894
63,38.0,1.242481,3.657639
63,38.4,1.542926,3.605767
63,38.8,1.969069,3.634559
63,39.2,2.499935,3.765192
63,39.6,3.051152,4.002511
63,40.0,3.528527,4.332404
64,0.0,1.809618,8.168789
64,0.4,0.261575,7.939625
64,0.8,0.268138,7.760204
64,1.2,0.275177,7.58171
64,1.6,0.282582,7.404184
64,2.0,0.290383,7.227678
64,2.4,0.298612,7.052247
64,2.8,0.307305,6.877953
64,3.2,0.316503,6.704861
64,3.6,0.32625,6.533043
64,4.0,0.336598,6.362578
64,4.4,0.347604,6.19355
64,4.8,0.359334,6.026055
64,5.2,0.371862,5.860197
64,5.6,0.385274,5.696091
64,6.0,0.399669,5.533865
64,6.4,0.41516,5.373661
64,6.8,0.431882,5.215642
64,7.2,0.449994,5.059986
64,7.6,0.469682,4.9069
64,8.0,0.491171,4.756618
64,8.4,0.514736,4.609409
64,8.8,0.540713,4.465588
64,9.2,0.56952,4.325522
64,9.6,0.601691,4.189647
64,10.0,0.637915,4.05849
64,10.4,0.679102,3.932692
64,10.8,0.726491,3.813056
64,11.2,0.781817,3.700605
64,11.6,0.847589,3.596686
64,12.0,0.927575,3.503122
64,12.4,1.027617,3.422484
64,12.8,1.156916,3.35851
64,13.2,1.329574,3.316748
64,13.6,1.564436,3.305216
64,14.0,1.87787,3.334231
64,14.4,2.266202,3.413955
64,14.8,2.692958,3.549959
64,15.2,3.101756,3.740261
64,15.6,3.4419,3.975962
64,16.0,3.68134,4.243823
64,16.4,3.804747,4.528574
64,16.8,3.805789,4.814161
64,17.2,3.678629,5.083856
64,17.6,3.407801,5.319094
64,18.0,2.947953,5.49587
64,18.4,2.15342,5.573051
64,18.8,0.679959,5.46112
64,19.2,0.424386,5.292356
64,19.6,0.44099,5.135494
64,20.0,0.459882,4.981129
64,20.4,0.480463,4.829449
64,20.8,0.50298,4.680707
64,21.2,0.527735,4.535194
64,21.6,0.555105,4.393249
64,22.0,0.585562,4.255273
64,22.4,0.619714,4.121746
64,22.8,0.658352,3.993248
64,23.2,0.70254,3.870499
64,23.6,0.753743,3.754403
64,24.0,0.814048,3.646135
64,24.4,0.886534,3.54726
64,24.8,0.975902,3.459944
64,25.2,1.089526,3.387289
64,25.6,1.238953,3.333872
64,26.0,1.441018,3.306446
64,26.4,1.714908,3.314341
64,26.8,2.069245,3.368279
64,27.2,2.483705,3.476624
64,27.6,2.908459,3.641214
64,28.0,3.287285,3.856253
64,28.4,3.578571,4.110274
64,28.8,3.759644,4.388771
64,29.2,3.820844,4.675988
64,29.6,3.757176,4.955582
64,30.0,3.559425,5.210135
64,30.4,3.200749,5.419006
64,30.8,2.600602,5.551966
64,31.2,1.473323,5.545487
64,31.6,0.430903,5.370137
64,32.0,0.432373,5.211587
64,32.4,0.450482,5.055994
64,32.8,0.470214,4.902977
64,33.2,0.491753,4.75277
64,33.6,0.515376,4.605645
64,34.0,0.54142,4.461916
64,34.4,0.570307,4.321953
64,34.8,0.602574,4.186193
64,35.2,0.638913,4.055166
64,35.6,0.680243,3.929516
64,36.0,0.727814,3.810052
64,36.4,0.783373,3.697803
64,36.8,0.849459,3.594126
64,37.2,0.929879,3.500861
64,37.6,1.030543,3.4206
64,38.0,1.160763,3.357121
64,38.4,1.334778,3.316028
64,38.8,1.571508,3.305408
64,39.2,1.887056,3.335617
64,39.6,2.276979,3.416755
64,40.0,2.704007,3.554222
65,0.0,3.902863,4.506959
65,0.4,3.83854,4.895368
65,0.8,3.604558,5.24413
65,1.2,3.173276,5.519617
65,1.6,2.442818,5.67217
65,2.0,1.047204,5.593458
65,2.4,0.416075,5.357235
65,2.8,0.434688,5.150388
65,3.2,0.458989,4.947923
65,3.6,0.486131,4.75016
65,4.0,0.516647,4.557679
65,4.4,0.551234,4.371182
65,4.8,0.590811,4.191529
65,5.2,0.636609,4.019791
65,5.6,0.690331,3.857327
65,6.0,0.754394,3.705913
65,6.4,0.832341,3.567924
65,6.8,0.92951,3.446644
65,7.2,1.054032,3.34674
65,7.6,1.217898,3.274932
65,8.0,1.436451,3.240629
65,8.4,1.722034,3.255559
65,8.8,2.06929,3.330857
65,9.2,2.444123,3.471909
65,9.6,2.793829,3.674726
65,10.0,3.069224,3.92646
65,10.4,3.236729,4.208276
65,10.8,3.276509,4.497913
65,11.2,3.173419,4.770612
65,11.6,2.903001,4.997666
65,12.0,2.401812,5.140221
65,12.4,1.475815,5.128421
65,12.8,0.510265,4.921339
65,13.2,0.490746,4.722185
65,13.6,0.521353,4.530498
65,14.0,0.556589,4.344927
65,14.4,0.596974,4.16634
65,14.8,0.643793,3.995842
65,15.2,0.698831,3.834845
65,15.6,0.764637,3.685197
65,16.0,0.844965,3.54938
65,16.4,0.945483,3.430844
65,16.8,1.07482,3.334505
65,17.2,1.24556,3.267441
65,17.6,1.473209,3.239456
65,18.0,1.76861,3.26245
65,18.4,2.122584,3.347063
65,18.8,2.497197,3.497465
65,19.2,2.838941,3.708276
65,19.6,3.100509,3.965593
65,20.0,3.250655,4.249961
65,20.4,3.270876,4.538751
65,20.8,3.145711,4.806794
65,21.2,2.847615,5.024485
65,21.6,2.302477,5.15038
65,22.0,1.288899,5.107192
65,22.4,0.490613,4.891673
65,22.8,0.494767,4.694292
65,23.2,0.526137,4.503443
65,23.6,0.562048,4.318816
65,24.0,0.603269,4.141317
65,24.4,0.651145,3.972089
65,24.8,0.70755,3.812597
65,25.2,0.775177,3.664764
65,25.6,0.858,3.53119
65,26.0,0.962043,3.415499
65,26.4,1.096457,3.32287
65,26.8,1.274402,3.260751
65,27.2,1.5114,3.239338
65,27.6,1.816449,3.270624
65,28.0,2.176331,3.364643
65,28.4,2.549578,3.524282
65,28.8,2.882366,3.742794
65,29.2,3.129471,4.005288
65,29.6,3.261894,4.291741
65,30.0,3.262259,4.579166
65,30.4,3.114498,4.841954
65,30.8,2.787352,5.04946
65,31.2,2.19393,5.157191
65,31.6,1.093821,5.080503
65,32.0,0.482505,4.862618
65,32.4,0.498962,4.666517
65,32.8,0.53101,4.476516
65,33.2,0.567617,4.292852
65,33.6,0.609701,4.116465
65,34.0,0.658671,3.948536
65,34.4,0.7165,3.790588
65,34.8,0.786026,3.644624
65,35.2,0.871468,3.513367
65,35.6,0.979223,3.400625
65,36.0,1.118986,3.31186
65,36.4,1.304471,3.254898
65,36.8,1.551035,3.240309
65,37.2,1.865475,3.280106
65,37.6,2.230377,3.383595
65,38.0,2.601105,3.552329
65,38.4,2.923994,3.778229
65,38.8,3.156046,4.045482
65,39.2,3.270403,4.333545
65,39.6,3.250606,4.619081
65,40.0,3.079659,4.875992
66,0.0,4.203537,7.562092
66,0.4,2.901929,7.748556
66,0.8,0.686608,7.60429
66,1.2,0.295624,7.377564
66,1.6,0.304843,7.177414
66,2.0,0.314766,6.978776
66,2.4,0.325331,6.78174
66,2.8,0.336603,6.586414
66,3.2,0.348654,6.392916
66,3.6,0.361567,6.201377
66,4.0,0.375439,6.011942
66,4.4,0.390381,5.824775
66,4.8,0.406522,5.640057
66,5.2,0.424012,5.457993
66,5.6,0.443031,5.278815
66,6.0,0.46379,5.102789
66,6.4,0.486544,4.930217
66,6.8,0.511602,4.761449
66,7.2,0.539341,4.596894
66,7.6,0.570229,4.43703
66,8.0,0.604854,4.282426
66,8.4,0.643965,4.133763
66,8.8,0.688527,3.991872
66,9.2,0.739811,3.857776
66,9.6,0.799503,3.732753
66,10.0,0.869871,3.618431
66,10.4,0.95396,3.516898
66,10.8,1.055771,3.430856
66,11.2,1.180231,3.363764
66,11.6,1.3325,3.319876
66,12.0,1.515945,3.303978
66,12.4,1.72865,3.320568
66,12.8,1.96021,3.372525
66,13.2,2.191989,3.459802
66,13.6,2.401663,3.578872
66,14.0,2.568884,3.723086
66,14.4,2.678514,3.883532
66,14.8,2.720696,4.049868
66,15.2,2.688824,4.210818
66,15.6,2.576426,4.354171
66,16.0,2.372928,4.466145
66,16.4,2.05717,4.529769
66,16.8,1.590888,4.522144
66,17.2,0.992966,4.421041
66,17.6,0.672173,4.267464
66,18.0,0.655833,4.118666
66,18.4,0.694691,3.977502
66,18.8,0.745854,3.844297
66,19.2,0.806365,3.720313
66,19.6,0.877959,3.607219
66,20.0,0.963675,3.507164
66,20.4,1.067595,3.422922
66,20.8,1.194715,3.358035
66,21.2,1.350129,3.316835
66,21.6,1.536834,3.304127
66,22.0,1.752144,3.324307
66,22.4,1.984705,3.380002
66,22.8,2.215229,3.470812
66,23.2,2.421355,3.592856
66,23.6,2.583184,3.739204
66,24.0,2.686173,3.900763
66,24.4,2.720921,4.067078
66,24.8,2.680996,4.226782
66,25.2,2.559725,4.367546
66,25.6,2.345784,4.475353
66,26.0,2.01642,4.532751
66,26.4,1.532229,4.516133
66,26.8,0.937006,4.405857
66,27.2,0.66318,4.251559
66,27.6,0.658846,4.103614
66,28.0,0.699583,3.963235
66,28.4,0.751707,3.830925
66,28.8,0.813263,3.70799
66,29.2,0.886169,3.596145
66,29.6,0.973572,3.497595
66,30.0,1.079664,3.41519
66,30.4,1.209507,3.352557
66,30.8,1.368107,3.314099
66,31.2,1.55805,3.30463
66,31.6,1.775846,3.328431
66,32.0,2.009197,3.387863
66,32.4,2.23822,3.482166
66,32.8,2.440579,3.60711
66,33.2,2.596857,3.755497
66,33.6,2.693103,3.918057
66,34.0,2.720346,4.084227
66,34.4,2.672296,4.242554
66,34.8,2.542029,4.380579
66,35.2,2.317401,4.484031
66,35.6,1.973968,4.534945
66,36.0,1.471769,4.50904
66,36.4,0.885557,4.390209
66,36.8,0.656829,4.235756
66,37.2,0.662204,4.08864
66,37.6,0.704584,3.949055
66,38.0,0.75766,3.817653
66,38.4,0.820283,3.695787
66,38.8,0.894535,3.585214
66,39.2,0.983672,3.488201
66,39.6,1.091991,3.407673
66,40.0,1.224613,3.347341
67,0.0,2.013533,7.540455
67,0.4,0.513234,7.308998
67,0.8,0.427454,7.07452
67,1.2,0.446505,6.848212
67,1.6,0.467632,6.624819
67,2.0,0.490989,6.404639
67,2.4,0.51699,6.188035
67,2.8,0.546166,5.975446
67,3.2,0.579221,5.767405
67,3.6,0.617111,5.564579
67,4.0,0.661178,5.367816
67,4.4,0.713386,5.178239
67,4.8,0.776748,4.997381
67,5.2,0.856159,4.827446
67,5.6,0.960107,4.6718
67,6.0,1.104187,4.535939
67,6.4,1.317582,4.429362
67,6.8,1.648588,4.368319
67,7.2,2.144332,4.37604
67,7.6,2.785899,4.473493
67,8.0,3.470738,4.666513
67,8.4,4.090126,4.945001
67,8.8,4.582476,5.290533
67,9.2,4.928956,5.682612
67,9.6,5.133933,6.101703
67,10.0,5.210577,6.53026
67,10.4,5.172865,6.952722
67,10.8,5.031349,7.354988
67,11.2,4.790229,7.723522
67,11.6,4.44342,8.043947
67,12.0,3.96528,8.298405
67,12.4,3.280412,8.458974
67,12.8,2.115681,8.462481
67,13.2,0.380206,8.196139
67,13.6,0.367511,7.957467
67,14.0,0.3815,7.722229
67,14.4,0.39663,7.489072
67,14.8,0.413046,7.258172
67,15.2,0.43093,7.029731
67,15.6,0.450505,6.803983
67,16.0,0.472043,6.581197
67,16.4,0.495886,6.36169
67,16.8,0.522465,6.14584
67,17.2,0.552342,5.9341
67,17.6,0.586264,5.727029
67,18.0,0.625249,5.525322
67,18.4,0.670739,5.329875
67,18.8,0.724861,5.141877
67,19.2,0.790915,4.962968
67,19.6,0.874329,4.795532
67,20.0,0.984629,4.643255
67,20.4,1.13948,4.512237
67,20.8,1.37166,4.413085
67,21.2,1.732382,4.363613
67,21.6,2.261515,4.387685
67,22.0,2.921235,4.504079
67,22.4,3.600579,4.715108
67,22.8,4.198202,5.008386
67,23.2,4.662319,5.364702
67,23.6,4.980153,5.763588
67,24.0,5.15871,6.185864
67,24.4,5.211792,6.614395
67,24.8,5.152964,7.033962
67,25.2,4.991756,7.430657
67,25.6,4.730732,7.790915
67,26.0,4.360994,8.099943
67,26.4,3.850752,8.338649
67,26.8,3.105643,8.4754
67,27.2,1.752721,8.430868
67,27.6,0.362007,8.148075
67,28.0,0.370179,7.910987
67,28.4,0.384386,7.676146
67,28.8,0.399756,7.443419
67,29.2,0.416445,7.212986
67,29.6,0.434644,6.985056
67,30.0,0.454582,6.759868
67,30.4,0.476544,6.537701
67,30.8,0.500888,6.318882
67,31.2,0.528067,6.103803
67,31.6,0.558675,5.892935
67,32.0,0.593502,5.686859
67,32.4,0.633637,5.486307
67,32.8,0.680631,5.292222
67,33.2,0.736792,5.105865
67,33.6,0.805743,4.928996
67,34.0,0.893517,4.764198
67,34.4,1.010833,4.61552
67,34.8,1.177703,4.489748
67,35.2,1.430727,4.39871
67,35.6,1.822986,4.361774
67,36.0,2.384036,4.402969
67,36.4,3.057268,4.538383
67,36.8,3.727075,4.766911
67,37.2,4.300979,5.074218
67,37.6,4.736431,5.440516
67,38.0,5.025931,5.845464
67,38.4,5.178623,6.27026
67,38.8,5.20868,6.698177
67,39.2,5.129115,7.114313
67,39.6,4.948325,7.504917
67,40.0,4.667082,7.856333
68,0.0,3.289722,6.795911
68,0.4,1.076637,6.775594
68,0.8,0.285846,6.559107
68,1.2,0.294801,6.379909
68,1.6,0.304427,6.202173
68,2.0,0.314668,6.025986
68,2.4,0.325584,5.851451
68,2.8,0.337245,5.67868
68,3.2,0.349725,5.507796
68,3.6,0.363115,5.338937
68,4.0,0.377516,5.172256
68,4.4,0.393044,5.007922
68,4.8,0.409837,4.846126
68,5.2,0.428054,4.687083
68,5.6,0.447883,4.531036
68,6.0,0.469548,4.378261
68,6.4,0.493316,4.229076
68,6.8,0.519512,4.083845
68,7.2,0.54853,3.942993
68,7.6,0.580859,3.807018
68,8.0,0.617113,3.676509
68,8.4,0.65807,3.552173
68,8.8,0.704732,3.434864
68,9.2,0.758415,3.325635
68,9.6,0.820864,3.225797
68,10.0,0.894425,3.137012
68,10.4,0.982244,3.061408
68,10.8,1.088453,3.001736
68,11.2,1.218106,2.961509
68,11.6,1.37635,2.945039
68,12.0,1.566022,2.957129
68,12.4,1.783548,3.002142
68,12.8,2.015234,3.082465
68,13.2,2.237716,3.196967
68,13.6,2.423237,3.340249
68,14.0,2.545686,3.502877
68,14.4,2.583088,3.672052
68,14.8,2.515255,3.831954
68,15.2,2.316207,3.963003
68,15.6,1.937908,4.038768
68,16.0,1.296054,4.020015
68,16.4,0.673152,3.895874
68,16.8,0.599782,3.760144
68,17.2,0.631535,3.631663
68,17.6,0.673959,3.509711
68,18.0,0.722898,3.395137
68,18.4,0.779456,3.289073
68,18.8,0.84554,3.192943
68,19.2,0.923749,3.108561
68,19.6,1.017564,3.038257
68,20.0,1.131476,2.985037
68,20.4,1.270729,2.952705
68,20.8,1.440028,2.94581
68,21.2,1.640458,2.969143
68,21.6,1.86514,3.026561
68,22.0,2.096607,3.119352
68,22.4,2.309176,3.2449
68,22.8,2.475106,3.396312
68,23.2,2.569715,3.562883
68,23.6,2.57218,3.730742
68,24.0,2.461452,3.882906
68,24.4,2.206235,3.997897
68,24.8,1.744579,4.045381
68,25.2,1.019075,3.983872
68,25.6,0.612749,3.846639
68,26.0,0.608614,3.713858
68,26.4,0.645836,3.587626
68,26.8,0.690538,3.468177
68,27.2,0.742001,3.356477
68,27.6,0.801687,3.253756
68,28.0,0.871733,3.161562
68,28.4,0.955027,3.081875
68,28.8,1.055405,3.017247
68,29.2,1.177689,2.970957
68,29.6,1.327162,2.947098
68,30.0,1.507696,2.950392
68,30.4,1.718048,2.98547
68,30.8,1.947666,3.055467
68,31.2,2.175619,3.1604
68,31.6,2.374736,3.296122
68,32.0,2.517962,3.45431
68,32.4,2.582149,3.623077
68,32.8,2.547115,3.787495
68,33.2,2.389737,3.929257
68,33.6,2.070829,4.024455
68,34.0,1.512993,4.037941
68,34.4,0.78787,3.936854
68,34.8,0.597989,3.798693
68,35.2,0.620572,3.668358
68,35.6,0.66097,3.544439
68,36.0,0.707957,3.427615
68,36.4,0.762132,3.318945
68,36.8,0.825214,3.219761
68,37.2,0.899583,3.13175
68,37.6,0.988444,3.057077
68,38.0,1.095995,2.998536
68,38.4,1.227333,2.959693
68,38.8,1.387549,2.944906
68,39.2,1.579205,2.958985
68,39.6,1.798165,3.006218
68,40.0,2.030043,3.088808
69,0.0,2.968613,7.597561
69,0.4,0.83761,7.486609
69,0.8,0.322809,7.243503
69,1.2,0.334362,7.029124
69,1.6,0.346841,6.816602
69,2.0,0.360274,6.606074
69,2.4,0.374776,6.3977
69,2.8,0.390483,6.191658
69,3.2,0.407559,5.988151
69,3.6,0.426195,5.78741
69,4.0,0.446628,5.589702
69,4.4,0.469144,5.395334
69,4.8,0.4941,5.204668
69,5.2,0.521945,5.018131
69,5.6,0.553256,4.836236
69,6.0,0.588791,4.659607
69,6.4,0.629572,4.489017
69,6.8,0.677013,4.325449
69,7.2,0.733154,4.170181
69,7.6,0.801046,4.02494
69,8.0,0.885486,3.892146
69,8.4,0.994352,3.775366
69,8.8,1.14099,3.6801
69,9.2,1.34742,3.615066
69,9.6,1.6441,3.593561
69,10.0,2.053291,3.632576
69,10.4,2.554663,3.746573
69,10.8,3.078449,3.939472
69,11.2,3.546188,4.202937
69,11.6,3.90535,4.520542
69,12.0,4.1325,4.8724
69,12.4,4.222171,5.237928
69,12.8,4.175359,5.596798
69,13.2,3.990075,5.928511
69,13.6,3.650433,6.210408
69,14.0,3.102205,6.412352
69,14.4,2.154767,6.47855
69,14.8,0.499656,6.291036
69,15.2,0.39972,6.080547
69,15.6,0.417497,5.878509
69,16.0,0.437079,5.679384
69,16.4,0.458607,5.483452
69,16.8,0.482402,5.291051
69,17.2,0.508867,5.102575
69,17.6,0.538517,4.918495
69,18.0,0.57202,4.739381
69,18.4,0.610262,4.565932
69,18.8,0.654461,4.399026
69,19.2,0.706332,4.239794
69,19.6,0.768403,4.089734
69,20.0,0.844554,3.95091
69,20.4,0.941035,3.826292
69,20.8,1.068329,3.720372
69,21.2,1.244131,3.640214
69,21.6,1.495747,3.596917
69,22.0,1.852848,3.606204
69,22.4,2.318465,3.68478
69,22.8,2.842417,3.842085
69,23.2,3.344152,4.075074
69,23.6,3.757241,4.370359
69,24.0,4.046,4.709162
69,24.4,4.198335,5.071003
69,24.8,4.213563,5.435412
69,25.2,4.092183,5.782109
69,25.6,3.826386,6.089798
69,26.0,3.384448,6.332811
69,26.4,2.66198,6.471219
69,26.8,1.243779,6.4096
69,27.2,0.394726,6.173622
69,27.6,0.40915,5.970211
69,28.0,0.427933,5.769727
69,28.4,0.448539,5.572302
69,28.8,0.471256,5.378247
69,29.2,0.496448,5.18793
69,29.6,0.524575,5.001783
69,30.0,0.556228,4.820328
69,30.4,0.592183,4.644201
69,30.8,0.63349,4.474192
69,31.2,0.68161,4.311304
69,31.6,0.738652,4.156849
69,32.0,0.807786,4.012602
69,32.4,0.894016,3.881064
69,32.8,1.005592,3.765936
69,33.2,1.156499,3.672942
69,33.6,1.369641,3.611162
69,34.0,1.675783,3.594321
69,34.4,2.094834,3.639516
69,34.8,2.601508,3.760554
69,35.2,3.123252,3.960213
69,35.6,3.582996,4.229229
69,36.0,3.931031,4.550703
69,36.4,4.146025,4.904607
69,36.8,4.223518,5.270361
69,37.2,4.164604,5.627661
69,37.6,3.966574,5.955925
69,38.0,3.611509,6.232122
69,38.4,3.039219,6.424933
69,38.8,2.033549,6.474043
69,39.2,0.449808,6.270237
69,39.6,0.401192,6.062493
69,40.0,0.419164,5.860705
70,0.0,1.350836,7.94718
70,0.4,0.348045,7.628868
70,0.8,0.360501,7.369413
70,1.2,0.376456,7.112826
70,1.6,0.393886,6.859193
70,2.0,0.413012,6.608802
70,2.4,0.434102,6.361987
70,2.8,0.457491,6.119138
70,3.2,0.483599,5.880718
70,3.6,0.512959,5.647279
70,4.0,0.546267,5.419494
70,4.4,0.584446,5.198191
70,4.8,0.628757,4.984416
70,5.2,0.680972,4.779513
70,5.6,0.743666,4.585268
70,6.0,0.820722,4.40413
70,6.4,0.918204,4.23958
70,6.8,1.045764,4.09675
70,7.2,1.218417,3.983351
70,7.6,1.456546,3.910631
70,8.0,1.777809,3.892987
70,8.4,2.177192,3.94399
70,8.8,2.614222,4.069909
70,9.2,3.030264,4.266477
70,9.6,3.376588,4.521036
70,10.0,3.625741,4.816557
70,10.4,3.767808,5.134674
70,10.8,3.802523,5.457208
70,11.2,3.732403,5.766528
70,11.6,3.557192,6.044996
70,12.0,3.267533,6.273392
70,12.4,2.832338,6.427246
70,12.8,2.160243,6.466831
70,13.2,1.020503,6.311545
70,13.6,0.47613,6.043669
70,14.0,0.492654,5.806127
70,14.4,0.523058,5.574395
70,14.8,0.557795,5.348567
70,15.2,0.597763,5.129526
70,15.6,0.644357,4.918401
70,16.0,0.699567,4.716658
70,16.4,0.766313,4.526265
70,16.8,0.849054,4.349947
70,17.2,0.954808,4.191628
70,17.6,1.094748,4.057144
70,18.0,1.285806,3.955245
70,18.4,1.548992,3.898352
70,18.8,1.897249,3.901229
70,19.2,2.314428,3.975804
70,19.6,2.751141,4.125067
70,20.0,3.149375,4.341681
70,20.4,3.466872,4.611184
70,20.8,3.682523,4.915869
70,21.2,3.790322,5.237327
70,21.6,3.791545,5.557561
70,22.0,3.688407,5.859038
70,22.4,3.478587,6.123855
70,22.8,3.147795,6.331684
70,23.2,2.65242,6.454859
70,23.6,1.862094,6.443997
70,24.0,0.668766,6.220162
70,24.4,0.476199,5.967521
70,24.8,0.501837,5.732044
70,25.2,0.533575,5.502102
70,25.6,0.569847,5.27832
70,26.0,0.611741,5.061654
70,26.4,0.660817,4.853325
70,26.8,0.719311,4.65494
70,27.2,0.79055,4.468669
70,27.6,0.879669,4.29756
70,28.0,0.994805,4.146052
70,28.4,1.148832,4.020786
70,28.8,1.360495,3.931643
70,29.2,1.650231,3.892103
70,29.6,2.023911,3.916755
70,30.0,2.453689,4.015213
70,30.4,2.884048,4.187053
70,30.8,3.260196,4.422228
70,31.2,3.546799,4.704874
70,31.6,3.728406,5.016863
70,32.0,3.802112,5.339852
70,32.4,3.770104,5.656029
70,32.8,3.633765,5.947877
70,33.2,3.388008,6.19703
70,33.6,3.012042,6.3816
70,34.0,2.444644,6.469429
70,34.4,1.502139,6.397614
70,34.8,0.51399,6.134344
70,35.2,0.482866,5.892235
70,35.6,0.511456,5.658505
70,36.0,0.544544,5.430427
70,36.4,0.58246,5.208787
70,36.8,0.626437,4.994617
70,37.2,0.678216,4.789246
70,37.6,0.740323,4.594433
70,38.0,0.816564,4.412587
70,38.4,0.912865,4.247128
70,38.8,1.038664,4.10309
70,39.2,1.208685,3.98803
70,39.6,1.443136,3.913016
70,40.0,1.760199,3.892348
71,0.0,2.334551,9.390199
71,0.4,0.255186,9.128705
71,0.8,0.261574,8.918743
71,1.2,0.268557,8.709728
71,1.6,0.275914,8.501697
71,2.0,0.283677,8.294705
71,2.4,0.291881,8.08881
71,2.8,0.300565,7.884076
71,3.2,0.309772,7.680573
71,3.6,0.319552,7.478378
71,4.0,0.329962,7.277575
71,4.4,0.341065,7.078256
71,4.8,0.352934,6.880524
71,5.2,0.365654,6.684492
71,5.6,0.379323,6.490286
71,6.0,0.394056,6.298049
71,6.4,0.409986,6.107941
71,6.8,0.427275,5.920141
71,7.2,0.446112,5.734857
71,7.6,0.466732,5.552326
71,8.0,0.489419,5.372823
71,8.4,0.514529,5.19667
71,8.8,0.542513,5.02425
71,9.2,0.573956,4.856021
71,9.6,0.609633,4.692545
71,10.0,0.650599,4.534522
71,10.4,0.698345,4.382849
71,10.8,0.755068,4.238709
71,11.2,0.824164,4.103728
71,11.6,0.911197,3.980252
71,12.0,1.025855,3.871879
71,12.4,1.185828,3.784484
71,12.8,1.422935,3.728071
71,13.2,1.784123,3.718965
71,13.6,2.301037,3.778408
71,14.0,2.932093,3.922884
71,14.4,3.571218,4.154259
71,14.8,4.121898,4.460668
71,15.2,4.532957,4.823121
71,15.6,4.789468,5.220672
71,16.0,4.894789,5.632923
71,16.4,4.857446,6.040711
71,16.8,4.682558,6.425655
71,17.2,4.363935,6.768702
71,17.6,3.869376,7.046849
71,18.0,3.091336,7.224032
71,18.4,1.553175,7.209242
71,18.8,0.348346,6.975726
71,19.2,0.359409,6.7788
71,19.6,0.372607,6.583697
71,20.0,0.386811,6.390492
71,20.4,0.402146,6.199336
71,20.8,0.418757,6.010399
71,21.2,0.436822,5.823874
71,21.6,0.45655,5.639984
71,22.0,0.4782,5.458984
71,22.4,0.502092,5.281172
71,22.8,0.528627,5.1069
71,23.2,0.558319,4.936586
71,23.6,0.591842,4.770741
71,24.0,0.630103,4.60999
71,24.4,0.674357,4.455128
71,24.8,0.726417,4.307185
71,25.2,0.789017,4.167547
71,25.6,0.866508,4.038168
71,26.0,0.966251,3.921952
71,26.4,1.10143,3.823501
71,26.8,1.296241,3.750541
71,27.2,1.591394,3.71615
71,27.6,2.032777,3.739876
71,28.0,2.619599,3.842098
71,28.4,3.269082,4.032343
71,28.8,3.871695,4.304656
71,29.2,4.353737,4.642665
71,29.6,4.685103,5.025905
71,30.0,4.862344,5.433536
71,30.4,4.892776,5.845797
71,30.8,4.784077,6.244046
71,31.2,4.536666,6.609813
71,31.6,4.133725,6.922608
71,32.0,3.515364,7.154591
71,32.4,2.464165,7.252091
71,32.8,0.430192,7.075379
71,33.2,0.353384,6.873519
71,33.6,0.366124,6.677549
71,34.0,0.379829,6.483411
71,34.4,0.394601,6.291247
71,34.8,0.410577,6.101217
71,35.2,0.427917,5.913504
71,35.6,0.446814,5.728314
71,36.0,0.467502,5.545885
71,36.4,0.490268,5.366496
71,36.8,0.515472,5.190469
71,37.2,0.543569,5.018189
71,37.6,0.575148,4.850119
71,38.0,0.610992,4.686824
71,38.4,0.652171,4.529011
71,38.8,0.700194,4.377583
71,39.2,0.75729,4.233738
71,39.6,0.826911,4.09912
71,40.0,0.914727,3.97611
72,0.0,2.25776,4.94567
72,0.4,2.349141,5.005711
72,0.8,2.439259,5.080076
72,1.2,2.518554,5.167019
72,1.6,2.575944,5.263023
72,2.0,2.599286,5.362649
72,2.4,2.575156,5.458338
72,2.8,2.487194,5.539968
72,3.2,2.311556,5.593692
72,3.6,2.005855,5.599066
72,4.0,1.490839,5.523046
72,4.4,0.829519,5.336374
72,4.8,0.650313,5.120251
72,5.2,0.684944,4.91669
72,5.6,0.746324,4.723448
72,6.0,0.824299,4.542582
72,6.4,0.925127,4.377658
72,6.8,1.061539,4.234278
72,7.2,1.256049,4.121599
72,7.6,1.543851,4.054431
72,8.0,1.959707,4.053441
72,8.4,2.495375,4.138351
72,8.8,3.077691,4.316707
72,9.2,3.614934,4.580605
72,9.6,4.045195,4.912232
72,10.0,4.342646,5.290057
72,10.4,4.504203,5.692415
72,10.8,4.536507,6.098893
72,11.2,4.447282,6.490395
72,11.6,4.239318,6.848305
72,12.0,3.903707,7.152638
72,12.4,3.405172,7.377974
72,12.8,2.630478,7.481757
72,13.2,1.136658,7.355196
72,13.6,0.393222,7.068229
72,14.0,0.409476,6.821607
72,14.4,0.429483,6.578273
72,14.8,0.451604,6.338439
72,15.2,0.476211,6.102499
72,15.6,0.503786,5.870923
72,16.0,0.534951,5.644279
72,16.4,0.570536,5.423267
72,16.8,0.611675,5.208767
72,17.2,0.659972,5.00191
72,17.6,0.717789,4.804203
72,18.0,0.788765,4.617723
72,18.4,0.878814,4.445482
72,18.8,0.998053,4.292078
72,19.2,1.164312,4.164919
72,19.6,1.40754,4.076174
72,20.0,1.766323,4.044339
72,20.4,2.256653,4.090911
72,20.8,2.83082,4.229703
72,21.2,3.397079,4.459024
72,21.6,3.877813,4.764403
72,22.0,4.233044,5.125291
72,22.4,4.45185,5.519807
72,22.8,4.538036,5.926935
72,23.2,4.499692,6.327075
72,23.6,4.342391,6.701562
72,24.0,4.063271,7.031314
72,24.4,3.641186,7.293977
72,24.8,3.008011,7.456792
72,25.2,1.918497,7.45055
72,25.6,0.42124,7.176072
72,26.0,0.401574,6.925981
72,26.4,0.420742,6.681261
72,26.8,0.441924,6.439896
72,27.2,0.465423,6.202248
72,27.6,0.49167,5.968755
72,28.0,0.521222,5.739938
72,28.4,0.554811,5.516438
72,28.8,0.593426,5.299049
72,29.2,0.638446,5.088786
72,29.6,0.691863,4.886976
72,30.0,0.756688,4.695423
72,30.4,0.8377,4.516682
72,30.8,0.942907,4.354568
72,31.2,1.086317,4.215099
72,31.6,1.292318,4.108147
72,32.0,1.597599,4.049501
72,32.4,2.033666,4.060337
72,32.8,2.582235,4.159205
72,33.2,3.163243,4.35124
72,33.6,3.687389,4.6266
72,34.0,4.09862,4.966572
72,34.4,4.375493,5.349444
72,34.8,4.517105,5.753689
72,35.2,4.530719,6.159112
72,35.6,4.423675,6.546764
72,36.0,4.197514,6.897973
72,36.4,3.840673,7.192286
72,36.8,3.311237,7.4028
72,37.2,2.472197,7.481971
72,37.6,0.832473,7.305696
72,38.0,0.394594,7.030941
72,38.4,0.412357,6.784854
72,38.8,0.432662,6.542023
72,39.2,0.45513,6.302747
72,39.6,0.480149,6.06743
72,40.0,0.508219,5.836556
73,0.0,2.533279,8.378114
73,0.4,0.565581,8.112466
73,0.8,0.363957,7.799792
73,1.2,0.381557,7.506312
73,1.6,0.401067,7.2163
73,2.0,0.422723,6.930129
73,2.4,0.446921,6.648252
73,2.8,0.474171,6.371212
73,3.2,0.505138,6.099667
73,3.6,0.540715,5.834438
73,4.0,0.582136,5.576562
73,4.4,0.631168,5.327391
73,4.8,0.690452,5.088745
73,5.2,0.764139,4.863178
73,5.6,0.859158,4.65447
73,6.0,0.987761,4.468561
73,6.4,1.172346,4.315356
73,6.8,1.451229,4.211621
73,7.2,1.870299,4.182681
73,7.6,2.434093,4.255263
73,8.0,3.064828,4.441557
73,8.4,3.653337,4.732936
73,8.8,4.12502,5.107354
73,9.2,4.449644,5.537995
73,9.6,4.62431,5.99806
73,10.0,4.657339,6.462514
73,10.4,4.558051,6.908095
73,10.8,4.329887,7.31219
73,11.2,3.962579,7.650397
73,11.6,3.4142,7.891043
73,12.0,2.542835,7.978382
73,12.4,0.81014,7.762658
73,12.8,0.386259,7.440166
73,13.2,0.405784,7.150958
73,13.6,0.427979,6.865721
73,14.0,0.452821,6.584891
73,14.4,0.48085,6.309035
73,14.8,0.512775,6.038846
73,15.2,0.549555,5.775187
73,15.6,0.592526,5.519155
73,16.0,0.643613,5.272194
73,16.4,0.70573,5.03626
73,16.8,0.783516,4.814131
73,17.2,0.884818,4.609974
73,17.6,1.023675,4.430429
73,18.0,1.22569,4.286677
73,18.4,1.532769,4.197443
73,18.8,1.987166,4.18948
73,19.2,2.575511,4.287596
73,19.6,3.205651,4.499157
73,20.0,3.772402,4.811612
73,20.4,4.212052,5.201201
73,20.8,4.502261,5.640824
73,21.2,4.643868,6.10401
73,21.6,4.646141,6.566171
73,22.0,4.517624,7.004329
73,22.4,4.259478,7.395741
73,22.8,3.856542,7.715021
73,23.2,3.253972,7.927307
73,23.6,2.258107,7.965132
73,24.0,0.491908,7.674809
73,24.4,0.390261,7.374145
73,24.8,0.410616,7.08582
73,25.2,0.433371,6.801538
73,25.6,0.458884,6.521785
73,26.0,0.487728,6.24715
73,26.4,0.520661,5.978361
73,26.8,0.558713,5.716327
73,27.2,0.60333,5.462214
73,27.6,0.65662,5.217561
73,28.0,0.721804,4.984481
73,28.4,0.804082,4.766002
73,28.8,0.91237,4.566729
73,29.2,1.062771,4.394112
73,29.6,1.284418,4.260769
73,30.0,1.622147,4.187459
73,30.4,2.11134,4.201831
73,30.8,2.719117,4.325867
73,31.2,3.343001,4.562005
73,31.6,3.884738,4.894278
73,32.0,4.291286,5.297624
73,32.4,4.547183,5.744861
73,32.8,4.656244,6.209901
73,33.2,4.628228,6.668589
73,33.6,4.470572,7.098161
73,34.0,4.181739,7.475606
73,34.4,3.740622,7.774231
73,34.8,3.075445,7.954998
73,35.2,1.916276,7.933799
73,35.6,0.399683,7.601242
73,36.0,0.39465,7.30833
73,36.4,0.415566,7.020889
73,36.8,0.438905,6.737589
73,37.2,0.465119,6.458942
73,37.6,0.494816,6.185566
73,38.0,0.528809,5.918223
73,38.4,0.568207,5.657874
73,38.8,0.614577,5.405758
73,39.2,0.670233,5.163522
73,39.6,0.738745,4.933448
73,40.0,0.825961,4.718851
74,0.0,2.917478,6.258157
74,0.4,1.436787,6.250211
74,0.8,0.355313,6.05701
74,1.2,0.362678,5.895696
74,1.6,0.375066,5.736198
74,2.0,0.388306,5.578431
74,2.4,0.402485,5.422517
74,2.8,0.41771,5.268593
74,3.2,0.434101,5.11681
74,3.6,0.451801,4.96734
74,4.0,0.470978,4.820376
74,4.4,0.49183,4.676135
74,4.8,0.514594,4.534868
74,5.2,0.53956,4.396861
74,5.6,0.567078,4.262448
74,6.0,0.597587,4.132018
74,6.4,0.631637,4.006032
74,6.8,0.669931,3.885044
74,7.2,0.713389,3.769724
74,7.6,0.763231,3.660904
74,8.0,0.821119,3.559629
74,8.4,0.889355,3.467241
74,8.8,0.97119,3.385505
74,9.2,1.071228,3.316781
74,9.6,1.19584,3.264258
74,10.0,1.353135,3.232188
74,10.4,1.551356,3.225935
74,10.8,1.794267,3.251428
74,11.2,2.074409,3.313698
74,11.6,2.369918,3.414918
74,12.0,2.649835,3.553121
74,12.4,2.884011,3.722293
74,12.8,3.049767,3.913404
74,13.2,3.132718,4.115558
74,13.6,3.123718,4.316699
74,14.0,3.01389,4.503676
74,14.4,2.787393,4.661371
74,14.8,2.407065,4.770055
74,15.2,1.776693,4.798097
74,15.6,0.812106,4.69787
74,16.0,0.521718,4.548769
74,16.4,0.537265,4.41016
74,16.8,0.564283,4.275374
74,17.2,0.59447,4.144537
74,17.6,0.628146,4.018096
74,18.0,0.66599,3.896593
74,18.4,0.708897,3.780688
74,18.8,0.758053,3.671193
74,19.2,0.815067,3.569129
74,19.6,0.88217,3.475806
74,20.0,0.962504,3.392939
74,20.4,1.060519,3.322823
74,20.8,1.182404,3.268553
74,21.2,1.33613,3.234271
74,21.6,1.530076,3.225243
74,22.0,1.768733,3.247393
74,22.4,2.045991,3.305924
74,22.8,2.341292,3.403366
74,23.2,2.624137,3.538172
74,23.6,2.863909,3.704685
74,24.0,3.037081,3.894115
74,24.4,3.128553,4.095707
74,24.8,3.128861,4.297505
74,25.2,3.029366,4.486482
74,25.6,2.815353,4.647789
74,26.0,2.452816,4.762355
74,26.4,1.854075,4.800268
74,26.8,0.898745,4.712888
74,27.2,0.523657,4.562551
74,27.6,0.53485,4.423489
74,28.0,0.561509,4.288338
74,28.4,0.591385,4.157098
74,28.8,0.624694,4.030206
74,29.2,0.662097,3.908196
74,29.6,0.704464,3.791712
74,30.0,0.752948,3.681551
74,30.4,0.809111,3.578711
74,30.8,0.875111,3.484469
74,31.2,0.953984,3.400494
74,31.6,1.050035,3.329014
74,32.0,1.169269,3.273036
74,32.4,1.31951,3.236593
74,32.8,1.50923,3.224848
74,33.2,1.743578,3.243705
74,33.6,2.017752,3.298524
74,34.0,2.312547,3.392172
74,34.4,2.598024,3.523527
74,34.8,2.843169,3.687295
74,35.2,3.023616,3.874942
74,35.6,3.123521,4.075859
74,36.0,3.13306,4.27819
74,36.4,3.043769,4.469029
74,36.8,2.841941,4.633772
74,37.2,2.496426,4.753947
74,37.6,1.927404,4.801218
74,38.0,0.994093,4.727306
74,38.4,0.527526,4.576422
74,38.8,0.532501,4.436853
74,39.2,0.558764,4.301339
74,39.6,0.588332,4.1697
74,40.0,0.621281,4.042363
75,0.0,1.473914,9.103202
75,0.4,0.283933,8.770011
75,0.8,0.294245,8.498487
75,1.2,0.305351,8.228799
75,1.6,0.31732,7.961088
75,2.0,0.330258,7.695514
75,2.4,0.34429,7.432256
75,2.8,0.359567,7.171521
75,3.2,0.376268,6.913542
75,3.6,0.39461,6.65859
75,4.0,0.414859,6.406979
75,4.4,0.437349,6.159076
75,4.8,0.462499,5.915318
75,5.2,0.490852,5.676232
75,5.6,0.523123,5.44246
75,6.0,0.560283,5.214801
75,6.4,0.603693,4.994278
75,6.8,0.655342,4.782232
75,7.2,0.718289,4.580501
75,7.6,0.797544,4.39172
75,8.0,0.901958,4.219935
75,8.4,1.048465,4.071865
75,8.8,1.271118,3.95961
75,9.2,1.632481,3.905384
75,9.6,2.199977,3.943449
75,10.0,2.944597,4.105342
75,10.4,3.718174,4.397577
75,10.8,4.379748,4.801529
75,11.2,4.860368,5.286648
75,11.6,5.144163,5.819906
75,12.0,5.238739,6.369739
75,12.4,5.156126,6.906749
75,12.8,4.900762,7.402467
75,13.2,4.456364,7.826081
75,13.6,3.752982,8.136281
75,14.0,2.505867,8.250561
75,14.4,0.33397,7.97677
75,14.8,0.329522,7.710006
75,15.2,0.343491,7.446617
75,15.6,0.358695,7.185738
75,16.0,0.375313,6.927601
75,16.4,0.393558,6.672476
75,16.8,0.413695,6.420672
75,17.2,0.436052,6.172555
75,17.6,0.461043,5.928558
75,18.0,0.489204,5.689201
75,18.4,0.521238,5.455118
75,18.8,0.5581,5.2271
75,19.2,0.601123,5.006155
75,19.6,0.652254,4.793603
75,20.0,0.714475,4.591247
75,20.4,0.792656,4.401669
75,20.8,0.895355,4.228811
75,21.2,1.038886,4.079195
75,21.6,1.256032,3.964519
75,22.0,1.607758,3.906312
75,22.4,2.163342,3.938361
75,22.8,2.90149,4.093022
75,23.2,3.677719,4.378426
75,23.6,4.347855,4.776994
75,24.0,4.839136,5.258524
75,24.4,5.133628,5.789982
75,24.8,5.238241,6.339686
75,25.2,5.165104,6.878134
75,25.6,4.919358,7.376869
75,26.0,4.486371,7.805346
75,26.4,3.800968,8.123237
75,26.8,2.602647,8.25238
75,27.2,0.346904,7.992228
75,27.6,0.32879,7.724506
75,28.0,0.342695,7.460985
75,28.4,0.357827,7.199963
75,28.8,0.374362,6.941669
75,29.2,0.392512,6.686371
75,29.6,0.412538,6.434377
75,30.0,0.434763,6.186047
75,30.4,0.459598,5.941812
75,30.8,0.487568,5.702185
75,31.2,0.519368,5.467794
75,31.6,0.555935,5.239421
75,32.0,0.598577,5.018057
75,32.4,0.649198,4.805004
75,32.8,0.710709,4.602032
75,33.2,0.787839,4.411667
75,33.6,0.888871,4.237756
75,34.0,1.029521,4.086628
75,34.4,1.241343,3.969594
75,34.8,1.583672,3.907511
75,35.2,2.127295,3.933647
75,35.6,2.858493,4.081102
75,36.0,3.636925,4.359619
75,36.4,4.315411,4.752708
75,36.8,4.817306,5.230549
75,37.2,5.122522,5.760112
75,37.6,5.23721,6.309598
75,38.0,5.173569,6.8494
75,38.4,4.937402,7.351061
75,38.8,4.515654,7.784286
75,39.2,3.847604,8.109659
75,39.6,2.694414,8.252957
75,40.0,0.370085,8.008316
76,0.0,3.744385,4.073816
76,0.4,3.704283,4.310333
76,0.8,3.544804,4.530781
76,1.2,3.247808,4.720803
76,1.6,2.76094,4.861021
76,2.0,1.916898,4.916363
76,2.4,0.560669,4.824119
76,2.8,0.43251,4.706801
76,3.2,0.446286,4.594724
76,3.6,0.46155,4.484281
76,4.0,0.477869,4.375569
76,4.4,0.495357,4.268711
76,4.8,0.514148,4.163845
76,5.2,0.534402,4.061125
76,5.6,0.556304,3.960726
76,6.0,0.580076,3.862845
76,6.4,0.605986,3.767707
76,6.8,0.634358,3.675571
76,7.2,0.665596,3.586741
76,7.6,0.700202,3.501569
76,8.0,0.738821,3.420478
76,8.4,0.782287,3.343976
76,8.8,0.831712,3.272688
76,9.2,0.888607,3.207394
76,9.6,0.955075,3.149093
76,10.0,1.034109,3.099095
76,10.4,1.130017,3.059153
76,10.8,1.248948,3.031658
76,11.2,1.399205,3.019871
76,11.6,1.590405,3.028088
76,12.0,1.829748,3.061436
76,12.4,2.114885,3.124932
76,12.8,2.427924,3.221819
76,13.2,2.737807,3.352057
76,13.6,3.010431,3.511892
76,14.0,3.217865,3.694495
76,14.4,3.341287,3.890969
76,14.8,3.368637,4.091122
76,15.2,3.289485,4.28369
76,15.6,3.087305,4.455783
76,16.0,2.724139,4.59082
76,16.4,2.094549,4.662164
76,16.8,0.935793,4.615858
76,17.2,0.46578,4.496776
76,17.6,0.476022,4.387716
76,18.0,0.493326,4.280642
76,18.4,0.511963,4.175544
76,18.8,0.532044,4.072575
76,19.2,0.55375,3.971905
76,19.6,0.577299,3.87373
76,20.0,0.602953,3.77827
76,20.4,0.63103,3.685783
76,20.8,0.661922,3.596564
76,21.2,0.69612,3.510961
76,21.6,0.734249,3.429387
76,22.0,0.777121,3.35234
76,22.4,0.825808,3.280429
76,22.8,0.88177,3.214415
76,23.2,0.947031,3.155269
76,23.6,1.024464,3.104258
76,24.0,1.118205,3.063078
76,24.4,1.234168,3.034037
76,24.8,1.380425,3.020288
76,25.2,1.56656,3.026007
76,25.6,1.800354,3.056261
76,26.0,2.080922,3.116153
76,26.4,2.392201,3.209214
76,26.8,2.704187,3.335819
76,27.2,2.982564,3.492616
76,27.6,3.198438,3.673071
76,28.0,3.332006,3.868473
76,28.4,3.370666,4.068753
76,28.8,3.304126,4.262778
76,29.2,3.117081,4.437905
76,29.6,2.775313,4.578158
76,30.0,2.185716,4.65866
76,30.4,1.087863,4.62872
76,30.8,0.468538,4.509257
76,31.2,0.474177,4.399887
76,31.6,0.491312,4.292598
76,32.0,0.509797,4.187271
76,32.4,0.529706,4.084053
76,32.8,0.551219,3.983115
76,33.2,0.574549,3.884649
76,33.6,0.599951,3.788872
76,34.0,0.627737,3.696036
76,34.4,0.65829,3.606433
76,34.8,0.692087,3.520403
76,35.2,0.729738,3.438353
76,35.6,0.772027,3.360768
76,36.0,0.819996,3.288244
76,36.4,0.87505,3.221522
76,36.8,0.93914,3.161546
76,37.2,1.015024,3.109545
76,37.6,1.106671,3.067156
76,38.0,1.219771,3.036609
76,38.4,1.362151,3.02095
76,38.8,1.543327,3.024237
76,39.2,1.771568,3.051463
76,39.6,2.047365,3.107797
76,40.0,2.356492,3.197038
77,0.0,2.834192,6.653885
77,0.4,2.963191,6.731814
77,0.8,3.104336,6.826911
77,1.2,3.249724,6.939655
77,1.6,3.389099,7.069266
77,2.0,3.511008,7.21356
77,2.4,3.603925,7.368952
77,2.8,3.656847,7.530536
77,3.2,3.659035,7.69212
77,3.6,3.598591,7.846089
77,4.0,3.459086,7.982866
77,4.4,3.211519,8.089409
77,4.8,2.790828,8.144966
77,5.2,1.999796,8.105904
77,5.6,0.550825,7.88054
77,6.0,0.44799,7.6488
77,6.4,0.466866,7.425154
77,6.8,0.487801,7.204053
77,7.2,0.510906,6.98575
77,7.6,0.536589,6.770556
77,8.0,0.565377,6.558849
77,8.4,0.597979,6.351092
77,8.8,0.635366,6.147865
77,9.2,0.67893,5.949917
77,9.6,0.730754,5.758251
77,10.0,0.794138,5.574268
77,10.4,0.874696,5.400048
77,10.8,0.982789,5.238919
77,11.2,1.139211,5.096708
77,11.6,1.387379,4.98448
77,12.0,1.806016,4.923033
77,12.4,2.465776,4.942627
77,12.8,3.307449,5.066427
77,13.2,4.163548,5.295218
77,13.6,4.903805,5.613266
77,14.0,5.475888,5.999244
77,14.4,5.876205,6.4321
77,14.8,6.121728,6.893192
77,15.2,6.234797,7.366711
77,15.6,6.236317,7.839399
77,16.0,6.143073,8.300004
77,16.4,5.966721,8.738651
77,16.8,5.71313,9.146136
77,17.2,5.381064,9.513072
77,17.6,4.958696,9.828626
77,18.0,4.41373,10.078081
77,18.4,3.659914,10.236526
77,18.8,2.382531,10.243229
77,19.2,0.332105,9.967284
77,19.6,0.329831,9.726417
77,20.0,0.339782,9.487408
77,20.4,0.350367,9.249679
77,20.8,0.361651,9.013314
77,21.2,0.373711,8.778408
77,21.6,0.386634,8.545065
77,22.0,0.400524,8.313402
77,22.4,0.4155,8.083551
77,22.8,0.431709,7.855661
77,23.2,0.449322,7.629903
77,23.6,0.46855,7.406471
77,24.0,0.489654,7.185595
77,24.4,0.512959,6.96754
77,24.8,0.53888,6.752624
77,25.2,0.567959,6.541229
77,25.6,0.600921,6.333829
77,26.0,0.638766,6.131013
77,26.4,0.682932,5.933551
77,26.8,0.735577,5.74247
77,27.2,0.800144,5.559215
77,27.6,0.882524,5.385943
77,28.0,0.993668,5.226131
77,28.4,1.155691,5.085911
77,28.8,1.414677,4.976984
77,29.2,1.851831,4.921123
77,29.6,2.531556,4.948852
77,30.0,3.381198,5.081758
77,30.4,4.231413,5.318795
77,30.8,4.958634,5.643394
77,31.2,5.515986,6.034096
77,31.6,5.902495,6.470003
77,32.0,6.136017,6.93271
77,32.4,6.238953,7.406637
77,32.8,6.231929,7.878719
77,33.2,6.131328,8.337845
77,33.6,5.948346,8.774223
77,34.0,5.688322,9.178671
77,34.4,5.349313,9.541739
77,34.8,4.918297,9.852386
77,35.2,4.360335,10.095376
77,35.6,3.580916,10.244325
77,36.0,2.218479,10.231914
77,36.4,0.326045,9.946667
77,36.8,0.330644,9.706283
77,37.2,0.340646,9.467378
77,37.6,0.351287,9.22976
77,38.0,0.362634,8.993514
77,38.4,0.374763,8.758735
77,38.8,0.387763,8.525529
77,39.2,0.401739,8.294013
77,39.6,0.416813,8.064321
77,40.0,0.433132,7.836603
78,0.0,1.442354,9.982208
78,0.4,0.242049,9.662393
78,0.8,0.249115,9.410541
78,1.2,0.256601,9.159882
78,1.6,0.26454,8.91049
78,2.0,0.272973,8.662442
78,2.4,0.281949,8.415826
78,2.8,0.291523,8.170735
78,3.2,0.301756,7.927277
78,3.6,0.312719,7.685565
78,4.0,0.324494,7.445731
78,4.4,0.337177,7.207919
78,4.8,0.350878,6.97229
78,5.2,0.365728,6.739027
78,5.6,0.381882,6.508339
78,6.0,0.399525,6.280462
78,6.4,0.418883,6.055669
78,6.8,0.440228,5.834275
78,7.2,0.463901,5.616651
78,7.6,0.490332,5.403235
78,8.0,0.520068,5.194552
78,8.4,0.553831,4.99124
78,8.8,0.592588,4.794092
78,9.2,0.637677,4.604109
78,9.6,0.691018,4.422597
78,10.0,0.755484,4.25131
78,10.4,0.835594,4.092709
78,10.8,0.938832,3.950422
78,11.2,1.078163,3.830093
78,11.6,1.276093,3.740883
78,12.0,1.567096,3.697458
78,12.4,1.983505,3.720044
78,12.8,2.5135,3.827668
78,13.2,3.081889,4.027224
78,13.6,3.596669,4.310114
78,14.0,3.995607,4.657429
78,14.4,4.251718,5.046023
78,14.8,4.35966,5.452066
78,15.2,4.322026,5.85229
78,15.6,4.138818,6.223558
78,16.0,3.796292,6.540746
78,16.4,3.243197,6.771124
78,16.8,2.296449,6.855411
78,17.2,0.523748,6.654272
78,17.6,0.388899,6.416283
78,18.0,0.407096,6.189605
78,18.4,0.427217,5.966139
78,18.8,0.449454,5.746215
78,19.2,0.474179,5.530227
78,19.6,0.501866,5.318647
78,20.0,0.533125,5.112041
78,20.4,0.568764,4.911105
78,20.8,0.609881,4.716705
78,21.2,0.658017,4.529954
78,21.6,0.715418,4.352313
78,22.0,0.78551,4.185784
78,22.4,0.873793,4.033224
78,22.8,0.989567,3.89894
78,23.2,1.149085,3.789768
78,23.6,1.379805,3.716858
78,24.0,1.718751,3.69739
78,24.4,2.186219,3.75238
78,24.8,2.743131,3.897097
78,25.2,3.299901,4.131962
78,25.6,3.77334,4.443404
78,26.0,4.116475,4.810205
78,26.4,4.312884,5.208663
78,26.8,4.361857,5.615129
78,27.2,4.266109,6.006523
78,27.6,4.021734,6.359286
78,28.0,3.604327,6.646258
78,28.4,2.930325,6.82794
78,28.8,1.666331,6.817251
78,29.2,0.387068,6.553609
78,29.6,0.395963,6.324686
78,30.0,0.41496,6.099267
78,30.4,0.435893,5.877183
78,30.8,0.459081,5.658791
78,31.2,0.484935,5.444516
78,31.6,0.513976,5.234863
78,32.0,0.546887,5.030447
78,32.4,0.584579,4.832025
78,32.8,0.628303,4.640553
78,33.2,0.679846,4.457268
78,33.6,0.741852,4.28382
78,34.0,0.818441,4.122505
78,34.4,0.916369,3.976671
78,34.8,1.047256,3.851477
78,35.2,1.231394,3.755242
78,35.6,1.501183,3.70143
78,36.0,1.891994,3.709446
78,36.4,2.404088,3.799437
78,36.8,2.972595,3.981293
78,37.2,3.503949,4.249185
78,37.6,3.928551,4.585684
78,38.0,4.213406,4.968103
78,38.4,4.350135,5.37259
78,38.8,4.340685,5.775752
78,39.2,4.186327,6.154532
78,39.6,3.877172,6.484473
78,40.0,3.372739,6.73511
79,0.0,1.425678,9.994628
79,0.4,0.223154,9.732488
79,0.8,0.228276,9.528677
79,1.2,0.233635,9.325599
79,1.6,0.239243,9.123289
79,2.0,0.245119,8.921783
79,2.4,0.251281,8.721121
79,2.8,0.257752,8.521345
79,3.2,0.264554,8.3225
79,3.6,0.271713,8.124635
79,4.0,0.27926,7.927803
79,4.4,0.287225,7.732061
79,4.8,0.295645,7.537472
79,5.2,0.304559,7.344102
79,5.6,0.314014,7.152027
79,6.0,0.324058,6.961326
79,6.4,0.334751,6.772088
79,6.8,0.346157,6.584412
79,7.2,0.358352,6.398403
79,7.6,0.371422,6.214183
79,8.0,0.385465,6.031884
79,8.4,0.400599,5.851655
79,8.8,0.416958,5.673663
79,9.2,0.434705,5.498098
79,9.6,0.45403,5.325176
79,10.0,0.475165,5.155143
79,10.4,0.498392,4.988284
79,10.8,0.524061,4.824933
79,11.2,0.552607,4.665482
79,11.6,0.584592,4.510399
79,12.0,0.620743,4.360251
79,12.4,0.662034,4.215737
79,12.8,0.709804,4.077736
79,13.2,0.765948,3.947383
79,13.6,0.833262,3.82619
79,14.0,0.91602,3.716241
79,14.4,1.021007,3.620529
79,14.8,1.159186,3.543518
79,15.2,1.34768,3.491983
79,15.6,1.609145,3.475836
79,16.0,1.960904,3.507592
79,16.4,2.392022,3.598598
79,16.8,2.853505,3.753496
79,17.2,3.281518,3.967829
79,17.6,3.626166,4.230038
79,18.0,3.860294,4.524799
79,18.4,3.973784,4.835461
79,18.8,3.964547,5.145166
79,19.2,3.830302,5.436833
79,19.6,3.559748,5.691977
79,20.0,3.116062,5.887415
79,20.4,2.382708,5.98532
79,20.8,0.964041,5.896831
79,21.2,0.416794,5.69863
79,21.6,0.432126,5.522615
79,22.0,0.451211,5.349307
79,22.4,0.472076,5.178852
79,22.8,0.49499,5.011528
79,23.2,0.520291,4.847662
79,23.6,0.548403,4.687637
79,24.0,0.579865,4.531908
79,24.4,0.615378,4.381028
79,24.8,0.655876,4.235674
79,25.2,0.702636,4.096696
79,25.6,0.757461,3.965187
79,26.0,0.822989,3.842597
79,26.4,0.903239,3.730913
79,26.8,1.004558,3.632972
79,27.2,1.137198,3.552988
79,27.6,1.317332,3.497351
79,28.0,1.567161,3.475513
79,28.4,1.905993,3.499763
79,28.8,2.328161,3.58196
79,29.2,2.789265,3.727947
79,29.6,3.225509,3.934499
79,30.0,3.584008,4.190851
79,30.4,3.834572,4.482031
79,30.8,3.965232,4.791477
79,31.2,3.973292,5.102335
79,31.6,3.856974,5.3976
79,32.0,3.606931,5.659111
79,32.4,3.191679,5.864697
79,32.8,2.513068,5.979805
79,33.2,1.216726,5.925571
79,33.6,0.417507,5.723682
79,34.0,0.429579,5.547184
79,34.4,0.448427,5.373495
79,34.8,0.469027,5.202622
79,35.2,0.491634,5.03484
79,35.6,0.516577,4.870467
79,36.0,0.544264,4.709876
79,36.4,0.575217,4.553513
79,36.8,0.610111,4.401914
79,37.2,0.649841,4.255736
79,37.6,0.695627,4.115802
79,38.0,0.749182,3.983167
79,38.4,0.813003,3.859218
79,38.8,0.890868,3.745854
79,39.2,0.988718,3.645767
79,39.6,1.116136,3.562933
79,40.0,1.288361,3.503381
